mode,seed,t,trace_sigma,kl_from_initial,leading_eigenvalue,gini_exposure,exposure_entropy,catalog_coverage,intra_list_diversity,observed_quality,true_quality,intra_jaccard,inter_cluster_distance
closed_loop,0,0,28.46706225621183,0.015451732123396567,12.856011483925476,0.8857133333333338,3.838137891551916,0.27666666666666667,2.982602115652463,0.686,0.47579649464414575,0.35520691912719776,8.453432004961766
closed_loop,0,1,26.93260939855064,0.05041307216975799,12.267993870550871,0.8214622222222229,4.284314571993095,0.39666666666666667,2.9709249962260986,0.662,0.4428567669887578,0.17937482595377333,8.222903287218344
closed_loop,0,2,25.31360046405862,0.0932210789218823,11.60271131662652,0.7850800000000008,4.4618973145926635,0.4533333333333333,3.1617344015581366,0.6266666666666667,0.4273995185520394,0.1358893674837947,7.972224306200137
closed_loop,0,3,24.209384567459377,0.1600799188187113,11.263728778324767,0.7597577777777785,4.564929895027567,0.4866666666666667,3.250578654843403,0.6436666666666667,0.42642023973193954,0.10508439115637258,7.806250636888798
closed_loop,0,4,22.900870173137008,0.21286507725235781,10.700073242167207,0.7511466666666675,4.60288764165265,0.51,3.31400144745032,0.6536666666666666,0.4161584351454216,0.08790511818762592,7.586737946562465
closed_loop,0,5,21.849030951789043,0.2925482614414211,10.027714185824506,0.7415288888888896,4.643005204090695,0.5366666666666666,3.32985919231052,0.683,0.40726338408815455,0.08266274345995708,7.417059897414013
closed_loop,0,6,20.66403012398419,0.3836396628531913,9.941231258084114,0.7306977777777786,4.674827193295003,0.5533333333333333,3.3642466106151514,0.663,0.3991996376884613,0.08242576652793371,7.200051299643937
closed_loop,0,7,19.538120780100662,0.4823472410299068,9.338145750086538,0.7249733333333342,4.692474124327764,0.57,3.3872997024273688,0.64,0.38078555245393075,0.07333729780711205,7.012009511928576
closed_loop,0,8,18.385918484613292,0.5926369884468128,9.011644694286963,0.720991111111112,4.701973970236651,0.57,3.4741015915090285,0.6536666666666666,0.3776552780661815,0.08052965338182058,6.7974479589026755
closed_loop,0,9,17.397320934104606,0.7046001864038496,8.547600933339739,0.7097577777777786,4.734527344578292,0.5633333333333334,3.644940626289274,0.638,0.37176400816914545,0.07388413845070192,6.610321822730039
closed_loop,0,10,16.61860310945604,0.8137714198510133,8.286502389402791,0.696020000000001,4.775741207988293,0.58,3.834549187054525,0.6813333333333333,0.34925673187113093,0.07595019001752748,6.460069676308411
closed_loop,0,11,15.865633479729775,0.9739993180645625,8.032256628041758,0.6703955555555565,4.880811269477659,0.6766666666666666,4.236796812284505,0.6603333333333333,0.42736017527751224,0.08109358835752024,6.320003133222065
closed_loop,0,12,14.961730533759102,1.1142038170428565,7.592725214506264,0.6394666666666677,4.96814804745874,0.7,4.469042261412917,0.6143333333333333,0.3140969919579247,0.06374088730899875,6.137978231253766
closed_loop,0,13,14.138875652956683,1.234539375795024,7.136050800621881,0.6371577777777788,4.972006785405613,0.7066666666666667,4.481681690302292,0.6236666666666667,0.2349284267671948,0.06607850540126083,5.969802799236949
closed_loop,0,14,13.381474763074587,1.3957141079721536,7.060355713171742,0.6349600000000009,4.973132503527996,0.6933333333333334,4.614126555238275,0.586,0.19156518238427914,0.06559078692205626,5.7850161282829555
closed_loop,0,15,12.436527831670993,1.5373821295630143,6.438350114137254,0.6203600000000011,5.010537402493549,0.7,4.81006686968495,0.5946666666666667,0.18134132578066767,0.07044308074106835,5.585301227425231
closed_loop,0,16,11.78143420010641,1.686901581841634,6.2311970690875915,0.6117666666666678,5.030220515573642,0.7033333333333334,4.99692674187122,0.6106666666666667,0.19902737077498192,0.07094152550808898,5.429557928743622
closed_loop,0,17,11.108641255696753,1.8298969140676926,5.923144112389003,0.6062666666666678,5.042810808605584,0.7033333333333334,5.0807147074637475,0.602,0.21353809857444195,0.0623473102691369,5.271597537414754
closed_loop,0,18,10.576052251443087,1.990260163655593,5.8197438971684115,0.5923733333333345,5.074202934358383,0.7166666666666667,5.089754118627808,0.5586666666666666,0.233739582994178,0.06345815519190133,5.132227798762014
closed_loop,0,19,9.994566703834192,2.191261848477037,5.493206705026355,0.5813711111111123,5.09570723217565,0.7266666666666667,5.181360763349358,0.6323333333333333,0.25379580016914605,0.06177228673745702,5.003134340854046
closed_loop,0,20,9.534519363425431,2.3537562851460176,5.36539346925956,0.5869933333333346,5.087931995595154,0.7233333333333334,5.264526182495465,0.623,0.2748274031826673,0.06668204416269431,4.880771972995273
closed_loop,0,21,9.237461394859398,2.5371917303675833,5.259784917934811,0.7252977777777786,4.710737639482,0.7133333333333334,4.101321541700575,0.662,0.4431170093545551,0.1251233586102007,4.817671128167212
closed_loop,0,22,8.90536194565727,2.7126931511126564,5.112264820134036,0.672451111111112,4.892518701902144,0.7933333333333333,4.293781831423927,0.6766666666666666,0.40865977065976816,0.08687000621211148,4.744774525439903
closed_loop,0,23,8.610197379978478,2.907253955457163,5.0595644250681415,0.6193133333333345,5.033104066013827,0.8133333333333334,4.536225301012772,0.6346666666666667,0.3710915757177392,0.07802326486150016,4.66636962234854
closed_loop,0,24,8.235171200082023,3.0680533967929993,4.851562802227007,0.5991533333333343,5.081454488423817,0.8266666666666667,4.744182472948905,0.6873333333333334,0.32927898877465084,0.06848676020115647,4.570534355120965
closed_loop,0,25,7.767129334675571,3.2818391136268756,4.572121100808966,0.5776244444444458,5.126418520829056,0.8166666666666667,4.869805192584797,0.6436666666666667,0.286565568132523,0.062286309035535045,4.437257278061074
closed_loop,0,26,7.2465850504748355,3.533262658358587,4.313294402282644,0.5566955555555568,5.171923977457704,0.85,4.978453514043133,0.625,0.23983161861589225,0.0657938350778908,4.288321213510472
closed_loop,0,27,6.849111773515745,3.6858382780157184,4.047748226850419,0.5641066666666678,5.1569610249952085,0.8466666666666667,4.925150090312164,0.6016666666666667,0.20855779818804848,0.0637146993300244,4.165497735655397
closed_loop,0,28,6.416033354842481,3.83797076417921,3.8396553394476194,0.5600200000000014,5.16416215656157,0.84,4.870808959446299,0.6073333333333333,0.1894891704248194,0.06182706798418872,4.010501889988573
closed_loop,0,29,5.984815565111023,4.133990505359603,3.5973058193895637,0.5649422222222232,5.151862015117054,0.8333333333333334,4.93037508592646,0.602,0.1701608305430512,0.0673693629498583,3.863495114229858
closed_loop,0,30,5.547812052778021,4.318600596640573,3.289882179138086,0.5691044444444457,5.13759790006137,0.8066666666666666,5.083106570508832,0.5966666666666667,0.15866309455514807,0.06770632904533834,3.703144743781405
closed_loop,0,31,5.1816212689529095,4.526140256017424,3.067386923646132,0.7915422222222228,4.431799421265996,0.54,3.738415307332484,0.628,0.28578391762408945,0.16106731289006831,3.5637812411694223
closed_loop,0,32,4.769863862157796,4.757019076554069,2.7514898736703097,0.7107400000000008,4.759533706195615,0.6266666666666667,4.020580748871496,0.583,0.19952156156246442,0.09187630495293034,3.4162382492515717
closed_loop,0,33,4.320168986628808,4.984238091771154,2.4442730315416057,0.6638022222222231,4.893347640917795,0.66,4.098576518882465,0.6076666666666667,0.1416962115835868,0.08529932328306941,3.229193540188941
closed_loop,0,34,3.8949330439538734,5.1886451247835845,2.119899899888408,0.6411666666666678,4.958185638787109,0.7066666666666667,4.1769541390851765,0.5783333333333334,0.11319464136506627,0.08094265398057968,3.0501790548470695
closed_loop,0,35,3.5304353848381833,5.469375850772613,1.8799967466938075,0.61302888888889,5.034226093801374,0.7566666666666667,4.397077624872882,0.5783333333333334,0.09817647533376866,0.07323021291287546,2.885149904719769
closed_loop,0,36,3.14357639448681,5.709076538265797,1.6470151300794227,0.6136155555555567,5.030834507733976,0.7533333333333333,4.543583123774785,0.589,0.09946904436389516,0.06805337722133388,2.6909289800293883
closed_loop,0,37,2.815886257379917,5.955654580869295,1.4311446019398926,0.6158210947930588,5.023341617281047,0.7466666666666667,4.575763003532569,0.5891188251001335,0.0943327698408977,0.07679891817275719,2.5300681282952784
closed_loop,0,38,2.54039035243939,6.200893823323698,1.303996468091643,0.6333043575169965,4.977509400547207,0.72,4.5436503214041,0.5807422266800402,0.09607864364991095,0.06340438987110814,2.3697397172816004
closed_loop,0,39,2.311335171885159,6.46917064805889,1.2095429588916649,0.6403661531591885,4.964180534151024,0.7333333333333333,4.519691700233059,0.5823844608171467,0.10791690224935702,0.06451001537592094,2.234194578540334
closed_loop,0,40,2.108728583065615,6.707248084740412,1.1492408869431499,0.6575947800652502,4.912017044274251,0.67,4.477629063443623,0.5707053661829227,0.12534509200542746,0.06745118200226559,2.098473967763137
closed_loop,0,41,1.909058201683741,6.965525417311284,1.0668074724701797,0.7807951281167421,4.490268009519985,0.5233333333333333,4.380897352615837,0.6315063771113409,0.161473373120729,0.10800520774088886,1.96926367701823
closed_loop,0,42,1.7565309968147425,7.1711574758753365,0.9661889332807235,0.7503447456015224,4.612086863481942,0.5266666666666666,4.173597491275391,0.5902282453637661,0.16937465073585642,0.08261433644328381,1.8774087005221463
closed_loop,0,43,1.6219596934194656,7.453188874703774,0.9249068724677374,0.7538167170191347,4.587546756619293,0.5233333333333333,3.971065008899218,0.6227341389728097,0.18153682855162379,0.0662581628682635,1.7920025457851392
closed_loop,0,44,1.5364637602873144,7.62411673038803,0.8864030608638647,0.7713782183670668,4.521134017767811,0.5,3.946123568291049,0.6146220570012392,0.19319595202782172,0.07652940305881482,1.7466797330178583
closed_loop,0,45,1.4562235629973348,7.79402327459661,0.8428911709012749,0.7848862602365795,4.468571535491337,0.49666666666666665,3.9730023691647354,0.5809827115559599,0.207994899592555,0.08181108317350577,1.7021051678633858
closed_loop,0,46,1.3541457864476227,8.008232800754854,0.769532944961651,0.7919610803556456,4.441733951868157,0.5133333333333333,3.9769347870874894,0.6044287871162557,0.21414034409819935,0.07272114708763316,1.654711950528301
closed_loop,0,47,1.3066175820335766,8.152796189064514,0.7605380300396056,0.7947553516819578,4.43108170667906,0.5333333333333333,4.108727511070495,0.6089449541284404,0.2043423547246173,0.0848042853187977,1.6269526881682614
closed_loop,0,48,1.242698494640017,8.28480428410321,0.72147580597547,0.7917400690846295,4.439578688329382,0.5,4.150160179772186,0.6301813471502591,0.18059915579344718,0.08837700551226092,1.6004669709329902
closed_loop,0,49,1.2181886907571207,8.409449523093251,0.7109205769384563,0.7916678805535331,4.435070395516982,0.49666666666666665,3.911073219926791,0.6227239621267298,0.1689790156856385,0.0803590460823433,1.5922514647935284
closed_loop,0,50,1.1925887717428156,8.521247135869954,0.7065475206833087,0.7737158469945362,4.509959878889754,0.4633333333333333,4.042268217542215,0.5967213114754099,0.15129609050450699,0.058708713714905665,1.5679601954580342
closed_loop,0,51,1.1544898110343875,8.621946010164205,0.6753953862320192,0.812225153913809,4.33077390368655,0.41,4.28721247816103,0.592788038698329,0.20304769715090842,0.07903459471957923,1.5444489342144845
closed_loop,0,52,1.1186540217031085,8.681442904200278,0.6431423743952804,0.7839953134153493,4.466440254225513,0.45666666666666667,4.296901824240435,0.5746924428822495,0.1703414229246147,0.06374524904633264,1.5082237010528647
closed_loop,0,53,1.1194062832168157,8.701762516629895,0.6402557116445788,0.7801967592592599,4.4832061088389095,0.45666666666666667,4.211941548097085,0.6111111111111112,0.1468160084388841,0.06678965594232622,1.4948114749164798
closed_loop,0,54,1.1063427399797376,8.744407947314384,0.6079725605100565,0.7685369774919623,4.526175724458378,0.4866666666666667,4.200059219746372,0.6229903536977492,0.14918983291496146,0.06865004671254672,1.471665485428142
closed_loop,0,55,1.1151706357889883,8.828007502930287,0.6132327781734421,0.7723887646035306,4.513132116593006,0.4866666666666667,4.148801125371747,0.5861297539149888,0.12526527069600593,0.06726159173643693,1.463755737363641
closed_loop,0,56,1.1029440888513384,8.93515345285822,0.5947945675995281,0.7700574316563298,4.511351420767538,0.49666666666666665,4.313134835681283,0.5789110957960028,0.14015835536387472,0.06985030357785775,1.4377467080572555
closed_loop,0,57,1.0817674804673205,9.004922514684674,0.5523540435973225,0.7609335879482293,4.5251704475674135,0.49333333333333335,4.400673309551946,0.6136218968809676,0.13586848641923785,0.06588993902267896,1.39140764092278
closed_loop,0,58,1.0532865838405212,9.121691109006708,0.5106976441578417,0.7565506391347108,4.543660224769182,0.4766666666666667,4.160679786492727,0.5722713864306784,0.11850572342234542,0.06926012397761623,1.3271395938635269
closed_loop,0,59,1.0031443643906297,9.340483834889461,0.45243209496236336,0.7400763358778635,4.587167776314717,0.47333333333333333,4.310085723386084,0.5905125408942202,0.113329290067951,0.06715190740345539,1.2673469924365295
closed_loop,0,60,0.9472312036585577,9.506851296759415,0.40789786987943705,0.7312045953708405,4.616946246688079,0.4766666666666667,4.254296940386149,0.5995945261023822,0.11074944897810257,0.06406512748231015,1.1904500465921226
closed_loop,0,61,0.9159731590808391,9.75549289056859,0.41275463233970255,0.7461857301059969,4.589425397179735,0.4666666666666667,5.0981578463862895,0.574750830564784,0.1487715777895493,0.06774819149432153,1.1471857856991676
closed_loop,0,62,0.8550099239796066,9.936604909615603,0.38201111644215857,0.7050193279809703,4.708375431931688,0.48,4.792354521210899,0.5660124888492417,0.1617676018194407,0.05567977802497926,1.0645136241304813
closed_loop,0,63,0.8343619707219203,10.158958348093964,0.38815306646536946,0.6825731485370303,4.765001233817141,0.49666666666666665,4.658846599006212,0.5741285174296514,0.17528487089749178,0.052575796666353945,1.0250298286486557
closed_loop,0,64,0.7659278203889115,10.441327341523426,0.3521138297763469,0.6654230459307022,4.799163548236473,0.4766666666666667,4.781606812826051,0.621676067687349,0.19200984400209262,0.05143741621295801,0.9738860401113358
closed_loop,0,65,0.7025947668701797,10.78099725800299,0.3343159582930547,0.651744081893795,4.834627595326362,0.4766666666666667,4.702217484351304,0.5662188099808061,0.18577714014332508,0.04612381884827706,0.9321930096005563
closed_loop,0,66,0.67275076255824,11.099678483256174,0.31424104243105544,0.6367748207558648,4.875457493272503,0.5,4.723884874145653,0.6048122493620124,0.19574068087667026,0.04617008908417577,0.9447440879449518
closed_loop,0,67,0.630851517209096,11.399912828816635,0.28572052951017596,0.6178056426332302,4.923035853541004,0.52,4.756680948829431,0.5907349355625218,0.20572132468932874,0.04320326961193834,0.9569208620316165
closed_loop,0,68,0.5833872516252581,11.615489688381906,0.2603280549447245,0.596251402918071,4.9686311623835975,0.5366666666666666,4.738811614142369,0.6181818181818182,0.20953844940101926,0.0466548236478577,0.9162509925353964
closed_loop,0,69,0.5474256959412602,11.910768720035229,0.2427311908260642,0.5722617449664444,5.0184545213236955,0.5666666666666667,4.82743385545806,0.6419463087248322,0.18336550562634402,0.041608276054870476,0.8827342819396033
closed_loop,0,70,0.533569878650068,12.040970432408086,0.24058920232052636,0.573825503355706,5.040660353197998,0.59,4.867048464950103,0.5966442953020135,0.16369483860851153,0.03840367550119872,0.8695440170231731
closed_loop,0,71,0.4847372142643043,12.331391227556786,0.21211477461947778,0.8785239687848387,3.913419627220877,0.30666666666666664,5.228284853587324,0.5879598662207358,0.17725779108296644,0.1904598266943468,0.833634974989934
closed_loop,0,72,0.4823956431270941,12.505919815633332,0.2222214975634676,0.788393333333334,4.43805905520722,0.44333333333333336,4.909186235748795,0.6196666666666667,0.12406900992489552,0.09588866270754814,0.8001868342406108
closed_loop,0,73,0.48045821162062236,12.73052156432161,0.2341788536625745,0.7119822222222232,4.72216439798823,0.52,4.82850586611274,0.573,0.0988981331829996,0.06576535449987463,0.7619431748826068
closed_loop,0,74,0.4861128464099644,12.857894717373078,0.2572941091792841,0.6641577777777787,4.868629899359973,0.5766666666666667,4.85668239663592,0.6196666666666667,0.0981980829771756,0.05584901009436614,0.730685084874156
closed_loop,0,75,0.5122455993627167,12.994216738639796,0.2928248362490984,0.6325000000000011,4.9470776863854145,0.5933333333333334,4.83033186687761,0.57,0.09000673774996065,0.04910801702597368,0.6992349712345112
closed_loop,0,76,0.5328965901122722,13.21918161371553,0.3294632433565681,0.6242400000000012,4.968665385723048,0.62,4.862476226988663,0.595,0.10560231772385412,0.05198608165713429,0.6845197456068383
closed_loop,0,77,0.5601952457595217,13.362961750246267,0.36669227932927895,0.6089066666666678,4.999522884015521,0.63,4.992203227770612,0.5763333333333334,0.11658262999276557,0.049938439613362216,0.6679518607743203
closed_loop,0,78,0.5803383289379389,13.455301193524498,0.38935033621580706,0.5966666666666678,5.033176346255546,0.6633333333333333,4.9638913080324345,0.6043333333333333,0.11865805172073723,0.04587039565754736,0.6487331356734295
closed_loop,0,79,0.5996141814205301,13.630516298867661,0.41174892673957203,0.5861444444444456,5.0509789347406215,0.6466666666666666,4.994603931183836,0.582,0.12887236353702047,0.048926317347369984,0.6389600877215171
closed_loop,0,80,0.6153827445239707,13.729110739832526,0.4235398772383835,0.5834644444444457,5.057557431972308,0.65,5.026539614529531,0.602,0.1394204401988511,0.0525087385381503,0.6323500657623476
closed_loop,0,81,0.6107317061906018,13.91473166117766,0.4220824482995849,0.7307444444444451,4.675757111793045,0.5466666666666666,5.125229164421944,0.6053333333333333,0.18389832927978533,0.07884687952799409,0.6055050600413544
closed_loop,0,82,0.6051017591901372,14.061910349479056,0.4129362350796837,0.6501000000000011,4.911478137584825,0.62,4.955095200447539,0.605,0.17861996233962463,0.05177747347251991,0.6072843550731152
closed_loop,0,83,0.6181781895218926,14.134519825628342,0.4178193074111797,0.6132066666666678,4.999349750845632,0.6666666666666666,4.850462830232539,0.5933333333333334,0.17503605431781313,0.04723555841589897,0.5970665503370912
closed_loop,0,84,0.6206893751239302,14.291823306002243,0.42376687820445524,0.5857933333333345,5.060379993197692,0.6866666666666666,4.717385507799726,0.53,0.17235131987245733,0.04238944835694061,0.5512602220901491
closed_loop,0,85,0.6652990554779339,14.390804563092736,0.46869637213107584,0.5745533333333348,5.087038096752153,0.7233333333333334,4.598170549924834,0.5916666666666667,0.19056465896566752,0.048202795369978034,0.5720037902197089
closed_loop,0,86,0.7002074467303016,14.51781785969855,0.5053966963818168,0.5647888888888901,5.11208060656407,0.7433333333333333,4.4585573194986665,0.64,0.20572431777591363,0.0422094514818973,0.5512607799793036
closed_loop,0,87,0.7428124734908301,14.651274990732528,0.5547964537564668,0.5577755555555568,5.123001566913009,0.7533333333333333,4.339334357557821,0.6146666666666667,0.23216310909970025,0.045269744875008025,0.5205569323216691
closed_loop,0,88,0.7901355812806781,14.806785893060386,0.6167250028095915,0.5603822222222233,5.1219759200711055,0.7533333333333333,4.284993943392224,0.602,0.2449507100270787,0.03638336981216238,0.5167439854673054
closed_loop,0,89,0.839475199461609,14.905049434105907,0.6812608730334033,0.5653666666666679,5.10895151543531,0.7566666666666667,4.222098979873025,0.6186666666666667,0.2549840050966279,0.03928720416723512,0.5175019344858046
closed_loop,0,90,0.9063544419132702,15.036357129159445,0.7611300090944059,0.5711927831607096,5.0947570409939615,0.7433333333333333,4.119169028822284,0.6074173070497828,0.28134737709264646,0.04387674961204373,0.5269392461031722
closed_loop,0,91,0.8956750083378758,15.347449217841008,0.7813714522815016,0.7310420149336909,4.695013664217216,0.62,3.578017371269734,0.6449348044132397,0.36400096222138095,0.07750565396076232,0.5029420335048386
closed_loop,0,92,0.9442868019954922,15.581190720971668,0.8529748325463338,0.659991036414567,4.907088073477757,0.6666666666666666,3.6592202326187855,0.6574789915966387,0.3629666323784213,0.0657600086818353,0.5139330558522685
closed_loop,0,93,0.971072595414442,15.86318554813177,0.8948350130001168,0.631446712018142,4.959232786585101,0.6566666666666666,3.7253969470025687,0.6326530612244898,0.3614997053997024,0.053865322414084024,0.5118750490146989
closed_loop,0,94,1.0136278841218453,15.935967526392552,0.9442213806779174,0.6254539178460489,4.964946745182457,0.6566666666666666,3.797757773243746,0.6375560925094926,0.363483505403186,0.050960458358291175,0.46709244658117743
closed_loop,0,95,0.972733848765937,16.21531337412187,0.9079679059039647,0.6157948361699674,4.968940986567167,0.6333333333333333,3.7195895369889502,0.6207016325112886,0.3707813649096352,0.051733147600020665,0.45322997927064607
closed_loop,0,96,0.9516681412779537,16.530715386243592,0.894227367038572,0.6184531286345676,4.951090309913926,0.6066666666666667,3.601641757835727,0.650383810188416,0.3772492903276285,0.06111809652908724,0.42826705562858125
closed_loop,0,97,0.9279932983742954,16.703244539282746,0.8754748521782273,0.6280785714285726,4.934405468782557,0.6166666666666667,3.44027005782679,0.6221428571428571,0.3717724545060348,0.04745972897501535,0.41083688797423035
closed_loop,0,98,0.911426338731585,16.848038373391915,0.8617263852680159,0.6346632188154179,4.911577229513917,0.5933333333333334,3.4172481081895474,0.661618027336535,0.36755717927561254,0.0523885270431323,0.3979789263038847
closed_loop,0,99,0.8435063737368761,17.009930341996224,0.7943954496925554,0.6428589743589757,4.894982380573489,0.5833333333333334,3.362248775479619,0.635,0.3714087468379678,0.05090450450821968,0.3882199419498857
closed_loop,1,0,28.51525019830236,0.018507521328752663,13.227895370949833,0.8383666666666673,4.184434989482926,0.43666666666666665,3.5699428838617995,0.5636666666666666,0.0509372261840378,0.28468442032683516,8.41863447934532
closed_loop,1,1,26.206492585301433,0.0517450400449766,12.143586557605584,0.7034622222222231,4.779915037339741,0.62,3.6283770659481993,0.555,0.11295009473953543,0.11855672835935993,8.05945145412753
closed_loop,1,2,24.14458094228043,0.1176418093924606,11.331092261514701,0.6601688888888898,4.90863457799919,0.67,3.8737265435650383,0.5626666666666666,0.1477155655955735,0.09553534571723427,7.719709759406135
closed_loop,1,3,21.888827717494177,0.20005956510502798,10.736710556681466,0.6391088888888898,4.96210938760724,0.69,4.058879006991305,0.62,0.1795623824012951,0.07527611921961767,7.321986744287206
closed_loop,1,4,20.13285495954538,0.28564221400312245,10.113502587867568,0.618337777777779,5.024121543411183,0.7566666666666667,4.206430773348935,0.6173333333333333,0.19571188757303537,0.07211472308221534,6.9909342135455175
closed_loop,1,5,18.575714871362077,0.38396760199520524,9.43100279001063,0.6050355555555564,5.060380323803595,0.7733333333333333,4.340499103951515,0.621,0.20366997178776078,0.07209196634119235,6.6877124530331455
closed_loop,1,6,16.979939876775937,0.5157565203177215,8.937546582164527,0.586677777777779,5.095268452727162,0.7633333333333333,4.599190778020136,0.644,0.2135659474004606,0.06426720395760642,6.362117850051895
closed_loop,1,7,15.82859243389953,0.5968970960994019,8.328166971338096,0.5621711111111121,5.143492419792499,0.7766666666666666,4.767000750664785,0.6213333333333333,0.22343946240452042,0.055148410241289504,6.104113511710145
closed_loop,1,8,14.691976099156964,0.7434411851810241,8.036869015004854,0.5444911111111123,5.177505060066175,0.79,4.914207241441948,0.626,0.21622329595726947,0.05156920077972709,5.862777768495088
closed_loop,1,9,13.651301366411563,0.8633070595584842,7.548881377360557,0.5415488888888904,5.175742910618547,0.7666666666666667,5.028975896794927,0.6146666666666667,0.21463767203447906,0.05067300604452307,5.625452090400562
closed_loop,1,10,12.746816384150403,1.03508698207757,7.1905055196213254,0.5312911111111124,5.1945359471259485,0.78,5.173261069736051,0.585,0.21512779334967438,0.04924326748243157,5.424404607836176
closed_loop,1,11,11.90961850448975,1.188493047812743,6.72470943516617,0.6917511111111121,4.823089412773905,0.67,4.145999946130032,0.6406666666666667,0.33067143374670505,0.07454884855426651,5.237429119673052
closed_loop,1,12,11.309856818826145,1.3010202098776658,6.436181633781683,0.6007577777777788,5.0491770274445535,0.7033333333333334,4.969253363127193,0.5926666666666667,0.2833052600238949,0.05231809097908169,5.076023616097463
closed_loop,1,13,10.509275355132093,1.4765637584087465,6.075364215318793,0.5645000000000011,5.114467723567886,0.7066666666666667,5.285924083184688,0.6286666666666667,0.24542318440199362,0.0485969212246302,4.883964089697773
closed_loop,1,14,9.818673161151338,1.6617070550379731,5.638409926657506,0.5428044444444461,5.15769748333563,0.7166666666666667,5.409799494224376,0.596,0.2408603471329781,0.04894109488149735,4.730013183535603
closed_loop,1,15,9.21764132548765,1.8156427682212315,5.304592370223519,0.5187155555555569,5.197017740468401,0.7266666666666667,5.4564916736385145,0.6073333333333333,0.24656448663180996,0.04164803348239881,4.5844007532647995
closed_loop,1,16,8.755997083867792,1.9528010261569833,5.052879305872342,0.511306666666668,5.215647359399762,0.74,5.570582478054775,0.618,0.243936492890725,0.04295421969957574,4.462320512459015
closed_loop,1,17,8.157008924273224,2.139325744468222,4.6545262972939225,0.4968288888888901,5.241818269130274,0.7533333333333333,5.711723709348609,0.6496666666666666,0.2630414433634199,0.04057734204793028,4.321859275080474
closed_loop,1,18,7.669297735261311,2.293552100778768,4.376493383999314,0.493577777777779,5.253858026995543,0.77,5.737298532863347,0.6023333333333334,0.24620388692590334,0.040804728324078166,4.179300467828445
closed_loop,1,19,7.3233580134927685,2.4687007566661516,4.205881617846753,0.4881511111111123,5.260352669647327,0.7733333333333333,5.691343864383878,0.6286666666666667,0.28442514268112357,0.04281209559847331,4.09414646148702
closed_loop,1,20,6.902050556114172,2.646278358889837,3.918908461714125,0.46934000000000164,5.291799381834988,0.78,5.7550112671229545,0.6333333333333333,0.29070852936714586,0.041292774419709403,3.9902604706440385
closed_loop,1,21,6.53581752526053,2.855764863766572,3.645426972284146,0.7020377777777788,4.781964355722959,0.6133333333333333,3.074492929009927,0.669,0.35660370092263266,0.0896180928920867,3.907077151512327
closed_loop,1,22,6.241425857586771,2.99115910566507,3.38715824181177,0.6400444444444454,4.967901230005486,0.7133333333333334,3.408269022430515,0.6793333333333333,0.3437361947502155,0.0723154007441933,3.825975778263808
closed_loop,1,23,6.042490635938396,3.1410154626802083,3.2210950746087548,0.5902044444444456,5.087484637106773,0.7566666666666667,4.145719054892216,0.6333333333333333,0.2923200255945506,0.05429980880832274,3.7823220598689153
closed_loop,1,24,5.76252392900474,3.342079471471136,3.046988472280113,0.5421488888888903,5.180272918479384,0.77,4.800990515175304,0.619,0.2722918233190946,0.051241120420686986,3.7097111584570364
closed_loop,1,25,5.472702065697438,3.513667483368672,2.765885825073506,0.5181088888888902,5.224436185437941,0.79,5.114363254908915,0.618,0.26717930270346063,0.04779553049289891,3.619885995669401
closed_loop,1,26,5.286185221342963,3.7057084565751395,2.595471508852905,0.5236800000000014,5.217682553924625,0.8,5.3894444790854195,0.6306666666666667,0.2668171641389646,0.045330380690287816,3.578195514129377
closed_loop,1,27,5.04381196636182,3.8610801536769115,2.4217813801978725,0.5170511111111122,5.229835992121831,0.8033333333333333,5.478156403781464,0.598,0.24955241214356352,0.05236109063508444,3.490953457739326
closed_loop,1,28,4.797808253749945,4.03664293171475,2.252697984395681,0.5209088888888903,5.227637891773415,0.82,5.458594229201963,0.607,0.2578405483539734,0.050933563483873075,3.4080037334825124
closed_loop,1,29,4.58638096914817,4.245121615888811,2.1632683268823687,0.5179133333333347,5.23142403188143,0.8066666666666666,5.394299814927791,0.6336666666666667,0.23345837480453374,0.04040853768407948,3.3311213165298477
closed_loop,1,30,4.390748583292304,4.431135338387579,2.0615667952591923,0.5412022222222231,5.188819757418729,0.8066666666666666,5.2415130628867095,0.644,0.23541587740959183,0.048185496420790536,3.260744028694436
closed_loop,1,31,4.236743065043253,4.626338065313616,2.0842750974275974,0.6999800000000009,4.79875449432945,0.6833333333333333,4.417855506586807,0.619,0.2750297163168703,0.09447862752429316,3.20122372693371
closed_loop,1,32,4.098706925272044,4.841200412275947,2.1341948371333377,0.6268866666666678,5.002790290281187,0.74,4.4543826815323335,0.604,0.2622097560465516,0.056729655649934284,3.13233517027842
closed_loop,1,33,3.901721738715927,5.014447682492706,2.054875161543835,0.6185466666666677,5.027070970153469,0.76,4.428650124483756,0.5963333333333334,0.2698343644777758,0.06055347960146721,3.0514282034790963
closed_loop,1,34,3.736699834935099,5.216297291116468,1.9990133080961874,0.6209044444444454,5.021186878411117,0.75,4.399965906943366,0.6243333333333333,0.2810185506898966,0.056788818766372935,2.976746081305492
closed_loop,1,35,3.615655020449486,5.3993973236417645,1.9525849377344429,0.6289822222222232,5.006141646104726,0.77,4.239190267870388,0.6366666666666667,0.29071970888052096,0.060678298309877254,2.914942268086909
closed_loop,1,36,3.4962636582562756,5.624275331590066,1.9105629513640225,0.6498755555555566,4.946379359772852,0.7266666666666667,4.175712271812723,0.642,0.2971311937911301,0.06128166538770254,2.861825498104947
closed_loop,1,37,3.371014691319873,5.803268280910446,1.8037086129114708,0.6647933333333342,4.9098873554329625,0.7466666666666667,4.0159789108024535,0.6073333333333333,0.3216585353486993,0.0598232147109856,2.805232576536865
closed_loop,1,38,3.318008270166018,5.946574518322011,1.7753728367144903,0.6685933333333343,4.896524093664639,0.7433333333333333,3.8730724645688936,0.6106666666666667,0.3484925879560933,0.06302733329049119,2.7750326193386297
closed_loop,1,39,3.2650116763403525,6.200048034691852,1.762414033709099,0.6774064171123009,4.867671780236099,0.72,3.7831077844433927,0.6316844919786097,0.35580000514158555,0.06067295879215384,2.739513784058651
closed_loop,1,40,3.1449283446759706,6.339648115140889,1.706075140446587,0.6952307347670261,4.81276090456717,0.69,3.6663213739340414,0.6253360215053764,0.357709014841304,0.06254948740629854,2.6877766722023364
closed_loop,1,41,3.0665766731505775,6.551561894699864,1.6456874006201416,0.777919927412953,4.504066957846217,0.5133333333333333,2.9180546709761086,0.611772711806737,0.33741571985991226,0.11228739678507481,2.651255268322529
closed_loop,1,42,2.917038719835703,6.747642073592457,1.551394341379198,0.7584148044692746,4.57352375335299,0.5466666666666666,2.9212419876642945,0.6421089385474861,0.3316021695636333,0.08372745628840829,2.586307564674616
closed_loop,1,43,2.7407415670252466,6.992753745276512,1.4336063751099453,0.760141843971632,4.569279458308363,0.6033333333333334,2.992786186165428,0.6342626559060895,0.3226238577592148,0.0777519084158016,2.518870069152583
closed_loop,1,44,2.6846976423934277,7.1145661100114985,1.4364428956372404,0.773773734177216,4.523368516909153,0.61,3.1286090402407964,0.6135284810126582,0.3159752113632225,0.0889937838219572,2.483763297612109
closed_loop,1,45,2.5757174450771836,7.30661431552798,1.364669505820331,0.7705320399764852,4.539948829761891,0.6133333333333333,3.3128427641282445,0.658289241622575,0.3088598183042336,0.06737629608237192,2.4426511330658616
closed_loop,1,46,2.511381911602774,7.499963398352238,1.3179692387612159,0.7722741746271166,4.532502774416055,0.6066666666666667,3.579170393792793,0.6415284062342886,0.27761305915321277,0.07718150511339364,2.430155568549218
closed_loop,1,47,2.4694644430279595,7.613179143188514,1.324439373465259,0.7738585393904549,4.52412947664229,0.5933333333333334,3.6279348451697473,0.6710753306497987,0.2811240250503862,0.09124029461394013,2.412112505747071
closed_loop,1,48,2.4620803446288715,7.717577887600026,1.3250716695406806,0.7692643678160926,4.535223927764654,0.61,3.6885978362619785,0.6710344827586207,0.2552536450608727,0.08264566172131961,2.4171038628629407
closed_loop,1,49,2.419874771403473,7.856413799156851,1.29634648772271,0.749656978266563,4.6152419800539395,0.5966666666666667,3.581145495455379,0.591516103692066,0.23355171537394898,0.0653534640597334,2.401098671114099
closed_loop,1,50,2.4023290370868353,7.88987712135608,1.3012529993536899,0.7533683596030364,4.6047546739224945,0.5633333333333334,3.5513185927051594,0.5980735551663747,0.20328596557179318,0.07075997355041473,2.3777398521333724
closed_loop,1,51,2.4021396403844446,7.895314911785306,1.2943033858860957,0.7757082579867396,4.509390393510637,0.5,3.0637524070794298,0.6148282097649186,0.15862471594421326,0.09073806455985249,2.35587761477414
closed_loop,1,52,2.4430100773863725,7.937496102424415,1.3017211596657088,0.7442454068241482,4.636577293051696,0.55,3.1868816771448816,0.6013779527559056,0.1089584248094979,0.05352417253655644,2.3485835711443945
closed_loop,1,53,2.4490828448787316,7.947963500457366,1.3335014877671068,0.7526748196926946,4.605069732489799,0.5466666666666666,3.17569373086173,0.5804327375352775,0.09676717181037596,0.06049194717964068,2.3260315769040267
closed_loop,1,54,2.459229352718724,8.041118871092316,1.3623457825474248,0.7610831161309016,4.569773497028045,0.5533333333333333,3.0551011471791902,0.5577758470894874,0.09571947786503636,0.07614763756482022,2.292662354790887
closed_loop,1,55,2.4946500699958585,8.129213821411351,1.3348339261278794,0.7698996302165884,4.532592092633465,0.5333333333333333,3.055940998176271,0.6061806656101426,0.17034961400313542,0.07630988539038074,2.278832778583532
closed_loop,1,56,2.4995784987476632,8.149430777743957,1.3427535975146365,0.7650437317784266,4.539129400268251,0.5366666666666666,2.922991863722374,0.5962099125364432,0.24830434490556857,0.07289096716263899,2.2473507292861155
closed_loop,1,57,2.518338424087394,8.240747802140904,1.3374915632199043,0.7607600000000008,4.558524152238237,0.54,2.937464197875048,0.6533333333333333,0.31989820393162455,0.08104206093757177,2.2085678620105296
closed_loop,1,58,2.517167632308398,8.38842637433767,1.3610344411129935,0.7536902564102574,4.578333667602276,0.52,2.8867028829386485,0.6664615384615384,0.3703430802618253,0.06531775872333148,2.175915622174195
closed_loop,1,59,2.548174910094371,8.44981746115881,1.4440923890044075,0.7375282167042899,4.630476154286378,0.5266666666666666,2.9591321933387964,0.6072234762979684,0.41821419208124416,0.06138628055810718,2.1700025759684274
closed_loop,1,60,2.4398474375045804,8.574238873760017,1.4372632370155682,0.7202465277777788,4.688059464031348,0.54,3.018368709325536,0.6505208333333333,0.4540373355044415,0.058127548406186176,2.087244954217457
closed_loop,1,61,2.384663563644659,8.738441092442915,1.4704829386269427,0.7134048431659363,4.714484885491096,0.54,3.096744352198439,0.7064846416382252,0.4611127792024061,0.0586837969964905,1.9962041681147165
closed_loop,1,62,2.3976380630540968,8.9909812200017,1.561916990422751,0.6811050228310512,4.799657617490948,0.57,3.2120990687392577,0.6584474885844749,0.48233874787021347,0.054116407471670624,1.9807776352855504
closed_loop,1,63,2.2345383825841165,9.230732148355068,1.4665607992762748,0.6595415224913508,4.8501761850658,0.5766666666666667,3.3064599980277567,0.6877162629757786,0.48730912233517715,0.05093662615334442,1.8600258651413233
closed_loop,1,64,2.0618753312551052,9.58974930368446,1.350387692478776,0.6378924556413397,4.913892521209422,0.62,3.5040134349747256,0.6822429906542056,0.4901094329945962,0.051075325173622385,1.7937964513494176
closed_loop,1,65,1.8133029715437132,9.853375464804914,1.1697713734295117,0.6166435363659741,4.955024949710413,0.61,3.554147904182754,0.6441788743253662,0.5004253975783959,0.04595977279800809,1.7038566205812735
closed_loop,1,66,1.6168441384499859,10.16126593560841,1.0172493784051206,0.6005717761557191,4.991547456474921,0.62,3.573598190957808,0.6521897810218978,0.5084376606159511,0.04244977230658345,1.616299005069721
closed_loop,1,67,1.3702833754894532,10.572002969291518,0.813565928671235,0.5781854460093913,5.044921209773026,0.6433333333333333,3.6786021474358996,0.6764084507042254,0.486281958555764,0.04456721784121165,1.4919826953796822
closed_loop,1,68,1.2546555037562006,10.948324158807134,0.7366037408875652,0.5566259887005662,5.086938714615402,0.6766666666666666,3.822977042472497,0.6738983050847458,0.48021024152512165,0.04048849341805998,1.4373063869181708
closed_loop,1,69,1.1782751910763152,11.1711448091942,0.7046421809888375,0.5403847874720371,5.130160107425921,0.69,3.983703520872839,0.6382550335570469,0.45647012874608806,0.04066543621497182,1.3416937375167155
closed_loop,1,70,1.1873023009940273,11.349809303787566,0.738227592114554,0.5268807134894107,5.162892469722323,0.7233333333333334,4.1223960925225525,0.6695652173913044,0.4169711788780292,0.037417114475938006,1.3352492722573244
closed_loop,1,71,1.2002063449327776,11.59161849379067,0.77009956381379,0.8177770345596439,4.3054328059146725,0.4033333333333333,4.19986282161173,0.6785953177257525,0.44779176146111216,0.10646842121300325,1.2943952999401684
closed_loop,1,72,1.230899913397401,11.72929737126842,0.8153010723684448,0.7045844444444453,4.74614882952952,0.5166666666666667,4.254280705790891,0.6386666666666667,0.3738859209731306,0.0632046595475388,1.258780117961291
closed_loop,1,73,1.2297735866432336,11.980969598561133,0.8399494745723928,0.6429955555555564,4.913171312637811,0.5933333333333334,4.267908839706926,0.6583333333333333,0.29308073300763876,0.050177563234838775,1.2013110437347565
closed_loop,1,74,1.2537373004927754,12.149885194924506,0.8824258034497482,0.602700000000001,5.025987532421075,0.6666666666666666,4.3356617621718,0.603,0.2376455176151497,0.04199086832213767,1.139916500155383
closed_loop,1,75,1.3132990331610839,12.284567183164643,0.9444947016109091,0.5849111111111122,5.073479414248719,0.7033333333333334,4.3937364195159265,0.579,0.17937252795721817,0.04282453070378767,1.1245533282128182
closed_loop,1,76,1.3315731089577634,12.456002367116977,0.970428012912345,0.5597019241463699,5.123207714683666,0.7233333333333334,4.519956231493489,0.6122789456122789,0.15268967673000355,0.03600807961102079,1.0845601803001617
closed_loop,1,77,1.3654869455556375,12.59283230007781,1.018231494252309,0.5422890894906955,5.146174193269889,0.7066666666666667,4.76245382061435,0.6108324974924775,0.13642740361923772,0.03723440144879773,1.0454430268510315
closed_loop,1,78,1.4026973881614082,12.820351910558912,1.0774750629769199,0.5273333333333351,5.1646051780435185,0.6966666666666667,4.951335464413476,0.5869565217391305,0.13501416197822136,0.03767333901621828,0.9653903384976648
closed_loop,1,79,1.4708143977994026,12.932415226475111,1.1549856830961303,0.5152151616499461,5.185526598825787,0.7066666666666667,5.086944177450544,0.6050167224080267,0.1304054997951717,0.03739114772396506,0.982863932016218
closed_loop,1,80,1.4641789638354714,13.199698259472608,1.1607940260426781,0.5085551839464904,5.203951212002677,0.7466666666666667,5.147434945010882,0.6100334448160535,0.12354620891962513,0.03827457186203316,0.9259974507351686
closed_loop,1,81,1.4042445658028542,13.350277660923068,1.1109225644174048,0.8056164994425871,4.373093876324704,0.47333333333333333,5.044476706365262,0.6240802675585284,0.2648816775551596,0.10868263158123838,0.932465378153957
closed_loop,1,82,1.3158827927258936,13.644607630995072,1.0599338449449909,0.6987937569676712,4.77717736367865,0.5666666666666667,5.365651723846506,0.617056856187291,0.19781369527187834,0.05142104799225542,0.8813848068451766
closed_loop,1,83,1.2523931600894531,13.782377351335287,0.9963035292658715,0.6241822222222235,4.970055983182892,0.6466666666666666,5.567412159376599,0.631,0.16532585834019434,0.049956878919727214,0.8776237205663172
closed_loop,1,84,1.239632088674216,14.021766401167412,0.9970201956096467,0.5777244444444456,5.0778467518573525,0.6833333333333333,5.704599879230876,0.614,0.1439040994644477,0.03859847811860195,0.8737937359221354
closed_loop,1,85,1.162578676960804,14.29729677890837,0.9313470112532478,0.5312444444444455,5.17545790610761,0.7666666666666667,5.793954866788825,0.616,0.13601275503280263,0.037794801804089735,0.8354916374953847
closed_loop,1,86,1.1549046326053936,14.400495667932335,0.9323131274653441,0.5063800000000013,5.215157355691341,0.7766666666666666,5.817473071646943,0.559,0.138610976568337,0.034724814802214184,0.8161586558002862
closed_loop,1,87,1.1564023475896614,14.544870709115965,0.9398230576527389,0.4944715991518819,5.242351396823832,0.79,5.7824053910860895,0.5845329762303314,0.12909097515735024,0.03295762029508159,0.7645947359475506
closed_loop,1,88,1.0717735769293193,14.787302662590708,0.8732459191402988,0.4731067743382692,5.272024765908646,0.7966666666666666,5.844964403753809,0.6090174966352625,0.14133440806663694,0.025379583408221176,0.7259114136610144
closed_loop,1,89,1.064110353333476,14.86683482366221,0.8780564971563963,0.47957849168375655,5.258178171489409,0.78,5.731582431137581,0.5895420369104579,0.13494501061787934,0.032170703250424613,0.7070210224698567
closed_loop,1,90,1.0453679831627416,15.018976054946805,0.8646997118728634,0.48555517122103253,5.2431366353360325,0.7666666666666667,5.680398507326747,0.6080940850916637,0.13275510066795246,0.02571732759271459,0.6919273116334473
closed_loop,1,91,0.9609463070938485,15.249730613755151,0.7891114596726063,0.6508889665618096,4.924494559365245,0.66,5.583309027193738,0.5945473610625656,0.15489772992792017,0.06125823777758762,0.6784442083654811
closed_loop,1,92,0.9381900987311369,15.421749781497716,0.7821145997295291,0.5812838801711853,5.067456217625983,0.6933333333333334,5.551558238864826,0.5970042796005706,0.15137659177199192,0.049545429852511896,0.6691738270782407
closed_loop,1,93,0.8742943365251233,15.610669962400149,0.7250123540862634,0.5651846417216932,5.0955191664201145,0.7,5.478030936164672,0.5550256786500367,0.15608156574630622,0.03405783570431403,0.658702496571503
closed_loop,1,94,0.8341667282316422,15.828543512830352,0.6979774865145294,0.5491805710048215,5.135666555391091,0.7166666666666667,5.516433243705033,0.5910270671116055,0.16847019677979122,0.03464761932254193,0.6400803712529342
closed_loop,1,95,0.7916663624588858,15.92302956060707,0.661981300580318,0.5503176396735734,5.129883171563915,0.73,5.599726500765244,0.5789077212806026,0.17462031557177912,0.037776261134233276,0.6424579868014454
closed_loop,1,96,0.7351254937527529,16.17793930478341,0.6157968405042327,0.5522550505050519,5.137000546999075,0.75,5.5099562261383,0.6041666666666666,0.15874954739029387,0.03639741506343674,0.6016510305907538
closed_loop,1,97,0.6788725497805116,16.454838053870642,0.5662586950567716,0.5539231664726444,5.139637822399628,0.7533333333333333,5.602247641580927,0.6363989134652697,0.17560979784326233,0.0360472826393879,0.5864883518673215
closed_loop,1,98,0.6452673841534223,16.586028304007616,0.5347908680202147,0.5547604002106385,5.136679248972406,0.7433333333333333,5.603254768662729,0.6287519747235387,0.16294447221735434,0.03668871576766313,0.5720988281637532
closed_loop,1,99,0.6020365310498291,16.721783121747794,0.49762503676165143,0.5569418713921349,5.140012034971239,0.7533333333333333,5.631777505977674,0.6190092629883206,0.15852461275493607,0.04623661274512667,0.5497558279784381
closed_loop,2,0,27.78435841531251,0.016151520529409158,12.89457351480036,0.9304711111111114,3.372934649240204,0.18333333333333332,3.638646978668851,0.6073333333333333,0.3250146460869333,0.4634980066946012,8.30270392608623
closed_loop,2,1,26.069830255411347,0.06228422903038239,12.718708475894642,0.868395555555556,3.968817526797165,0.25666666666666665,4.175242409110992,0.6556666666666666,0.3373164416469319,0.18995455023705796,8.048419521286162
closed_loop,2,2,24.513204678258965,0.11656378150376395,12.139713532719696,0.8246911111111117,4.220149743170555,0.30333333333333334,4.568092065301681,0.6576666666666666,0.31201522804865806,0.1291815574632912,7.807404409742905
closed_loop,2,3,23.152865780906346,0.16696302755914794,11.646812574684756,0.7904488888888895,4.369503932125983,0.34,4.904124903007735,0.614,0.3087511130069356,0.11594330219717217,7.571347790361551
closed_loop,2,4,21.724873478830183,0.2536384631787613,11.105292420286236,0.7706155555555564,4.4667663993504085,0.38,5.060908771373469,0.6423333333333333,0.2882387987719298,0.10494377755600666,7.334254378475712
closed_loop,2,5,20.39907334832096,0.3429070424228451,10.64180361963976,0.7503866666666675,4.561362690790067,0.4166666666666667,5.226835549625677,0.6366666666666667,0.28725031555351,0.09553882664176783,7.114485247171069
closed_loop,2,6,19.200016087235717,0.43453568560419753,10.239350549064566,0.7220533333333343,4.660921449770001,0.44,5.267921911616489,0.6046666666666667,0.29375330751013884,0.08975252674169083,6.886923952876615
closed_loop,2,7,18.071002766162476,0.5528979846679896,9.557977645160241,0.6939644444444453,4.7503970428003415,0.48,5.379073976612853,0.6223333333333333,0.2877620702407933,0.0818715954667967,6.703899300537692
closed_loop,2,8,17.015786850095953,0.620809134529704,9.13659041368993,0.6815266666666677,4.800212729456598,0.52,5.41903742900076,0.6373333333333333,0.27950448099874137,0.0797599595393713,6.47489809469571
closed_loop,2,9,16.04848388663319,0.7777685499788134,8.920578656881641,0.6731444444444454,4.835176959972738,0.5433333333333333,5.348282176757851,0.609,0.2680699526928772,0.08085587743869478,6.276236289155018
closed_loop,2,10,15.052374098820225,0.8795143330899398,8.214750613413822,0.6458333333333344,4.905376077376889,0.5633333333333334,5.457221653104415,0.6246666666666667,0.2791417585513712,0.06764275885792914,6.082013595788427
closed_loop,2,11,13.92890315851414,1.0417295104202349,7.67659419298999,0.6922244444444452,4.803154928315901,0.5666666666666667,4.662905914673448,0.6123333333333333,0.1911496701382191,0.11255153500896535,5.846516605213515
closed_loop,2,12,13.05948067400798,1.1641140763968847,7.259672201569339,0.6386511111111121,4.939772723522806,0.6,5.205434812451415,0.5943333333333334,0.20943192598336183,0.07631849230920439,5.643445379593278
closed_loop,2,13,12.188100546259939,1.330255024591714,6.808976290542022,0.613700000000001,4.993140974439796,0.6133333333333333,5.449847767368626,0.6173333333333333,0.24199674112695657,0.06911893704850361,5.44802177648388
closed_loop,2,14,11.466097833893713,1.4669739482475743,6.4273222969699315,0.6073311111111122,5.010633846614594,0.6166666666666667,5.54599695895826,0.611,0.2620121985094894,0.06383285302015951,5.278214057164904
closed_loop,2,15,10.709024837150181,1.6220283758375873,5.993342572100478,0.5993133333333344,5.030128796202051,0.6233333333333333,5.645739713262114,0.6463333333333333,0.26530483822878165,0.062027981048878876,5.092965896903455
closed_loop,2,16,10.075094903483299,1.7860477672853057,5.5752542551279065,0.6012155555555568,5.032869920421933,0.6433333333333333,5.597717197387186,0.6316666666666667,0.27735864291397655,0.05958003669303979,4.954525844418174
closed_loop,2,17,9.456546001168181,1.9807808310467758,5.273560737519911,0.6087400000000011,5.019676084797124,0.6433333333333333,5.552558870908436,0.6386666666666667,0.2811200734154072,0.05837797107146952,4.799174357755067
closed_loop,2,18,9.009423941471221,2.1123231581286257,4.96839413984203,0.6167000000000012,5.005966426901889,0.6433333333333333,5.548126516989908,0.6146666666666667,0.2903719297353057,0.059226735453515644,4.686022247723597
closed_loop,2,19,8.425662571059483,2.339848248317951,4.623115072689664,0.6161977777777787,5.004581555418277,0.6433333333333333,5.443191794218585,0.6426666666666667,0.29324960193052185,0.05940977065590069,4.541122612158788
closed_loop,2,20,7.993378705855075,2.4843448782083186,4.285003201031208,0.6229444444444455,4.992447662439648,0.6466666666666666,5.445093769383005,0.6866666666666666,0.2987888377664866,0.056023965141612196,4.425734490657066
closed_loop,2,21,7.627829065754024,2.6638558413479636,4.1132081446513125,0.757913333333334,4.586807350230487,0.6266666666666667,3.728798171786018,0.621,0.34055525779235524,0.11802439877517278,4.326838716358652
closed_loop,2,22,7.095202428452632,2.8702459897210257,3.7199132372224373,0.6900266666666676,4.827122217792313,0.65,4.338678198395446,0.6166666666666667,0.2691896800828118,0.07802041081839843,4.176251598274701
closed_loop,2,23,6.589614401761497,3.0331417678613315,3.3853957876454315,0.6647888888888899,4.895295277200571,0.6466666666666666,4.848900673362411,0.6043333333333333,0.26299443592677524,0.07184045143023471,4.016758715198665
closed_loop,2,24,6.218273911960547,3.2132625337330127,3.138215023485022,0.6656088888888897,4.895289034018635,0.6633333333333333,5.1045911717593375,0.6386666666666667,0.25749061073241214,0.06341630219339198,3.905034557776556
closed_loop,2,25,5.876902764029517,3.4293846064516327,2.9134924484336007,0.6660644444444455,4.8983922857780575,0.6833333333333333,5.15333482611758,0.6473333333333333,0.2822542846336545,0.06569725438533489,3.8019536700109775
closed_loop,2,26,5.55976659530503,3.618375483273428,2.73927803685526,0.6501755555555566,4.934354104050231,0.66,5.201487736319348,0.653,0.2746337628693067,0.06152185705591279,3.6966554600673462
closed_loop,2,27,5.32375908612327,3.788441706062221,2.517061734945564,0.6537777777777789,4.929373959192975,0.68,5.108936191085183,0.6416666666666667,0.27125207001972806,0.06508103308799904,3.624392427319281
closed_loop,2,28,5.019323642301515,3.9701499021604647,2.3462879738804525,0.6503844444444454,4.941440428946789,0.6966666666666667,5.030151417770267,0.6143333333333333,0.24669809054885103,0.059350059411978906,3.502325105075242
closed_loop,2,29,4.766897949923524,4.152785979299355,2.191764888261119,0.6624622222222232,4.91163984176996,0.7033333333333334,4.977305673393359,0.6236666666666667,0.22354953109219963,0.06183296665494807,3.3982496878291877
closed_loop,2,30,4.472809611834154,4.34253179762125,2.0114593014781343,0.6694844444444454,4.892143284389942,0.6966666666666667,4.858139694788366,0.623,0.19330838243029475,0.07150719221152657,3.2806613849615824
closed_loop,2,31,4.288402078023223,4.528723829896974,1.9920816016963965,0.8157066666666674,4.321280846597426,0.4633333333333333,3.7854870660204876,0.5933333333333334,0.27387024785145875,0.1210355638799911,3.1957193844511553
closed_loop,2,32,4.074563259727744,4.739578480478523,1.912928865865036,0.7801911111111118,4.4887437061763205,0.48,3.8385422797585504,0.6363333333333333,0.261966536391567,0.09574604088148979,3.109724844568594
closed_loop,2,33,3.922147046857551,4.927341734979199,1.8522895277946092,0.7641800000000009,4.562140113948936,0.5566666666666666,3.764626096907091,0.5996666666666667,0.27779573990929296,0.08267261763004796,3.0384830939144964
closed_loop,2,34,3.7549956110944125,5.093082029915211,1.8364992853265079,0.7561288888888897,4.596277558985406,0.5666666666666667,3.6917563033229293,0.5876666666666667,0.2995859495653679,0.07805371972941633,2.9551847583844606
closed_loop,2,35,3.6042728810550644,5.231131791263827,1.771130285718282,0.7495755555555563,4.624620278163697,0.61,3.496971242892552,0.6253333333333333,0.3059690410000629,0.08168783959418634,2.884374452154816
closed_loop,2,36,3.4746175323665365,5.469537868779029,1.7354411902563907,0.7376600000000008,4.665628453608019,0.6233333333333333,3.4991016465948306,0.614,0.3076163579593684,0.08276755938133647,2.817773023622839
closed_loop,2,37,3.2450291618413227,5.711488974334411,1.6333983730893131,0.7252933333333341,4.714411421268361,0.6333333333333333,3.5282865165862556,0.634,0.30455557334862315,0.07394076082156578,2.707477442493502
closed_loop,2,38,3.147375380564849,5.896488074848531,1.6017921829843815,0.7183944852123649,4.73602468507036,0.6366666666666667,3.4839308000540115,0.6554369579719813,0.30611565989343975,0.07282974435838213,2.672138482885034
closed_loop,2,39,2.9882935123271595,6.112426774338293,1.5367778808865626,0.7127234137622888,4.757040292610204,0.65,3.549621547588582,0.6176273458445041,0.2961005687444853,0.07030101981495171,2.5750294105631553
closed_loop,2,40,2.7855455688206705,6.264513640120976,1.4093414503409094,0.7094843023914779,4.765178829126907,0.65,3.5910752068506766,0.6195171710302618,0.28899142586872134,0.07304109547143603,2.4719548039990333
closed_loop,2,41,2.6885509808170385,6.488669525081599,1.3744421733780947,0.8120159399906242,4.334353417694168,0.42333333333333334,2.8792908055258293,0.6325597749648383,0.32811460166035933,0.10922234714746323,2.4432606748697694
closed_loop,2,42,2.5451370262956434,6.688457822178141,1.2956677812348263,0.7858060606060613,4.450756837436862,0.4266666666666667,3.064956300466356,0.6021818181818182,0.31245802104005554,0.07620049017746386,2.3782186453280776
closed_loop,2,43,2.3888435443675884,6.872860400904104,1.2102970619263607,0.7798372122599524,4.482714719162891,0.4766666666666667,3.1848651771950607,0.6085463563525372,0.28903752531410026,0.08489301672699506,2.298270252871719
closed_loop,2,44,2.2151245491225358,7.13940929693466,1.1067741552356465,0.7844773256610502,4.4736382534191765,0.5033333333333333,3.3881645720384417,0.6243321002877107,0.26755050592661145,0.07605540528586194,2.2226104787345
closed_loop,2,45,2.1037113042410933,7.314681318379491,1.0361790598717862,0.7854065220599092,4.471932575644805,0.52,3.5231808681284567,0.5843293492695883,0.23604001706872318,0.09674309007126344,2.168149014129273
closed_loop,2,46,1.995553172352217,7.488820671953032,0.9849785180975423,0.7848339973439584,4.472590068097847,0.5266666666666666,3.707240948112055,0.6165338645418327,0.2047452333515066,0.08940262893997415,2.1168492836285266
closed_loop,2,47,1.8894883133631897,7.687934685217808,0.9295520820864474,0.7696300427588779,4.5380510184200915,0.57,3.834130623068245,0.6056887897378694,0.17613079589675246,0.07098963487063333,2.064724570354344
closed_loop,2,48,1.7702644662169955,7.81926037128084,0.856876789909647,0.7553346080305936,4.594814281444168,0.58,3.97319498617088,0.6545570427023581,0.1428703869205406,0.06187839335730203,2.000355171399898
closed_loop,2,49,1.6790339495882152,7.900469983909051,0.8098813120088426,0.725374251497007,4.699229361837712,0.5733333333333334,4.0243990303810415,0.6467065868263473,0.1292749367564726,0.06334748846068505,1.9375892686772709
closed_loop,2,50,1.6099377678895146,8.007745533862916,0.8042025816467973,0.7060555088309514,4.771806879413551,0.5966666666666667,3.9198101780273786,0.6030277544154752,0.10910463452517867,0.04617449088579119,1.8844773340555043
closed_loop,2,51,1.5658118104607515,8.071949137444314,0.7807992474639145,0.8285286343612341,4.234957039057892,0.44333333333333336,3.8568641057150654,0.6317180616740088,0.10556444026039859,0.1031037110607544,1.8694647474706825
closed_loop,2,52,1.557004725076445,8.141599126490895,0.7789796900277537,0.795248908296944,4.418752862587629,0.47333333333333333,4.118765444618737,0.6270742358078603,0.10728694720748641,0.08319348326681918,1.8716499916600589
closed_loop,2,53,1.5370646319490375,8.20682045431256,0.7679177714992754,0.7699744245524305,4.5371563693942205,0.5233333333333333,4.272281689386555,0.5601023017902813,0.0918432166566137,0.06917113874544216,1.8522177684820023
closed_loop,2,54,1.5241099686932824,8.255543493339163,0.7564443490827132,0.7597765363128501,4.581395869319665,0.5566666666666666,4.366411505640183,0.6209098164405427,0.13708595928242195,0.06532923144107354,1.8434898908121993
closed_loop,2,55,1.5244761158364006,8.331455651390126,0.7610987691145963,0.7483504650024482,4.622880187788226,0.55,4.553934031381893,0.6116005873715125,0.20061638589111686,0.07280745636086193,1.834144401215476
closed_loop,2,56,1.522058961304241,8.380803163898698,0.7354922896374092,0.7247410449463848,4.702177446120074,0.5466666666666666,4.870676423041818,0.6071184120465435,0.20913559103616816,0.06120528949321519,1.8306675630796232
closed_loop,2,57,1.5152226353596498,8.396569611759118,0.7368485358922774,0.7203821656050965,4.710953296764303,0.5433333333333333,5.13722813790658,0.5535031847133758,0.2083874344920445,0.05533832223847703,1.8087884448961198
closed_loop,2,58,1.511102807372878,8.483246968829814,0.7208000104916868,0.7115208825847132,4.743859327683307,0.5666666666666667,5.212232165284724,0.5963356973995272,0.20167646077298826,0.05122332675351251,1.7948801424160576
closed_loop,2,59,1.4833565266870274,8.594563449000955,0.7059118206853228,0.6977851605758594,4.786462674469529,0.6,5.222891939435046,0.6018826135105205,0.19510149049151415,0.055642148672334434,1.7707044910942435
closed_loop,2,60,1.4245668398277687,8.694050092314612,0.7127072534896567,0.6873758136348074,4.806464851012159,0.5866666666666667,5.263897371814915,0.5729701952723536,0.2133364668541378,0.05607572853702885,1.7110810892216357
closed_loop,2,61,1.365281801163006,8.888325821785621,0.6976532904790556,0.7936712896540739,4.404824475304781,0.45,3.221638032085695,0.6614060258249641,0.47050110404519474,0.09476526741232623,1.6685387955973454
closed_loop,2,62,1.3094277481001053,9.143606579517332,0.69297132425074,0.7391365192794411,4.639498382501808,0.5333333333333333,3.9143946440438566,0.6364448414470746,0.41797949743983154,0.06644250686820347,1.6188925758876935
closed_loop,2,63,1.2426266304297244,9.445920330250928,0.6761155665837878,0.6995796304133176,4.763522803170919,0.5566666666666666,4.329788382447351,0.6483283961066441,0.387719678686694,0.0550785805468468,1.5548934550958684
closed_loop,2,64,1.173506858711545,9.759274909637139,0.6382078789762917,0.6653306772908376,4.864656218175306,0.5933333333333334,4.558090990381504,0.6458167330677291,0.38368878425990227,0.05343930049425405,1.4885706452477547
closed_loop,2,65,1.1041294878149286,10.13116059530445,0.6425270697887531,0.6318964646464658,4.949716507706794,0.63,4.696313072227174,0.6446969696969697,0.381531805329959,0.046782536492288807,1.4074290398450178
closed_loop,2,66,1.0218711362242883,10.561221247734146,0.6008684033855121,0.6051624548736475,5.007923304644412,0.6466666666666666,4.750285045472821,0.6303249097472924,0.37533075146942,0.04064719837552655,1.3316784957740426
closed_loop,2,67,0.9559096176918457,10.97497685833366,0.573443395662093,0.5794367816091965,5.056838081881652,0.6666666666666666,4.736803918709511,0.6672413793103448,0.38713517343432047,0.040028658561940295,1.2449693631702232
closed_loop,2,68,0.9615083906515933,11.111561425873901,0.5986167315270492,0.5603103371288247,5.094073580970029,0.68,4.718488431389783,0.6346282652377763,0.3820293674509883,0.03734680781894404,1.2172089786277127
closed_loop,2,69,0.9353335195613146,11.377007599831442,0.5975200959375158,0.5335113484646212,5.140961255873115,0.7,4.827862910213984,0.6381842456608812,0.35589624468753706,0.03713938566879743,1.1539178531176957
closed_loop,2,70,0.9406552817315686,11.519815299946876,0.6192880218497752,0.5191188251001353,5.168949916202689,0.7066666666666667,4.840464247679985,0.664218958611482,0.3246523253253486,0.031314877359769004,1.114092483173686
closed_loop,2,71,0.8981371281245623,11.744678135989707,0.5984561920868033,0.8677710977510582,3.992430390216995,0.3933333333333333,4.364087876752677,0.6763527054108216,0.34306756320074344,0.19156075062421812,1.0829284896698728
closed_loop,2,72,0.8560485497746503,12.018866989933676,0.58229911721652,0.7761876114082005,4.5127981592265085,0.5133333333333333,5.0061961403007595,0.634024064171123,0.29449617016475277,0.09444834161939425,1.0150801258142381
closed_loop,2,73,0.8197890592514969,12.187337881080106,0.5613346983950194,0.6928205128205139,4.815775004838393,0.6233333333333333,5.379152938089918,0.6140468227424749,0.2611209705230346,0.06402930159509107,0.9653053936835052
closed_loop,2,74,0.7625120820349434,12.423810028606386,0.5215815140113207,0.6367157190635465,4.966834296096847,0.68,5.526330872962179,0.6150501672240802,0.22498859217994252,0.04347450766181417,0.9124516346008806
closed_loop,2,75,0.7447574109247888,12.63068400964945,0.5182650780380806,0.5896777777777789,5.076720938261106,0.74,5.536877090748451,0.6023333333333334,0.21332654603461718,0.039744945027452766,0.8734205755091509
closed_loop,2,76,0.7351995731538119,12.822600709055163,0.518434372866623,0.5635022222222233,5.124476448418718,0.75,5.632956062130487,0.633,0.20157481476189662,0.03814879708068562,0.8186218363376251
closed_loop,2,77,0.722066355604814,12.982326613421211,0.5128676614532448,0.5306244444444457,5.1813570543334695,0.7733333333333333,5.6506959948598015,0.617,0.1995333689518655,0.039734074691505035,0.7618521633888005
closed_loop,2,78,0.709503163217199,13.187464392158759,0.5015068583068891,0.5075911111111128,5.220795653999009,0.7733333333333333,5.641564702090994,0.6156666666666667,0.19452211077558434,0.037788368608802046,0.7157440705758203
closed_loop,2,79,0.7344410850918565,13.278817946378128,0.522737540632619,0.4860844444444459,5.250757413738015,0.7866666666666666,5.5473720877535335,0.639,0.18934913137150866,0.027234794502596364,0.713380459053846
closed_loop,2,80,0.7147409160459025,13.483016185339023,0.4976949324511798,0.48480444444444626,5.253660579673158,0.7766666666666666,5.363134286128558,0.6036666666666667,0.17680186054420607,0.030695816338231197,0.6798842615791449
closed_loop,2,81,0.7327323178475933,13.674154876052823,0.5297738771541616,0.8076844444444451,4.363505794084515,0.5766666666666667,5.255391272645204,0.603,0.13463506584454965,0.11848083260621962,0.6545015589467172
closed_loop,2,82,0.7509660535479641,13.871608426539805,0.5563068799238521,0.690171111111112,4.828407812545582,0.7,5.56173215502349,0.616,0.12155373646438605,0.06429605754296155,0.643163899326871
closed_loop,2,83,0.7716298932423665,14.028535669199233,0.581966108016864,0.5844266666666678,5.099078805203719,0.78,5.640664609161775,0.5673333333333334,0.1142396025732127,0.0388516886736701,0.6243084862255998
closed_loop,2,84,0.7916608320803855,14.204890948478674,0.5997608588130865,0.5240822222222237,5.214124812548882,0.8266666666666667,5.512074102501781,0.6003333333333334,0.11677529787787985,0.03834690249550931,0.636062176410841
closed_loop,2,85,0.8234688335998458,14.32305893408471,0.6347405888122372,0.4852155555555573,5.264834569233612,0.81,5.457270933814774,0.6033333333333334,0.1192980706181411,0.036529132202506816,0.6271121536521519
closed_loop,2,86,0.8342127191512304,14.519245467109341,0.6460572243280936,0.47363555555555703,5.277342345811515,0.8233333333333334,5.499436758098904,0.612,0.12988888590369488,0.02965291001281713,0.6103242877752837
closed_loop,2,87,0.9048419739167095,14.60778465576705,0.7205676493123016,0.4668388106416297,5.274893450643285,0.8,5.301845360661232,0.5845070422535211,0.11813859434283615,0.02758462111790285,0.6106414154210826
closed_loop,2,88,0.9006063156378787,14.77092302420526,0.7232378724761649,0.4745625841184403,5.2568635776368,0.7733333333333333,5.233837278240941,0.6083445491251682,0.11535581891925827,0.02902811713570227,0.6091090870960293
closed_loop,2,89,0.90954123220295,15.001626176848887,0.7467526404490898,0.4607359891964907,5.260389500571401,0.7633333333333333,5.143389417429035,0.5773126266036462,0.11732272401512885,0.033031545230655136,0.6090499195489018
closed_loop,2,90,0.9154749583925829,15.138261579723233,0.7604157779130168,0.4761674608577283,5.239693838392508,0.75,4.959423845046331,0.5537780803267529,0.10364772337200207,0.03549056143947785,0.5876491563661284
closed_loop,2,91,0.8770780403695371,15.312402546140563,0.7354427481348573,0.7432736866253735,4.6292465556373035,0.55,4.410876447188866,0.612869924294563,0.2243688377259457,0.08136646763968745,0.5984294238173693
closed_loop,2,92,0.8409704956590267,15.564611178458819,0.7065234011962367,0.6459422829769845,4.925207301097342,0.6266666666666667,4.791675536551394,0.5842972309849281,0.16842344908323054,0.04925991389071884,0.5954074564056496
closed_loop,2,93,0.8175199189812963,15.687413409404176,0.686384039682963,0.5933070678127998,5.033896739201879,0.6466666666666666,4.885845216373408,0.5673352435530086,0.14923572260421852,0.035762716271230205,0.6014334861899614
closed_loop,2,94,0.7895512505019255,15.857605752945982,0.6720329371786558,0.5573881673881689,5.097518761996636,0.6766666666666666,4.951018931931186,0.6042568542568543,0.14452721460215515,0.039567973907757195,0.5850497238168565
closed_loop,2,95,0.7516772915695437,16.05230983344523,0.6415359768449969,0.5577203983769836,5.099804550612589,0.68,4.948211790948597,0.616377720398377,0.14193374139382264,0.045154097364623676,0.5936395617149288
closed_loop,2,96,0.7495487130479034,16.269148351585205,0.6444782947306595,0.5631041507512109,5.086271385000067,0.7,5.035657688435617,0.5687547746371275,0.14808681161374393,0.035711995348992255,0.6087004402682027
closed_loop,2,97,0.719464790897321,16.44295747256014,0.6153451031745035,0.5779663668361374,5.0658630901607,0.6966666666666667,4.9878282693193,0.5745013687915526,0.15232875293891013,0.04198633215196683,0.5918438573473189
closed_loop,2,98,0.7089077361776276,16.53533744861718,0.6033123107844848,0.5779096945551141,5.062797679429616,0.6933333333333334,5.00535647965444,0.600398406374502,0.15144693148224375,0.04522742149348186,0.6049692939723229
closed_loop,2,99,0.6562202449340048,16.74718010613729,0.5488734013993818,0.5803974411324366,5.064915572635353,0.7066666666666667,4.984895951801053,0.6161698652511229,0.146250035973778,0.03667440644723926,0.5854607758538268
closed_loop,3,0,28.46511196213657,0.018648013223131255,12.85026582190095,0.9026644444444447,3.697234200569483,0.3333333333333333,3.6162450201772542,0.5786666666666667,0.21623171941219121,0.35873664576450953,8.419033551617053
closed_loop,3,1,26.055392554126502,0.058591081144928725,11.851594642571376,0.8061022222222228,4.376070612246465,0.48333333333333334,3.436956792242519,0.6156666666666667,0.1388781913039492,0.16556375613264157,8.038740017484079
closed_loop,3,2,23.9099926104559,0.10710389880157006,11.200855730711435,0.764282222222223,4.563249400369647,0.5566666666666666,3.677053730949608,0.627,0.16741196814754997,0.1295037067908585,7.671975101403883
closed_loop,3,3,22.19017369125851,0.1717137824644686,10.745860611632926,0.725642222222223,4.707771139350703,0.5933333333333334,3.902568967448758,0.5706666666666667,0.2013341291184594,0.10870072680444198,7.379427513149165
closed_loop,3,4,20.623026471922316,0.2572130923739052,10.26747095156178,0.6982066666666675,4.799855527371438,0.63,4.065421990137065,0.606,0.2112403124068398,0.09270804903157844,7.1004629958363665
closed_loop,3,5,19.268122131601654,0.3536766006589023,9.754673194576016,0.6809933333333342,4.849794992659948,0.65,4.2890674022200495,0.61,0.22616994373994415,0.08162845840090421,6.854752161612068
closed_loop,3,6,17.779472015776058,0.4599903022407541,9.218218359826324,0.6679711111111121,4.887940465817856,0.66,4.337207788518231,0.6433333333333333,0.2386560660041627,0.0848476993136436,6.551589363208522
closed_loop,3,7,16.636162296841572,0.5760903292868385,8.686764576210473,0.6634977777777789,4.906454399680177,0.7,4.399213582344143,0.6213333333333333,0.25176646473811415,0.07950191277590658,6.341557361960362
closed_loop,3,8,15.748177852848618,0.693122876276669,8.343016874791536,0.6417622222222232,4.963048555652753,0.7033333333333334,4.516000737071217,0.6006666666666667,0.24792654003379738,0.0694733156420463,6.1721788424217925
closed_loop,3,9,14.720574170084435,0.8009788532301592,7.986418051887106,0.6372111111111123,4.978901274954609,0.7233333333333334,4.557266477499062,0.6023333333333334,0.2568202952154772,0.0694094304388422,5.940320849910774
closed_loop,3,10,13.98255444607172,0.9333478491747838,7.732194790117126,0.6087555555555567,5.051536177579811,0.77,4.667720666575636,0.604,0.25526609957961616,0.06550113027667206,5.784870139723715
closed_loop,3,11,12.960244965068037,1.079517730318881,7.414605157186887,0.6056933333333345,5.058927447382084,0.78,4.4356350365952375,0.635,0.26885817039820503,0.09223301308827625,5.541251255924796
closed_loop,3,12,12.325310605400091,1.2288974884979051,7.317274741474292,0.582520000000001,5.110117473965305,0.8033333333333333,4.914713422846063,0.6233333333333333,0.26826917916759435,0.07026207266532343,5.389656034811755
closed_loop,3,13,11.473477697970006,1.420117073083079,6.896101346511324,0.5688600000000013,5.1423982650772135,0.83,5.12936940965436,0.618,0.2579156554679918,0.05794015266925484,5.20693711607738
closed_loop,3,14,10.961242734797828,1.55601243459148,6.659725568141628,0.550926666666668,5.174071982634863,0.8266666666666667,5.291971053599682,0.6093333333333333,0.2622954400079532,0.056712947212173216,5.08563942827286
closed_loop,3,15,10.371780716071658,1.7067959047650083,6.395970738647222,0.5398288888888902,5.198393362863999,0.84,5.488260855004712,0.6183333333333333,0.2859810518554074,0.05131408996347076,4.940105142698944
closed_loop,3,16,9.85095708298403,1.8795217547399266,6.139961999805042,0.524266666666668,5.225935681003535,0.84,5.571915671147405,0.6266666666666667,0.2911772606951193,0.04986186872409782,4.816776583760365
closed_loop,3,17,9.385729980388081,2.010715558117058,5.789010704075229,0.5189711111111126,5.243493982051457,0.86,5.83652684366392,0.6666666666666666,0.3353510397486037,0.04929965845987518,4.70752186204827
closed_loop,3,18,9.021942901523657,2.157613609659854,5.65059086755882,0.5012311111111125,5.278801014189039,0.89,5.92921914165033,0.6373333333333333,0.3372163134008782,0.04586120120562845,4.604184987974756
closed_loop,3,19,8.73881269498732,2.291748168198156,5.488789241642201,0.4864177777777793,5.301137967363115,0.8833333333333333,5.892794422560228,0.651,0.37465485964856554,0.048383212934296524,4.533068379426079
closed_loop,3,20,8.266627491372152,2.442627388155312,5.155155760612521,0.49290666666666794,5.287753209886321,0.88,5.930574480833308,0.6523333333333333,0.3665560118984753,0.04373056825069208,4.410727993465906
closed_loop,3,21,7.745577216197965,2.6541787263287273,4.8164700855183336,0.7403866666666674,4.658794306294212,0.68,4.964719440073739,0.6113333333333333,0.3215381322596422,0.10680885692108603,4.2798731543209385
closed_loop,3,22,7.288720480216188,2.8395261631373985,4.496876132419455,0.6856022222222229,4.84648629827654,0.6966666666666667,4.903247856958137,0.6506666666666666,0.3380622189216125,0.078227034403505,4.151503580047861
closed_loop,3,23,6.853849428736595,3.029509113975948,4.239951082491273,0.6678644444444455,4.9001592459078935,0.7366666666666667,4.738863856769375,0.6406666666666667,0.34449060330863496,0.06597773027339592,4.014110572854878
closed_loop,3,24,6.514508979705177,3.231267566704579,4.071324339306998,0.6380333333333343,4.982957245066227,0.8,4.838862614347018,0.6353333333333333,0.34548413112120663,0.05786942847314364,3.909538482930134
closed_loop,3,25,6.207224211698529,3.3821412946773624,3.8236836061956287,0.6080511111111123,5.057031785637214,0.8166666666666667,4.9677488983433085,0.628,0.3356163697076565,0.056793036827866544,3.824831289974631
closed_loop,3,26,5.936969144294288,3.567254705818208,3.6518615974578124,0.5853800000000011,5.114140083170192,0.8533333333333334,5.1999034083735065,0.632,0.30599084369570095,0.053763043228987506,3.739959528615561
closed_loop,3,27,5.4999248015591435,3.7742658693435134,3.3175773645815694,0.5627733333333345,5.158462643982257,0.8366666666666667,5.345277973934501,0.6106666666666667,0.2842780391813512,0.04852711844971907,3.601122949368524
closed_loop,3,28,5.214891460221774,3.9645016155085417,3.119517314036663,0.5472977777777792,5.191447088515575,0.8533333333333334,5.45023300485483,0.6426666666666667,0.2796092316427597,0.050380178387144335,3.5045365132551596
closed_loop,3,29,4.895448592908182,4.139023103589132,2.8252617309580765,0.5318755555555568,5.214943215174001,0.8366666666666667,5.503750215664085,0.606,0.252809988485101,0.04920192638458892,3.407639416727496
closed_loop,3,30,4.591522006373161,4.299047918860488,2.591630036817271,0.5268733333333345,5.227038760418986,0.85,5.486957048734013,0.625,0.2568640278818677,0.04941305469556244,3.2880665885868408
closed_loop,3,31,4.30935284765182,4.539397703407743,2.407449233459901,0.8014666666666673,4.39627412377671,0.5066666666666667,3.3585653076034765,0.676,0.32583779068469765,0.1398215442681387,3.1912369441175605
closed_loop,3,32,3.9914509669175295,4.787011634990575,2.2037940644493355,0.7113377777777786,4.7489802001900845,0.5766666666666667,3.7457183844991837,0.6446666666666667,0.24828442325697922,0.08690490208679064,3.0686800487827965
closed_loop,3,33,3.630081220746967,4.973936382977679,1.9562361641176336,0.6664777777777786,4.893053842333289,0.6733333333333333,3.910726085237004,0.5953333333333334,0.20738992350473948,0.06860607400855079,2.909702006835015
closed_loop,3,34,3.306282013655288,5.228448413473813,1.7053884071485452,0.6316533333333343,4.988326508903508,0.7433333333333333,4.1147010517771525,0.628,0.19468423450893563,0.06614289462973674,2.766981953165866
closed_loop,3,35,3.015071357130158,5.467985727708996,1.4728089600155854,0.6067711111111121,5.052278023389987,0.7633333333333333,4.334276757893396,0.594,0.18759021987314123,0.06765179351092664,2.631427534947717
closed_loop,3,36,2.7359463341934216,5.777691058230584,1.2866398677014723,0.5749933333333344,5.130851092445685,0.82,4.647098606032307,0.612,0.1956919230864509,0.05859659360820352,2.4972484990704187
closed_loop,3,37,2.5739864962165684,5.995834808917115,1.1669980633690489,0.5591755555555566,5.161085821269053,0.8233333333333334,4.912504397350504,0.6046666666666667,0.23203523622831063,0.056001195799957416,2.4214609361885446
closed_loop,3,38,2.43516456288975,6.231848077298106,1.114698331057472,0.5576266666666679,5.168441637733333,0.8433333333333334,4.974161105148934,0.607,0.26625956569550824,0.05702378117238799,2.3538708722546073
closed_loop,3,39,2.3685151017231414,6.410169950650571,1.1256075960514014,0.5860944110443121,5.10351010446152,0.7933333333333333,4.993227486476534,0.6352705410821643,0.28682595858399185,0.06126247935071464,2.3033392467511633
closed_loop,3,40,2.314779468101475,6.619691970085126,1.187532589762168,0.6032679296346428,5.066188814949301,0.78,4.817065970589695,0.611299052774019,0.3256060127535814,0.05624494242141301,2.2782029847035092
closed_loop,3,41,2.1802111904953825,6.862932702055062,1.145337547707343,0.7765484796328178,4.51354021807384,0.5366666666666666,3.702161368880926,0.6120481927710844,0.2501847422700504,0.121026212815106,2.1814561278334437
closed_loop,3,42,2.1374937263107725,6.999901465642452,1.1435342516658193,0.7379443857796559,4.668332494719491,0.6033333333333334,3.691486116965906,0.6240760295670539,0.29169962817900896,0.08372323743221576,2.1556937381565557
closed_loop,3,43,2.1019739014184946,7.137187968474998,1.148174388643413,0.7260024509803931,4.715737707482566,0.65,3.7603884292227656,0.6308823529411764,0.3291741581443175,0.07591781719026301,2.1428372773962505
closed_loop,3,44,2.091162666944088,7.3326418509066364,1.2051045049414222,0.7322727272727281,4.692401425493619,0.6333333333333333,3.901353875871335,0.6520376175548589,0.35984028908114485,0.06911409726038209,2.1462907667137796
closed_loop,3,45,2.0679455265509166,7.5256957628525925,1.2230071572227192,0.745427106227107,4.640754077676787,0.6133333333333333,4.019472575890476,0.6378021978021978,0.3602324065440392,0.06550253347157371,2.1434136296637365
closed_loop,3,46,2.0491137985641217,7.661239142506308,1.2413522734485292,0.7619294743845652,4.5763113440393735,0.6033333333333334,4.101214958438067,0.6422155688622755,0.342992462329972,0.07049779885577098,2.1446295339400527
closed_loop,3,47,2.0656923028865366,7.804069554060152,1.2747317040496773,0.7697312750142946,4.538505619455572,0.5966666666666667,3.9673546132445474,0.5934819897084048,0.31998169371920054,0.0765519609604362,2.1737424626663095
closed_loop,3,48,2.0804582396332503,7.892281800622183,1.3124803256050928,0.7761298535964363,4.507804916445819,0.5633333333333334,3.8783097771795356,0.622533418204965,0.30603938992138735,0.09126980748439727,2.1923681482998836
closed_loop,3,49,2.0978095533903915,7.927769828133523,1.3340581747433062,0.7607571138211389,4.570468339940405,0.53,3.9743186574974216,0.6349085365853658,0.24008072600190158,0.07498000120078294,2.193481322182847
closed_loop,3,50,2.1010813056645086,7.966519677264099,1.3214473883518036,0.7434866245867155,4.638766764694563,0.5566666666666666,3.8476510315903205,0.5834084761045988,0.19036384485581265,0.06661098718819307,2.1987530721774236
closed_loop,3,51,2.0826593657094596,8.038395331759446,1.320495549635509,0.7862046839910175,4.459317606371662,0.45666666666666667,3.207943496555255,0.5745909528392685,0.14271914092402327,0.06250051573813184,2.1803549709469534
closed_loop,3,52,2.0533040558633466,8.058057824782754,1.2911404364456665,0.7711695315133138,4.527028892850038,0.4866666666666667,3.1798966101815487,0.5429726996966633,0.08903453965513555,0.06562574751816239,2.1361948565690843
closed_loop,3,53,2.0460347680168307,8.145086909017449,1.283184256516811,0.76102908277405,4.570790992241633,0.5066666666666667,3.270427499631513,0.5618408437200384,0.07134861986171788,0.06480003417348618,2.109765795764901
closed_loop,3,54,2.0332336727556393,8.098617117541963,1.2171618054672824,0.7701897983392652,4.534424202640274,0.49333333333333335,3.326998566558119,0.5293594306049823,0.04633146836952275,0.07448496800470485,2.085499187959176
closed_loop,3,55,2.038267040873611,8.131961829808434,1.1874349711511518,0.7701359977796288,4.534204130014248,0.52,3.223494676744099,0.5628642797668609,0.06454174535193849,0.07797283753398304,2.051173801536102
closed_loop,3,56,2.1060316632576734,8.207470818034293,1.2032675241389634,0.7753587786259548,4.504987890116798,0.5,3.2052271192786703,0.5992366412213741,0.16017124842755365,0.06894342854714372,2.037921283757585
closed_loop,3,57,2.1688843449244737,8.241025210017607,1.1876465992248366,0.7725811726232197,4.509421621387586,0.47333333333333333,3.257022665234099,0.6054660126138752,0.2423921235290547,0.07401104826259623,2.045712330021212
closed_loop,3,58,2.161992568903809,8.291010030409723,1.1667208513321485,0.7665676780718751,4.532126671199183,0.48333333333333334,3.1485588820465726,0.6152356358941252,0.30996709283866175,0.07337012435019401,2.0069745474496066
closed_loop,3,59,2.2070264347728235,8.377886518251627,1.1999801407787272,0.7508492822966516,4.586541431859743,0.49333333333333335,3.121626008992273,0.687799043062201,0.3631490090669003,0.06049712220184356,1.9911869648896658
closed_loop,3,60,2.193999984635141,8.539741704155492,1.2262473654034065,0.7301978021978031,4.652266317227642,0.5066666666666667,3.23921605717865,0.5857142857142857,0.4005841874027228,0.05778871355109745,1.9671859409474035
closed_loop,3,61,2.157827302409698,8.747751612833518,1.2643301581631308,0.7241093564272384,4.681213350987717,0.5133333333333333,3.2391254757467407,0.6632705043301069,0.4247086413585321,0.0571250799424174,1.9358108912321497
closed_loop,3,62,2.1112850250264135,8.928068425947798,1.2531374287452446,0.6959475264738433,4.757659177190188,0.55,3.2637625826822445,0.6557610241820768,0.4550788586442588,0.056036633358614786,1.8944567442759528
closed_loop,3,63,2.0666414014458523,9.1208038209603,1.242449166989176,0.6776948441247013,4.79094439523521,0.5266666666666666,3.322298391733579,0.6681654676258992,0.4750838152399743,0.05960760028871483,1.880463882024201
closed_loop,3,64,1.949889151677512,9.415164436198808,1.205266865762527,0.6536923076923092,4.849409083099852,0.53,3.4200730777265678,0.6888888888888889,0.4933757810055879,0.0528401068029551,1.8206332353196226
closed_loop,3,65,1.8687309161385772,9.640257387801217,1.2124398665993927,0.629487179487181,4.913959892496305,0.56,3.4803304203873244,0.6643724696356276,0.4977116376613788,0.04786134115855478,1.7657024491024345
closed_loop,3,66,1.6950253543986078,9.933408014495344,1.0652693081295945,0.6081933842239198,4.97114211836748,0.5933333333333334,3.53942062386853,0.6889312977099237,0.5154831469048218,0.0408473223256505,1.6828847717544793
closed_loop,3,67,1.4981406306610594,10.350814319181568,0.8913936457215458,0.5829551515151529,5.028294344153385,0.63,3.567481487212013,0.7189090909090909,0.5131836976683382,0.040754215398178244,1.573336351784068
closed_loop,3,68,1.3090176040554786,10.77872317726861,0.7565375617459879,0.5625509259259277,5.07460891488479,0.66,3.6108886218704646,0.71875,0.5269952028024345,0.03717218826351953,1.4570542855932525
closed_loop,3,69,1.2604661778075885,11.011463329183602,0.7274836984398715,0.5383892617449678,5.121787820080823,0.6766666666666666,3.5930538099477305,0.6728187919463087,0.5392714126932474,0.03417327483890952,1.4316119338242554
closed_loop,3,70,1.2484915092059854,11.159005037873184,0.7496428022139225,0.5119225634178923,5.171330179400217,0.7066666666666667,3.7483359721141443,0.6805740987983978,0.5161526417021749,0.0397592932809651,1.3824302419254046
closed_loop,3,71,1.1680119326144653,11.343023465324427,0.7097611637181711,0.8149621212121219,4.318657734451115,0.41,3.7449730453155174,0.6146390374331551,0.3587656835446838,0.12528347354972744,1.2689500383094579
closed_loop,3,72,1.145872425720504,11.533378444044986,0.7186002990982508,0.7024838350055753,4.753515377542449,0.5266666666666666,3.9055746442348553,0.622742474916388,0.3049904630284543,0.06034442008513216,1.211816572094479
closed_loop,3,73,1.1332709839170025,11.726630728556817,0.738441671074834,0.6354180602006703,4.931145266770219,0.5833333333333334,4.082392924651758,0.6347826086956522,0.2700813502734713,0.0478702639809451,1.161750289624447
closed_loop,3,74,1.1370279459145138,11.895582167694878,0.7560062208851589,0.6001984392419191,5.017316692031535,0.6266666666666667,4.312995827222221,0.5933110367892976,0.23064385894688888,0.043390350333074784,1.1134672632786946
closed_loop,3,75,1.181392247681065,12.08416485245759,0.8304084074208389,0.5682876254180618,5.086514928277225,0.6733333333333333,4.465662079889226,0.6421404682274248,0.21288847074973016,0.03983149647623331,1.0766274354349303
closed_loop,3,76,1.2004691625503836,12.275883897665652,0.8746452316802062,0.5458907469342269,5.134423814721254,0.71,4.57530485762777,0.6361204013377927,0.18910711380892373,0.035863225182110624,1.0117461562996082
closed_loop,3,77,1.2504960594327927,12.4585083045805,0.9432977245847535,0.5152711111111123,5.189278366174019,0.75,4.662530680028149,0.618,0.17880916661003268,0.03594971119351925,0.983606336991682
closed_loop,3,78,1.2887484649662146,12.54499500509284,0.997070480997555,0.5025311111111126,5.218250925478504,0.7666666666666667,4.769769626646104,0.5473333333333333,0.14332581547227177,0.035966411755885434,0.9675644957436799
closed_loop,3,79,1.3003784424036642,12.735195214095144,1.0289952363197568,0.5062777777777792,5.220764158827723,0.77,4.835072802647403,0.6173333333333333,0.1319627387529868,0.03970987575089742,0.8983412644585741
closed_loop,3,80,1.358474102495095,12.961592060259632,1.1019673775072443,0.49745555555555687,5.23867537002076,0.7966666666666666,5.0937368567924,0.582,0.12035971353949726,0.03592000992929785,0.8563822548183952
closed_loop,3,81,1.423455534290178,13.111614096269617,1.174459860079915,0.8140866666666673,4.313696476099943,0.52,5.018993254294761,0.5943333333333334,0.15673391573991263,0.1495245122954101,0.8352291864081138
closed_loop,3,82,1.4183607290487947,13.239508332849152,1.1831702568326707,0.7234577777777786,4.714690132844046,0.6333333333333333,5.54891589253653,0.599,0.17056335150165944,0.06558557169238284,0.8417380567196234
closed_loop,3,83,1.388589858895729,13.384781437320203,1.1557730896307992,0.65682888888889,4.912740678441532,0.6766666666666666,5.516590013368817,0.5773333333333334,0.15900394099356877,0.05772512990392247,0.8153456000927878
closed_loop,3,84,1.336992695020505,13.616227738161513,1.114302022805794,0.6279666666666679,4.98637819987012,0.72,5.552151143663476,0.603,0.1686009311721085,0.04690724795213959,0.7916085209182443
closed_loop,3,85,1.3331436584655487,13.843640608826059,1.1180808204514892,0.6046555555555566,5.043692883892316,0.7566666666666667,5.647781063997323,0.6136666666666667,0.18139029069525534,0.04722746480099422,0.7593289872191376
closed_loop,3,86,1.2889163644768635,13.99356283439883,1.088949746587459,0.5713862928348923,5.116046316837654,0.7866666666666666,5.773271246044704,0.5814419225634179,0.19995946454978625,0.03703902707772677,0.7376713252206105
closed_loop,3,87,1.22299882996705,14.230259617605315,1.0329093219320373,0.557945450480663,5.145892227494848,0.8233333333333334,5.724483491299456,0.596579476861167,0.1963676287146967,0.03406598990964316,0.7320648720702684
closed_loop,3,88,1.1518733488453003,14.405705364456098,0.9664447484645358,0.5371140939597326,5.185125316901784,0.8266666666666667,5.787282927754249,0.6342281879194631,0.2238633700694566,0.040430302125348566,0.6972312535858771
closed_loop,3,89,1.1645335102529875,14.55842911920718,0.9909748200630617,0.5303069139966287,5.188311948376661,0.8066666666666666,5.741590411868474,0.615177065767285,0.2236484876389141,0.03592960846056821,0.6752053247457868
closed_loop,3,90,1.0481930660191703,14.773095966750484,0.8761185905020112,0.5113615341229565,5.217642160148628,0.8066666666666666,5.74304440379282,0.6152284263959391,0.23413484433428755,0.03661668296730216,0.6720833759734681
closed_loop,3,91,0.9917674229190564,14.952475574841868,0.8228474198511566,0.744502223742731,4.644425695120578,0.6633333333333333,4.682784102573575,0.637358877865207,0.3218808991192679,0.08222447152091115,0.703811160748922
closed_loop,3,92,0.947295074112628,15.110306475927374,0.7795804873583887,0.647841501564131,4.943338383967668,0.7166666666666667,5.232648204769889,0.607924921793535,0.29457526900084047,0.05085979844029379,0.6571226489952459
closed_loop,3,93,0.878528104416905,15.309006795275174,0.712296191381168,0.5912268272523333,5.07199364477917,0.7733333333333333,5.462813255298559,0.6124690046050301,0.266736388504128,0.04375436525978321,0.6484526368295606
closed_loop,3,94,0.849217845705093,15.51565357513828,0.6908158658295032,0.5744517224648246,5.099945555070826,0.78,5.4909475731058155,0.6084425036390102,0.2577817765294968,0.04641403659979511,0.664080382677367
closed_loop,3,95,0.8183188487398662,15.722519960894184,0.6643542481606819,0.5873771326712512,5.0742634897035614,0.7633333333333333,5.5780720797883285,0.6455309396485867,0.24227739283587502,0.0451642470589839,0.6466531665177412
closed_loop,3,96,0.7883893856712005,15.895110547543107,0.6380818607263739,0.6043199576215088,5.0458968883783255,0.7566666666666667,5.586423110709578,0.6265395311879222,0.22335652982116488,0.04530526067213373,0.6252725003054104
closed_loop,3,97,0.7505272093523228,15.974284888532468,0.6062818231164446,0.6010335497835512,5.051897497338298,0.76,5.50854604467276,0.606737012987013,0.22024025046391385,0.0436178181911541,0.5873614823408361
closed_loop,3,98,0.68983437387805,16.176553557110395,0.5522423259557074,0.5988041237113415,5.056032767495022,0.7566666666666667,5.465847748340215,0.6371134020618556,0.21702332143494654,0.04477130365907455,0.5614799349743124
closed_loop,3,99,0.6642685456783435,16.274588430383915,0.5312249257744922,0.5985120532003336,5.062919985885412,0.78,5.407200527821836,0.6134663341645885,0.21380146124574592,0.044824859344015686,0.5507822203047269
closed_loop,4,0,28.432391023837784,0.016093494504859196,12.618842096187384,0.9451866666666668,3.0946298945171105,0.11333333333333333,3.02238414851599,0.6573333333333333,0.3419903556513957,0.5522241237721114,8.464209111825978
closed_loop,4,1,26.821218484331318,0.06287330878261987,12.104611266141964,0.9111866666666669,3.571652686896595,0.17333333333333334,2.9215766563674817,0.676,0.3420272362847029,0.2618928955461463,8.234426027836673
closed_loop,4,2,25.03465346674693,0.11820322732469901,11.42350370697746,0.8759266666666671,3.879618811179652,0.23666666666666666,2.9762696666440314,0.6066666666666667,0.3365732579305196,0.17661715635012848,7.958956849133319
closed_loop,4,3,23.70610001686906,0.18530892996989007,10.97922213660412,0.8575600000000004,4.023622299495934,0.2633333333333333,3.042471038449716,0.6303333333333333,0.33365668173199886,0.176658381751261,7.749421311211485
closed_loop,4,4,22.34474995164653,0.22990518459101922,10.04280929789603,0.838144444444445,4.155789242885122,0.30333333333333334,3.2136386518262734,0.6046666666666667,0.3269644435001904,0.16221042488070353,7.503830507572271
closed_loop,4,5,20.831296313719058,0.3420725933773239,9.42477032597578,0.8113711111111117,4.308981046233109,0.3433333333333333,3.344995605591675,0.6163333333333333,0.32259166552877927,0.12930299519308808,7.250463206127516
closed_loop,4,6,19.73670031054439,0.4251731457405691,8.938086944546148,0.791922222222223,4.403398170988894,0.36666666666666664,3.548929812522553,0.6146666666666667,0.311173104954368,0.11653738103428504,7.060193800506159
closed_loop,4,7,18.42993031317802,0.5295835593435614,8.415214091497816,0.7860133333333341,4.438996160294306,0.39666666666666667,3.6973563957893605,0.643,0.30131838223153745,0.10852798316807605,6.820094230158792
closed_loop,4,8,17.132637524848754,0.6551302354944895,7.694693216129448,0.7737444444444452,4.500482215983677,0.43333333333333335,3.933098815325532,0.6596666666666666,0.27561671103213226,0.11048465180044129,6.566156308748922
closed_loop,4,9,15.955696626793369,0.7651289231343052,7.181768294178527,0.7636577777777784,4.548335003098805,0.4533333333333333,4.14222468571898,0.584,0.256008104167565,0.0998388867467815,6.327407245034124
closed_loop,4,10,15.093369876407353,0.885093380189141,6.871811530487953,0.7438933333333342,4.622681050585907,0.4866666666666667,4.388237081353047,0.6023333333333334,0.23830553164353488,0.09415828638738856,6.1507149249607265
closed_loop,4,11,13.88203467078039,1.0141000525089316,6.441090162087309,0.7293000000000007,4.6870407312411775,0.5566666666666666,4.645681319485006,0.618,0.21106233533106794,0.11778429072933716,5.8851773777476595
closed_loop,4,12,12.747950334101949,1.1951314141074425,5.872644366519783,0.6920422222222232,4.801901047492444,0.58,4.925063778794035,0.5853333333333334,0.21584458835646406,0.08886063197208709,5.639986902785324
closed_loop,4,13,11.881320299284459,1.3117452244819083,5.521785183404943,0.6822866666666676,4.829165665986542,0.59,5.192133385835835,0.624,0.22731747458131826,0.0846145718746338,5.42736572062784
closed_loop,4,14,11.06242836294897,1.4690053181480751,5.341085931670753,0.6566777777777788,4.900035947262178,0.6066666666666667,5.431755176525643,0.6036666666666667,0.2285983395931628,0.07010458366882516,5.220698346620263
closed_loop,4,15,10.28291125413602,1.6291842005384884,4.911357904007508,0.6529044444444454,4.912282908074973,0.6166666666666667,5.620068873394592,0.618,0.23920290586788465,0.07545342113453568,5.035666809450139
closed_loop,4,16,9.51278350803073,1.8142732202134568,4.516610390460632,0.6459777777777787,4.9330760257695125,0.63,5.7344408277538745,0.626,0.2255172920064614,0.07987466309060737,4.834758262728393
closed_loop,4,17,8.916383412147448,1.955952059454665,4.363168710743408,0.6385288888888899,4.955481425082333,0.6466666666666666,5.903890321380209,0.6133333333333333,0.2446759689186454,0.07569978868740479,4.667351824187521
closed_loop,4,18,8.269949914628326,2.1274029280244617,3.9998674069123292,0.6393000000000009,4.955786827074849,0.6533333333333333,5.962181524921755,0.6,0.25161561560883605,0.07388319096910428,4.488590211839546
closed_loop,4,19,7.723791456972026,2.3126564890684653,3.7738247612236733,0.64204888888889,4.947212704614362,0.64,6.034561861624202,0.629,0.278312432582153,0.07046514602242156,4.334267339337637
closed_loop,4,20,7.178094671411587,2.497584730142024,3.4952491364548366,0.6362444444444455,4.961950014604504,0.66,6.020785452062049,0.6286666666666667,0.2786325101541954,0.07035280193948923,4.173347657473106
closed_loop,4,21,6.76819909960567,2.688551920591257,3.3696669100727106,0.8305911111111117,4.240150168093982,0.42333333333333334,3.5344158009332416,0.64,0.3663510755600111,0.17847534001945764,4.042995411764438
closed_loop,4,22,6.286876025181577,2.8419441234934912,3.139914069404423,0.732551111111112,4.671005926271205,0.5433333333333333,4.353550786363824,0.6353333333333333,0.2759073283768443,0.10563142868483426,3.879340760110633
closed_loop,4,23,5.704934761418375,3.1335962483047437,2.904976505738457,0.6727844444444454,4.8551404636157525,0.6066666666666667,4.920058332644677,0.6433333333333333,0.24927847541756165,0.09527595226124638,3.696130568032164
closed_loop,4,24,5.2779133747835,3.31401125000244,2.6895599910407433,0.6557777777777788,4.904022398717219,0.63,5.43081219493816,0.6296666666666667,0.2522371227964063,0.081334982526933,3.536824478266821
closed_loop,4,25,4.881761103115382,3.519854263636206,2.443648341693345,0.6426577777777789,4.94094090601895,0.6566666666666666,5.508411722334793,0.6123333333333333,0.25428198751414177,0.08189772287682504,3.4005097980081467
closed_loop,4,26,4.580735497001082,3.7239436429934845,2.306682880161777,0.6414933333333342,4.950806917325673,0.6533333333333333,5.642287434312888,0.6226666666666667,0.2535175091560252,0.06519676903190835,3.293383953209311
closed_loop,4,27,4.314415929727617,3.8891482608224472,2.1817210411826875,0.6223066666666677,4.997329368966792,0.6933333333333334,5.824640418377682,0.6356666666666667,0.2664667148299966,0.0666104394974364,3.1817486378792847
closed_loop,4,28,4.006085725343782,4.16452300344844,2.0014535824036885,0.6141022222222232,5.025888099334448,0.7133333333333334,5.885307389413265,0.6343333333333333,0.2728141697203168,0.06334532440956589,3.0754830576676553
closed_loop,4,29,3.79380161342476,4.3706505812645275,1.9124363695166184,0.6095288888888898,5.0329116212764085,0.7066666666666667,5.982316481449278,0.631,0.2933722298683023,0.06146968729012073,2.9943749412140903
closed_loop,4,30,3.633297442065401,4.561969444190764,1.8276098361442092,0.59520888888889,5.060928999830837,0.7166666666666667,6.033537549743669,0.6203333333333333,0.3064722942443059,0.059196479761495245,2.933199355108533
closed_loop,4,31,3.4410163745718405,4.706541720048219,1.6897591199663875,0.7745288888888895,4.518620209253633,0.5166666666666667,5.165185086605243,0.6473333333333333,0.3103326091190628,0.16016795067104664,2.844482788441404
closed_loop,4,32,3.300865501180774,4.933798044821959,1.5910367897587374,0.6904755555555564,4.798525541209185,0.5466666666666666,5.414494876536881,0.6143333333333333,0.27225559309045744,0.08827127751276359,2.7986878931144283
closed_loop,4,33,3.1267935141967733,5.116263241793359,1.4761476656748496,0.6670955555555566,4.874192771015321,0.5933333333333334,5.387857611555601,0.6066666666666667,0.2780627277463693,0.07550771568186428,2.71969566383525
closed_loop,4,34,2.986957214617445,5.318019273439545,1.4409449117893154,0.6713355555555565,4.864143026714573,0.6033333333333334,5.2754930106289235,0.6253333333333333,0.28201098865284785,0.07833037834198825,2.6553300961545947
closed_loop,4,35,2.849330197712154,5.526282567582647,1.3460284658338997,0.6635555555555566,4.881490962603052,0.6033333333333334,5.271903368833222,0.6423333333333333,0.3041799899478475,0.07143852277753207,2.596496286799242
closed_loop,4,36,2.7319170450746806,5.745401883803849,1.2856973133733316,0.6701190873678364,4.868019682724864,0.61,5.277316277557806,0.6464106844741235,0.28864113253150087,0.06598488900733483,2.5502607609878916
closed_loop,4,37,2.596598891631898,5.956608967906277,1.2165640199177852,0.6737543156253492,4.855903068508741,0.6066666666666667,5.340534864495389,0.6318075509522219,0.3004361357878612,0.07398614443119086,2.485687629378374
closed_loop,4,38,2.482302738336834,6.147788575252234,1.141663495105015,0.6737101449275374,4.8586316809176155,0.6033333333333334,5.498506987714842,0.5879598662207358,0.3065697258877241,0.07003648827952233,2.4310448811720815
closed_loop,4,39,2.4001694987441495,6.294025060807195,1.1106833599173562,0.6696799375487907,4.868148967132913,0.5933333333333334,5.6548576775117025,0.6731348277015724,0.3159859076452478,0.06590734629434321,2.3971397211370515
closed_loop,4,40,2.301411505325486,6.5615710008189945,1.0674109885612406,0.6753056399864922,4.850681694361528,0.5866666666666667,5.738918297253751,0.6680175616345829,0.32734050786625496,0.07042520431065323,2.363156206006085
closed_loop,4,41,2.211282040321571,6.7724906712773825,1.0147923196154474,0.8093369725918351,4.353220942012262,0.45666666666666667,4.614693423117981,0.6724667349027635,0.3370702352050918,0.14275025427502208,2.3236646222774593
closed_loop,4,42,2.2076211031993433,6.914939713715787,1.031834370581804,0.7620162143108926,4.560166750320072,0.49333333333333335,5.111964970911245,0.5949947127247092,0.31615211297195267,0.08386207625507161,2.330775000098468
closed_loop,4,43,2.124882128264711,7.131743717598031,1.0327544083371607,0.758442273979465,4.574313560955018,0.5,5.379445969825952,0.6675432006010519,0.2891329039732577,0.079455676805135,2.2943031052069363
closed_loop,4,44,2.074842965679559,7.251905706754574,1.032763708794698,0.7713146113146121,4.5272699089899495,0.49333333333333335,5.681209707215317,0.6292226292226292,0.25936489726006184,0.07430115618099364,2.276009466199491
closed_loop,4,45,2.0260740264939527,7.4527312273715225,1.028813361323836,0.7854717832957117,4.468523189155748,0.48333333333333334,5.596405151814401,0.6221218961625282,0.2480106920025553,0.07495058168239283,2.257006718491725
closed_loop,4,46,2.013689038064449,7.538041130749006,1.0475780550397866,0.7965061852223343,4.419938703944368,0.47333333333333333,5.732533246047901,0.6043129388164493,0.2134811025470343,0.07537793853892925,2.2544516182228374
closed_loop,4,47,2.007358512553511,7.659098401515411,1.0822983480776263,0.7815343613173433,4.486401003794738,0.49333333333333335,5.524314894007858,0.6402055968018275,0.21491824042486657,0.07626676802586245,2.2552304789438047
closed_loop,4,48,1.9939535139151927,7.732959472436543,1.070117605898052,0.7760168895144273,4.506893210554262,0.49,5.535780493662116,0.6439127375087966,0.17911781699673243,0.06704481802024372,2.249289144278509
closed_loop,4,49,1.9516265574142915,7.818676968763562,1.0326682420886064,0.772121697357887,4.518605967732754,0.48,5.318782457749154,0.6012810248198559,0.15598447131332172,0.07342977934947749,2.2251150068957464
closed_loop,4,50,1.9003378065743042,7.897659467289122,0.965821424275513,0.7560324616771874,4.572771724058997,0.4666666666666667,5.119633838157141,0.6023444544634806,0.124276075918293,0.056926458102154694,2.1941646759621958
closed_loop,4,51,1.8934414084595197,7.952338834592743,0.9689196860411947,0.7748487804878055,4.499709495973527,0.44333333333333336,4.652452858265167,0.5892682926829268,0.10484853780829242,0.0553929709065158,2.182164219869474
closed_loop,4,52,1.8731108190837649,8.013153265947459,0.9650844736124432,0.765463414634147,4.541251685295317,0.45,4.742965254967895,0.593170731707317,0.07304654961273496,0.06289447476328282,2.163015786476049
closed_loop,4,53,1.8589346852755024,8.094509778368186,0.9533212818724929,0.764269064269065,4.547968281103704,0.45666666666666667,4.674196748134,0.6023976023976024,0.04734691556225139,0.052242449901892626,2.139438358785823
closed_loop,4,54,1.8368942909031645,8.157720354292948,0.9246000704684346,0.7738569604086851,4.509682990412257,0.46,4.883606821127451,0.5660919540229885,0.04441981532099014,0.06818596006676503,2.117865329247779
closed_loop,4,55,1.7938758085178454,8.225760687308723,0.9138164270493198,0.7832638888888895,4.467699133076356,0.44666666666666666,4.931734791281173,0.5815972222222222,0.03775156965490169,0.07990881602201262,2.0709601838390017
closed_loop,4,56,1.738153852061367,8.361579132983039,0.8796684785443567,0.7868053333333341,4.4455525720217555,0.45666666666666667,4.884913578137349,0.6032,0.07370293076381192,0.07603921160538808,2.019176436082479
closed_loop,4,57,1.7014889451836197,8.480821344989248,0.8391368207149239,0.7806216348507106,4.467613103391303,0.45,4.839049202356236,0.5961820851688693,0.09048694901912953,0.08843253624600375,1.9771765366147858
closed_loop,4,58,1.6568094934268571,8.620155864195297,0.8041508743683499,0.7706782299310659,4.499216292928892,0.43,4.968235237969184,0.6210807204803203,0.13484329529875885,0.07907994568211286,1.9332760489733716
closed_loop,4,59,1.6283797385841015,8.761059868070014,0.7840655662136885,0.7527146927146935,4.555912493563537,0.4066666666666667,4.98835941889754,0.5781440781440782,0.1402272228596606,0.07529894640962752,1.9116647660583352
closed_loop,4,60,1.565818937595219,8.942793628861581,0.7666411712901877,0.7395555555555564,4.609084598727456,0.44333333333333336,5.098085003110213,0.5899159663865546,0.15087584330593704,0.06295965286290363,1.851130044905003
closed_loop,4,61,1.4986141165231466,9.127774503324915,0.727276393434298,0.7776799585706895,4.458424292140648,0.38333333333333336,4.516234052731802,0.525116519937856,0.07351139785252968,0.07721863018302647,1.7975692622253543
closed_loop,4,62,1.4088121043003206,9.301194113245106,0.667800393255723,0.730976983743764,4.628996885522544,0.4266666666666667,4.980070540054681,0.6040560115886046,0.1532642492781905,0.06397783402814362,1.718581240267221
closed_loop,4,63,1.324213343174187,9.576822847065865,0.6404725972347661,0.7028144796380102,4.7173443522600245,0.4633333333333333,5.1738222068423125,0.581447963800905,0.19923248240996114,0.05740400280260961,1.6410269734329253
closed_loop,4,64,1.2078088327371852,9.889839497355872,0.6072800407606903,0.678737891737893,4.7894541993507795,0.49,5.297365465911481,0.6307692307692307,0.23570355784643193,0.05135932522929426,1.5423772695349074
closed_loop,4,65,1.0967788906261684,10.239237370393449,0.5813790180342141,0.6548755020080333,4.857215866610798,0.5233333333333333,5.473269372361951,0.6325301204819277,0.25590039629042866,0.053143985930363645,1.4592702163020708
closed_loop,4,66,1.0016400310271314,10.557430732536938,0.5373144880307205,0.6385959595959607,4.903171100338537,0.5433333333333333,5.426606981362111,0.6386363636363637,0.2569194713930958,0.05006556481014686,1.3927531964069235
closed_loop,4,67,0.9226619978984597,10.853498352138237,0.48587347256779667,0.6179013237063791,4.9524989725064685,0.5633333333333334,5.488290462255183,0.6397111913357401,0.26785503515787956,0.04292282680053578,1.3380382899354029
closed_loop,4,68,0.8181616391000053,11.232435860693581,0.4232036190023098,0.5930300925925943,5.008459683731843,0.5966666666666667,5.589625696290194,0.6232638888888888,0.2875494074860801,0.04374866118287171,1.272454523473762
closed_loop,4,69,0.7636532156751155,11.525159994753418,0.40314353253512136,0.5732511111111125,5.049827911004513,0.6166666666666667,5.580915311450417,0.628,0.2839198328096985,0.03989843718945886,1.2157549868858764
closed_loop,4,70,0.7260676019768817,11.74612046416901,0.3873223975531833,0.5597400000000012,5.087193485788517,0.6466666666666666,5.671953051334166,0.6233333333333333,0.2696725308380087,0.03733627369076286,1.1733113757551956
closed_loop,4,71,0.7377802084954617,11.836466066808356,0.40578089505201387,0.8447133333333339,4.154035275730331,0.42333333333333334,5.092293140617444,0.628,0.33315681389396257,0.15940352074253,1.169642278916334
closed_loop,4,72,0.7145707258760966,12.047497680998774,0.39552510760710624,0.7439911111111119,4.637852037873243,0.5533333333333333,5.482562378860631,0.6093333333333333,0.2656873088925215,0.07594489689303931,1.1621895516083767
closed_loop,4,73,0.6754654068563345,12.314350988291487,0.37050519363958284,0.6758644444444453,4.859248988756315,0.64,5.504009013037029,0.618,0.22810117344826486,0.055214270450338554,1.1433026888408448
closed_loop,4,74,0.6331656506433713,12.507623449472845,0.3417067649084905,0.6210933333333344,4.995210521567467,0.6633333333333333,5.6988921573099045,0.612,0.2091996207507166,0.047227102532830086,1.1134793948333737
closed_loop,4,75,0.5955630503954833,12.65694983512111,0.31558650923760256,0.5874555555555567,5.0692923162653845,0.6966666666666667,5.7833237215418976,0.5936666666666667,0.21030902229299495,0.03716683929532227,1.0886908284384569
closed_loop,4,76,0.5628659671555046,12.825451945906805,0.29395127175116753,0.55722888888889,5.1312369705916865,0.74,5.716315133558345,0.613,0.20475508259247482,0.035068163833643716,1.0574203855677735
closed_loop,4,77,0.5268502858337514,13.111899701501706,0.26997036661421603,0.5417444444444457,5.161552094712738,0.7466666666666667,5.7249663232339465,0.631,0.19447654915413456,0.036122307488406565,1.0233364271181424
closed_loop,4,78,0.5034838719528555,13.211931878338687,0.24967475143537862,0.5231311111111125,5.187196237883894,0.7566666666666667,5.566556252466747,0.5996666666666667,0.18351976138957252,0.03494172350983497,0.9991249718936374
closed_loop,4,79,0.4795522601512409,13.370869501182906,0.23221922547217028,0.5065044444444459,5.209931618396846,0.7533333333333333,5.64522522334714,0.6196666666666667,0.17828889030308623,0.03382398847569127,0.9573674172575499
closed_loop,4,80,0.4840615917832925,13.505401529880599,0.225403550527571,0.49915777777777937,5.21813527654203,0.7433333333333333,5.5528567698583595,0.618,0.16613426053835553,0.030728581847002896,0.9382142110447876
closed_loop,4,81,0.49036616626773133,13.632819620992967,0.2252426967014024,0.7274177777777785,4.690099849716962,0.58,5.415769913486272,0.5706666666666667,0.1739065318639543,0.0787162907325446,0.9159608860187375
closed_loop,4,82,0.5159055700259716,13.75470189020906,0.255466027515734,0.631762222222223,4.966906920045831,0.64,5.459994936744266,0.6023333333333334,0.18579070587565155,0.04751721088795392,0.9160422350589973
closed_loop,4,83,0.5101749517664637,13.870376760066188,0.2734141755758255,0.5545911111111124,5.125265099041179,0.72,5.398013849559278,0.5613333333333334,0.17885412015963734,0.041411308563011354,0.8692893975910213
closed_loop,4,84,0.5524768196876497,13.997851551307809,0.3276616422642502,0.5190711111111124,5.180601228714044,0.7333333333333333,5.360230028100481,0.6056666666666667,0.1653444368502988,0.034267529855765144,0.8554114375478693
closed_loop,4,85,0.5904812346356144,14.120569024908223,0.3793887844701046,0.5065688888888904,5.204656525986874,0.77,5.3331444589200006,0.6043333333333333,0.1677417884881011,0.03184170748412234,0.8285729116556086
closed_loop,4,86,0.6331219985735232,14.250354499094925,0.43445900507072993,0.5047044444444457,5.211962128559751,0.7733333333333333,5.175216951169832,0.563,0.15654634506106002,0.02984580134347936,0.8160560367580624
closed_loop,4,87,0.6874571487114305,14.39546629285082,0.4973508061378003,0.5025555555555571,5.219283262447428,0.7766666666666666,5.0191087130270535,0.6013333333333334,0.13828635945551124,0.03568082946178921,0.7747323284818141
closed_loop,4,88,0.7408774840260333,14.487550687334496,0.5682183924813844,0.499642222222224,5.23211281552672,0.7966666666666666,4.857052366993369,0.6106666666666667,0.1299662842178367,0.03158978076160738,0.7387642642176524
closed_loop,4,89,0.7866925921441177,14.682801194753797,0.6244012748602953,0.49527111111111277,5.232695063714611,0.8,4.779597912016376,0.553,0.11161565044205264,0.039709784539505896,0.706934354024137
closed_loop,4,90,0.8522207885350348,14.806878679198183,0.698529219960982,0.5028081886960414,5.229680161778465,0.7966666666666666,4.635434520346431,0.585781041388518,0.09772004711508141,0.04313691697592626,0.6390530701887565
closed_loop,4,91,0.9430703032976029,14.983960660051494,0.802770447961309,0.6963007585899161,4.810976183056882,0.6833333333333333,4.217699020090552,0.5967202141900937,0.09419973861106688,0.07056021263451603,0.6517628697521766
closed_loop,4,92,0.9997343473257905,15.274047909380439,0.872133099311106,0.5948835125448041,5.060277942134615,0.71,4.364763414391551,0.5977822580645161,0.06444221768858414,0.04647429078059883,0.6381276662194261
closed_loop,4,93,1.0499326253636139,15.486573120339049,0.9328711227483855,0.5458282485875725,5.1492225169104096,0.74,4.305594635443877,0.6135593220338983,0.06346525359292728,0.04103360347942391,0.591909885310464
closed_loop,4,94,1.1486169465392968,15.56258292961395,1.0370244713249557,0.5452180899908186,5.147946153980386,0.7266666666666667,4.2521854128923895,0.5492424242424242,0.06363323118058695,0.039632704183787774,0.5499065706262348
closed_loop,4,95,1.2515294409956865,15.700951049259565,1.1463258715928373,0.5437715897074387,5.144748552195944,0.71,4.211405099034932,0.5999295029961227,0.06395014802977282,0.045980915512649254,0.5734115502581704
closed_loop,4,96,1.2091899121324532,15.876189244918866,1.1096169592205654,0.55084501977706,5.12716995040983,0.7033333333333334,4.138660150817096,0.6062567421790723,0.07675684492671131,0.04175336925143427,0.5421120942096588
closed_loop,4,97,1.2823375954887855,16.04733149865352,1.1884858470858752,0.5659660766961669,5.0915805778757,0.6866666666666666,4.136254649632906,0.5914454277286135,0.09586620103523766,0.03519110064485452,0.5607332248105045
closed_loop,4,98,1.3241067276214242,16.179373946228292,1.234379072365313,0.5783893293066581,5.067468252652937,0.6833333333333333,4.071264259534741,0.5587013967534918,0.1193606193130605,0.0410243537279141,0.5093234303498732
closed_loop,4,99,1.225613062841811,16.32355214007608,1.1385344955877796,0.5778222393228176,5.068626023347404,0.6833333333333333,4.029235293849365,0.5667564447864564,0.13516002962273432,0.03931991555056571,0.49262900749023225
closed_loop,5,0,29.44355637249557,0.018990300217345712,13.391742491289286,0.9104711111111113,3.6181512708398276,0.26,3.9625589676455477,0.6803333333333333,0.5119218079234509,0.4101655373636797,8.606770413371153
closed_loop,5,1,27.805276395209916,0.0606826240415288,13.279012647487246,0.829564444444445,4.239171388895435,0.38666666666666666,3.9915649765078673,0.6533333333333333,0.42623222310845477,0.1738837390965874,8.370554653803778
closed_loop,5,2,26.47427976635662,0.11701179855224492,12.874849901555994,0.771882222222223,4.513941959928717,0.46,4.097233164948196,0.625,0.4184453451347655,0.12728646811851144,8.185684984599416
closed_loop,5,3,25.320590292049523,0.17890875890506175,12.77863783913806,0.7279444444444453,4.685149478525291,0.5333333333333333,4.229370364693385,0.661,0.42174871632620137,0.09884698706293134,8.00998940011606
closed_loop,5,4,24.296954519531955,0.2426209690295913,12.711848804157087,0.6846044444444452,4.818557778378362,0.57,4.4612466582967585,0.6773333333333333,0.4123926301299607,0.09629616556474141,7.844429720822636
closed_loop,5,5,23.209378811933565,0.33305124692227894,12.247364250796544,0.6486844444444453,4.914008873510435,0.59,4.686867657422389,0.6556666666666666,0.3972563589124096,0.08355123920913395,7.692668474138091
closed_loop,5,6,22.300697976230772,0.413700121380598,12.256492827822488,0.6134044444444455,5.007219132945799,0.6433333333333333,4.871450068075313,0.647,0.38816073407288026,0.07771537944912557,7.515567985433255
closed_loop,5,7,21.381305552490765,0.510243893906811,12.071353803499736,0.580137777777779,5.081060599277107,0.6833333333333333,5.156405874296081,0.6586666666666666,0.3583700848181113,0.06942733908678181,7.370273554445952
closed_loop,5,8,20.404997535937895,0.6298596671996115,11.715435962258493,0.5578888888888902,5.132680172784854,0.7266666666666667,5.4714624032931605,0.6636666666666666,0.34629380927811526,0.058497735351450524,7.190558658324302
closed_loop,5,9,19.55413326361438,0.7054692363238133,11.304505166727552,0.5385088888888898,5.181584863815978,0.7533333333333333,5.618411224174071,0.5986666666666667,0.32877719018483254,0.06108706438040803,7.04863419599982
closed_loop,5,10,18.797113772894612,0.8378596042410136,11.08737206181537,0.5050622222222234,5.23772007932736,0.7633333333333333,5.831169867541295,0.612,0.33019143985145843,0.05614159203942485,6.914014712694623
closed_loop,5,11,17.53285765071535,0.9783686964686802,10.396283055294596,0.576077777777779,5.112849402012858,0.75,5.328042865089777,0.6156666666666667,0.23692661295879114,0.08062642780909035,6.676049784738375
closed_loop,5,12,16.472824803328052,1.0788059285373035,9.840558935789229,0.5299622222222234,5.208095287944937,0.7966666666666666,5.864543643489559,0.593,0.23536357308994535,0.054931835307222295,6.457838898791347
closed_loop,5,13,15.561716635043805,1.223264496744775,9.48236509432883,0.49354888888889037,5.276570786109323,0.8433333333333334,6.039404145723295,0.637,0.2508052904642492,0.052350537605955566,6.2425838321460185
closed_loop,5,14,14.512545522415843,1.3853256315747942,8.929571185733398,0.48010222222222365,5.299858915623128,0.8466666666666667,6.210525938719784,0.631,0.23124819694299548,0.04318541451668387,6.015937506433045
closed_loop,5,15,13.569736814816126,1.5023669583906956,8.352053028856222,0.46505111111111275,5.324044855943445,0.85,6.350680348984786,0.6196666666666667,0.23781965271287273,0.045551002002240396,5.806241869770626
closed_loop,5,16,12.791125095051255,1.7042396640235622,7.971300411662485,0.46930666666666787,5.319972250436434,0.8566666666666667,6.372883622555448,0.5983333333333334,0.2285706416744352,0.04358058135534916,5.643419748652867
closed_loop,5,17,11.933902327064429,1.886742088188127,7.4470910303572015,0.45112888888889024,5.348821301074751,0.8666666666666667,6.3483820057265365,0.5923333333333334,0.23859425641837115,0.04668017525989662,5.430870552446083
closed_loop,5,18,11.036545512050344,2.047100077143354,6.850256641094216,0.44715777777777943,5.354671986856163,0.8666666666666667,6.378703131161308,0.616,0.2340874258851686,0.03930569888774223,5.217055703477162
closed_loop,5,19,10.266133093985978,2.2231939202657625,6.340622635137503,0.4418044444444458,5.364280573104945,0.8766666666666667,6.42889230317961,0.6343333333333333,0.22931818015512354,0.040780873753009976,5.033733792343764
closed_loop,5,20,9.509176315180305,2.445876834717734,5.9266325337344075,0.442635555555557,5.366000958664067,0.8833333333333333,6.325414217798371,0.6143333333333333,0.24163673216389456,0.04083849329205366,4.831106977985888
closed_loop,5,21,8.899593226393145,2.6089899104856626,5.546892253089372,0.7697244444444452,4.526682447429523,0.54,4.5989630058005995,0.6256666666666667,0.3044015497695919,0.12329926437511579,4.657818799154159
closed_loop,5,22,8.298158014786475,2.784767873290675,5.124355663371334,0.6621111111111121,4.8918122860788955,0.6333333333333333,5.162215581571372,0.638,0.25308837242022747,0.0743337919963307,4.5043165028413155
closed_loop,5,23,7.68391362861969,3.006929923236848,4.784580942996581,0.5870222222222236,5.081334232823796,0.7166666666666667,5.509842228517123,0.6316666666666667,0.23654525118747236,0.05810369469425197,4.319162020598992
closed_loop,5,24,7.0288092086831,3.2301003657222958,4.335687698925274,0.547046666666668,5.167886238413564,0.7733333333333333,5.690576465875265,0.6133333333333333,0.2214974280223356,0.055677817910790045,4.127814716357122
closed_loop,5,25,6.525489534486778,3.4344757823774055,3.9962294248486128,0.5244888888888903,5.216435913941668,0.81,5.79546539149995,0.562,0.20974835304333792,0.0502734778121775,3.968460885208026
closed_loop,5,26,6.027074272581336,3.6415527890890442,3.653515675155697,0.5082822222222234,5.249132420237781,0.8233333333333334,5.923364941679788,0.6286666666666667,0.21380282011294072,0.04897440937688616,3.806665050566501
closed_loop,5,27,5.451596447126701,3.850801219077105,3.1988916659981395,0.4927955555555569,5.286055678465054,0.87,6.016208576355854,0.6133333333333333,0.2009180945786526,0.052594742575392726,3.6189249156594463
closed_loop,5,28,5.000987892721323,4.0873394537946535,2.9043509460534267,0.4946222222222235,5.28026965879404,0.8666666666666667,5.934199453319084,0.6413333333333333,0.21380138862727263,0.05301986584107327,3.4503213484094926
closed_loop,5,29,4.564745683717113,4.319283133977345,2.5688292351308366,0.4825977777777791,5.304632793183492,0.8966666666666666,5.991981811789665,0.641,0.19376679228803553,0.04678512048094091,3.2987325152068707
closed_loop,5,30,4.110129722995043,4.549336906693377,2.2410637569886163,0.49433555555555697,5.290303949624168,0.9066666666666666,6.079951103453776,0.5943333333333334,0.1961494786962366,0.05068942781791078,3.106707778583276
closed_loop,5,31,3.884355095449834,4.765364444027348,2.1218707229179947,0.7777444444444452,4.492506155586521,0.5666666666666667,5.745863073622107,0.649,0.3145628689916765,0.1388603106559763,3.020652419540474
closed_loop,5,32,3.598945393674821,5.023323195906102,1.9788707891491701,0.6819511111111121,4.846483421605953,0.65,5.637078110477624,0.5983333333333334,0.26350769463082924,0.08047636688503561,2.8972741705008094
closed_loop,5,33,3.2961257340514982,5.276263832864961,1.7589171672955428,0.6439044444444455,4.953774525901299,0.7033333333333334,5.723286173099039,0.6223333333333333,0.2494306142971009,0.07658685583995183,2.7731896508344938
closed_loop,5,34,3.089389263925759,5.455049429201384,1.6390837643148162,0.6045444444444457,5.0512510393695385,0.7466666666666667,5.739499234560436,0.615,0.22741574253791577,0.06434800708407519,2.6684643133221484
closed_loop,5,35,2.8346248798456135,5.7049329568083005,1.4519641069929752,0.5775666666666679,5.118316674807453,0.81,5.839527359122013,0.611,0.2129312147358499,0.07312662469396215,2.5448338718602552
closed_loop,5,36,2.5842018314095254,5.965494875356737,1.3001935170834773,0.564766666666668,5.147504046953872,0.8266666666666667,5.824456318789119,0.6013333333333334,0.20644791355517766,0.05902138925745736,2.4201464998671236
closed_loop,5,37,2.3853789003836883,6.200100984731629,1.1689810433905787,0.5713933333333344,5.134559347578727,0.8333333333333334,5.804755547358303,0.6003333333333334,0.20325326328610469,0.06306703473112142,2.3223855790003625
closed_loop,5,38,2.1927638955614643,6.500997000937622,1.0869375096080085,0.5813666666666678,5.1125846894185285,0.8133333333333334,5.825461871461428,0.634,0.2032989147862571,0.05844718705786818,2.2177107272970065
closed_loop,5,39,2.0354620760160635,6.734155535893612,1.008827646252405,0.5941027351567727,5.084261153501945,0.7966666666666666,5.898955657820453,0.6007338225483656,0.20120729529716713,0.0762701531354782,2.1327130130436447
closed_loop,5,40,1.9115905827535025,6.929081724744865,0.9875604438441925,0.6064839572192526,5.0487256379715415,0.7366666666666667,5.808579512727468,0.6206550802139037,0.20177715492595744,0.0642650791760699,2.053791860664331
closed_loop,5,41,1.892995636688729,7.104593763110604,1.028727913923158,0.7824372029871018,4.481852115697363,0.6033333333333334,4.983192792878842,0.6388323150033944,0.3004400763319228,0.1395554235066619,2.0430683600499666
closed_loop,5,42,1.8732549016650997,7.3472287431093966,1.0980528238192484,0.7177342200443364,4.741280874288524,0.64,4.825762277901547,0.5971298564928247,0.2940490212072994,0.09250924595700137,2.0221963384372907
closed_loop,5,43,1.8099868603025842,7.527092270503296,1.1010980750293158,0.6979715477066482,4.802808149600999,0.6466666666666666,4.806118904928062,0.6070640176600441,0.2674677846328713,0.07477545641922577,1.9868066351987086
closed_loop,5,44,1.8163589365315898,7.688697709906096,1.154170469849743,0.7054592970077105,4.778442675941763,0.6266666666666667,4.667866218433159,0.6409251274010193,0.24383729274881302,0.06698724254045461,1.977839516999423
closed_loop,5,45,1.764267000235481,7.897729800409511,1.1595707040229117,0.7232853612443679,4.719890952659945,0.6066666666666667,4.540486338785808,0.6450065416484955,0.21967271824354734,0.0719682453053196,1.9608633182501018
closed_loop,5,46,1.759933975111038,8.057329936602379,1.187795914582448,0.7493514328808457,4.61876013587502,0.5833333333333334,4.468693528437508,0.6349924585218703,0.1805361953254027,0.0887557138209228,1.9440735333209078
closed_loop,5,47,1.6696926351052315,8.205211033819019,1.115642629726206,0.7595183624322706,4.566362683877332,0.56,4.248380979646177,0.6128838049367851,0.15348235375314195,0.07052731223454908,1.9100044026424692
closed_loop,5,48,1.6612420947581008,8.276491460432792,1.1410512816811256,0.7431539044730864,4.632532070273855,0.5833333333333334,4.169038916753633,0.555724033358605,0.1185764193799392,0.06806010202101534,1.8986344023174064
closed_loop,5,49,1.6071014540963644,8.395104580439966,1.1006108076116046,0.7340609137055847,4.671979406459362,0.5866666666666667,4.281594592147513,0.6412859560067682,0.11509771461295072,0.058810067025624295,1.8718132548013922
closed_loop,5,50,1.584976266838978,8.49468680477986,1.0848975470401552,0.7469122491764009,4.624499432926441,0.5566666666666666,4.501116728260589,0.5858041329739443,0.09566343606600958,0.07074258975458665,1.8681107863822373
closed_loop,5,51,1.5461127675589286,8.56945627694351,1.0481142586002385,0.7760481770833341,4.50294594285059,0.5033333333333333,5.064805224146063,0.5966796875,0.050857729821510114,0.06298249995618416,1.8415488192723946
closed_loop,5,52,1.5432870708454227,8.644365352388778,1.0463855658223666,0.7660571428571434,4.550107102522424,0.5333333333333333,5.0779759524462404,0.5314285714285715,0.0331620375541936,0.06379882978934837,1.8226635426506725
closed_loop,5,53,1.5200475451471755,8.74177034910461,1.0262675034855917,0.7678036657347009,4.545290800230328,0.51,5.353133571762163,0.5684995340167754,0.028940562346132136,0.06348846283289007,1.8002131637320051
closed_loop,5,54,1.5242646030413871,8.781743095664961,1.030009755516695,0.7822417840375596,4.479556241690483,0.5166666666666667,5.412799993081781,0.539612676056338,0.012884515987200489,0.07803243051811162,1.7800092340180864
closed_loop,5,55,1.4963152470099081,8.858143889871773,1.000395870869737,0.7836774193548395,4.467646879425742,0.49666666666666665,5.513868272714326,0.5580645161290323,0.0811287376689783,0.07494409219951015,1.7348819941318343
closed_loop,5,56,1.476280073584213,8.883831426662343,0.9659660676580817,0.7812717045732459,4.4686572171622,0.4766666666666667,5.67156699345631,0.6038151137197358,0.12251451318118506,0.0727753346870994,1.6958328289365756
closed_loop,5,57,1.4536497571379732,8.905351752605307,0.9322576146861925,0.7759782608695659,4.4853611282005215,0.4633333333333333,5.812050352015291,0.6046195652173914,0.16205444758756196,0.07482907569440078,1.6548912647148801
closed_loop,5,58,1.4462061506823083,8.995728422847815,0.9264092479040384,0.7662227805695152,4.502211743193378,0.44666666666666666,5.8640969056251695,0.592964824120603,0.19123504775724365,0.06919996269067476,1.6129342505447672
closed_loop,5,59,1.4252262693486846,9.046284699234,0.8879056693785847,0.7541902017291073,4.547313436632246,0.45666666666666667,5.811021346871773,0.6167146974063401,0.22476945584531993,0.06704834123564773,1.584173431269974
closed_loop,5,60,1.363952875632876,9.266969180645141,0.8401744493900594,0.737145399537285,4.606437793333665,0.4666666666666667,5.811331845222165,0.6278697277095568,0.2536964381867507,0.0622641963586236,1.5240279357699078
closed_loop,5,61,1.297776070997621,9.463730493248656,0.7734033174561747,0.7431243781094536,4.606090392968205,0.48333333333333334,5.840946867459549,0.5965174129353233,0.24651429508820763,0.0723169175452457,1.4719488732728079
closed_loop,5,62,1.2141154783351993,9.707114456939388,0.7014438847781458,0.7031265432098776,4.739914011306874,0.5333333333333333,5.827718642488045,0.6467592592592593,0.2704269326629961,0.06102828386497118,1.4045658164953518
closed_loop,5,63,1.12393594169411,9.987077297155235,0.6273347379397546,0.6797200577200588,4.794875507659468,0.5466666666666666,5.861854326451115,0.645021645021645,0.2729486101493812,0.050350474688709984,1.3256416467782468
closed_loop,5,64,1.007692569215611,10.313455139679325,0.5460013555506169,0.655583673469389,4.860829167221189,0.5633333333333334,5.793219545214658,0.6048979591836735,0.28148263142412855,0.05345421033501528,1.2532126852052687
closed_loop,5,65,0.9114576550228345,10.701487929927872,0.4888097517196236,0.6393148575827572,4.901439847663726,0.5833333333333334,5.825275358520991,0.6189376443418014,0.28836270100363076,0.047042513443442235,1.1879305912346907
closed_loop,5,66,0.8150752530246141,11.015630124884382,0.4373396786121555,0.620155831507184,4.94986650718262,0.6033333333333334,5.815907037122936,0.631117604090577,0.2945412888302387,0.04432753334843118,1.1223922993307733
closed_loop,5,67,0.7055695991347632,11.344266948057044,0.3980497506426055,0.5995912614517279,4.995544083762562,0.62,5.811024787954198,0.6194503171247357,0.2784700728531657,0.040277573017511094,1.0649808254037492
closed_loop,5,68,0.6492452065066711,11.711127533826913,0.37756395608865695,0.5751951547779286,5.0247195750920834,0.6,5.8176521549983775,0.601278600269179,0.2870710043659778,0.04156170655396661,1.0285588778894625
closed_loop,5,69,0.6063974992863866,11.89659803286596,0.3486454896690761,0.5652049910873453,5.056228183615641,0.6166666666666667,5.756693010983364,0.6387032085561497,0.26931059044443034,0.037947766601017376,1.0029939116397513
closed_loop,5,70,0.5707910438153947,12.122682176775882,0.3293639869592299,0.5531549609810498,5.082854676021416,0.6233333333333333,5.754914346332245,0.6408026755852843,0.2697724191206049,0.04104211162647695,0.9583543880778228
closed_loop,5,71,0.5383459284247155,12.321305020735023,0.29726612365096194,0.8695362318840585,3.9804760514080133,0.37333333333333335,6.684653679829814,0.5996655518394649,0.31336869837729014,0.19397809950054531,0.9373930471589903
closed_loop,5,72,0.521035815976388,12.52668845674819,0.2873788665537307,0.7751800000000008,4.513650636649001,0.51,6.429386161937099,0.59,0.26953822436102115,0.08373114931164467,0.9221814536245754
closed_loop,5,73,0.5191046005475264,12.623696860922244,0.27828850204725764,0.7075955555555564,4.753351644149418,0.5666666666666667,6.260537918489776,0.6186666666666667,0.2553662844210174,0.06193130198548155,0.9152752139678997
closed_loop,5,74,0.49889131272898757,12.859972466790751,0.27547083256305266,0.6584866666666678,4.895294416329225,0.6266666666666667,6.1509129076702935,0.633,0.2659047412291917,0.05484897197745494,0.8943839890355587
closed_loop,5,75,0.4755450404721745,13.045655568329227,0.2648625777029435,0.6393133333333343,4.9543229294361275,0.68,5.956606055120088,0.6166666666666667,0.2800494590392738,0.05003967151412972,0.8685712261254389
closed_loop,5,76,0.4582608765864274,13.208869661306455,0.2534989816823254,0.6089022222222232,5.030442062533719,0.71,5.772661652972769,0.6403333333333333,0.2869875448335945,0.04142097167251966,0.8441537836169385
closed_loop,5,77,0.4417169958283802,13.396459402180785,0.24087597892321608,0.5797000000000012,5.090823779257626,0.72,5.760388283931725,0.6003333333333334,0.30376521970992587,0.04399060190468859,0.8274526586854914
closed_loop,5,78,0.4361250750425894,13.553978899299873,0.24151073716302918,0.5596133333333346,5.129901266717938,0.7466666666666667,5.673328688235188,0.669,0.3089263547721338,0.04511262201277681,0.8139275784075818
closed_loop,5,79,0.4432681094768767,13.71925225106268,0.24360384256322404,0.5411448260531304,5.155758816903905,0.7533333333333333,5.589552607246767,0.6672224074691564,0.3050539524080232,0.040233092644083354,0.8083082659270574
closed_loop,5,80,0.45522672026817235,13.81714883951182,0.2495469909157164,0.5258600713012493,5.178776738944773,0.7333333333333333,5.482154445394812,0.6326871657754011,0.2745895128211475,0.03704916586108536,0.8024181512670424
closed_loop,5,81,0.47492299668557253,14.043669857659879,0.25917901953639366,0.7526488294314392,4.596506878459682,0.5533333333333333,5.602589780743807,0.5882943143812709,0.267041907760363,0.08973823748204553,0.79383875095456
closed_loop,5,82,0.486886205264745,14.105277127509478,0.2709611134814166,0.6389498327759211,4.947892331943066,0.67,5.4922108253668505,0.5876254180602006,0.2280385001866382,0.050764965455367926,0.7799255929716898
closed_loop,5,83,0.5120665452868188,14.230170498538424,0.29679354575477124,0.5832463768115957,5.075869587295481,0.7166666666666667,5.3153384711596745,0.5812709030100335,0.18950561340720573,0.045034001229821666,0.7657469608116217
closed_loop,5,84,0.5614794164112717,14.338261537903868,0.3465260882760478,0.5516477146042381,5.137390806719103,0.75,5.162504554281579,0.5993311036789297,0.16050428750678422,0.03542948465936082,0.7635957192860525
closed_loop,5,85,0.5715568230575342,14.492950150571366,0.36323751660887105,0.5244548494983294,5.188621224994639,0.7833333333333333,5.0577108805456055,0.565886287625418,0.1417695125461462,0.03090995849122784,0.7231691378560342
closed_loop,5,86,0.6569195565228615,14.586922190419573,0.4589258138371285,0.5038511111111125,5.223005059704858,0.81,4.814588383933428,0.628,0.11967337779050051,0.040992066642221436,0.7222755144742133
closed_loop,5,87,0.6939708402724654,14.77343777653967,0.5038740801410063,0.5024133333333348,5.225718013942792,0.8,4.688161114094976,0.574,0.10103151988417236,0.03529342060301813,0.6969323300990595
closed_loop,5,88,0.7841977178551921,14.888860065876951,0.5977099283554043,0.4955133333333348,5.237381194564841,0.8333333333333334,4.706302426549151,0.588,0.08951313910216335,0.03540616561514394,0.6975270673750998
closed_loop,5,89,0.8384603234031517,15.025442919135326,0.6614701452798494,0.49710880944425984,5.236025976461255,0.8233333333333334,4.478610362262018,0.5499498830604744,0.07572360012525432,0.03950528731101487,0.6875754664366189
closed_loop,5,90,0.8933381369205973,15.151810093998884,0.7235623520004746,0.49858931365973835,5.228089253707069,0.8,4.413566270412174,0.5496311200536552,0.05951346729898809,0.034097287444810664,0.6751913841130607
closed_loop,5,91,0.9819297623808733,15.289065270270235,0.8276796779082152,0.7048638307449933,4.778072617414619,0.6466666666666666,3.755943184453878,0.5968939905469277,0.036939294327124665,0.0718878634552009,0.661397587684801
closed_loop,5,92,1.012601980003419,15.531346941864161,0.8788217156148617,0.6122619452956546,5.016441109002933,0.7033333333333334,4.043075000572358,0.575076608784474,0.043966211639117785,0.04549894793315846,0.6486961734026157
closed_loop,5,93,1.0416490290680054,15.654240040334969,0.9167987661650585,0.56925748229381,5.09723686302943,0.7166666666666667,4.181283017590015,0.5760795065113091,0.05834952666672966,0.03822850008608523,0.6323125054165722
closed_loop,5,94,1.107302668113432,15.80565001862772,0.992233347106795,0.5435767855082513,5.127170035409338,0.72,4.263088499480109,0.5790931118033922,0.06982394170043989,0.03391205400493325,0.6071926038291192
closed_loop,5,95,1.1090474890143558,15.946293694448405,0.9996065500975753,0.5455270855270867,5.1283824464172145,0.7266666666666667,4.2503034852480965,0.5738855738855739,0.08437522279448957,0.03439657346294343,0.6419190304936869
closed_loop,5,96,1.0741908482990234,16.12360371931551,0.9704185671083216,0.552017353579177,5.114803533376646,0.74,4.219224121425084,0.5885755603759942,0.09949362641552824,0.03734225269054991,0.5869392501120468
closed_loop,5,97,1.0684959447593425,16.291346968794443,0.9711983709983021,0.5615500431938801,5.103546940102559,0.7433333333333333,4.2376540178235045,0.5916327286190299,0.11893779143972323,0.03749618336886139,0.5960443319691608
closed_loop,5,98,1.0009331977281635,16.53505450585988,0.9098920634846634,0.5703604975882216,5.087961854351057,0.7366666666666667,4.189607113868793,0.6142421934501142,0.12890054604182544,0.038809771726954385,0.5699378895704658
closed_loop,5,99,0.9665613612717467,16.734996530041734,0.8816593528305877,0.5749752022970516,5.083759391140974,0.7566666666666667,4.162376280357545,0.6147220046985121,0.1503346028188075,0.032668113333748,0.5427703105812363
closed_loop,6,0,28.9585600237247,0.013315473630277963,13.323931122439513,0.8856444444444448,3.8549001988770497,0.2866666666666667,3.3583319548490596,0.695,0.5405386852834644,0.4393513237708284,8.550096645941354
closed_loop,6,1,27.86579418391429,0.047448434694101316,13.250847477943596,0.7853066666666674,4.447495141393481,0.44,3.854215500831011,0.713,0.5880162940632416,0.18380008751138785,8.404016133073833
closed_loop,6,2,26.636986377319218,0.10620219100986666,13.008465193279289,0.7278044444444454,4.68219722372843,0.5266666666666666,3.87079739060776,0.6843333333333333,0.5537687811104616,0.1278681785763829,8.22987753216849
closed_loop,6,3,25.636534806885727,0.15388035918450355,12.860231864126453,0.6754466666666675,4.843844275466012,0.5766666666666667,3.888069089747562,0.6673333333333333,0.5395940218862639,0.10523214143957178,8.080902674932924
closed_loop,6,4,24.783222693976583,0.22340070121960143,12.731917860239593,0.6273355555555566,4.975683010129531,0.64,4.022559014735433,0.685,0.5287180666951335,0.09373456107589234,7.953248516271632
closed_loop,6,5,23.847171645027913,0.29565937511767165,12.762158235919827,0.598357777777779,5.040371747119188,0.6533333333333333,4.0786850057939095,0.6853333333333333,0.5253126339884566,0.07851029975642977,7.796289246577459
closed_loop,6,6,22.955813184000583,0.40546590293526596,12.734691015215432,0.5750933333333347,5.095711440474311,0.69,3.9690034152576126,0.677,0.5041865569784445,0.07471429012450684,7.64708900506275
closed_loop,6,7,22.078009304744853,0.4928459479740037,12.425093500392551,0.5562488888888901,5.140495995804926,0.7233333333333334,4.06215633628845,0.6466666666666666,0.4891683285252164,0.07566720345358116,7.491381915941903
closed_loop,6,8,21.05792443671285,0.5853621270351135,11.993593586299998,0.5482800000000012,5.157422049594938,0.7266666666666667,4.111301860629006,0.7176666666666667,0.4821907242028595,0.0751650367749439,7.310198880129128
closed_loop,6,9,20.21401468915997,0.7403442402371914,11.896391982194995,0.5471444444444455,5.161341394826505,0.7466666666666667,4.1535903917592005,0.699,0.47217259694149144,0.06804606727981341,7.1629570285074236
closed_loop,6,10,19.40796011330752,0.8615874039025933,11.589618595383872,0.5402022222222234,5.179358677071979,0.7566666666666667,4.341189674485794,0.6776666666666666,0.441553137681876,0.06723079523389122,7.0095162024928035
closed_loop,6,11,18.551713476303526,0.9407192253662857,11.072859283265261,0.7364377777777786,4.650250229694054,0.5433333333333333,3.834712135846937,0.6566666666666666,0.3753167554922185,0.12104637379018186,6.837316041748275
closed_loop,6,12,17.224846180540812,1.11437208871335,10.220492663403334,0.6808022222222232,4.841417614201417,0.6166666666666667,4.1055045983966005,0.6353333333333333,0.2932020864374299,0.08790158757651019,6.594240059273917
closed_loop,6,13,16.073604680444298,1.2595848752932621,9.530472297601406,0.6523133333333343,4.926225851473688,0.6533333333333333,4.378923986693132,0.6596666666666666,0.20571719361724916,0.08300069712995409,6.353376659629979
closed_loop,6,14,14.878310360969408,1.4088456561189187,8.653622181954438,0.6071377777777791,5.036236691602837,0.6966666666666667,4.423867638774604,0.598,0.1499862031630704,0.07175392990795466,6.1032139981126745
closed_loop,6,15,13.743302350547415,1.5848858609273777,7.896662973396157,0.5906933333333344,5.074853817086119,0.7233333333333334,4.626537799691854,0.6183333333333333,0.1024142525718783,0.07019381819304421,5.846627598786246
closed_loop,6,16,12.51909806981111,1.7538316914857375,7.127894773371501,0.5688666666666677,5.115387780380468,0.74,4.599366425942513,0.604,0.08172380905312399,0.06600766307422654,5.558296275501912
closed_loop,6,17,11.49025645362771,1.8875759419865603,6.467777373016759,0.550546666666668,5.139067795592935,0.7233333333333334,4.590283754132912,0.5793333333333334,0.07600864791053993,0.06715229659115107,5.305311152178336
closed_loop,6,18,10.55145819716465,2.1057104050897424,5.677228632519589,0.5295511111111124,5.180134608767609,0.7566666666666667,4.653551631510974,0.5703333333333334,0.06873382332911394,0.0631784313324561,5.085486302908758
closed_loop,6,19,9.639817897486413,2.2662645145867546,5.093867127829979,0.5290422222222234,5.183325337451676,0.7633333333333333,4.600602682628135,0.5886666666666667,0.07190350556296882,0.06453097613314332,4.845475214275726
closed_loop,6,20,8.856153239762122,2.3962494607679004,4.580998444377168,0.5211911111111127,5.199677072253375,0.76,4.667881434657895,0.5556666666666666,0.08284326667204436,0.05562161121758644,4.619423626434453
closed_loop,6,21,8.344561248420124,2.5998170222554844,4.273230781070428,0.8024311111111118,4.396514164423555,0.5533333333333333,3.480693698767976,0.6066666666666667,0.250969245827433,0.15043428693196495,4.472426443398514
closed_loop,6,22,7.8897901773789645,2.790783163324356,4.014328758307469,0.7348666666666674,4.67793991457157,0.5933333333333334,3.7312429543115604,0.5873333333333334,0.21126875616429824,0.11124757910361625,4.340472110847741
closed_loop,6,23,7.242993281338768,2.9938573382677793,3.549194769825565,0.6825555555555564,4.846118576401667,0.6466666666666666,3.883855319871617,0.6043333333333333,0.1707252302058998,0.09630114596445867,4.132278555628203
closed_loop,6,24,6.659334364521031,3.209156490860395,3.296034624308773,0.6243511111111122,5.006344249703716,0.71,4.007815485774496,0.607,0.11816712791388961,0.06854336295512767,3.944977243111392
closed_loop,6,25,6.074867055007952,3.425714779203544,2.9481481741845954,0.5828822222222232,5.105005172272706,0.7666666666666667,4.24031465073737,0.595,0.09678094895644254,0.07084617652729108,3.737729262006041
closed_loop,6,26,5.471354001815751,3.709815078029595,2.6492605431965996,0.5533666666666678,5.1634346225912235,0.7866666666666666,4.457896480120531,0.586,0.10517203431787496,0.06370753744592754,3.5427228958154457
closed_loop,6,27,5.035349190147172,3.8666072051396467,2.380561900281425,0.5335533333333347,5.20360892599397,0.8133333333333334,4.615413096580979,0.591,0.1029678017070758,0.054446041574524554,3.371697973260801
closed_loop,6,28,4.520426593707059,4.082232040313194,2.1330118856269458,0.517095555555557,5.234959587138846,0.8266666666666667,4.724033518241312,0.5993333333333334,0.12244263811345038,0.05300964830376595,3.1825804523120773
closed_loop,6,29,4.0879614154201365,4.366630327272722,2.0022193505614307,0.5047511111111126,5.258979975063335,0.8433333333333334,4.806385278337686,0.5966666666666667,0.14280517738432835,0.055490667027044735,3.0219687781507716
closed_loop,6,30,3.7453630219959244,4.6185179890881844,1.8574219830276546,0.5191755555555567,5.234515089954856,0.8433333333333334,4.865233256327373,0.5893333333333334,0.14506956636681337,0.0533172391763723,2.894953104838969
closed_loop,6,31,3.5138001049110605,4.82165611142568,1.7262409992584025,0.8445688888888894,4.15481660174726,0.38,2.7387039278822334,0.632,0.3212941093489466,0.17165522829996513,2.7999204671496205
closed_loop,6,32,3.331525955453461,5.055502667749096,1.6588643298633392,0.8129244444444451,4.332920237974554,0.45,2.8315963376145716,0.6216666666666667,0.32862962101958965,0.12472121646270252,2.7285032228020696
closed_loop,6,33,3.169333802909846,5.222038887565814,1.5689857337607462,0.7910288888888897,4.448782032149922,0.5633333333333334,3.0891937764241644,0.6136666666666667,0.3174355083439346,0.11190202269923631,2.667170802446137
closed_loop,6,34,2.9733306595014857,5.465119740928147,1.4623668846818083,0.763062222222223,4.569374300455078,0.6466666666666666,3.421144183297698,0.6463333333333333,0.3007218447359371,0.0962508080155139,2.5796499876939847
closed_loop,6,35,2.70872100831993,5.753753026015918,1.3274188432393257,0.7221355555555564,4.727523163228954,0.7466666666666667,3.6822903749750555,0.6603333333333333,0.28342691239605056,0.08471558641450282,2.466429902345157
closed_loop,6,36,2.5546619171071714,5.958302881882951,1.2668240875313321,0.6642733333333343,4.9130092447099845,0.7933333333333333,3.9874438652379856,0.5956666666666667,0.26054341375739726,0.06795164602053146,2.3847634303433565
closed_loop,6,37,2.409665917626219,6.160542572144479,1.2012132285044423,0.617840000000001,5.040177032386769,0.8433333333333334,4.097927138596935,0.5996666666666667,0.24826245765392183,0.06192033786074033,2.308440586475097
closed_loop,6,38,2.2825860221710643,6.378316313001293,1.1796753411752372,0.5986831275720178,5.081622818098483,0.8333333333333334,4.214986327266952,0.620286953620287,0.25306850563368755,0.05511987611058818,2.238638186085644
closed_loop,6,39,2.1703410165441364,6.607316161866988,1.145581046818391,0.5845115135255994,5.107164210052694,0.81,4.187931047327668,0.5881958417169685,0.24954285076557117,0.04917749060937916,2.1806573264253917
closed_loop,6,40,2.0365100874566466,6.8000457507627186,1.10441930475485,0.6005289928789432,5.06729611782761,0.7766666666666666,4.052645493429653,0.591726008816548,0.2389698693535345,0.053251687539613235,2.1008537588763296
closed_loop,6,41,1.9838739540427808,7.071335550418322,1.1290956157943528,0.7532296347505479,4.575326493514126,0.6333333333333333,4.456736314364185,0.6515727618389215,0.2852576741968087,0.11416441788345812,2.065788798724601
closed_loop,6,42,1.8679951434219741,7.297660734117812,1.0676053463407418,0.7083087618362711,4.7759231833227425,0.6933333333333334,3.889401972630049,0.6310679611650486,0.28442535112396067,0.07449861168959467,1.9995443274069047
closed_loop,6,43,1.7942273800590076,7.521971197577189,1.047075002040195,0.7158929477422638,4.749317826213371,0.65,3.691121922498949,0.6666666666666666,0.3001348201814278,0.07014337042529767,1.9558579326542294
closed_loop,6,44,1.7276106429627411,7.657460088193965,1.0254003854366973,0.7445462114904255,4.644098884056081,0.5933333333333334,3.5792209106703208,0.611157368859284,0.3095171153095802,0.07880530328517944,1.9201321867812542
closed_loop,6,45,1.6836976699656403,7.85144671050984,1.0286399634085308,0.7688193202146698,4.549008492362669,0.58,3.5990780790162704,0.6592128801431127,0.3366422828128231,0.08066338736656074,1.9031617024959846
closed_loop,6,46,1.6191657098197136,8.048134232755809,0.9996893920151362,0.7890931244560495,4.4588390483958715,0.54,3.6618822795648973,0.6266318537859008,0.3090928755682538,0.0921611486280604,1.8713154327851687
closed_loop,6,47,1.565347719809394,8.11250731630759,0.968808798597871,0.7928784119106707,4.437668845159373,0.5033333333333333,3.6004262654923567,0.6780397022332506,0.31852569193392755,0.07637575413349407,1.8414251389040086
closed_loop,6,48,1.5246873374882968,8.259235712614595,0.9542478221409691,0.7943790849673208,4.424771383054051,0.49666666666666665,3.581844863349707,0.6869747899159664,0.36800277456310376,0.09117946493507639,1.7974673626082789
closed_loop,6,49,1.5033407087098198,8.347282224050126,0.9433367793038061,0.7903486529318551,4.437963734288731,0.4666666666666667,3.46330358673757,0.6838351822503962,0.41119194658793506,0.06941782887448524,1.7691778205301365
closed_loop,6,50,1.519746829744851,8.455470739623141,0.9690815260904027,0.779259901705696,4.4815336716276555,0.4633333333333333,3.286351378259091,0.7519514310494363,0.48806050204449786,0.07125158271810748,1.7517525773187348
closed_loop,6,51,1.5450313302685987,8.487882146196846,0.9810692185731782,0.7818883572567791,4.468914439271694,0.44666666666666666,3.0227105827848644,0.6746411483253588,0.5607410207605599,0.05882737055685972,1.7537842371299437
closed_loop,6,52,1.5049110293611516,8.536783389383894,0.9490074015657823,0.7585620915032688,4.555402645332251,0.48333333333333334,2.9655947176499984,0.6816059757236228,0.6679518507884208,0.06891654047420301,1.7013036564057575
closed_loop,6,53,1.5171166244657845,8.548206917064247,0.9661036951112972,0.754986571172785,4.560990213725034,0.47,2.955565909255251,0.7502238137869293,0.7749212151562656,0.06322455677564037,1.6703466283196926
closed_loop,6,54,1.516959363080904,8.581356734419263,0.9734440681563374,0.750181311018132,4.582436040338129,0.47333333333333333,2.9396130168004393,0.8142259414225942,0.7803482385519731,0.06814635126941629,1.6248820070352732
closed_loop,6,55,1.5215884978916376,8.676640168308573,0.9767707375398769,0.7476131687242807,4.561494800112174,0.43333333333333335,2.860493668999946,0.6604938271604939,0.7306567219868936,0.06740421214492422,1.5874303132638905
closed_loop,6,56,1.563904603237721,8.7755950928665,1.0247012913656426,0.7361706073249892,4.5866912755807565,0.44333333333333336,2.892870495746056,0.6668984700973575,0.6851377856693132,0.07317593941432951,1.5651379881739205
closed_loop,6,57,1.4991867959076108,8.938594795887646,0.9883196823600748,0.7214340588988485,4.628153091264371,0.45,2.9285241074217563,0.704225352112676,0.6378710015903823,0.06052873050009273,1.4861954776769124
closed_loop,6,58,1.4495583180832785,9.132050930125006,0.9803126845533412,0.7046407960199013,4.656226302497039,0.44333333333333336,2.9329938023914623,0.7188059701492537,0.5993179720778102,0.06157196189316932,1.3937365488376072
closed_loop,6,59,1.4389325501055945,9.307998821622462,0.9960023425371712,0.6838373804267854,4.72284823516522,0.4666666666666667,3.1982114928502945,0.6810154525386314,0.570676615109353,0.05253330733593892,1.362015596547877
closed_loop,6,60,1.4342181808526766,9.565175630491861,1.0116032978575031,0.676258329062021,4.7640452399227975,0.49333333333333335,3.236494609095376,0.6878523833931317,0.5390557705548533,0.05239384268409036,1.3454146513463094
closed_loop,6,61,1.4588457952725018,9.770456310781746,1.0501644926034723,0.6734799936234669,4.799758194472392,0.51,3.363628521308728,0.7049258727881397,0.5409702931895426,0.05499642585942896,1.3425736452690795
closed_loop,6,62,1.352816726238555,10.028762330159438,0.964871000985521,0.6358065476190491,4.877307953219557,0.54,3.4105879879796674,0.6776785714285715,0.528674689389944,0.047875445990771065,1.278329665526282
closed_loop,6,63,1.2516293827430798,10.429722804255345,0.8750495369952386,0.6230728291316545,4.929595050324882,0.5833333333333334,3.4766346122617513,0.707983193277311,0.5095863611329025,0.053819240471717246,1.241905127086624
closed_loop,6,64,1.2016218849128766,10.72761395688931,0.8341990259551765,0.6019815546772083,4.992831083719588,0.63,3.536621673101516,0.7118577075098814,0.5263247755551332,0.0517695309220077,1.2365454494070465
closed_loop,6,65,1.1042077953576455,10.991310904145424,0.7344178865233458,0.5850289308176113,5.04923644671593,0.6666666666666666,3.6005864349022234,0.6626415094339623,0.5304167994541523,0.04541754541754541,1.2181826220225143
closed_loop,6,66,0.9540794510932015,11.437800526870353,0.5868217433382581,0.5543597122302174,5.11638218681301,0.69,3.602202093854223,0.6902877697841726,0.5351354522890798,0.04340591125420847,1.158942313394263
closed_loop,6,67,0.892358150185377,11.779192305964719,0.510410181696153,0.537680365296805,5.150954937491021,0.7266666666666667,3.6083501794698507,0.6767123287671233,0.5395847000994071,0.0343908679899392,1.1214905712893921
closed_loop,6,68,0.9360694739331992,11.900856210453298,0.5455175954253995,0.5203111111111125,5.195595518479026,0.7533333333333333,3.6672269292630064,0.7096666666666667,0.5484186141598246,0.042732338324443585,1.128958842630002
closed_loop,6,69,1.0364284969742874,12.01102763446567,0.6398342553470264,0.5169400000000015,5.213357925662138,0.7666666666666667,3.826335250767077,0.7153333333333334,0.5692336651794137,0.042641940532807406,1.169208940407767
closed_loop,6,70,1.1245975911615442,12.083635658409111,0.7150857093483286,0.5060044444444458,5.245692718981363,0.8,3.937219585680999,0.64,0.5970100572653219,0.03750205705314064,1.1921562587881351
closed_loop,6,71,1.212010357383781,12.2542973364515,0.8424918469439688,0.7739355555555563,4.503040508923382,0.49333333333333335,3.304480380490316,0.7296666666666667,0.6604517497239631,0.10662747497886817,1.1577878831611088
closed_loop,6,72,1.361650859385417,12.376997565415223,1.0107253915191197,0.6739066666666678,4.849273327703926,0.59,3.2854529144860063,0.703,0.6552598814065856,0.06476606826839025,1.1737841458052856
closed_loop,6,73,1.4556334790468386,12.568138040854006,1.135421295346326,0.6307755555555565,4.9622993997445874,0.6566666666666666,3.3333458373239417,0.6856666666666666,0.6199666882515308,0.05819810406884711,1.1615800919342554
closed_loop,6,74,1.5550616250435496,12.774622009901002,1.2548946913387165,0.6104400000000011,5.020344139968447,0.71,3.2517174111575513,0.6613333333333333,0.5888152795282618,0.06188548752016243,1.1603658730408781
closed_loop,6,75,1.591024577960741,12.967902624450408,1.3243133246146086,0.5941577777777789,5.065642553574707,0.77,3.367117498699921,0.674,0.5419747517126876,0.050438792373776895,1.1458909056993836
closed_loop,6,76,1.6171839827006722,13.110485891903167,1.3664484301248263,0.5932577777777789,5.070030928593722,0.76,3.2706981151545906,0.6633333333333333,0.47475686306445475,0.05395403329613855,1.1053480650964704
closed_loop,6,77,1.6132765382922007,13.36246565558041,1.3948291167732247,0.594517777777779,5.066456079553591,0.75,3.2424514851906876,0.6513333333333333,0.40771588606211795,0.05754469358184528,1.0413205496531066
closed_loop,6,78,1.5845805180392292,13.554269266670294,1.3776932194433333,0.5884444444444457,5.075763616786819,0.78,3.175765871898745,0.635,0.3515641763348,0.056501869876482876,1.0189529622806317
closed_loop,6,79,1.5518605790173325,13.689779373804795,1.3472944088420227,0.5903800000000012,5.072827197566192,0.77,3.215297867882825,0.6046666666666667,0.283605743728116,0.05490217098576231,0.9774882680875239
closed_loop,6,80,1.482660325824773,13.89923375015302,1.2775495448300858,0.58212888888889,5.087097389805608,0.77,3.1851954076890645,0.634,0.22233667295554463,0.050947744635825125,0.93802619784393
closed_loop,6,81,1.415408011448344,14.061093844405411,1.1986911470666248,0.8229518407296191,4.283204982899314,0.4666666666666667,3.8582313157812003,0.6219552886219553,0.2587588904724412,0.1438527853582033,0.874272107944919
closed_loop,6,82,1.362048048697339,14.255786783790336,1.149933784961,0.7251750278706811,4.7090744061746745,0.6366666666666667,3.2100271345631715,0.6020066889632107,0.15620255773513084,0.073675564058691,0.8482398041983448
closed_loop,6,83,1.3135136193192893,14.428927324467292,1.0922821307605097,0.6628328865058097,4.897606855168579,0.6733333333333333,3.1161731153052035,0.5888069705093834,0.12244598795440186,0.060451231345194194,0.7929010050617827
closed_loop,6,84,1.3277866428805172,14.57251714668826,1.1025265170951157,0.6205781512605055,4.99830484866217,0.6866666666666666,2.9922140353653184,0.6036974789915966,0.10123825626047042,0.03992939078465394,0.7623266941219947
closed_loop,6,85,1.3020274442500341,14.716391127038687,1.0650941728204741,0.5964631815626767,5.043823712965011,0.6766666666666666,3.0513525654288247,0.5875210792580101,0.10834823702910072,0.046605272379266184,0.7947848853337026
closed_loop,6,86,1.2939013032484339,14.91366799907146,1.0738266232501497,0.5790305489798235,5.0838361595544,0.7133333333333334,3.1894087593337748,0.6137977680081164,0.12761136591014563,0.0440845380396464,0.7672591882323596
closed_loop,6,87,1.2686431868212258,15.106997518445242,1.070044063814544,0.5802129346471872,5.076821847024647,0.7,3.338641730887711,0.5980292218824329,0.15614471255312076,0.04856182044649537,0.7480104592677943
closed_loop,6,88,1.262757731378827,15.272342096959688,1.075228811047954,0.574932240063775,5.089080749230925,0.7166666666666667,3.3380804220286246,0.5876323881106935,0.19902106216944285,0.046623128333654645,0.712118808540478
closed_loop,6,89,1.3214586976595757,15.458272113534196,1.160461287061107,0.5792106777125774,5.082008130558229,0.7133333333333334,3.409468209027375,0.5968243010010356,0.22162397021605404,0.04384528597763892,0.7529139155978223
closed_loop,6,90,1.2408414319521943,15.713040685821264,1.0958820326634977,0.575783076203835,5.087642858154474,0.7266666666666667,3.4644066198608474,0.6199158485273493,0.2657569403418225,0.04331163458001694,0.6890599196263961
closed_loop,6,91,1.2726427679201953,15.94926537899606,1.1489988685961976,0.6893930772878152,4.8203322830832525,0.6533333333333333,3.720291815057018,0.633357041251778,0.31118606265560095,0.06331607749835304,0.6700290883445904
closed_loop,6,92,1.294767926017837,16.12539756598039,1.183648260537984,0.608715138229206,5.009540099437924,0.69,3.767707543026625,0.6722689075630253,0.34279632745071975,0.033558962021810315,0.708671359614297
closed_loop,6,93,1.200042640420113,16.435305928906715,1.102523704483877,0.5931934376192304,5.035454793267361,0.7133333333333334,3.7334447033308718,0.6531858069439145,0.3803084218119053,0.039886792659238474,0.6442729843305234
closed_loop,6,94,1.144689201005934,16.58338650727238,1.05018286645691,0.5921304234866214,5.044484230943265,0.7433333333333333,3.7320074460239794,0.6706936866718628,0.4042437671915335,0.04343382348645507,0.639030548880154
closed_loop,6,95,1.0826515791936755,16.86973124681027,0.9966273060301749,0.584917517674785,5.0685383194500515,0.7633333333333333,3.6490645481618116,0.6904948939512962,0.42694403606770737,0.04561586511470413,0.6157579644068827
closed_loop,6,96,1.0133905324123755,17.04378452622585,0.931125110203086,0.589852413242921,5.061445699545743,0.76,3.630599183672698,0.6836856800957319,0.46507802294014844,0.04573317291583545,0.5473087149152113
closed_loop,6,97,0.9826679393055299,17.25284915266633,0.9008555484742569,0.5858984910836778,5.082320599422215,0.8033333333333333,3.650535899269458,0.6773662551440329,0.4776980970843153,0.04697757249343937,0.4872138497054726
closed_loop,6,98,0.9297166687258587,17.383896231056028,0.8488626383764274,0.5784809064204799,5.099138842026517,0.78,3.6512130023910663,0.6898866974402015,0.5048052321357697,0.04709681695440209,0.47819766967520705
closed_loop,6,99,0.8620762929981958,17.499355878386513,0.7826540161573613,0.5705676733780778,5.114976668392969,0.79,3.6348343162643086,0.6967281879194631,0.5460793047891697,0.03822694292005437,0.4389445667873742
closed_loop,7,0,28.718593116136613,0.016164078712408214,12.695962189626256,0.9605822222222223,2.8060748250939636,0.09666666666666666,2.668208481870494,0.6476666666666666,0.34552005619180565,0.6342207792207792,8.466526848797807
closed_loop,7,1,27.025790646477184,0.05231684917577328,12.110488158266277,0.9273355555555558,3.3480146047658783,0.14666666666666667,2.7885983054557877,0.6483333333333333,0.34999393145327934,0.3024577141411507,8.225931232188515
closed_loop,7,2,25.665474350421228,0.09590480901965448,11.771153335236711,0.8959933333333336,3.710590214619985,0.2,2.850784538355449,0.6246666666666667,0.34920082178915046,0.22482143630363444,8.023143190038441
closed_loop,7,3,24.119170704691193,0.15576501325233133,10.849618960771544,0.871095555555556,3.922737364593008,0.23,2.9403285152336367,0.657,0.3496082592853497,0.18113009868814822,7.774656112068261
closed_loop,7,4,22.65003321076928,0.23665183913023652,10.192704729076166,0.8508866666666671,4.043199382439246,0.24,2.960588935030434,0.6283333333333333,0.35137474756268555,0.1573015762760345,7.543064734727854
closed_loop,7,5,21.237969798844745,0.31976356186640403,9.667072133559598,0.8424711111111116,4.113171610779296,0.26666666666666666,3.033282758530402,0.637,0.3486923863002252,0.1408496313914271,7.300225258429691
closed_loop,7,6,20.152206927680304,0.40250191805721536,9.050355146386346,0.8286911111111117,4.209264213335116,0.30333333333333334,3.147210689998196,0.6103333333333333,0.34059196561079946,0.12883464474408746,7.115459903657726
closed_loop,7,7,18.82508412905382,0.5243821781540576,8.471522526839987,0.807653333333334,4.31698143803652,0.33,3.2313055556236607,0.645,0.3255325593840597,0.13457226052814286,6.87569540605688
closed_loop,7,8,17.7796265747037,0.6158416462921226,7.988988445614739,0.7949355555555562,4.389213121283858,0.38,3.3915640356156573,0.6106666666666667,0.30350614199587483,0.11576039772634202,6.6760993148973755
closed_loop,7,9,16.662721872081324,0.7398004182599529,7.501766712968574,0.7803222222222228,4.463131562323936,0.4,3.502819341855495,0.6453333333333333,0.27612702033025305,0.10151051648729667,6.457700391840196
closed_loop,7,10,15.489456579912463,0.872926789849577,7.0629068181698536,0.7688266666666674,4.513718633743848,0.41333333333333333,3.5915486027325807,0.573,0.242578048867899,0.09842964468738463,6.217922882704538
closed_loop,7,11,14.511023123744822,1.0069017347378195,6.750066353003393,0.7596000000000008,4.566789747047013,0.48333333333333334,3.5266708548804657,0.5586666666666666,0.14271565511395873,0.15554263518272807,6.014259417599088
closed_loop,7,12,13.40442227220236,1.139846034467038,6.474754549484301,0.727142222222223,4.675662567141289,0.5033333333333333,3.5557165320505972,0.5916666666666667,0.12753410686253827,0.1222879392422736,5.761404874356523
closed_loop,7,13,12.401976286863723,1.27919906859603,6.034227532524082,0.7161288888888898,4.711220487876134,0.5166666666666667,3.853599592329121,0.5733333333333334,0.12729080576105944,0.11073243449017442,5.534338135183387
closed_loop,7,14,11.516990012442687,1.4532123798450756,5.85783129740758,0.7073733333333342,4.738989282667454,0.5233333333333333,4.021593359409649,0.5686666666666667,0.12773286895382716,0.09123167868136908,5.318331595615805
closed_loop,7,15,10.697427329273056,1.607267278210708,5.585177450571744,0.6986311111111119,4.769288587655899,0.5333333333333333,4.183571996357168,0.596,0.1404788291694678,0.08959025423034712,5.108001982083354
closed_loop,7,16,10.140130506607141,1.7546861348160037,5.417047519069872,0.6976933333333344,4.765248571255842,0.5133333333333333,4.3998904897034,0.5836666666666667,0.15731762808138577,0.07611358871033794,4.96049520732965
closed_loop,7,17,9.481694055711056,1.927350509877849,5.071196370422797,0.7008533333333342,4.752821307612716,0.5166666666666667,4.491262895666445,0.6176666666666667,0.18292372083832012,0.08179831964274688,4.800355931321821
closed_loop,7,18,8.875246615447876,2.072273361637323,4.8395573905031775,0.7049133333333341,4.742221003431833,0.5066666666666667,4.518732069995698,0.5936666666666667,0.20793143236866485,0.07935987530414775,4.612260027124567
closed_loop,7,19,8.397322128463115,2.2468867736447464,4.576193281977353,0.6989422222222232,4.752929268915729,0.5066666666666667,4.502878835471882,0.5993333333333334,0.2392660110788293,0.0848675122320633,4.4955544780105425
closed_loop,7,20,7.940801016392559,2.4382981334863287,4.318886903956269,0.7037000000000009,4.744871767363229,0.52,4.358048578110571,0.638,0.2553952867661714,0.08332826787935148,4.378233639952984
closed_loop,7,21,7.490479450731666,2.627011705201597,4.080619563994434,0.8328111111111117,4.21973733504843,0.36,2.8623225964219956,0.6753333333333333,0.31840309808429973,0.15417925383869654,4.26025011030588
closed_loop,7,22,7.160456862929269,2.8012574648902215,3.893313365010825,0.7792444444444452,4.462597056355747,0.4033333333333333,2.955880968919305,0.5866666666666667,0.32027888697170087,0.10961492941756101,4.172369236349845
closed_loop,7,23,6.819517227168994,2.896630368048337,3.715802427127736,0.7565977777777786,4.545268648816503,0.45,3.0515940787387823,0.597,0.32668130100024817,0.09948935782140116,4.053824662954639
closed_loop,7,24,6.353188061356512,3.122423265193366,3.3959070402008655,0.7447888888888898,4.598736768449217,0.47,3.148205395218942,0.6276666666666667,0.3153700930111682,0.09483749910220499,3.926896246433097
closed_loop,7,25,6.060742417761381,3.316847772413033,3.2597620969434717,0.7326066666666675,4.662493027979661,0.5133333333333333,3.4038201208793804,0.667,0.32808055299665984,0.08683596159602351,3.8406517863039653
closed_loop,7,26,5.7398864702762715,3.4978946308024947,3.015203759495564,0.7106600000000007,4.746229829800594,0.5766666666666667,3.7002480072216666,0.6343333333333333,0.32434198544321985,0.08287826309111139,3.740305499983751
closed_loop,7,27,5.419796138399148,3.662202976163782,2.8183208339633814,0.6892377777777786,4.813046008159706,0.59,3.8666252401622434,0.6523333333333333,0.29613342465938447,0.07244731203322535,3.6262726069637616
closed_loop,7,28,5.0989945686540326,3.8910307532028385,2.5850354849950485,0.6764955555555565,4.854796993054889,0.63,3.947296918436504,0.596,0.26022268575801905,0.07596351361057242,3.52304893152515
closed_loop,7,29,4.7817339497201,4.10424070543437,2.348645661738653,0.673760000000001,4.862252961336821,0.62,4.068231864283782,0.5973333333333334,0.24034885538410994,0.07806924771708053,3.400113920810465
closed_loop,7,30,4.45860120125976,4.332471814420527,2.1724886662010925,0.6749200000000011,4.861683218369792,0.63,4.152321973060768,0.606,0.21104978601006077,0.06905696241609555,3.2693712248105324
closed_loop,7,31,4.209240523894542,4.505624117928436,2.0194575754324475,0.7538666666666674,4.606569503640726,0.5633333333333334,3.6639887925142616,0.63,0.24044926460083046,0.11616240670807235,3.162124724649187
closed_loop,7,32,3.939203695589803,4.710353773357186,1.8586134812026056,0.7198777777777785,4.725702027514482,0.5933333333333334,3.6421041833344376,0.5686666666666667,0.20851792995952104,0.08829240390385901,3.033902808052743
closed_loop,7,33,3.6687496453328663,4.945256533929017,1.7150954188169287,0.7068733333333342,4.767085290013613,0.61,3.523473154275896,0.621,0.21237950444325238,0.07862402990885962,2.9079784303310294
closed_loop,7,34,3.5113358336945266,5.112199070277178,1.637233377079674,0.7088688888888899,4.760884276208774,0.6133333333333333,3.497467244576818,0.607,0.2324561275143691,0.08229474673360122,2.8095980409192394
closed_loop,7,35,3.275064319335124,5.351983274042714,1.5315890702087507,0.7068644444444453,4.773193419716447,0.6533333333333333,3.4627020756843194,0.604,0.2562034056241353,0.07571965114921772,2.6998056783561992
closed_loop,7,36,3.103094492312862,5.504794238027149,1.4491351963466796,0.7114977777777787,4.758607009209644,0.6266666666666667,3.4218455345644974,0.6216666666666667,0.2797823834011693,0.0776316419505274,2.602670048339601
closed_loop,7,37,2.9742792177635815,5.684781203181177,1.382032340546591,0.7219044444444452,4.7180242527692675,0.5966666666666667,3.1951717198508596,0.6233333333333333,0.31550250308265104,0.07096607783914284,2.5222683829820802
closed_loop,7,38,2.8429896578358265,5.92594340870847,1.3088962928654362,0.7196711111111119,4.720481750122426,0.6,3.0965507375670906,0.6356666666666667,0.3315711699322752,0.07139651227112527,2.4573084477611515
closed_loop,7,39,2.669210598902195,6.17569520803327,1.2290751838057201,0.719305740987985,4.719009038303741,0.5966666666666667,3.051801605355317,0.6081441922563418,0.34615311153734574,0.07225116681850428,2.3647569698157276
closed_loop,7,40,2.5498134540104465,6.384935024882888,1.168640298769256,0.7224555518282465,4.694328782961728,0.55,3.038426208371432,0.648440120764844,0.35930784212333855,0.07019548305152021,2.3132280721111047
closed_loop,7,41,2.4642101516069093,6.575139504943161,1.1156648536471587,0.8091779891304355,4.353986717470351,0.5166666666666667,2.870772322171784,0.634171195652174,0.372547870885854,0.1191085038972036,2.2737045265140816
closed_loop,7,42,2.368476317157818,6.819268937885976,1.0751277580683787,0.7701878914405018,4.526957867555867,0.49,2.8530997635389883,0.6492693110647182,0.3780151386589215,0.08174333563323502,2.232657769092904
closed_loop,7,43,2.267257172397336,7.0002387909028965,1.033271376691972,0.7671459537572263,4.519120913355019,0.47333333333333333,2.8614642097225502,0.6488439306358381,0.3765523348957678,0.07086169365406982,2.1917722532258197
closed_loop,7,44,2.1130063286327303,7.214868008018934,0.9685868218118165,0.7783404975902053,4.470349658848709,0.4666666666666667,2.887402393810182,0.6389214536928488,0.3667036340363942,0.07187255476148667,2.127754337959716
closed_loop,7,45,2.0017435888047674,7.420879163880061,0.9167986237619075,0.7938852578068272,4.409464616053116,0.46,2.8731747058679447,0.6461873638344227,0.3590629904012791,0.08161052805267201,2.081983680214234
closed_loop,7,46,1.9054136397438346,7.625500006086266,0.872548466190628,0.8012928891098963,4.381438088208007,0.46,2.8830395616299684,0.6797613127797116,0.36123111070092206,0.06970545632271638,2.0473088361706577
closed_loop,7,47,1.8344158605851248,7.786165312277943,0.8470132362408157,0.8046391558319208,4.374942264495657,0.48,2.8470653934614223,0.6608253250423969,0.3787575094984418,0.07779032230812416,2.026784669607322
closed_loop,7,48,1.7963676438447658,7.869473486154011,0.8375049413980493,0.790726159230097,4.4449684273627525,0.4766666666666667,2.907384380847512,0.6719160104986877,0.3906409319432219,0.06794594378359858,2.0135637883614965
closed_loop,7,49,1.757952013499537,8.004594678627944,0.8096194968757965,0.7761714708056179,4.502643976125723,0.4633333333333333,2.900075166268931,0.6792313377679231,0.4148156964478908,0.06805131867902765,1.9920137249888603
closed_loop,7,50,1.755804709180511,8.075127221048307,0.8072891902234594,0.7614667685255928,4.557388457235,0.47,2.8671413748600085,0.6883116883116883,0.513003121519274,0.06604981641881798,1.9791992386124064
closed_loop,7,51,1.7629269135864987,8.141771358160907,0.8422248510797625,0.7632926498508281,4.535668499301029,0.44,2.818687380808966,0.7144019528071603,0.5721327797896512,0.06760614303996658,1.9634531908600614
closed_loop,7,52,1.7917873339114319,8.297041473557565,0.9168305458657258,0.7283828382838293,4.67439451534401,0.49666666666666665,2.806807555160113,0.7400990099009901,0.6750692612672399,0.06149249207105244,1.943093646143659
closed_loop,7,53,1.843519409659096,8.349732931762675,0.9877524615089834,0.7169430624654514,4.710691143765923,0.53,2.8213164911527744,0.7006633499170812,0.7096109441892084,0.049497141417807054,1.9414253994664883
closed_loop,7,54,1.9189251470149533,8.41517682537785,1.0810479994854387,0.7130483870967752,4.718792913272701,0.51,2.8664453477425687,0.7806451612903226,0.8342449579657498,0.062285340247414556,1.9285103660470313
closed_loop,7,55,1.9223144892331743,8.553088419841826,1.111353153896513,0.7148199588477379,4.727155277833408,0.54,2.9288659080567987,0.7646604938271605,0.761447000717217,0.05368451322785688,1.8675620837742943
closed_loop,7,56,1.995757278783209,8.610203136236908,1.20829907010965,0.7106599472042247,4.723672268954537,0.5266666666666666,3.075087860110294,0.750179985601152,0.7187197232361172,0.05266548750527078,1.8491243072147476
closed_loop,7,57,2.045056321986793,8.667594649668292,1.281458410603605,0.7057243505063858,4.737392773793404,0.5466666666666666,3.0507098065825264,0.6928665785997358,0.6551296112306577,0.05106318532402124,1.826284136773591
closed_loop,7,58,2.0477522183774535,8.777956386350622,1.322829872593613,0.6945617246288396,4.760237653839232,0.55,3.071970305078037,0.7907260524710189,0.6146210668537935,0.05377688244561309,1.7780471649592948
closed_loop,7,59,1.9924156563903646,8.91033819824437,1.3115988713402338,0.6766497652582169,4.7958622905270225,0.5566666666666666,3.1271500308912477,0.7143661971830986,0.5794204162267486,0.05052448612046135,1.7155755340828673
closed_loop,7,60,2.04317690941958,9.105509425638829,1.4057116728841854,0.6654535864978913,4.820296987490748,0.5466666666666666,3.2419214216255514,0.6798523206751055,0.5486521882437086,0.04853753516292216,1.6992285910645217
closed_loop,7,61,2.050481501878936,9.235744275425965,1.4301054417095445,0.6835711925999348,4.761333994536455,0.48333333333333334,3.2270022686993642,0.66798810703667,0.5851379149410663,0.05355159746800614,1.718858069039136
closed_loop,7,62,1.921012125749635,9.506008077467328,1.3668874253453553,0.6489663722299718,4.858491388098665,0.5233333333333333,3.416493358811907,0.6750348675034867,0.5369293629094513,0.05119150528980251,1.633244530085884
closed_loop,7,63,1.7878367949884957,9.786352876301628,1.2735724105396407,0.6340145560407582,4.907660297145103,0.5633333333333334,3.5783258126392177,0.6681222707423581,0.5104773846109261,0.04595895762304431,1.5383937742745635
closed_loop,7,64,1.6117476715747625,10.174710583379008,1.1560513803678272,0.6135151515151528,4.962493831144741,0.6066666666666667,3.6777107851453086,0.6661157024793388,0.4986497725676835,0.04928782174138211,1.4555551354061746
closed_loop,7,65,1.4800941402708825,10.506368619366055,1.0634637877680304,0.5933073929961109,5.011621796452533,0.63,3.770859220710251,0.6268482490272373,0.4922203542647659,0.043638746587662994,1.4150613719629017
closed_loop,7,66,1.3702859749719398,10.899945559061663,0.9838346071313373,0.5796383763837649,5.045654740555538,0.66,3.832301860508394,0.6476014760147601,0.4819162789901843,0.042626346535015264,1.3674045942842987
closed_loop,7,67,1.1915774766436737,11.23107054553343,0.8353261615753789,0.5626713947990558,5.090378142697984,0.69,3.9436806251965515,0.6531914893617021,0.4760522621029835,0.03862583409023037,1.2664143447402723
closed_loop,7,68,0.9884874647821373,11.728436105121705,0.6749577667324786,0.5479037800687305,5.119028555681597,0.7,4.067198582592041,0.668041237113402,0.47445864856318337,0.037100311825544026,1.1565425620468213
closed_loop,7,69,0.9958023820545836,11.880856054614929,0.694664154017518,0.5357385795265108,5.151415575403819,0.72,4.087820591678862,0.6968989663221073,0.46600557034152423,0.036885534056586684,1.1091079476750252
closed_loop,7,70,1.0040249616712722,12.123344735980037,0.7235906684424283,0.5434402852049929,5.147851457388287,0.72,4.250591708167057,0.6931818181818182,0.4912360584713652,0.03651799181210946,1.0503567270749956
closed_loop,7,71,1.0326727318272937,12.33082975345336,0.7668480114568416,0.8513088071348947,4.108788680510052,0.36333333333333334,3.916868887635342,0.6528428093645485,0.5081498213774521,0.14922640296866302,1.0228629519099017
closed_loop,7,72,1.0920711704179766,12.48168353236462,0.8409679071320073,0.7807580824972137,4.472446083122055,0.43666666666666665,3.8366126636210294,0.6454849498327759,0.4962487553126895,0.08094859661036131,0.9693941360918373
closed_loop,7,73,1.1388149328677974,12.7044316303278,0.8950402847979226,0.7380178372352295,4.643048867453256,0.51,4.049554463685687,0.6775919732441471,0.4932470999988278,0.06428077140151445,0.9435032922666947
closed_loop,7,74,1.1665888027743792,12.90644015004254,0.9338471695451085,0.7051215161649955,4.748688604780052,0.5133333333333333,4.263990856199494,0.6491638795986622,0.47838888524382966,0.06298908092251745,0.9193751601904246
closed_loop,7,75,1.175825016434342,13.146474116809792,0.9668045302070475,0.6743634336677828,4.8337462702429725,0.5466666666666666,4.666032849147199,0.6785953177257525,0.4560268641569011,0.058368128402958123,0.8610590605331044
closed_loop,7,76,1.2291242243791938,13.345428259401471,1.02941145378512,0.6510200000000008,4.896657171243666,0.5966666666666667,4.86315293867422,0.6863333333333334,0.4466970849468267,0.050212595282254725,0.8421079798728996
closed_loop,7,77,1.2285614500595061,13.603010865670276,1.0364271708640853,0.6380111111111121,4.932786342069867,0.6433333333333333,4.9410474501449615,0.6733333333333333,0.41089077914635763,0.05410417684024495,0.8460847454860874
closed_loop,7,78,1.2080197363574703,13.820480995296093,1.0225223682389812,0.6232844444444456,4.975540565148804,0.6533333333333333,5.05379190199613,0.6513333333333333,0.42588591145691035,0.05090540264688871,0.8141182194133755
closed_loop,7,79,1.225649704217969,14.03262924238004,1.046801567471991,0.6166000000000011,4.992438475726483,0.6566666666666666,5.139065569692917,0.6706666666666666,0.42536156819762255,0.05215474326155441,0.8000041467375792
closed_loop,7,80,1.2483645989688934,14.134783925301443,1.0724227403938351,0.6038377777777788,5.01866427261003,0.6633333333333333,5.296400605950881,0.6606666666666666,0.3988322272841179,0.055552952665955765,0.7931000452375331
closed_loop,7,81,1.165350179100546,14.378977596031909,0.9844171888037725,0.8244222222222228,4.273860019259489,0.42333333333333334,2.868191447943732,0.639,0.40698064671861495,0.1300694901933292,0.7398690901852555
closed_loop,7,82,1.1013275278458174,14.541576603322351,0.9125481855294025,0.7447066666666675,4.624991595495311,0.5633333333333334,2.9947672329116917,0.6463333333333333,0.4321298812185726,0.0810277577885937,0.7213700637100172
closed_loop,7,83,1.1149044335775387,14.670326950059508,0.903354661339891,0.6812933333333342,4.8426017394793055,0.6566666666666666,3.293955943590983,0.617,0.43321372309319855,0.06191422025400353,0.7332701982897039
closed_loop,7,84,1.0863962584821858,14.860918710711115,0.8484437963614511,0.6426888888888899,4.950705045674127,0.6766666666666666,3.545951143698741,0.626,0.41476896013988374,0.058300788908374035,0.745068610659601
closed_loop,7,85,1.0686687227498541,14.959851911942092,0.8221560934430899,0.61208026755853,5.026814314087217,0.7133333333333334,3.761509224629757,0.6076923076923076,0.4153795377760732,0.05405799008353187,0.7082692688405582
closed_loop,7,86,1.056786327010098,15.1031619743311,0.7951175990340087,0.586561697375769,5.081755841548477,0.7366666666666667,3.8983468242680726,0.6405360134003351,0.40990373893101695,0.050449106993224635,0.6934651663056042
closed_loop,7,87,1.0955339654665677,15.171602845409508,0.8273062126714172,0.5632480359147041,5.128305661967309,0.7533333333333333,4.042313096203013,0.6646464646464646,0.3968210983905328,0.04417901213566848,0.6806141511533911
closed_loop,7,88,1.1033610225823391,15.322686250489259,0.8397466796304326,0.5627601139601157,5.114695164938976,0.7233333333333334,4.002038551008583,0.6427350427350428,0.3890058774044037,0.03860751758274978,0.6669442980792201
closed_loop,7,89,1.125134963516529,15.49432787798486,0.8902101065040062,0.5619364529173898,5.115211459926014,0.7266666666666667,4.054866642207171,0.6554592720970537,0.3936768351688653,0.04348958804067163,0.6567606098775745
closed_loop,7,90,1.1492565980027372,15.576092947849576,0.9315289765645717,0.547888576779028,5.140213239067084,0.7333333333333333,4.04824100061483,0.6228932584269663,0.39736560055929687,0.04301373549051568,0.6443875967113475
closed_loop,7,91,1.136380253467966,15.821954086604277,0.9504884041760223,0.7364796163069554,4.666069097940858,0.5866666666666667,4.233630553753371,0.6420863309352518,0.33111165949917853,0.07861866161014767,0.6220515330450017
closed_loop,7,92,1.0762273700479406,16.074949776459192,0.9118973054316961,0.6427382256297932,4.925983115799826,0.6333333333333333,4.115134473949341,0.6400146038700255,0.33086486267224563,0.05528236197353844,0.610268323056259
closed_loop,7,93,1.075938833640906,16.26451041142783,0.932485527601525,0.5969574285363775,5.019200360355889,0.66,4.071196891579741,0.6334192123665808,0.34010324586085156,0.04722434379632522,0.6163518576945034
closed_loop,7,94,1.0717758942455489,16.509852507534116,0.9396066991622019,0.5881343472750331,5.044232927806348,0.6866666666666666,4.064996843378557,0.6300380228136883,0.33020282230124254,0.041518317567079174,0.6352661195482779
closed_loop,7,95,1.050732358542904,16.704050410582838,0.9278258335117096,0.5772356476153958,5.063913951079733,0.7,4.194229539787853,0.6635980053701572,0.3427473109674041,0.042109427380325214,0.6004470400700751
closed_loop,7,96,0.9925658467671113,16.855359293562792,0.8781427451593634,0.5862243538502545,5.069298073776571,0.74,4.078943988571256,0.5819344524380495,0.3237014919602185,0.052026001990785276,0.5695222767651508
closed_loop,7,97,0.9675011597566888,16.98481661094951,0.853452180687029,0.5811368250101515,5.083357286252603,0.7633333333333333,4.138914359702908,0.630125862768981,0.32878369245682654,0.03866485879101978,0.539236057721809
closed_loop,7,98,0.9533254987052499,17.140370517636047,0.850389565307041,0.5764365440264587,5.091974316074947,0.7566666666666667,4.143354920594653,0.6225713104588673,0.33511957677652215,0.05268458943304144,0.5541540294003783
closed_loop,7,99,0.9088228589995594,17.310304079961902,0.8078224108165959,0.5773597359735989,5.095537774818254,0.7533333333333333,4.18654241580189,0.6409814894532931,0.31395613014435314,0.04725304419809064,0.5090781957197771
static,0,0,28.46706225621183,0.015451732123396567,12.856011483925476,0.8857133333333338,3.838137891551916,0.27666666666666667,2.982602115652463,0.686,0.47579649464414575,0.35520691912719776,8.453432004961766
static,0,1,26.691996049591328,0.04702441062410179,12.202247952332652,0.8281955555555562,4.248778787007664,0.3933333333333333,3.030338757386371,0.6643333333333333,0.4564056267510665,0.17819491381797883,8.17884057291436
static,0,2,25.35356390788914,0.09346610503864489,11.660843311378988,0.7868888888888896,4.453200880171447,0.43666666666666665,3.145542515652531,0.6223333333333333,0.4410953274773907,0.14131668168432873,7.9778027917104195
static,0,3,24.181808690345278,0.16134235089780502,11.318892929239855,0.7602555555555565,4.562209777676267,0.4766666666666667,3.214709000650641,0.6456666666666667,0.4333152735814619,0.10165543005326287,7.801252595647884
static,0,4,23.07310716616894,0.2092261609123403,10.839868524830917,0.7512866666666675,4.602831596472965,0.5033333333333333,3.3241656388538443,0.651,0.41699283851741575,0.091317775648271,7.618742874693794
static,0,5,21.85745119303552,0.2923048599727983,10.132041589080352,0.7462088888888898,4.626339609515842,0.5333333333333333,3.3237743314678556,0.6843333333333333,0.4035413140602055,0.09517676953822464,7.41685913036217
static,0,6,20.7128775629695,0.3817536731502622,10.022248940615821,0.7292755555555566,4.675530560711056,0.56,3.324864300448189,0.6646666666666666,0.3967329145241554,0.08429421183678149,7.2088312787208695
static,0,7,19.60580607729686,0.49294215669712327,9.471607614142833,0.7269644444444454,4.686804564765794,0.56,3.339362265157934,0.6413333333333333,0.3894712772277678,0.08623935246613265,7.023780624564286
static,0,8,18.546819400676522,0.5951126101560666,9.1726861946492,0.7183644444444455,4.708393156565719,0.5766666666666667,3.4274434270198952,0.6526666666666666,0.3763559781943915,0.07991541353383459,6.826892088679337
static,0,9,17.573927969688054,0.7122008778213289,8.680608606815452,0.7163977777777788,4.713580717240155,0.5733333333333334,3.5627108114791075,0.6336666666666667,0.36410009897744733,0.08600176912870412,6.645857008283261
static,0,10,16.631336469178258,0.8104776196879835,8.372770505512639,0.7061511111111121,4.743708622150612,0.58,3.786084099679991,0.676,0.3365386217971032,0.08478557977396986,6.457635815437175
static,0,11,15.696483099623478,0.9802728314357141,7.879968539760726,0.6976333333333343,4.767906710774744,0.5666666666666667,4.049409450591646,0.625,0.30150824541440424,0.07131294803121428,6.282638780818176
static,0,12,14.693318236298158,1.1099475864081503,7.337494538184088,0.6836755555555565,4.816507432565956,0.5666666666666667,4.13240623088802,0.5926666666666667,0.2416633620082456,0.07600246917971376,6.0781891614882
static,0,13,13.746783219846089,1.2345219973443695,6.812154425773832,0.6809088888888897,4.834398613780374,0.5833333333333334,4.1811041572207515,0.617,0.1981064317526527,0.06746725009882905,5.874455105365926
static,0,14,13.004865598032174,1.373887844382793,6.742932810513493,0.6698022222222232,4.870110154784502,0.6066666666666667,4.392761275082698,0.5846666666666667,0.1702017944820706,0.08290488665101667,5.698598119577645
static,0,15,12.09383601207656,1.5311135613084164,6.17304227908039,0.6571755555555566,4.912761981269865,0.64,4.690329294083438,0.587,0.16332740135905377,0.07106031481418477,5.500211470200398
static,0,16,11.351565352123016,1.6865290914921796,5.919070700781847,0.6503066666666677,4.932846221039419,0.66,4.855559287723315,0.6006666666666667,0.17526187829851372,0.0728596251816066,5.317317027194261
static,0,17,10.576752121309445,1.864174188627225,5.568971972953074,0.6379066666666677,4.962872257895332,0.6633333333333333,4.9866700553735095,0.6036666666666667,0.19472175089988086,0.07547646138977408,5.1279133896096445
static,0,18,10.18070305334858,1.987866414423132,5.533152727561795,0.6278955555555565,4.991557565933042,0.6933333333333334,5.006582926633815,0.5593333333333333,0.23216685656090882,0.07201363766379246,5.02567422186648
static,0,19,9.63247287767073,2.1945113138192207,5.253439576178047,0.6198911111111123,5.011521265033909,0.69,5.137460707419905,0.633,0.25580692454200593,0.0744917976187326,4.9017363302726995
static,0,20,9.198716441650072,2.3349374387574064,5.118127441274728,0.6153844444444456,5.024458059593931,0.7033333333333334,5.194884893730145,0.622,0.2799964448297838,0.0701993750716661,4.788112127868261
static,0,21,8.748504494620201,2.5452827868251626,4.9282111281881615,0.6059044444444455,5.051171960569411,0.73,5.292815847908783,0.6366666666666667,0.2990746959689922,0.07153758579455174,4.680442340376856
static,0,22,8.265101378441697,2.7258810036501657,4.685956169576982,0.6007555555555566,5.063674905533304,0.74,5.355472750286086,0.655,0.3047282569366773,0.0640897917871602,4.560464319172073
static,0,23,8.018553588521835,2.9067337305405374,4.6489059722621615,0.598780000000001,5.066852286191563,0.7433333333333333,5.466415721022866,0.6223333333333333,0.3023883304016788,0.07141264107982376,4.494700817876857
static,0,24,7.628383386509852,3.0717339286872924,4.441463427724887,0.5960888888888899,5.071132458822726,0.7533333333333333,5.5855778899580875,0.681,0.2854951977670489,0.0660787534046048,4.3900817174162485
static,0,25,7.259946931168499,3.287086546806317,4.284293108132887,0.589217777777779,5.083721318180205,0.7433333333333333,5.645980370830968,0.6443333333333333,0.27785917492101125,0.06625302257655198,4.282588412106391
static,0,26,6.877636288941964,3.5359839265037945,4.0983908795253745,0.5765488888888901,5.11113108198078,0.7633333333333333,5.700290892387952,0.6363333333333333,0.2696150273572389,0.07053215145707405,4.176588836207281
static,0,27,6.569725355848558,3.6735692329702685,3.917174538365721,0.587195555555557,5.0906936526571185,0.7733333333333333,5.709145956974608,0.6076666666666667,0.2589985375721608,0.06882477057399657,4.08360483415641
static,0,28,6.241106892660284,3.829957391153264,3.7573271508628654,0.585997777777779,5.090129611515914,0.7466666666666667,5.707368627484627,0.6183333333333333,0.230844714747394,0.06792278112324553,3.9658660877476968
static,0,29,5.879056010666186,4.126656866090937,3.5852696514761124,0.5846822222222234,5.09125470414544,0.7533333333333333,5.676092862563741,0.615,0.21306102941359203,0.06644774959016445,3.8436459961850424
static,0,30,5.495286463793388,4.288116353475934,3.283891625269186,0.5948422222222236,5.070640805232612,0.7566666666666667,5.60596127466284,0.614,0.1947839762927481,0.06201821956852916,3.705949750180642
static,0,31,5.117469970987283,4.4774267835414046,3.048937773468764,0.6045622222222233,5.045736386885742,0.7266666666666667,5.472519955165567,0.6106666666666667,0.17518042934026085,0.0693246392124101,3.558973729892131
static,0,32,4.733083995962444,4.71276173802582,2.7717974200670596,0.6065111111111122,5.040649884807683,0.74,5.4513243795077555,0.5846666666666667,0.1706089042206632,0.06981866430782839,3.4204565945991496
static,0,33,4.343479611443183,4.940166574515119,2.5238357312531328,0.6157066666666676,5.015455682294965,0.72,5.334763738841567,0.6133333333333333,0.1607726385438727,0.07730352135537895,3.2547936481797506
static,0,34,4.004402940673695,5.132699699213516,2.252495400918684,0.6304311111111119,4.979746924634283,0.71,5.3010298100294,0.5966666666666667,0.15595981244079463,0.07450687499062111,3.114951765862468
static,0,35,3.6899483579647825,5.395057026896573,2.024758574346981,0.6351555555555568,4.972977301481299,0.71,5.331735586377511,0.602,0.16116357048085958,0.0764193902932293,2.9821010714115577
static,0,36,3.3879521131713455,5.614491970909871,1.8415455268143202,0.638840000000001,4.957119573141639,0.67,5.361640408741608,0.6113333333333333,0.15734926568635274,0.07315797664094878,2.8341707666176306
static,0,37,3.0990857618221805,5.853345834708032,1.6400286020711947,0.6540523094045645,4.921524446003598,0.6666666666666666,5.37897450188639,0.601669449081803,0.15425844824654758,0.06627098005193979,2.697629368758811
static,0,38,2.8460170945298753,6.026195203875176,1.4431583996007762,0.6550692582663104,4.918490821407164,0.6666666666666666,5.427281074422985,0.5867962466487936,0.15506097164408852,0.06984420263832028,2.5743377611016434
static,0,39,2.641819938382274,6.282961186560511,1.2900254584375979,0.6613422818791959,4.896552714688975,0.6566666666666666,5.462792254021239,0.5889261744966443,0.15672786846849632,0.06921922862712336,2.471011746343894
static,0,40,2.3961534172226786,6.5081143507500645,1.1730794343036075,0.6728823929299808,4.850929579705586,0.6266666666666667,5.575104987326179,0.6019714479945615,0.15943302601358905,0.06337526422665742,2.33350569914829
static,0,41,2.2164463651646056,6.777447205931822,1.0840701298762925,0.6925569035239756,4.793500976519423,0.59,5.568036877109027,0.6225303292894281,0.15731687366374777,0.06902714333596686,2.2410937465328735
static,0,42,2.0295331204744156,7.001844330536471,0.9959294698942252,0.7171452621452632,4.714014054946529,0.5733333333333334,5.606586369878561,0.6114718614718615,0.1615284978670505,0.07493730065943688,2.1301730902857887
static,0,43,1.892937269502112,7.222229127686646,0.9567986848944281,0.7403300076745978,4.638051504877198,0.5566666666666666,5.645758059758819,0.638142747505756,0.14359497098803786,0.0662270924308463,2.0460135532827386
static,0,44,1.7244807044081834,7.473816948240063,0.884013597225004,0.7563293404929101,4.582648869757256,0.5333333333333333,5.644974764474839,0.5902519619991738,0.14417713546310887,0.07164953422480513,1.950124462898583
static,0,45,1.6076135805661917,7.692192394881237,0.8546382081400055,0.7777216711752337,4.503177564545419,0.53,5.540221547698301,0.6235347159603246,0.12836342648955532,0.085482036267253,1.8774730706585334
static,0,46,1.4939801039751406,7.865909639856752,0.8047609620688685,0.790863683662852,4.448089953558608,0.5166666666666667,5.446645102335372,0.5639958376690947,0.11393804549764305,0.07643157678664644,1.8041290042395488
static,0,47,1.4053864912538758,8.069754295527645,0.7747636932063575,0.7913829582612046,4.444543140198726,0.5233333333333333,5.247762679192428,0.6364685516445471,0.10380623121487159,0.07612662971989598,1.7540799790067156
static,0,48,1.3125260449745395,8.247546797134579,0.7363429081752485,0.7898693244739764,4.451261469511966,0.49666666666666665,4.989660914438482,0.6252491694352159,0.09830480163424928,0.08032823657107713,1.6878439052281742
static,0,49,1.2664916631978016,8.399496796697473,0.7147389487648631,0.7794265232974917,4.4939883912698875,0.49,4.927244571357328,0.6274961597542242,0.08743015733486112,0.07086932161119468,1.6556270123585008
static,0,50,1.2360635147221992,8.486615396389354,0.7206993914175038,0.7619591611479037,4.566677211926168,0.5133333333333333,4.491156637415906,0.5968543046357616,0.07926091320173702,0.07055318718089616,1.6143809655511447
static,0,51,1.227258583635733,8.562044144449171,0.7337062298497052,0.7614298642533943,4.562591470958155,0.48333333333333334,4.3080700200207955,0.6072398190045248,0.06975335133014403,0.06184126156494578,1.5926970041288484
static,0,52,1.2532935001997223,8.611598072953345,0.7754655437589817,0.7728828828828835,4.514242336921061,0.45666666666666667,3.7105322126551448,0.5531531531531532,0.06020900874391933,0.06536421109563524,1.588472643646508
static,0,53,1.2613083875277906,8.66602921262063,0.7952133219747696,0.7768986784140978,4.49485986224224,0.46,3.589210387191407,0.5726872246696035,0.06353214265454403,0.06765993801520118,1.5717801213549478
static,0,54,1.2921629717499485,8.775542125217363,0.8466876867370783,0.7842935982339962,4.4614473047782965,0.4533333333333333,3.4426602589713378,0.6059602649006622,0.08600171842663416,0.0702242309705545,1.55065707839272
static,0,55,1.3095290085429778,8.881987440869592,0.8735619734784987,0.7886113266097757,4.433986677536181,0.44333333333333336,3.2282006858963204,0.5903801396431342,0.17460709735065996,0.06666714423777116,1.533540275432285
static,0,56,1.3152561192657866,8.954655785821652,0.8893268774304111,0.7827515498330957,4.448622542316839,0.44,3.2180081822740805,0.6494992846924177,0.2607272325880639,0.07182714494827497,1.476935486959537
static,0,57,1.359709447626914,9.013528680129406,0.9438761100276589,0.768115183246074,4.500963118005686,0.44333333333333336,3.196884957524283,0.6446335078534031,0.32636950167785433,0.071092616820171,1.440975651749467
static,0,58,1.4586417699482288,9.048482024177401,1.0474047193533444,0.7596229442438837,4.540452459234893,0.4533333333333333,3.2221812829060226,0.6359807460890493,0.3740255688145821,0.07067732405193705,1.4604754068524068
static,0,59,1.5122559457809281,9.145404030422021,1.1077157674612264,0.7421334812349798,4.589869581571049,0.43666666666666665,3.369964048703918,0.6261785912368275,0.41063825960133665,0.06783232648557726,1.4660582353805578
static,0,60,1.5661205423314306,9.282696815653608,1.1758164136584524,0.7243738253886908,4.653808474060497,0.46,3.391721293013851,0.6822142491030241,0.4378405592581081,0.06433223882527288,1.490071720959447
static,0,61,1.5977153796262382,9.448279957515801,1.2267384832800343,0.6991570512820524,4.732586215274145,0.49333333333333335,3.48289061865699,0.6298076923076923,0.45363613204792663,0.05400967382004533,1.5032505999772277
static,0,62,1.5731806642314603,9.675849365464451,1.2200953498429286,0.6782552552552563,4.7901278321278,0.5166666666666667,3.586524179219209,0.6558558558558558,0.4356857677927714,0.05229332758744524,1.4881598576600696
static,0,63,1.529828432181554,9.985822424388378,1.2024981581763374,0.6554519774011309,4.848995224755013,0.5366666666666666,3.7092696798970426,0.6305084745762712,0.42172040914280795,0.05432294027495265,1.4755480843898467
static,0,64,1.4580920385140526,10.257283718459547,1.1506295574722143,0.6422080000000014,4.8865712936313965,0.5466666666666666,3.8333803876457946,0.6332,0.40916786534080474,0.04858086014432763,1.4238662800909383
static,0,65,1.2766820292641117,10.668975596194604,0.9963376692961965,0.6174090909090922,4.9447926680707734,0.5833333333333334,3.914992691947377,0.6386363636363637,0.4091539760117753,0.041038678670257615,1.347580927535246
static,0,66,1.0973803078981246,11.060142934813147,0.8384563670585266,0.596374100719426,4.987951140783084,0.59,4.017541727558519,0.668705035971223,0.40361807340516104,0.042181493686911646,1.2546886246180813
static,0,67,0.8707525111105752,11.536773802340685,0.6377223251423216,0.5809273356401401,5.030274649032201,0.6166666666666667,4.056956049712246,0.6401384083044983,0.40087490920004076,0.04298976765695032,1.1395035657246562
static,0,68,0.8093699387238839,11.811427823879374,0.5871553702608864,0.5639066666666681,5.079440896778205,0.66,4.218490873744833,0.6706666666666666,0.3940500931707627,0.03811105818845757,1.0985101615644957
static,0,69,0.7946672231634714,12.036160162930805,0.5886896250440763,0.5449711111111123,5.122613233845749,0.6933333333333334,4.267739776300286,0.6903333333333334,0.3929366796289035,0.03459438251233917,1.0743780902140736
static,0,70,0.7691703456705739,12.306791840758907,0.5791692777158082,0.5349422222222234,5.152615160947752,0.6966666666666667,4.468759535558678,0.6623333333333333,0.38601631711584533,0.0408014765019409,1.0120640848670517
static,0,71,0.7554007350580068,12.474393337425916,0.5667961811741807,0.5210133333333349,5.184792153659598,0.7266666666666667,4.611855980068558,0.618,0.35383009790434444,0.043864498790969375,0.9991820890906791
static,0,72,0.799762697566661,12.64853976345648,0.6187703017221953,0.5101511111111127,5.2054254360747265,0.74,4.665611914335732,0.6573333333333333,0.32803120542474107,0.042306121094820785,0.9914199944756218
static,0,73,0.8045658030415921,12.876160365453037,0.6351847870069214,0.5064688888888904,5.2185078349926055,0.7533333333333333,4.694875785862678,0.614,0.2861143056544349,0.03425445999362408,0.9417295876101917
static,0,74,0.8381557168937235,13.041222637220699,0.676029990052624,0.5170894526034732,5.20576448961935,0.7566666666666667,4.836842026794447,0.6582109479305741,0.2565263353406078,0.037778401509051665,0.9311019683463894
static,0,75,0.8663082947975808,13.189280691894798,0.7107806581324475,0.4961270903010052,5.235325996522937,0.7533333333333333,4.9602302652589865,0.5989966555183946,0.24654905011851252,0.03476508327127523,0.9096499705224125
static,0,76,0.87974121744772,13.398815479979039,0.7306406184221632,0.49860200668896515,5.237621871593423,0.77,5.021714238790764,0.6250836120401337,0.23372066253646173,0.03783693215968758,0.8739553283376568
static,0,77,0.9270785930487784,13.564224997308507,0.7825421741158161,0.48979710144927713,5.247283222781968,0.7733333333333333,5.1242994422586925,0.5839464882943144,0.2202247394663191,0.03306166686197646,0.880997812668897
static,0,78,0.992117817953632,13.689986886537497,0.853195609595836,0.4896031215161667,5.248505238144718,0.7833333333333333,5.194474678126946,0.640133779264214,0.20970516870189354,0.031390380488677705,0.8869889552213945
static,0,79,1.0320313964059329,13.821314072737678,0.8979537488664933,0.4839754738015627,5.257273086116914,0.7766666666666666,5.318247986678195,0.6036789297658863,0.21088689646301592,0.03381165331629728,0.8586822695910277
static,0,80,1.0718488215127198,14.03515229279419,0.9416423452297304,0.47425863991081585,5.278054611823302,0.79,5.369078921885962,0.6254180602006689,0.22797380491167446,0.028105890354342366,0.8386039775606267
static,0,81,1.0728455860024053,14.237555807771184,0.9485698576336077,0.46840444444444584,5.295808925457491,0.8266666666666667,5.5191213442654075,0.628,0.23670932084490506,0.031024658176360968,0.8294184669518291
static,0,82,1.0685765254805368,14.398353677327204,0.9506042402101637,0.464466666666668,5.3010741318755334,0.83,5.640075112208549,0.6326666666666667,0.2510857177010996,0.03066929487208125,0.7907569115749163
static,0,83,1.0718840251711033,14.64112881713827,0.9611517756913396,0.4665666666666677,5.307982479982742,0.8566666666666667,5.762042514553416,0.638,0.26014642889207207,0.028283355218339738,0.7543629058462948
static,0,84,1.1144633506164021,14.720234971221046,1.0082383607182455,0.46142444444444586,5.323753268771458,0.8766666666666667,5.735880044160639,0.554,0.2575033367310888,0.026500308400463198,0.7121923248006339
static,0,85,1.098144013945282,14.811351798116403,0.9946055081543155,0.45367555555555694,5.334544828787145,0.8766666666666667,5.731610987571245,0.6163333333333333,0.2567556543619617,0.02792859316466128,0.7209830759945727
static,0,86,1.0766207510142243,15.060015407360483,0.9798309087265547,0.4570013386880881,5.328808748424244,0.8733333333333333,5.766067199663201,0.6539491298527443,0.25468137433220817,0.028829185520361993,0.7002266183094942
static,0,87,1.0422882910826077,15.28407973634663,0.9535565980983447,0.4633130493576756,5.306481657182818,0.8366666666666667,5.79206255812011,0.6342123056118999,0.25158747598939785,0.03153857021891078,0.6793354685068452
static,0,88,1.012926287354969,15.49557206493363,0.930383951196768,0.4796350781160924,5.278797640151499,0.8233333333333334,5.7965160192919924,0.596305165925419,0.24767846591616208,0.03389216426561628,0.6510274511175012
static,0,89,0.9625090950168332,15.705749395819591,0.8832455399999684,0.48595402298850754,5.2629028488074825,0.8233333333333334,5.789177764747159,0.6093103448275862,0.22698008069367578,0.036426627709522444,0.6275837911582838
static,0,90,0.9331707296277426,15.88163188939588,0.8576755009230241,0.4976269199202735,5.234937511374835,0.77,5.804565555825465,0.6158986985578614,0.2131698289147041,0.034406047992541794,0.6011677947449873
static,0,91,0.9014588923272442,16.12682992562057,0.8317780039320254,0.5116163793103463,5.203280724889938,0.75,5.878052727731559,0.6314655172413793,0.2114921328371079,0.03489649024865742,0.5798723385017327
static,0,92,0.8412345982137485,16.329486144978127,0.7740465234759323,0.528063562453808,5.170904466321496,0.7466666666666667,5.858357663613958,0.631189948263119,0.19852576529861224,0.033720301885936554,0.565531709106558
static,0,93,0.7975761406801697,16.561139285876052,0.7356651345225274,0.5391919949968746,5.157653147497954,0.7433333333333333,5.82289700483906,0.5984990619136961,0.19541614171952248,0.03727423525333742,0.5301597890621846
static,0,94,0.757538216728284,16.740416886476865,0.6986486083304415,0.545868923945108,5.148246545554934,0.7466666666666667,5.8364690129557,0.6263947672181608,0.19344612455173638,0.0338036597905019,0.4908770655921025
static,0,95,0.7657015217366481,16.89384513540528,0.710198406133479,0.5470668205720159,5.147183762326533,0.76,5.688934822104413,0.5886879569065026,0.18192228167697816,0.030516642169892947,0.5056324721137542
static,0,96,0.6908738293180087,17.15061933338442,0.6397401737157351,0.5495851216022904,5.148425848956014,0.77,5.7238374974104875,0.5856418259851737,0.1864638563741673,0.03062718963183359,0.5016394081094216
static,0,97,0.6937272759097537,17.31995516723312,0.645657143782787,0.5564116719242918,5.135398266451313,0.7533333333333333,5.629071616186954,0.5883280757097792,0.17872097831776407,0.04168351385456648,0.517949146940761
static,0,98,0.6989477647393583,17.47035253206976,0.6532428044225773,0.5579186476492355,5.129042959227675,0.73,5.590883518088579,0.5788431061806656,0.16698131144121556,0.03941593573694966,0.5193125334714752
static,0,99,0.6723453660624612,17.634215601353795,0.6284522011230155,0.5539027283511282,5.133417842595958,0.73,5.597291054706583,0.631079478054567,0.1647319138180237,0.033359226214102373,0.5130761038684775
static,1,0,28.51525019830236,0.018507521328752663,13.227895370949833,0.8383666666666673,4.184434989482926,0.43666666666666665,3.5699428838617995,0.5636666666666666,0.0509372261840378,0.28468442032683516,8.41863447934532
static,1,1,26.251298222567158,0.06126250719233872,12.244061090993231,0.759282222222223,4.580752752436367,0.5566666666666666,3.699772259603289,0.557,0.10698753411088525,0.15382143054743674,8.068119568677917
static,1,2,24.010033337344773,0.12167226590021851,11.232785421803104,0.7111400000000009,4.757727785492333,0.6233333333333333,3.8495193090213866,0.5593333333333333,0.14193410973766835,0.10379697200517633,7.6958095481420505
static,1,3,22.09138681819826,0.20218451843798518,10.588242725081374,0.685291111111112,4.8405075883029935,0.66,3.9867326428101992,0.62,0.17455065092570565,0.0932835482371086,7.361419027067114
static,1,4,20.397150406678602,0.2786382538549573,10.128862815113123,0.6633466666666678,4.908707937916059,0.6966666666666667,4.166324307789845,0.6123333333333333,0.18269613680855096,0.09463666550740855,7.038462161082042
static,1,5,18.705346566745206,0.373693929497416,9.254339834410665,0.641560000000001,4.967142170746579,0.7166666666666667,4.396127232345024,0.6213333333333333,0.20519502903073605,0.08058918979197616,6.7197580106488575
static,1,6,17.293913456883153,0.5000664312785259,8.770333377430681,0.6070555555555566,5.053225584057743,0.76,4.5859400554148655,0.6343333333333333,0.19105909576835978,0.07637805707078153,6.438693495623664
static,1,7,16.125822301315615,0.5806510086448582,8.220693862170844,0.5874044444444457,5.091816256529306,0.76,4.782254501163899,0.6173333333333333,0.1993980634559827,0.0692148593580482,6.182922666056335
static,1,8,14.887731952665547,0.7183206593782754,7.871827683209421,0.5566711111111122,5.151691686695775,0.7833333333333333,4.852162476753038,0.623,0.202300949453803,0.05723884875587662,5.923180892023372
static,1,9,13.75686307596567,0.8666127542371562,7.331082265725271,0.5507933333333347,5.159156637506636,0.78,5.0012214338519625,0.6106666666666667,0.21037628530684555,0.05812527642636001,5.670804867310569
static,1,10,12.848794416801855,1.0216574965988436,6.990938485675135,0.5424733333333346,5.169158769848297,0.7733333333333333,5.233853254255202,0.5836666666666667,0.2185791556429372,0.054180856553147576,5.46980276717865
static,1,11,12.0011728129721,1.1628161353963198,6.562805956101748,0.5281222222222235,5.199276557094478,0.7833333333333333,5.326503808761223,0.6253333333333333,0.24618825689967774,0.048804896227496855,5.280389716175116
static,1,12,11.319896410482809,1.2925292148004597,6.271447650728648,0.5257688888888905,5.202782070759415,0.7866666666666666,5.5297606130547425,0.583,0.255124502791434,0.053329033367733064,5.095973219978862
static,1,13,10.489624086097711,1.4473151777241582,5.85671078735712,0.5235266666666679,5.2061707831862805,0.7766666666666666,5.766402351008265,0.6373333333333333,0.24879818335641346,0.04780515422543286,4.897228089716016
static,1,14,9.794632195980295,1.6415131111458643,5.476496921051959,0.5183400000000015,5.210793377885503,0.76,5.663546870514959,0.6063333333333333,0.26663057325016765,0.04364368059414499,4.74093647292814
static,1,15,9.14250968634489,1.8010626890363262,5.120105061773572,0.5131266666666681,5.231171993618145,0.7966666666666666,5.839788453737164,0.6136666666666667,0.2649399277168006,0.047953216374269005,4.582253701753366
static,1,16,8.803132111246686,1.9454593718792337,4.965787394114926,0.5122088888888902,5.231511363738085,0.79,5.896674031688161,0.6236666666666667,0.2843413954171958,0.04372362687765165,4.498093961790478
static,1,17,8.149281587075672,2.121343960935513,4.517992620306087,0.5030666666666679,5.245482013270875,0.7866666666666666,5.904696431830055,0.6436666666666667,0.27545115184738767,0.04754127966976264,4.336960147314169
static,1,18,7.7933078445235635,2.246332229123207,4.335247658500561,0.49939333333333447,5.250115708260305,0.78,5.765272975263103,0.6166666666666667,0.2701108157201556,0.051814618559974594,4.234732177951712
static,1,19,7.398803880755721,2.4288260170275207,4.114435829611374,0.4830977777777794,5.282234704056351,0.8066666666666666,5.817986328700166,0.6396666666666667,0.3006179765050226,0.043396542827657376,4.132772637085711
static,1,20,6.924810506841655,2.6011543222688167,3.787855619169724,0.4750666666666681,5.291450178726251,0.8066666666666666,5.729215094375255,0.6366666666666667,0.31172823933922134,0.044565416809998856,4.006837327564673
static,1,21,6.585221498560319,2.8021662378128327,3.580560770772115,0.47429777777777926,5.29090133212701,0.8,5.681543953588362,0.6623333333333333,0.3132100640887158,0.04817762575115516,3.923531676508104
static,1,22,6.28660708454545,2.968659247195497,3.3416130132602806,0.4772177777777793,5.286977688806152,0.7933333333333333,5.747342494706611,0.6836666666666666,0.3375588474260365,0.046571555522793906,3.8360323064490274
static,1,23,6.0688908776815405,3.1046082329813047,3.2246349359856947,0.486577777777779,5.278813256180868,0.8066666666666666,5.743671112353867,0.6523333333333333,0.31925287135667635,0.04964316428325715,3.782588645496698
static,1,24,5.745531559380588,3.295016853493248,3.0259932525495357,0.47878222222222366,5.293945347917425,0.8266666666666667,5.708895873783182,0.625,0.3058691962781191,0.04896558650041622,3.690480905548821
static,1,25,5.4257700387068315,3.4852004492043203,2.7482836548186937,0.47735555555555687,5.293214520748493,0.8333333333333334,5.668647471352032,0.636,0.32578714587076985,0.04425745736891248,3.5911049239960646
static,1,26,5.235400998070496,3.6911392432163255,2.5686593051133597,0.4946844444444459,5.268614333636082,0.8366666666666667,5.662774429279333,0.641,0.31856956780729834,0.04925080266024538,3.5549192124923503
static,1,27,5.003954162224396,3.8319549092694523,2.436190259610622,0.5060200000000015,5.252953229676267,0.83,5.580136575746639,0.6133333333333333,0.30249311086754543,0.0502010950579062,3.475195801936614
static,1,28,4.807327057830957,3.999546994275294,2.3234864229088035,0.5091688888888901,5.249628866030193,0.83,5.622810240337688,0.6103333333333333,0.3070843633247315,0.05419494405949514,3.4074818036818333
static,1,29,4.61204502997597,4.238542011080581,2.2550633872232786,0.521397777777779,5.23410009876666,0.8466666666666667,5.639462405565421,0.6473333333333333,0.296974369169304,0.053418364687714534,3.341216813078122
static,1,30,4.4168759480548605,4.402664049408667,2.160365505549482,0.5433533333333345,5.191460232380012,0.8333333333333334,5.608523774155156,0.6616666666666666,0.2929753594605569,0.052237317779113446,3.2752231241940524
static,1,31,4.2496113754353315,4.631575773602693,2.150354452964603,0.5565333333333347,5.166363488427843,0.84,5.578870235890426,0.6366666666666667,0.29481050604449327,0.051497596114469184,3.2108713499661015
static,1,32,4.083942749503126,4.824475189910944,2.1573145393036057,0.5648488888888901,5.145891411241811,0.81,5.44226658481499,0.6173333333333333,0.2931159360944912,0.04922397906531033,3.1346667809400426
static,1,33,3.923224233295578,4.982170650076508,2.074390721018558,0.5812466666666679,5.119656310213086,0.8466666666666667,5.365189813879447,0.6036666666666667,0.3167980194125719,0.05248163300407882,3.0713390192148124
static,1,34,3.755541127129225,5.206062101912254,2.0208228131831443,0.6002022222222236,5.070996644303364,0.8066666666666666,5.280041841315332,0.64,0.3395135548888327,0.054914333029658105,2.9985153003744416
static,1,35,3.6549860907353295,5.372227121380571,1.9955764232786197,0.60574888888889,5.062430314743346,0.8033333333333333,5.028912348465492,0.6443333333333333,0.3368111384943236,0.05716642504955199,2.9473280190122275
static,1,36,3.5344328612925833,5.593480272912192,1.947649635107314,0.6184111111111124,5.030482083318914,0.81,4.864788909395584,0.6556666666666666,0.35331096813705104,0.05739527457406714,2.8903777170422082
static,1,37,3.4388235640576923,5.7578137696565275,1.8775984900829603,0.6284200000000011,5.006029665804054,0.7933333333333333,4.667429909438164,0.619,0.3719388315353106,0.06493543593775793,2.844758065162054
static,1,38,3.3418386620393568,5.976860792503434,1.8504782153898338,0.6461413466889272,4.963287822087403,0.7966666666666666,4.417892813049606,0.6464106844741235,0.38011521218107575,0.06331970890020426,2.790511907873794
static,1,39,3.2828853508010267,6.132346169877758,1.8035585886906014,0.6529269926322852,4.941468250403439,0.7666666666666667,4.1764033004347985,0.6510381781647689,0.398989066839011,0.05974086485696392,2.7558845797835105
static,1,40,3.2560776616000005,6.285610040907482,1.7730804630822918,0.6731527871812246,4.883409546291328,0.7366666666666667,4.089555117639808,0.6303317535545023,0.40187085121480975,0.05523750615855879,2.7494033643654476
static,1,41,3.158103357887384,6.509117771959935,1.732667804926559,0.698687500000001,4.808079426731566,0.74,3.7879310453953816,0.6545138888888888,0.3903319087513708,0.0592504622284034,2.705196194821253
static,1,42,3.0368628387257806,6.70885962764979,1.6749553027533675,0.7194077232883211,4.733761802744854,0.6933333333333334,3.66028544466386,0.6528073916133618,0.37745159211426554,0.0692857004250193,2.644950431425603
static,1,43,2.9640503057741587,6.876024880207057,1.6346818145864515,0.7400393894633194,4.659745833811725,0.6766666666666666,3.4770438193105573,0.6665435745937962,0.378534394805297,0.0691960129653628,2.6133727834368705
static,1,44,2.8374387209787213,7.127113714996865,1.575150636117138,0.7680144694533769,4.546397791833529,0.6266666666666667,3.3470307078721784,0.684887459807074,0.3626284160069928,0.08299039861210915,2.5679867214642087
static,1,45,2.741697051434206,7.318477822022809,1.5250820041304498,0.7910091743119272,4.444638705136702,0.6133333333333333,3.240159126004311,0.6474442988204456,0.33598817880502413,0.07805726986435191,2.5268472096081296
static,1,46,2.6080277990188163,7.450762610259522,1.464985942323676,0.7968287037037044,4.413133547497561,0.6,3.1899595131525147,0.7028769841269841,0.3364624855964916,0.08704039012959291,2.4703614565776055
static,1,47,2.493255216303887,7.588086335919755,1.4038602988886262,0.8083768444948929,4.3574657255518305,0.55,3.1830229173484095,0.6589103291713961,0.33585392050306184,0.09981105533040517,2.410653896213466
static,1,48,2.4279282049980124,7.6756444561189525,1.3550118632237347,0.7957503320053129,4.41867721537651,0.5633333333333334,3.1307009218742237,0.6593625498007968,0.3636326947070034,0.07598643957235288,2.365554174903831
static,1,49,2.376474904645743,7.813023319949197,1.3464503243378596,0.7771971496437061,4.502473167201192,0.53,3.2627366153191817,0.7181314330958036,0.37356842883981733,0.08172074814876673,2.33267664413975
static,1,50,2.3164407854464684,7.901262389430453,1.3228929322211147,0.7527304048234289,4.604854289530735,0.5433333333333333,3.5243242642982895,0.6968130921619293,0.4414867848883015,0.05314178606051671,2.2810459501332603
static,1,51,2.271704683987793,7.9982349001716395,1.3150992148925211,0.714711393170143,4.737579952864382,0.56,3.7980287013566287,0.670897552130553,0.49084953703331036,0.0534157299457222,2.2436748154115977
static,1,52,2.225822788956936,7.983078266412546,1.2852752716170261,0.7130020703933757,4.741381948609165,0.5633333333333334,4.208101624259421,0.7267080745341615,0.5201999211887606,0.055047725179304126,2.1834410370682757
static,1,53,2.1279453802390536,8.093111369135139,1.209796925231027,0.6969493521790353,4.784541310161875,0.56,4.505283406892701,0.6969964664310954,0.5241241911128031,0.0496366251853868,2.100449577569696
static,1,54,2.041255147348256,8.213820170284425,1.169290828222413,0.7091680440771362,4.745701809506819,0.54,4.683524548370698,0.740495867768595,0.6060365320821071,0.057953742214384624,2.013280508170629
static,1,55,2.027425571708979,8.28879484336466,1.1725779863796462,0.7051262433052803,4.756815967762774,0.5366666666666666,4.892400043040972,0.6985462892119357,0.6075738139443536,0.049969127993895794,1.955755699016418
static,1,56,1.9711827519408371,8.405024583948897,1.1351092901845203,0.7107425626610457,4.727476571265127,0.5366666666666666,5.1439263611710055,0.668306394940267,0.5992790250842098,0.052211499800509084,1.8844306306511385
static,1,57,1.9045242017663349,8.580928949971334,1.1126428867904368,0.6953126347563613,4.770801433330892,0.5466666666666666,5.234135306931351,0.703751617076326,0.5844683647846204,0.05387395542194303,1.8057398955349389
static,1,58,1.8840338650577908,8.629960763927905,1.1059286448959627,0.6934043392504943,4.774829243205854,0.54,5.415425664167367,0.6603550295857988,0.5831369491738149,0.05398924805271555,1.741055577550897
static,1,59,1.8214694231331259,8.858801028088028,1.107101298474196,0.6771557971014504,4.828669216219842,0.5833333333333334,5.4458367896059965,0.6842391304347826,0.5323019225542623,0.054987994604867675,1.6777841302551064
static,1,60,1.7890115587624604,9.05253336151557,1.123900700431677,0.6620269360269374,4.854576719583517,0.5666666666666667,5.503820992351817,0.6661616161616162,0.5300360999853048,0.04842415940326157,1.6158756211401801
static,1,61,1.7062852416228391,9.351168877256892,1.155645105355209,0.6501477987421393,4.899080515577183,0.5933333333333334,5.6089788645507115,0.685377358490566,0.5084355974717196,0.05045266967867587,1.534489608039067
static,1,62,1.6637606551008313,9.615977718840755,1.1885768154268106,0.6250279001468444,4.957577365306745,0.6266666666666667,5.6195869383584505,0.6599118942731278,0.46353553484530446,0.04273863234002553,1.5136709785864895
static,1,63,1.5719604768397255,9.982306173085501,1.168028677650787,0.614269444444446,4.98178284703755,0.64,5.606518878460411,0.7,0.4408665116171594,0.0424661545598078,1.4430388274998893
static,1,64,1.4012154117691262,10.31449235716282,1.0342211421076843,0.5965590551181115,5.020106860802715,0.66,5.686114845894515,0.6307086614173228,0.39673424196049184,0.03875673661277376,1.3518035866816984
static,1,65,1.1729233962207124,10.733741646605989,0.848864107220261,0.5908277571251561,5.028097770411199,0.66,5.670273239910788,0.6624535315985131,0.3950674533918114,0.03461930971218897,1.216825672656731
static,1,66,0.8458537146457682,11.274956838032118,0.5415420285728174,0.567267373380449,5.07713283121923,0.68,5.70555390177699,0.6367491166077739,0.37254889532358404,0.03616903464039687,1.060560808014018
static,1,67,0.7003491328451774,11.672036352205762,0.41817673350118917,0.5616406779661032,5.095925986055557,0.7033333333333334,5.751945189478599,0.6345762711864407,0.3494318281341683,0.034937683575454466,0.973272053261721
static,1,68,0.629480947057403,11.987485597507622,0.3695599698689081,0.5409888888888901,5.14285266493187,0.7233333333333334,5.732165197890816,0.6346666666666667,0.34116056082183316,0.03444927821862807,0.9227364010063038
static,1,69,0.5865576268371153,12.18388472041514,0.3357697716965408,0.538617777777779,5.152458584296286,0.7433333333333333,5.711386234261593,0.6446666666666667,0.3066849765866437,0.031680344652480874,0.878935915824488
static,1,70,0.572158484216204,12.384108357819876,0.3287804965521828,0.5420742723318848,5.144518458550349,0.73,5.620192898329528,0.6172632987621278,0.2893723514108819,0.03188367159729389,0.874690878947677
static,1,71,0.5581555024173109,12.541201815206188,0.3195774327633903,0.5388903803132004,5.149642921235213,0.7133333333333334,5.774044121923097,0.6419463087248322,0.3039247702139795,0.030317083873585417,0.8597542750761601
static,1,72,0.5314366608155889,12.749684021746791,0.2989878088694491,0.5372684563758403,5.15253098946693,0.71,5.727759617270518,0.6154362416107383,0.2787081508523205,0.03470465379134109,0.8376581916783072
static,1,73,0.5172673750963828,12.96257755872628,0.2861134548910763,0.5257874720357952,5.172243204933563,0.74,5.643419989557364,0.6345637583892617,0.32118103095682066,0.0373360428700986,0.8248821214289105
static,1,74,0.4958752014464942,13.171932468070787,0.269422966837241,0.5269440715883681,5.167596755607989,0.71,5.611579105909129,0.6640939597315436,0.29783707726472164,0.031128692142624034,0.8012033288002733
static,1,75,0.48894836030384403,13.332011936556281,0.26506511312000075,0.5243109619686813,5.1811558941077696,0.7466666666666667,5.558953732456877,0.5976510067114094,0.32755312845319196,0.03366153798042343,0.8050094909167393
static,1,76,0.47064099051301356,13.51529885466518,0.2513848763279696,0.5220246085011198,5.184972199824619,0.75,5.637827975729992,0.6741610738255034,0.32598741375232937,0.03631035215787538,0.8087653563235936
static,1,77,0.4674996700332551,13.71832604372392,0.24486541423678215,0.5239554069119305,5.1926550341416915,0.7633333333333333,5.650409305503257,0.6364548494983278,0.36766418886479246,0.03374704357676494,0.8065598500740884
static,1,78,0.48427898732801655,13.772936298470459,0.2740594122365858,0.5222274247491654,5.201837715443732,0.7866666666666666,5.594542851835843,0.6280936454849498,0.33828881316668863,0.03485814208724425,0.815703115997371
static,1,79,0.4740268082186921,14.01205598490263,0.2796210813704359,0.5330813823857319,5.19126794244052,0.81,5.603348213242788,0.6214046822742475,0.37301897926320693,0.03139325028256917,0.7973985890386701
static,1,80,0.48885083694530573,14.201932034278736,0.3059947962657712,0.5325083612040151,5.186490900177036,0.7866666666666666,5.599669056110418,0.6752508361204014,0.37923053253892336,0.03517379263896291,0.7792195894954316
static,1,81,0.5072338703548003,14.272838303161292,0.3307633126237294,0.5335518394648847,5.188511569673967,0.8033333333333333,5.629349211446871,0.6511705685618729,0.4102770461997165,0.03437232787851983,0.7813179493377872
static,1,82,0.5264918639597224,14.382974358115279,0.35339447858097645,0.5317146042363452,5.189222851319511,0.8,5.587647100278225,0.6581939799331104,0.41552293717899025,0.029922354906875035,0.7709312751643115
static,1,83,0.5586350357672952,14.551147525613526,0.3938156359501249,0.5174379521424619,5.221141484680896,0.8266666666666667,5.584767159407733,0.6878130217028381,0.4586906968670185,0.037386096588882964,0.7625573001197141
static,1,84,0.6319361706305556,14.59951307379593,0.46389639090551144,0.5247335562987756,5.208100769028084,0.8233333333333334,5.51275150521162,0.6959866220735786,0.46840129235187494,0.03521197484432778,0.771426017614584
static,1,85,0.6713982152048641,14.70851023141347,0.4979843766215294,0.5166666666666686,5.227678919308811,0.84,5.433630847024972,0.6806020066889632,0.4734824985085905,0.03440424212870034,0.7585981893807431
static,1,86,0.7406386187226245,14.860733322499463,0.5701156509198252,0.5214244250948885,5.2161306825094815,0.8333333333333334,5.365576759973984,0.6202277294038848,0.476525543173269,0.044794107108348594,0.7671656403415529
static,1,87,0.8220949350038862,14.935042427702836,0.6433926161858872,0.5186486790331661,5.211368611124415,0.8166666666666667,5.21140852432593,0.6860033726812816,0.49519913708188196,0.03871845030900758,0.7598342632840388
static,1,88,0.8930937688547469,15.094514903001174,0.7251288208121538,0.5195202364711247,5.211933981247467,0.8266666666666667,5.095114121321171,0.7022510231923602,0.47482463448916656,0.037703634657969026,0.7725872855624504
static,1,89,0.9401025513428364,15.251721226218963,0.7735375658638377,0.5199539753768279,5.200744153841638,0.81,4.969639075689767,0.6589575422851225,0.46795902603152106,0.03438390943421903,0.7504215211491849
static,1,90,1.0118190692545648,15.459269343665634,0.849596800539549,0.5284827426453571,5.172521933605845,0.7666666666666667,4.8438283846221895,0.6775538568450312,0.46479983514561807,0.039745615295150895,0.7552658934649915
static,1,91,1.0256001836721786,15.615199702021085,0.8731225769088438,0.5359215964104396,5.160971753405115,0.77,4.7318279497631135,0.6822529224229543,0.43848113605466144,0.03685724698418197,0.7360930230047144
static,1,92,1.068280536844372,15.831545563706317,0.9201406141576728,0.5519021540708304,5.121285810347681,0.76,4.476775106509665,0.660825118656444,0.4043048221375451,0.038861447318877654,0.7220183338425102
static,1,93,1.0480496208526686,15.998262621288555,0.902331652284228,0.5619558916194092,5.10415254661076,0.7633333333333333,4.377351980495888,0.6533081285444234,0.3901401934173775,0.036626192764350654,0.6850900065273472
static,1,94,1.0618021630724386,16.14429114005318,0.9170604945579128,0.5721593127684516,5.096469017770868,0.7666666666666667,4.243704036161684,0.6415462709878954,0.3757019297243776,0.03446024556512172,0.6772441331798987
static,1,95,1.0342328273472796,16.32777719484349,0.8954993613165037,0.5741371534686308,5.096089960375812,0.77,4.203207792830613,0.6307202546756864,0.35665852763918765,0.04680208279279486,0.6387826592489841
static,1,96,1.0221237176053708,16.425974304067864,0.8852543144344238,0.5828134806931391,5.078681603931251,0.7766666666666666,4.125280182965521,0.6406058125255834,0.331255022400164,0.043253347730127914,0.6444496195663306
static,1,97,1.00545251014984,16.54957897641482,0.8737647593580498,0.5930174703004905,5.067131516833433,0.79,3.970467798634751,0.6545073375262055,0.31683965940402314,0.04571979212594537,0.6057743757920847
static,1,98,0.9417974155624178,16.69225753635588,0.8149445104274429,0.5890530144076109,5.079692941008627,0.8,3.8308354188482947,0.648342425514058,0.34714287366414087,0.03856262946433225,0.5579511979802997
static,1,99,0.8957336511978199,16.89391863754082,0.773789478794942,0.5834761702729476,5.095655249818442,0.7933333333333333,3.8692168761632817,0.6656767076792532,0.34682265639698423,0.04214771077735474,0.5406823071630938
static,2,0,27.78435841531251,0.016151520529409158,12.89457351480036,0.9304711111111114,3.372934649240204,0.18333333333333332,3.638646978668851,0.6073333333333333,0.3250146460869333,0.4634980066946012,8.30270392608623
static,2,1,26.075743128969872,0.06048834511277862,12.70744590162742,0.8693866666666671,3.948949079891801,0.25,4.187911342224836,0.6523333333333333,0.3283333217886037,0.1925439822189048,8.055695822324685
static,2,2,24.38219845370321,0.1199759465189959,12.045112070952403,0.8327355555555561,4.175952688001408,0.2866666666666667,4.609127810624936,0.654,0.3110406299503405,0.14361349263052048,7.797451449518005
static,2,3,22.89704022869809,0.17826292245942388,11.524619090403053,0.7994155555555562,4.344998816883842,0.33666666666666667,4.797246775781929,0.613,0.32254331634575495,0.1291015040744143,7.546325649182067
static,2,4,21.560196278068247,0.25949800983606197,11.055737139763663,0.7736644444444452,4.457222249246189,0.37333333333333335,4.927272209691655,0.6443333333333333,0.3065708292492983,0.11344974427017772,7.32409357141283
static,2,5,20.185830948755413,0.3504921131097094,10.512196704513302,0.7467488888888896,4.5680276873765955,0.42,5.075758732994816,0.638,0.3032126831795921,0.09785593949680638,7.092813423731298
static,2,6,19.11402951046753,0.4369362919801263,10.138642781238724,0.7317577777777788,4.635885470842808,0.44666666666666666,5.202085735617084,0.604,0.2981611683772239,0.08993961619735613,6.893025024235624
static,2,7,17.919223568815276,0.553747514341931,9.439486577881842,0.7131777777777787,4.706791770904339,0.49,5.291739696313602,0.631,0.2870105917927692,0.08981081082087274,6.697049720328274
static,2,8,16.89270723341356,0.6471079963457942,9.008840745268586,0.6882422222222231,4.787459551925925,0.52,5.285591039268473,0.6356666666666667,0.2787381031239425,0.07687550166265336,6.472885471136762
static,2,9,15.917534197984317,0.7849622499515989,8.800740880588954,0.6635511111111121,4.857760932291043,0.5466666666666666,5.454144181531165,0.607,0.2743362148138685,0.0740514275885793,6.271967275180246
static,2,10,14.827141032507216,0.8967307533732864,8.066875827920278,0.6432466666666679,4.906986898188441,0.56,5.514617598010417,0.622,0.28319338903590446,0.07185194864761428,6.053951984458277
static,2,11,13.920261269386058,1.0528784265948958,7.675186639541276,0.6375088888888899,4.925640284414033,0.5666666666666667,5.515394730717662,0.6323333333333333,0.2678947002724756,0.0700979573115796,5.869476556070544
static,2,12,13.284458407912636,1.1819912491499738,7.456280034757262,0.6286822222222233,4.948991018396484,0.57,5.517937643221047,0.6163333333333333,0.28937597180661734,0.06626318656117418,5.729048411874959
static,2,13,12.330234078925526,1.3455579947196485,6.874800647664771,0.6380511111111122,4.938748676464476,0.5833333333333334,5.448596429784338,0.6253333333333333,0.2791393892725828,0.07358430011680786,5.518641678364712
static,2,14,11.657435890097851,1.4809182085518435,6.524988165315761,0.6266466666666677,4.9656027109487315,0.6033333333333334,5.492243109597821,0.6173333333333333,0.27754345497194305,0.06401700180337952,5.363442790159198
static,2,15,10.952747276155158,1.6212156392198052,6.097171537336497,0.6265600000000011,4.969104442397815,0.61,5.5746662098465425,0.6476666666666666,0.27994868951638807,0.06706350695514782,5.1927444531092775
static,2,16,10.27110164685961,1.8002650135854494,5.65160843721388,0.6243355555555565,4.98046850984035,0.63,5.5188731922213075,0.6366666666666667,0.2935590322024448,0.06367212179518682,5.044499541378855
static,2,17,9.603272009572672,1.9998445040220683,5.295064052882992,0.6283266666666677,4.975577570778016,0.6266666666666667,5.509767797617877,0.6376666666666667,0.29076011133398183,0.06142621668550461,4.876806489856556
static,2,18,9.065557693691314,2.1243671553682084,4.918249517473469,0.6300711111111121,4.969005233791554,0.63,5.375947204468612,0.6143333333333333,0.2841498215401732,0.06429353612790145,4.732935638939984
static,2,19,8.566542348231765,2.337431985982745,4.646187720163552,0.6348755555555565,4.956373318655323,0.6233333333333333,5.226981938005161,0.6446666666666667,0.3040621418091495,0.06015765194557764,4.609644573192697
static,2,20,8.064247309278311,2.500910288819891,4.267656956008668,0.6391555555555565,4.95193403613625,0.63,5.122784383870073,0.6866666666666666,0.2990145737859282,0.056857904880350696,4.470341029361124
static,2,21,7.630278741247813,2.6813436515444353,4.002698493768091,0.6553577777777788,4.91675934541832,0.64,4.927637084588998,0.6233333333333333,0.30689124254676964,0.05988238570281914,4.347166775712041
static,2,22,7.145542833526803,2.8399949734710486,3.614869441450033,0.6609955555555566,4.8963931538993135,0.6166666666666667,4.728700964555457,0.639,0.31106752772415613,0.07212690631808279,4.214952707602474
static,2,23,6.771357415244347,3.046617278309311,3.364074298519945,0.668900000000001,4.869372464411661,0.5966666666666667,4.584471603758586,0.6223333333333333,0.3287889400954168,0.06426751811426733,4.096490177679538
static,2,24,6.367891043543006,3.2273835553256536,3.0630022216060846,0.6698977777777788,4.877258839257437,0.6366666666666667,4.545009232356275,0.6543333333333333,0.32149629225900034,0.06879637820040296,3.967259784755683
static,2,25,6.021798295741423,3.4290378130715284,2.799837909457798,0.6710111111111121,4.872973833845311,0.64,4.313597762288308,0.6596666666666666,0.3247292480998905,0.06762977705702163,3.8645156504130163
static,2,26,5.67980947661436,3.624100089567623,2.6254123826458446,0.6785888888888898,4.854981598011821,0.6433333333333333,4.344000844006965,0.653,0.30386838426012047,0.08206426857742646,3.7457516893953593
static,2,27,5.385505984170908,3.815659340615027,2.4559300049636406,0.6790844444444453,4.857732181638752,0.66,4.398287673525381,0.6446666666666667,0.2751635422661482,0.0723234304968051,3.6510586293705836
static,2,28,4.996107367394531,4.008662026077886,2.3045859228446828,0.6856044444444451,4.839078958090981,0.6633333333333333,4.361651760794576,0.6196666666666667,0.259239587849193,0.06931287408841588,3.4997742354403667
static,2,29,4.719005036748162,4.2282378711229915,2.2068668967306624,0.6902266666666677,4.826687600232795,0.6666666666666666,4.346050757889758,0.627,0.2559781229580636,0.07513571496156635,3.386282468664486
static,2,30,4.420151477087316,4.427316377286839,2.100288362569587,0.6956266666666675,4.809184558066723,0.6466666666666666,4.38273115361214,0.6226666666666667,0.23382000205783768,0.08291026783673842,3.264219641622169
static,2,31,4.099234345006825,4.639377950004144,1.9544602055103635,0.7011244444444453,4.790571878928956,0.64,4.242267101778657,0.5793333333333334,0.1961093156544248,0.07978636888853607,3.118603753864944
static,2,32,3.812510267624869,4.869744494150353,1.8299261320344709,0.705671111111112,4.77635015344001,0.6466666666666666,4.057297182055857,0.619,0.20620958603788647,0.0775388036456148,2.9899939172586287
static,2,33,3.5869137100312543,5.0504968643651775,1.7167394047920856,0.7163088888888897,4.740614301027033,0.64,3.89226634166484,0.581,0.22794426694361553,0.06764133498653623,2.875966876672758
static,2,34,3.3892698357070405,5.244118645715636,1.5810123074532172,0.7230866666666675,4.717876500953552,0.6566666666666666,3.7722629897297124,0.5826666666666667,0.2703513409510316,0.07448122325444308,2.7723311164932105
static,2,35,3.217077735470751,5.40017590726666,1.4813200617048836,0.720902222222223,4.72909644235183,0.68,3.5983584356321336,0.6293333333333333,0.29156449218684355,0.07092692839209867,2.68132071119072
static,2,36,3.054351414564876,5.634114618626416,1.4108775141351917,0.7226444444444453,4.718986893304573,0.6766666666666666,3.503680750399074,0.6216666666666667,0.3113199371339702,0.07710983790318156,2.5918869225958523
static,2,37,2.8659404972285905,5.887000808169452,1.3365846488553499,0.7232622222222231,4.716351904755946,0.64,3.358162839958299,0.6473333333333333,0.3430950885241191,0.06557788860033442,2.4914067156268342
static,2,38,2.78366494137796,6.054082338631173,1.300496011664876,0.7267579603651759,4.703977874012947,0.6333333333333333,3.268611651963216,0.6693386773547094,0.35997486020539055,0.0712243199124004,2.4491823241018973
static,2,39,2.653178023621578,6.258833796418471,1.2687157141826833,0.7328857399910041,4.6793323578220445,0.61,3.15500926436689,0.6697031039136302,0.37175439627969986,0.0715798164182452,2.3715735149352697
static,2,40,2.5373112555514545,6.46654353874609,1.2516143725306956,0.7408407789232538,4.644255088214417,0.5833333333333334,3.0716701010662883,0.6896907216494845,0.37962233739482903,0.0647854660532679,2.3198208358007513
static,2,41,2.420796304318931,6.71815463631347,1.1979289787213625,0.7457378957169469,4.620504964119249,0.5533333333333333,3.1245764647563146,0.6330307262569832,0.37070395237802284,0.0720358982549385,2.2635976688590174
static,2,42,2.306841241572457,6.902820094058738,1.1434857495787079,0.753668232743044,4.579927357601441,0.53,3.192903586538796,0.6563064691001084,0.3620601655287179,0.07701030700179307,2.198808600201596
static,2,43,2.1751422209876567,7.142985265204618,1.0844856020491993,0.7700088753645247,4.508455750172725,0.5233333333333333,3.156775201374555,0.6337010270064664,0.3495030165925802,0.07409559371227328,2.13939984994996
static,2,44,2.1184182912761598,7.315055863169392,1.0746118402955551,0.7888898128898136,4.436441380506821,0.5,3.1927037465984798,0.641995841995842,0.3262334037272938,0.07533319169793629,2.1252829499428976
static,2,45,2.024464694845647,7.51314994499473,1.0181937405307437,0.8013056835637488,4.387497329107845,0.5,3.2227304496767957,0.6829493087557603,0.319540332650157,0.06988743002210494,2.089915680133179
static,2,46,1.952402811980512,7.660223465100753,0.9896888846673839,0.8099058380414319,4.355720025493812,0.5166666666666667,3.3602733319834726,0.6435541859270673,0.3116401478996625,0.09209277904614592,2.057715924918058
static,2,47,1.8776231766104663,7.80913828196979,0.9410029374937177,0.8109733487833147,4.347733957026504,0.5233333333333333,3.4221174813293476,0.6326767091541136,0.3140675184111105,0.08457101886474952,2.019250424873103
static,2,48,1.8414600456841788,7.922725433230063,0.9282946291891886,0.8001208053691283,4.403133517800589,0.5266666666666666,3.675678569328542,0.6691275167785234,0.32204864365674,0.08597339961523398,2.0026809806279924
static,2,49,1.8017607834907463,8.027514110430248,0.9111506260154545,0.7877198286722104,4.459748005109783,0.5233333333333333,3.9164818521113594,0.6455026455026455,0.28809952659793053,0.06507600399686313,1.966439528124815
static,2,50,1.7843170048807935,8.13581494402797,0.904232380716492,0.768344370860928,4.543079989131876,0.5466666666666666,4.3353981431717985,0.6581125827814569,0.3224752927097264,0.0650079585375638,1.9388966600783266
static,2,51,1.7639640212676029,8.201623276714052,0.9168009041114715,0.7454627133872425,4.62892606361892,0.52,4.765204684915487,0.6945193171608266,0.38157431251294505,0.06630283274517021,1.88887564433624
static,2,52,1.7426709840011925,8.292076559187295,0.9209414557465494,0.729463301421527,4.691452039447503,0.5633333333333334,5.0374121253975055,0.7188859878154917,0.4209861316697868,0.054559911708518524,1.8394110087756854
static,2,53,1.7310113540059648,8.350086164162445,0.9459890861976455,0.7312860438292974,4.679923261422749,0.5566666666666666,5.2452739735558795,0.698961937716263,0.4651065879776834,0.056678584243986724,1.7934073839053433
static,2,54,1.6905066322671438,8.461068073875502,0.931559716984802,0.7302654372729821,4.689160156823473,0.5833333333333334,5.516679972751068,0.6730930427493713,0.4500989055358631,0.055687148678634744,1.7388651391179308
static,2,55,1.6922733598662711,8.502597843941675,0.9420009708625595,0.7323758865248237,4.680511346179402,0.59,5.619990440387915,0.6656534954407295,0.4013197001111321,0.06239205339437537,1.7017521778477687
static,2,56,1.684952842824684,8.652934422002424,0.9787240524070222,0.7233263840630078,4.707320850204745,0.6,5.75118758782776,0.6574009728978457,0.3760850611095153,0.061358636203837434,1.6630681459365724
static,2,57,1.6185370414518327,8.775923584235375,0.9231351995615352,0.7150496723737063,4.729012738601166,0.62,5.759395491946768,0.6550412175015853,0.3593939420743257,0.05992777060114522,1.5802794379331482
static,2,58,1.59473673660234,8.923730203924363,0.9269555910621091,0.7064904034469262,4.746649103796075,0.5966666666666667,5.8283374821946285,0.6198589894242068,0.3316086711825332,0.06436678746663266,1.5361218531290397
static,2,59,1.544578839821251,9.037905373453713,0.9041510275432258,0.6866414414414423,4.798097664365356,0.61,5.876844224128478,0.6232432432432432,0.3261473033874157,0.049337546125471816,1.4720322566195652
static,2,60,1.5505793654376518,9.218865074614456,0.946938446944218,0.6740368509212744,4.82984430203505,0.6166666666666667,5.839715568781856,0.6025125628140704,0.31149352726017004,0.052616451888897714,1.4700535816594293
static,2,61,1.5200249092732543,9.389111315797129,0.9513243669410476,0.6603254344391796,4.862112533384485,0.63,5.815014822250344,0.624170616113744,0.29766963486016956,0.05030330723055181,1.4229841085371708
static,2,62,1.4085980688907167,9.711002318154378,0.8935375341428126,0.6471762962962975,4.904604657735926,0.6766666666666666,5.844746522497385,0.6231111111111111,0.29209861853157865,0.044571333522571914,1.3417884098654582
static,2,63,1.3129196662093554,9.977858448258765,0.8462508474176298,0.6259111111111122,4.960839047112609,0.6966666666666667,5.824336209951101,0.60375,0.2964162954874432,0.042172191413677486,1.2654580526758288
static,2,64,1.1643094036160944,10.378789092119236,0.7574248261767951,0.6186471904197934,4.975927172147663,0.68,5.761148728406675,0.6510067114093959,0.29323598693645003,0.04016078248663388,1.1881143760569082
static,2,65,1.0534146450176867,10.803704001013138,0.6942144953933465,0.6005497512437825,5.01505852679777,0.7033333333333334,5.743237183788613,0.6223880597014926,0.2942000971482264,0.04713530062988267,1.1470722786288812
static,2,66,0.902151294605826,11.403483813177832,0.5907865154028074,0.5907750562063676,5.036679606242508,0.7066666666666667,5.735686804695318,0.6166134185303515,0.2977076691365607,0.04325566461402375,1.1024973556584419
static,2,67,0.8063277111417102,11.740776254511875,0.5196832456124377,0.5731933152664876,5.0703748359785505,0.7,5.743916496714611,0.6378726287262872,0.3043236462566678,0.0408203105803725,1.0757741674944215
static,2,68,0.7642614648412979,11.975417029421646,0.49085184228863243,0.5578083417197823,5.107068768464643,0.72,5.688037738445646,0.615229788661523,0.30617591050932264,0.0385110573694165,1.0532983480830425
static,2,69,0.7223094018017082,12.136381147430782,0.45746240523565795,0.558591076819861,5.121320739622216,0.7466666666666667,5.617238276299023,0.6621938946662194,0.31129548083129416,0.041149664319168965,1.0249569366860543
static,2,70,0.6801690487096175,12.368951899028476,0.42518934942442255,0.5565340465841986,5.136336989528271,0.77,5.581190574527428,0.6666666666666666,0.32445867798887457,0.0437834443678097,0.9808982683730038
static,2,71,0.6799261514040507,12.484070570128019,0.42644272329278393,0.5504503901895222,5.151785117298372,0.7833333333333333,5.4935477174823335,0.6648829431438127,0.33583547096480015,0.03760066014709977,0.9609344384915869
static,2,72,0.6284987880820905,12.72127491462138,0.37984942566849184,0.5460936454849517,5.164151574767479,0.7833333333333333,5.539263068387798,0.6344481605351171,0.3512782365160358,0.03716084769490342,0.9408066399964322
static,2,73,0.6051126172407051,12.840580804448596,0.35846844224668617,0.5392666666666678,5.178556900822007,0.79,5.563244622157089,0.6453333333333333,0.3640694432329446,0.039122647934567434,0.908517954653716
static,2,74,0.579222761988934,13.042697693023612,0.3356734681375659,0.537786666666668,5.190612734920147,0.8233333333333334,5.521532265999017,0.631,0.3669430834307439,0.03340291001281713,0.8753090782560694
static,2,75,0.5709476395632489,13.207856402249437,0.3308795169877612,0.5402355555555569,5.1834993291990425,0.8,5.477782401965464,0.635,0.3715303934704503,0.035163641254972525,0.8626572790788872
static,2,76,0.5736506340861023,13.426874550713528,0.3450525041777478,0.5390800000000013,5.19168964734868,0.82,5.374177589801132,0.684,0.36042153351307654,0.03678305154311346,0.8460692410998893
static,2,77,0.5663452205687157,13.555684108340536,0.33873219442696834,0.535926666666668,5.198577984676625,0.8366666666666667,5.295081092977407,0.6306666666666667,0.3664479276729499,0.03662972003916276,0.8059860578134924
static,2,78,0.5720498908468422,13.732092228913121,0.35231595312777464,0.5216266666666681,5.223157538723351,0.8566666666666667,5.219416962121957,0.6613333333333333,0.3763154828673528,0.03560506343788077,0.7783718433343626
static,2,79,0.575919103231503,13.895968256925812,0.36561935691526104,0.5295044444444457,5.210864378667091,0.87,5.09956082998842,0.6756666666666666,0.358525599925554,0.03636987611058819,0.736204734436139
static,2,80,0.5916995451654703,14.071180701530913,0.38261290140644943,0.5282377777777792,5.21511328302142,0.85,5.003695958027469,0.6463333333333333,0.3326348252026258,0.036042794351617884,0.7077642476357209
static,2,81,0.6090717391049025,14.302986095248968,0.409214495355258,0.532809539730303,5.203936827193586,0.8266666666666667,4.871366510227959,0.6509528585757272,0.30712470869657404,0.036305519815581735,0.6840035859619498
static,2,82,0.651699890407029,14.401795404107725,0.45459015704723044,0.5418416945373485,5.189319123268978,0.84,4.654976042676949,0.5996655518394649,0.27456635883161495,0.03915680810417652,0.6869965005193593
static,2,83,0.6703546079903303,14.5376097686592,0.4779356943348996,0.5336859725477081,5.201744047722503,0.8366666666666667,4.499897159230277,0.5808503515232675,0.23959844849487857,0.046481613788115335,0.6507838435441266
static,2,84,0.7166919790189039,14.704481934022905,0.532948125978401,0.5353170077155336,5.19682798021645,0.83,4.311077159308277,0.666890305266689,0.21729381243340762,0.041619752939412384,0.6266836690542515
static,2,85,0.7724791935280526,14.859424247710418,0.5946620754927886,0.5545167118337868,5.153405199122041,0.7966666666666666,4.20655901740744,0.616869918699187,0.19407864530893795,0.04007776866522997,0.6067626325748511
static,2,86,0.7994527140249873,14.95937075137585,0.6315232962110822,0.5505937004305479,5.159635789438724,0.7933333333333333,4.092532809187911,0.6135282121006118,0.20000158448881722,0.038529656617891914,0.618237755034491
static,2,87,0.8540343713779137,15.146628254341284,0.6935880789734614,0.5531455717679014,5.156810392112142,0.8133333333333334,4.024577257213312,0.6470987444859179,0.2193992362394367,0.04393548760034827,0.6098092448778591
static,2,88,0.9040992496971335,15.34239488174546,0.7450698478758045,0.5586848072562374,5.143092422486091,0.7766666666666666,3.9094441685022194,0.6197278911564625,0.22922487442665468,0.04607020631014439,0.6004316049091217
static,2,89,0.9361801072726337,15.503768797467389,0.7938668834829516,0.5589508495837623,5.134849125760029,0.7566666666666667,3.8399417714556194,0.5959630516592542,0.24200954534180402,0.042199809564360646,0.6148435749874642
static,2,90,0.9918427273807859,15.633276281580134,0.8612737248127339,0.5598993710691842,5.130864447321667,0.7633333333333333,3.8613683721972465,0.5938250428816466,0.26997097859140967,0.050943080368776955,0.5929962124524911
static,2,91,1.0140433095187078,15.9255169552189,0.8955010343546088,0.569177908451518,5.110619169950424,0.7433333333333333,3.8796604394104084,0.636112071947423,0.2895637265331657,0.048448195895951306,0.6039743315765036
static,2,92,1.0702658251018753,16.03275795820315,0.9609634061183892,0.5673628031094111,5.112699853462141,0.7533333333333333,3.7652250216172596,0.6032022276366168,0.3194716261999295,0.04552264926336134,0.6322069176450351
static,2,93,1.1002985493243316,16.118846738218643,0.9986753244479429,0.5768871595330752,5.095340269448708,0.7633333333333333,3.729728241745244,0.6176158471878316,0.34012543948665036,0.040245943856624965,0.6503550862468018
static,2,94,1.0977788095385486,16.25403638574624,0.999292502287726,0.5791852384375762,5.08028810137753,0.7533333333333333,3.726572604157212,0.6261682242990654,0.3723286817630785,0.04370739056981317,0.6460351816129059
static,2,95,1.053117761636228,16.505635804563806,0.9619085793902167,0.5898985454100982,5.054417711105343,0.7233333333333334,3.581664269006321,0.6556655665566556,0.3889946585254896,0.03727378873992651,0.630082283649274
static,2,96,1.0109108407201348,16.694649227489116,0.9223867173872831,0.5995641406636967,5.044106726377079,0.7533333333333333,3.522171896612384,0.6329866270430906,0.40840080823300173,0.044488827506629365,0.6327071655061692
static,2,97,0.9797589616133238,16.875573615531316,0.8979906787647677,0.6038331454340486,5.038747095672912,0.7566666666666667,3.5482506278136476,0.6565201052236002,0.4206955699639856,0.04354192478631333,0.5848195058178921
static,2,98,0.9853231814108634,16.989456802747462,0.906388451448873,0.6095749270397169,5.03179839772592,0.7766666666666666,3.557932430166502,0.6589265321659687,0.4364612727664911,0.04752730078658871,0.6260120146767671
static,2,99,0.9790708580522504,17.171080543232137,0.9028800470919583,0.6166019801980208,5.018161205166727,0.7666666666666667,3.6258651290891555,0.7192079207920792,0.45047899483822157,0.05722960146721757,0.6282154293306761
static,3,0,28.46511196213657,0.018648013223131255,12.85026582190095,0.9026644444444447,3.697234200569483,0.3333333333333333,3.6162450201772542,0.5786666666666667,0.21623171941219121,0.35873664576450953,8.419033551617053
static,3,1,26.356741189344287,0.058431279917042,11.982502600361133,0.8571333333333339,4.0754412782491265,0.42333333333333334,3.787794594461751,0.6326666666666667,0.22679946833667383,0.19202879536470868,8.095452724878607
static,3,2,24.265241390863366,0.10947633003846308,11.320185906383117,0.8089111111111118,4.360074140932036,0.48,4.020383096315257,0.641,0.23051470992770362,0.13579885642966139,7.742422001664122
static,3,3,22.70006382000833,0.17112803565731238,10.668974937959389,0.7620177777777786,4.572541228738481,0.5466666666666666,4.109159203157575,0.582,0.23600753296660082,0.11441601584403444,7.482571242757733
static,3,4,21.15204539274936,0.2512689774513387,10.211970667992812,0.7333733333333343,4.677990251646337,0.5866666666666667,4.095507071955737,0.6123333333333333,0.23538629478874049,0.09840176893969463,7.212717013324048
static,3,5,19.82093185764675,0.33198108789012504,9.714191814752159,0.7098244444444453,4.7596325531708725,0.6166666666666667,4.250287915201404,0.614,0.23160108331506488,0.1009620046849149,6.977535026619893
static,3,6,18.2363223346786,0.42783484164898855,9.088423661673604,0.6925488888888897,4.817259912944997,0.6466666666666666,4.237073914706888,0.6436666666666667,0.24109895543003892,0.08583222762789326,6.658823881140105
static,3,7,17.054815824153888,0.556628279326699,8.596328782460066,0.6914355555555564,4.819660101927181,0.6466666666666666,4.274992871007914,0.624,0.24578881185216156,0.08475178960473077,6.442241033250771
static,3,8,16.078855518337186,0.674228705521887,8.145853397450086,0.6725800000000008,4.876438502192525,0.6666666666666666,4.445763896866246,0.6003333333333334,0.256241307841647,0.07323048225138007,6.2577617948306665
static,3,9,15.116213267369606,0.7944004140572054,7.886956274057831,0.6716755555555565,4.883379618446348,0.6966666666666667,4.447636887551252,0.608,0.27402502373873205,0.07699215358658083,6.045099043582301
static,3,10,14.231292049075472,0.9183138051969344,7.538880437278813,0.6383688888888899,4.977351388968614,0.7433333333333333,4.59851973482562,0.611,0.26868624806860075,0.06608285891954621,5.856106567541727
static,3,11,13.312065232149022,1.0556723138219954,7.170702105449353,0.631320000000001,4.9940055040655,0.7433333333333333,4.636482231157517,0.6336666666666667,0.28053403718813813,0.06726184333382476,5.649691944607226
static,3,12,12.71754035047319,1.1935114477121678,7.09730611913414,0.6283200000000009,5.00350862851753,0.7433333333333333,4.680430955425262,0.6253333333333333,0.27913796265323837,0.0657603921419711,5.513675909881427
static,3,13,11.77840006050888,1.381068475338691,6.586464144499214,0.6147733333333343,5.0351759092265,0.75,4.897115437019849,0.6226666666666667,0.28193025628018975,0.06247254164823824,5.315856143514137
static,3,14,11.236400229880257,1.5191487006679663,6.364370270382919,0.5895222222222232,5.093996514233353,0.7866666666666666,5.01759765336276,0.6116666666666667,0.27983782721305084,0.07088426651894143,5.192009434184828
static,3,15,10.572892228116572,1.6630497741992176,6.082747024848367,0.5772977777777788,5.122219994225041,0.8166666666666667,5.2514924389427735,0.6173333333333333,0.2858011919278738,0.06479608082549258,5.027362050863813
static,3,16,10.114842462070301,1.8143988587444184,5.865142668609124,0.5650755555555568,5.147293872212263,0.8033333333333333,5.4116876028611065,0.624,0.30003415344415163,0.05630603500959538,4.925968447476682
static,3,17,9.679152537989786,1.9545827280709274,5.6356087875041405,0.5456377777777792,5.184368467994712,0.8133333333333334,5.644378555304144,0.6573333333333333,0.3257329605684569,0.05530589608762983,4.823148504732049
static,3,18,9.279869620309206,2.1249961392691694,5.503335769847113,0.5349288888888901,5.207462976901917,0.8266666666666667,5.750293405103923,0.6403333333333333,0.3497874363710276,0.053172760332203056,4.711391590523662
static,3,19,9.045582625909573,2.256267552183023,5.432883823601205,0.5244088888888903,5.221842467262279,0.8166666666666667,5.613865175762165,0.6526666666666666,0.38900091969569267,0.05081052303962521,4.652634440507254
static,3,20,8.581649548925766,2.396127736129797,5.129520563701353,0.5224133333333347,5.231072636334423,0.8533333333333334,5.689685094189499,0.6556666666666666,0.3841052425647503,0.05408294019362131,4.533004200835291
static,3,21,8.347549977049233,2.5927561371547503,4.966135149401647,0.538835555555557,5.204706992495094,0.8633333333333333,5.469335209388745,0.627,0.3885802787607947,0.05379154585810932,4.493784042970365
static,3,22,8.018827674092059,2.754026057328356,4.7318292502186585,0.533915555555557,5.214205050779025,0.8566666666666667,5.381505309953087,0.6546666666666666,0.3909530759971759,0.05169619309712189,4.412221801897586
static,3,23,7.7267501627222845,2.9372585907314814,4.548987438607995,0.5348222222222234,5.212930962826832,0.8633333333333333,5.261357043491281,0.6563333333333333,0.3821332514918825,0.05031559699903353,4.33449085531419
static,3,24,7.479829761856996,3.1269021541515287,4.475665630254546,0.5493755555555567,5.187472779951895,0.8633333333333333,5.08600701099397,0.6493333333333333,0.3812260116152803,0.05044952510509786,4.264232032179297
static,3,25,7.245846139368311,3.261718719825281,4.283187616332586,0.5688800000000014,5.145013825612437,0.8266666666666667,4.826962386317781,0.638,0.3678514636558694,0.05311030845086572,4.2073810170455
static,3,26,6.991924896775307,3.441090110719972,4.15508855079073,0.5816288888888901,5.114839813625677,0.81,4.677429453288783,0.6466666666666666,0.3598930382372307,0.05367810867036873,4.128329822866005
static,3,27,6.59091229443121,3.648567754659508,3.889685588351594,0.58622888888889,5.103059183029165,0.7866666666666666,4.704626905429508,0.6203333333333333,0.3593445842304476,0.05182568348977018,4.004298584752791
static,3,28,6.285994047734183,3.842541083521595,3.724558997395954,0.5966822222222234,5.07658274994572,0.78,4.666656999604308,0.6563333333333333,0.33947862350793173,0.05204870837223779,3.9010615092376972
static,3,29,5.945308802575534,4.0010150983185735,3.4267006589007414,0.5849800000000013,5.096337566375929,0.77,4.7240504120855284,0.611,0.31793245588053676,0.05900100773552786,3.8010030109602084
static,3,30,5.598560618245629,4.159598306540772,3.207247436764802,0.5806755555555567,5.100042998238214,0.7733333333333333,4.565653931697539,0.627,0.30070670702385677,0.05162665651055743,3.6691348965352844
static,3,31,5.2220487896122725,4.433303072849534,2.9048147193665654,0.5826311111111123,5.092568338837664,0.7466666666666667,4.567113972029104,0.675,0.2929170245059179,0.05370161514898358,3.5459135043981966
static,3,32,4.819711283247188,4.680772659533513,2.6096674461463643,0.5847422222222234,5.072838851760102,0.7033333333333334,4.467611275641413,0.6576666666666666,0.2766806776869694,0.055241228070175445,3.4020356447249465
static,3,33,4.4161356436589125,4.83837094031592,2.3231975292126457,0.5933177777777788,5.05416643471936,0.6966666666666667,4.519478822165052,0.6103333333333333,0.2685768339639881,0.05637743963982354,3.23862150784409
static,3,34,4.075575850331531,5.097854561056673,2.066002661976257,0.5830822222222234,5.082208711988544,0.7066666666666667,4.570177018013715,0.6476666666666666,0.26314242635037366,0.058475267565824836,3.0999604366166715
static,3,35,3.7527330868221056,5.33787754380247,1.8134925202291032,0.5826400000000009,5.085792415840699,0.7133333333333334,4.57968353712681,0.615,0.27012075389737544,0.058020996747776936,2.962129409542077
static,3,36,3.419852450339988,5.622259341568403,1.6026889704466525,0.5862644444444456,5.077149361659703,0.7066666666666667,4.500825478253042,0.626,0.2692929671928247,0.05786934656903697,2.815710998413085
static,3,37,3.1480755668663036,5.846907024996967,1.4875264192681912,0.6033077692564204,5.044912649763944,0.71,4.579557874464508,0.6125375125041681,0.2841085784137061,0.05774333395076429,2.696043774412335
static,3,38,2.9154656852728036,6.06746389836375,1.4044285698031271,0.6203693813974199,5.005578080001655,0.6933333333333334,4.579720623942301,0.5844459279038718,0.29213502004113345,0.06256910659000442,2.580741479580535
static,3,39,2.7216034223799057,6.303778036709783,1.365567635881493,0.6366198125836691,4.963352893599403,0.67,4.614038215317998,0.6342034805890228,0.2947814183102275,0.06203323322131372,2.4821510299398732
static,3,40,2.6197175421429817,6.467963695934689,1.3976258445337248,0.6593910796539725,4.903245917931525,0.6466666666666666,4.38907191188587,0.6238624873609707,0.306880220085871,0.06528277818815745,2.4196933240518326
static,3,41,2.446668435524523,6.725232194072077,1.355892431612128,0.6873101409731707,4.820403753305586,0.6133333333333333,4.317987630966191,0.6354024556616644,0.31723498722697896,0.06283199585502217,2.3084091648183143
static,3,42,2.2949030777187667,6.978440551631676,1.2852653709256396,0.7091089339864717,4.743502580417294,0.57,4.163076293205354,0.6434569629111266,0.3317606040899715,0.06245551520203223,2.2339821342243726
static,3,43,2.1932884251741664,7.221047120417969,1.2888582915489752,0.7428057199211053,4.626698477788887,0.5233333333333333,3.97095442147936,0.6494082840236687,0.3283977032811383,0.06473362690371204,2.1682153093475103
static,3,44,2.1338059470566675,7.396707189595329,1.2667116171581336,0.7655591139578337,4.535790012270588,0.51,3.8060849401435477,0.6148919135308246,0.3370618863455657,0.07463692762918768,2.1440766502762747
static,3,45,2.037278422812711,7.58653097133128,1.2377412467578792,0.7845934421408622,4.462150949208564,0.49333333333333335,3.662540324070373,0.6374062637847375,0.34027179212179365,0.06824268148861802,2.098882359207655
static,3,46,1.9549796237361334,7.748360094772776,1.1994522552251194,0.7951687448046557,4.42273157576111,0.5033333333333333,3.5104868011109196,0.655361596009975,0.34595933497615516,0.09254331999842835,2.062448762405306
static,3,47,1.898058682421725,7.8639750441088285,1.1820528941532595,0.8020133715377274,4.393373982623276,0.5233333333333333,3.435846473925067,0.667621776504298,0.34798274210328134,0.08392477502287873,2.039300361137068
static,3,48,1.865975970920815,7.967956231315289,1.1729844652430665,0.7902390804597709,4.450178840063351,0.5166666666666667,3.2442965766661396,0.6441379310344828,0.3472766991200055,0.08480814847204167,2.0288915780542496
static,3,49,1.8102368512818288,8.085164282848128,1.1406009846620575,0.7736474694589885,4.521726549753353,0.5233333333333333,3.2346278165521274,0.6566940912490651,0.41058857803237725,0.07651490454276832,1.9856592871055072
static,3,50,1.7923584889241377,8.167394723268533,1.1343013521001066,0.7603047313552534,4.568411695136258,0.52,3.1228608018868704,0.6431435445068163,0.488525011595619,0.07823130167905709,1.9475836245877114
static,3,51,1.8036242861894318,8.160668087305847,1.159932014326317,0.7416550925925933,4.64062559960124,0.5333333333333333,2.978999187988254,0.6666666666666666,0.5419053594867344,0.053997120898823685,1.9179293802091866
static,3,52,1.81041148204393,8.263009147475344,1.1711466799529322,0.7364440538957245,4.658336224929943,0.5266666666666666,2.934834232730553,0.7504393673110721,0.6290287930937072,0.05932699085543513,1.8877500656351411
static,3,53,1.84876391222685,8.33744461016314,1.2232919381903362,0.726920195908961,4.682946023116868,0.5333333333333333,2.9192071911821196,0.749351771823682,0.7119102736299199,0.056133247858093066,1.8804636887765087
static,3,54,1.942621535628198,8.35553276087859,1.3080289135232466,0.7332380952380961,4.657018823816304,0.5233333333333333,2.9597790289855346,0.7647058823529411,0.7874363631884866,0.05519747367928483,1.8859212783062036
static,3,55,2.0003527428075274,8.43976728295957,1.3955512366771297,0.7230969082878678,4.676365483205576,0.51,3.0475582847438303,0.700701480904131,0.7674272675911648,0.051724025744923574,1.8496584299193277
static,3,56,2.1322447963758937,8.569360427456914,1.5511088859732132,0.7207040229885067,4.683973345285624,0.54,3.09446779947781,0.7004310344827587,0.7226238006351726,0.05757980074620941,1.852363678914488
static,3,57,2.102383277186536,8.728403447120373,1.5537623742819706,0.716021150033048,4.689465110819404,0.53,3.20299970456673,0.7428949107732981,0.6906110945152221,0.06293119634063907,1.7779506839602772
static,3,58,2.135723920742314,8.835277555589288,1.6032806661652645,0.7022249289484379,4.711772235925311,0.5266666666666666,3.356625121683991,0.7320341047503045,0.6486294460203695,0.05640613815149418,1.7656345192703817
static,3,59,2.1582147350126886,8.92413044427453,1.639528969161204,0.6918630187976934,4.755233299761398,0.5433333333333333,3.426226524532838,0.718034617532105,0.6160896208609873,0.05647036500364673,1.748689576026365
static,3,60,2.1376564619233314,9.031112502142424,1.6617322395870002,0.6779037800687295,4.804123287982398,0.5766666666666667,3.4846965876359426,0.7005154639175257,0.5854173390787704,0.05668767106073607,1.682634903853925
static,3,61,2.1260533186861945,9.204752993254624,1.6586319808815464,0.6596845324319989,4.846759748545249,0.5833333333333334,3.678749651389328,0.6731047802993723,0.5612414959835029,0.0483176217773741,1.6712795261771545
static,3,62,2.1070116638199012,9.436876455604246,1.6529638280568206,0.6520365296803663,4.884558733325621,0.6166666666666667,3.7669945124603275,0.693607305936073,0.5360964931588802,0.0439467658817504,1.66103095084876
static,3,63,2.0068211979006607,9.730171203452603,1.5868211944844783,0.6356668092996731,4.934056059941627,0.6233333333333333,3.837917478556014,0.675224646983312,0.5054837565252127,0.05045727363451822,1.5900559320600323
static,3,64,1.9135723347999503,10.080282332173908,1.515599429082506,0.6172036886357486,4.969245193243021,0.63,3.9913871258461913,0.6912123677786819,0.47928652658789617,0.0475202956085309,1.5756567978014122
static,3,65,1.7195624224594765,10.412755849925098,1.3278451397300866,0.603664102564104,4.997157016672521,0.6266666666666667,4.0295964405776585,0.6476923076923077,0.4506961469397888,0.0413530390891072,1.5041627866385054
static,3,66,1.4393222573735462,10.750525882991589,1.0423577962121955,0.5852530413625318,5.0428598267722915,0.6566666666666666,4.151728230176494,0.6605839416058394,0.43809407788408583,0.038723994586997684,1.3712582657652808
static,3,67,1.1367182067527275,11.322357133770838,0.7427382866975545,0.5651869918699203,5.081658429844584,0.6666666666666666,4.214312808716232,0.6449477351916376,0.4268701442810996,0.04215410549775874,1.2227343359747862
static,3,68,1.066274228141264,11.522737174373326,0.6623890982096687,0.548287317620652,5.122135281212664,0.7,4.216146080504334,0.6525252525252525,0.41502429517489986,0.040821387075257044,1.159001182352564
static,3,69,1.0123412113549246,11.73894868489878,0.6144957366659632,0.5380984340044754,5.140461292185913,0.7,4.403313975149551,0.6721476510067114,0.419862050600779,0.035361695551324034,1.1188452285298034
static,3,70,1.0610114923038794,11.900294641031737,0.6607634086860754,0.5294755555555568,5.167000718664982,0.73,4.4464070017762936,0.6646666666666666,0.4391589182521947,0.03788540449918159,1.0985179506755378
static,3,71,1.069183802479229,12.081158632493214,0.6780370071803318,0.5223200000000013,5.166533982326131,0.71,4.5755956474789885,0.6553333333333333,0.44536896232222856,0.04059133189938143,1.0825267097113065
static,3,72,1.0671362585658433,12.226149180470852,0.7016802070415797,0.5325200000000011,5.163857196679762,0.7433333333333333,4.6962234519327275,0.6353333333333333,0.45298913626371096,0.04345578469804476,1.0124634137770616
static,3,73,1.1168480630628355,12.36852936345409,0.7524593593185396,0.5299155555555569,5.173466095712777,0.76,4.827451952206508,0.6823333333333333,0.46283436933214933,0.042830864239532966,1.016504617566987
static,3,74,1.1165362765583873,12.618532999379884,0.7901851031103718,0.5370022222222235,5.15957167375441,0.7366666666666667,5.058631736100622,0.657,0.4590527959985251,0.03563024422544546,0.9416184527933718
static,3,75,1.159624074091536,12.764025643800137,0.8456377906310271,0.5389955555555568,5.158022817270286,0.74,5.085175640878174,0.6526666666666666,0.44979555310365715,0.036056541640906964,0.9490307765073797
static,3,76,1.1839016328306162,12.908012153323924,0.8920635811741007,0.5443600000000013,5.142255382815241,0.7266666666666667,5.106070244213028,0.6693333333333333,0.44948641146911295,0.03935010580521416,0.9091106503799411
static,3,77,1.192123883217399,13.08479598230106,0.9150175421030684,0.5445777777777792,5.141315831192376,0.7266666666666667,5.121019800771561,0.6753333333333333,0.4477448646076999,0.0338472476669071,0.8934321954509382
static,3,78,1.1843246555571334,13.261117519202447,0.9202992123407484,0.5459511111111124,5.135445716493189,0.69,5.1898789874175675,0.676,0.44237570354911704,0.03698212505875045,0.8541169541650356
static,3,79,1.1640246204536975,13.466120742019935,0.9217298969125984,0.5406644444444457,5.14353324761079,0.7066666666666667,5.171744180741471,0.6853333333333333,0.4562302738738809,0.035390928301145014,0.8302134000287479
static,3,80,1.205321575463106,13.595876516803923,0.9740851897764801,0.5429446486245697,5.1379852043591825,0.7033333333333334,5.215871934189702,0.6478449716004009,0.45021668287062966,0.03474427490294363,0.8158092396163598
static,3,81,1.1320410206226916,13.908178148014642,0.9160284936435334,0.5466957494407172,5.130759780180401,0.6866666666666666,5.310375459660144,0.6775167785234899,0.4435865805411067,0.03701561123774746,0.783864574014247
static,3,82,1.0920974849321217,14.111322320119626,0.8778423358873795,0.5489328859060416,5.130867584329928,0.6933333333333334,5.199885330683522,0.6318791946308725,0.4459218937331427,0.04049520482957016,0.7592358926513786
static,3,83,1.075747358487633,14.294625441732068,0.8670184668810671,0.5458635346756164,5.133827379101285,0.7033333333333334,5.229741728191784,0.6067114093959731,0.43261602460690857,0.038008736333039736,0.720749118039231
static,3,84,1.0075121727907994,14.534355338201024,0.8006479526668897,0.538149888143178,5.1416404262031605,0.7066666666666667,5.1673886138683605,0.7013422818791947,0.42586350382137517,0.037137217500994586,0.7040568627446172
static,3,85,0.9713632083805218,14.715575525394254,0.7671705055869352,0.5339731543624175,5.153908001116626,0.7133333333333334,5.08970950815739,0.662751677852349,0.4261670335159955,0.03784829721362229,0.6666415954641962
static,3,86,0.9438299821021986,14.856353216496695,0.7336737483048488,0.5249764626765315,5.177126570531483,0.7333333333333333,5.057334293880696,0.6284465366509752,0.4345255220953395,0.03973196283277553,0.6773586663744159
static,3,87,0.9081925388370432,15.038936621846698,0.6956761502551128,0.5176727028839725,5.19939395935931,0.7533333333333333,4.988832492839548,0.6810865191146881,0.4365841658924521,0.0386862446692168,0.6356628322121924
static,3,88,0.8883887938912403,15.231297397008724,0.67897500791413,0.510678386297049,5.212712070311142,0.76,4.912781309826833,0.6605814739688979,0.4227079437129403,0.04194195725155477,0.6240116276409401
static,3,89,0.8859061072208423,15.423116576801679,0.6785407889990922,0.5179797979797995,5.200603446776914,0.7533333333333333,4.735022109111516,0.630575417092271,0.4180833339588933,0.04009954656626483,0.5753969521559502
static,3,90,0.898978924859419,15.563089891330067,0.6939619945520388,0.5152911680911699,5.2010685419878415,0.7433333333333333,4.577910977794431,0.6707692307692308,0.4129192232656844,0.03912885918690872,0.5878567375989435
static,3,91,0.8970168210580733,15.8139007188904,0.7105273832720869,0.519990708478515,5.189308753103171,0.74,4.51260985108279,0.6519163763066202,0.40807795467334296,0.03227740425495844,0.5875479343235555
static,3,92,0.9252730228910698,15.936646473726178,0.750430611265692,0.5353549939831541,5.164857288532575,0.74,4.47662102669457,0.6682310469314079,0.3898287541611124,0.03497593791227692,0.5759759014175823
static,3,93,0.931908716194684,16.128586909596333,0.7650415790666294,0.5432776747062475,5.1521802246402215,0.7566666666666667,4.437802258128632,0.6456400742115028,0.3942835865889339,0.033923663410892514,0.5953633517656675
static,3,94,0.9275560946477519,16.367503214904858,0.7701875412171802,0.552450754668715,5.140420853879908,0.7933333333333333,4.259383654258678,0.6408288564850345,0.37711794506945795,0.0378510656583412,0.5573906113235232
static,3,95,0.9602431443493661,16.497499234215017,0.8102333925620867,0.5687111468381578,5.11159054945368,0.7766666666666666,4.197645586988312,0.6338424437299035,0.3487651824494489,0.041191690970135246,0.5382470166523003
static,3,96,0.9578142631301597,16.72376889659753,0.8100885436113947,0.5774951830443174,5.100272698609204,0.8033333333333333,4.166288701847102,0.6672171758876961,0.3561894607257754,0.041672837353564904,0.5663529893725925
static,3,97,0.9564118383443742,16.850659232464754,0.8058521409428887,0.5876482440990227,5.078150740404411,0.7866666666666666,4.149886919980296,0.6481001727115717,0.33544075072339063,0.041675986587944795,0.5408064137252128
static,3,98,0.9823936659754574,16.987079532790023,0.8260566918447716,0.5839251790150533,5.090160660415119,0.7766666666666666,4.047336939417809,0.6896098202542744,0.3744730928716527,0.04390193661401092,0.6095663196388191
static,3,99,1.005102739039391,17.071579215552706,0.8445160037663251,0.5784333182980019,5.099897544845861,0.77,3.951838799688732,0.6801984663960307,0.38641069711517306,0.04188426050500354,0.6055747370992258
static,4,0,28.432391023837784,0.016093494504859196,12.618842096187384,0.9451866666666668,3.0946298945171105,0.11333333333333333,3.02238414851599,0.6573333333333333,0.3419903556513957,0.5522241237721114,8.464209111825978
static,4,1,26.756655931983655,0.06058423936339524,12.095323277255439,0.9171888888888892,3.508301813855586,0.16666666666666666,2.9062716648736577,0.6766666666666666,0.34324158218046696,0.27018116587002033,8.222773104971788
static,4,2,25.074430832368165,0.11776704278389677,11.43648294466129,0.879235555555556,3.8343871303476873,0.21333333333333335,2.8567392967652694,0.6066666666666667,0.3447361936476182,0.1849733629803289,7.967401536912498
static,4,3,23.605301529576664,0.17702946130058206,10.892647829639381,0.8598088888888893,3.9976223098370336,0.25333333333333335,2.903158053718122,0.633,0.3445289691204148,0.17614533285198922,7.731505942611819
static,4,4,22.517627980484704,0.23102453531454675,10.196559395777486,0.8417911111111116,4.126625384276154,0.2833333333333333,3.059375075095293,0.604,0.3384864976782552,0.16043405382027673,7.538569679100725
static,4,5,20.99971648314972,0.3331885309659708,9.584497449654103,0.8170844444444451,4.267147529416757,0.31333333333333335,3.19651615419287,0.6223333333333333,0.3302281959119033,0.1396380909538804,7.28602435521629
static,4,6,19.829705282024335,0.4206552095925985,9.02374170676362,0.8050244444444451,4.332774003344171,0.3333333333333333,3.3336180667088087,0.6156666666666667,0.3221469080391815,0.12095304091047127,7.080544947931235
static,4,7,18.52214852999696,0.5204231846927909,8.460683812692325,0.7979555555555562,4.368069155204011,0.34,3.475194801852984,0.6456666666666667,0.31276431300289376,0.11057766966435698,6.841607655847587
static,4,8,17.366283886174063,0.6452220888745179,7.775320511252808,0.7912888888888896,4.421153717830068,0.39666666666666667,3.624769553943043,0.6643333333333333,0.296669735523989,0.12040280353747847,6.620103220607864
static,4,9,16.132441248464012,0.7558664324726123,7.202942244089736,0.7759977777777786,4.494363713355316,0.4266666666666667,3.851426170353887,0.587,0.2646864229432923,0.110421086338269,6.3696109767928455
static,4,10,15.201031687217736,0.8727188721506569,6.839590316968037,0.7522488888888896,4.5843078243411535,0.45,4.072623713476187,0.6003333333333334,0.24032456288107804,0.10954022571282633,6.176605324416464
static,4,11,14.171786660093836,0.9980940885416936,6.506376048339735,0.7395777777777786,4.628474293232544,0.4666666666666667,4.297997511370489,0.6233333333333333,0.22243867677786303,0.08315918472652219,5.957445244673051
static,4,12,13.104863576255543,1.1853413010934593,5.94729471523303,0.7309666666666674,4.6651384299878345,0.5,4.562215194452858,0.5856666666666667,0.22458282664317533,0.09411737299508198,5.733107967854667
static,4,13,12.265986819944183,1.2941492577800746,5.609062635610402,0.7225688888888897,4.702223386783906,0.5366666666666666,4.918953566446833,0.6243333333333333,0.23397021357612738,0.08670386373172752,5.529785740979583
static,4,14,11.430584136989207,1.4407776247521173,5.452061001404802,0.7153377777777786,4.736399580584946,0.5666666666666667,5.251808381816157,0.5986666666666667,0.22867114247915865,0.0817566784207651,5.322849475429306
static,4,15,10.669961916658231,1.6178580001526854,5.064137197047999,0.7115355555555565,4.751879690366184,0.5766666666666667,5.432704477126699,0.618,0.23346729213728964,0.08673981175916161,5.148619694807935
static,4,16,9.867703149444148,1.7885922980208928,4.732673553520453,0.7088644444444452,4.763059727815056,0.5933333333333334,5.5531551388262,0.632,0.24140990878788357,0.0849463528101299,4.943138999046547
static,4,17,9.253385201497398,1.9221920547836056,4.488723384425778,0.6932755555555563,4.807987860622118,0.6066666666666667,5.679616924716305,0.6046666666666667,0.23020726229970834,0.0842255966714171,4.773669912123185
static,4,18,8.549900012082219,2.104717357070304,4.148466560091587,0.6832866666666677,4.826968900606253,0.5833333333333334,5.846769640762111,0.5943333333333334,0.24154494389808945,0.08093884629875343,4.579176923187476
static,4,19,7.966478175843451,2.299498127657242,3.8391484957522035,0.677620000000001,4.84662053471313,0.5966666666666667,5.868536286567326,0.6286666666666667,0.24986314703634444,0.0751114021857056,4.4138946609340985
static,4,20,7.407063974068373,2.463402031338916,3.59731549177531,0.6721777777777788,4.85725741492791,0.5833333333333334,5.794670021356263,0.6223333333333333,0.2562810519208666,0.0707690125491983,4.248275203393011
static,4,21,6.911691227730589,2.6445676593761296,3.4572302993446584,0.6558288888888898,4.895928150896645,0.59,5.734066203125579,0.626,0.26803036820967097,0.07615695693482072,4.0872772180428285
static,4,22,6.4585397906059505,2.801508661015643,3.303360552390089,0.6464400000000009,4.917332817284036,0.6133333333333333,5.672739742529558,0.6403333333333333,0.2693028787984356,0.07532719115536453,3.9324787003733355
static,4,23,5.967896621737925,3.1100013914244733,3.1170696552095474,0.6450177777777788,4.927752853321342,0.6166666666666667,5.736169166588812,0.657,0.2761122405439946,0.06850539338542434,3.7840873777351263
static,4,24,5.572629168288875,3.264449611927116,2.946084959068176,0.64780888888889,4.927120643994653,0.6333333333333333,5.657994183901575,0.632,0.28469851311754724,0.07332622815207954,3.638089717912227
static,4,25,5.17049620673823,3.471384417827134,2.7018320960974194,0.640291111111112,4.941891344156872,0.6266666666666667,5.710132191406355,0.6166666666666667,0.2847259364214453,0.06652850703934296,3.503534608934869
static,4,26,4.8848334018525525,3.67384593768114,2.5971322185339307,0.647511111111112,4.923313590538923,0.6166666666666667,5.720842997715093,0.6353333333333333,0.30017014764404465,0.06501971053828638,3.4035831644818635
static,4,27,4.624167540135865,3.8205509230799235,2.510470248918665,0.6428622222222232,4.934811756486688,0.6166666666666667,5.6989086825711155,0.6386666666666667,0.2963136953409661,0.06261046257950283,3.2977026786202934
static,4,28,4.275585649069079,4.110452526679213,2.293327961027318,0.6555600000000008,4.905865047510446,0.6166666666666667,5.665593403919793,0.6403333333333333,0.3003883734255044,0.06650872719758169,3.177360002785145
static,4,29,4.024194797346231,4.293765315123881,2.1728215830283206,0.6504733333333343,4.9152889030951785,0.6133333333333333,5.651658053193317,0.63,0.30812820597656326,0.06709991103953954,3.0816789408284606
static,4,30,3.7926366510922374,4.4951915718487605,2.0427929606019792,0.6582288888888899,4.895420739077057,0.6066666666666667,5.708230087104929,0.62,0.31166588283327923,0.06366013071895425,2.9882270025512625
static,4,31,3.5968965176581933,4.636490519818586,1.9223113599990918,0.6472133333333343,4.920601931663606,0.6033333333333334,5.686639932619507,0.661,0.3180614120909371,0.06739861531657197,2.901553547784695
static,4,32,3.4121420546847663,4.874909098963501,1.8057382067947079,0.6400222222222232,4.9369167609895435,0.6133333333333333,5.700665599931412,0.63,0.3109562990277259,0.060467357433301706,2.8355609899263023
static,4,33,3.1895954588985775,5.059579818464667,1.668740933168288,0.6484466666666678,4.911560262037652,0.5933333333333334,5.691876334625149,0.622,0.32932478215078076,0.06695867528297869,2.737482454863082
static,4,34,3.066353381935426,5.293292298273863,1.6225291066120062,0.6409222222222233,4.928293043252516,0.6033333333333334,5.695794351602479,0.6363333333333333,0.3320939629416301,0.06842415940326158,2.682856287210134
static,4,35,2.8953370573304196,5.503892038108094,1.4916645628004077,0.6463066666666676,4.918182780850272,0.5966666666666667,5.60449022145818,0.6516666666666666,0.32771166310580296,0.06898182398956393,2.6117907994730487
static,4,36,2.7894807486952207,5.712891989008447,1.4196465754835184,0.654301290609703,4.898776385571457,0.6,5.727415170341657,0.6435246995994659,0.34238977664548614,0.06430593901569133,2.5716424140376843
static,4,37,2.6808196308844363,5.9135288229781855,1.3428257909669976,0.6648640819964362,4.876081363498037,0.5933333333333334,5.650853968198042,0.6420454545454546,0.33005619278908427,0.06649519254395414,2.5343864183899956
static,4,38,2.552132814725753,6.111294545808827,1.2488242242375382,0.669915159633848,4.862324850618856,0.5833333333333334,5.646451381619314,0.601138647019424,0.34098574645022417,0.0700361141266714,2.4693706247450145
static,4,39,2.45151463763822,6.34731275837578,1.165062569579173,0.6822319229908226,4.819974134521855,0.56,5.687158262723163,0.6638683680322364,0.3372101839974625,0.06260181382085406,2.433938059142825
static,4,40,2.35544273974832,6.520976532472936,1.1140163021221043,0.6978101365842657,4.771551040754936,0.5366666666666666,5.691865278793625,0.6491703352522858,0.34337012683173956,0.0666905251038378,2.3848536478864872
static,4,41,2.2763896410204727,6.755187286104611,1.0502931568103973,0.7069177222412425,4.73502412966214,0.5233333333333333,5.738079347015151,0.6343717904827114,0.3426199857398184,0.07214808153662643,2.3527196368688386
static,4,42,2.214503228293058,6.916098620523491,1.0261636267073992,0.7250495858126249,4.678037585624111,0.5,5.760742969065118,0.6664333216660833,0.33572796960965967,0.07716698756036991,2.32917346175141
static,4,43,2.175982718380906,7.072398625095512,1.0135330461212366,0.7483135215453203,4.603979186156378,0.49,5.70059900576838,0.6259286775631501,0.3263425964827634,0.07529012391976787,2.3135171126876455
static,4,44,2.100245978731733,7.239252761035814,0.995919574497759,0.772248803827752,4.505053224118013,0.4666666666666667,5.685806927036351,0.6566985645933014,0.3126143959862328,0.07364804466545953,2.27949723553336
static,4,45,2.061769420756528,7.387759702970522,0.9976433927689583,0.7895201260564396,4.444012713292839,0.47,5.519819802530697,0.6652342071336484,0.31391724312173197,0.08636134822493181,2.2637561549393364
static,4,46,2.001730544831574,7.551871269515925,0.9814994118427334,0.8074743527112855,4.355981515839114,0.4633333333333333,5.531186609586853,0.6448461162677088,0.3080483305846207,0.06993634311165271,2.240312782256278
static,4,47,1.9661737891818656,7.633393014861725,0.9950757015942451,0.808621387815204,4.361186222741215,0.45666666666666667,5.411177617854415,0.6327995582551077,0.3187983953209714,0.09526026813313965,2.2160669377528106
static,4,48,1.9602211332645538,7.747182561312972,1.0099569019078,0.8094272930648777,4.356497456447294,0.46,5.2817710617858875,0.661744966442953,0.2976594312892455,0.08170742579430659,2.2047154435418617
static,4,49,1.9165374853032944,7.878861695760184,0.9827065245484186,0.7853653498579918,4.467827743836103,0.4633333333333333,4.865943515139055,0.7126258714175058,0.35829471117141903,0.06796763169750786,2.175585513341201
static,4,50,1.9270485248592957,7.930449597713496,0.9972720791602123,0.7764115942028992,4.500514924751204,0.45666666666666667,4.680726575469747,0.7052173913043478,0.40544284443525797,0.06584792727052789,2.166448909233839
static,4,51,1.9543441870933203,7.970209547352023,1.0255755001659888,0.7654590725178968,4.527233869097954,0.42333333333333334,4.420063845781824,0.707749766573296,0.4988162368228606,0.0626322402514353,2.1627111362254734
static,4,52,1.978501277792377,7.973819189970569,1.0629814279957115,0.7555949052500786,4.555657156888168,0.4266666666666667,3.868859474797095,0.7399813606710158,0.6075877644199169,0.05706417090821116,2.142277246563358
static,4,53,2.0306484961331037,8.012771377938861,1.097868537404948,0.7546543778801852,4.563335926101507,0.44333333333333336,3.7320142547586816,0.7327188940092166,0.7072009160586215,0.06310685889904157,2.1373350010768966
static,4,54,2.0712207521737307,8.062274503800735,1.1564915560216467,0.7557356828193842,4.56350117765309,0.45,3.4285548668898165,0.718942731277533,0.7871716210486589,0.06991320600337628,2.1045504233877588
static,4,55,2.0698351252436065,8.092108542122642,1.1744785474834734,0.7574603174603182,4.54031987893759,0.44333333333333336,3.265466583124157,0.7309941520467836,0.7688545396705885,0.06091998681859363,2.0457926224374643
static,4,56,2.0964211645847963,8.195143156626202,1.2179720471439646,0.7519255907491209,4.553962464122956,0.44666666666666666,3.3044515535856487,0.7541478129713424,0.7560365351517665,0.08415104657983916,2.0120085333227204
static,4,57,2.0964498102391302,8.342692878450915,1.2615855403474048,0.7344187102633979,4.619129179638122,0.48,3.3538357187448447,0.7084468664850136,0.7197988805188821,0.08170732790314832,1.9506627035453334
static,4,58,2.1404067879064117,8.458566153169478,1.3118195591826318,0.7246227197346609,4.6454616459035964,0.47333333333333333,3.433353693701586,0.7046019900497512,0.6828258653322313,0.06552654474868097,1.9416460796733475
static,4,59,2.0847700475238478,8.629837133252169,1.3194545403709212,0.7089816933638451,4.6825874450858125,0.4766666666666667,3.5247807830402107,0.6756292906178489,0.6419044422983693,0.0621767051604513,1.8536202854928518
static,4,60,2.091404632091883,8.845916481227745,1.3542294215787487,0.692422954303933,4.723646775804522,0.48333333333333334,3.717801655832902,0.6859723698193412,0.6190821240854649,0.06393636778311701,1.820200660786117
static,4,61,2.0210910962971997,9.066695687216992,1.343390159305588,0.6774884029158392,4.770791988813262,0.5033333333333333,3.8456753328252318,0.7012922465208747,0.6051970022990456,0.06017913187030834,1.777385797475166
static,4,62,2.0874423011728727,9.280297882007634,1.4279354160590656,0.6572911823957861,4.829038209521324,0.5266666666666666,3.9037544448675177,0.6936308693630869,0.5637201489341006,0.04892361938027572,1.806356581329964
static,4,63,1.9934459066077228,9.543481485881516,1.4069741583556943,0.6484405797101462,4.8604016937378205,0.5366666666666666,4.113822571723946,0.6395652173913043,0.5574537292609962,0.05351801291816772,1.7500562614058888
static,4,64,1.8907189982656345,9.806189802711277,1.3448184536681955,0.6365895316804422,4.891499032935139,0.5433333333333333,4.216538619036299,0.6830578512396694,0.5171800160085629,0.04987886855146917,1.6949696361618083
static,4,65,1.721860407933748,10.057956358870616,1.2017568345878906,0.6071439688715974,4.95797239424726,0.5866666666666667,4.311233950051659,0.7007782101167315,0.5152689303122944,0.05596224696069897,1.6208575233223108
static,4,66,1.5931614002591177,10.364249121195284,1.0942938760025551,0.5937132352941197,4.997391324540016,0.5933333333333334,4.3633207479584994,0.7033088235294118,0.4951349932436062,0.04818513085927947,1.5606208242684312
static,4,67,1.2697845348487748,10.915594821572492,0.7941187485850117,0.573133802816903,5.047261516361879,0.6233333333333333,4.446784341151145,0.7102112676056338,0.4978238056574582,0.039727068740226634,1.379316323756651
static,4,68,1.0879949835702232,11.28033534277543,0.6591852564511299,0.562161073825505,5.079814065386298,0.6566666666666666,4.634095779023327,0.6718120805369128,0.4931188322889147,0.04025917452001043,1.3035528628196382
static,4,69,1.016554945405508,11.497507945983246,0.6134516928326939,0.5568177777777791,5.107540741356649,0.6666666666666666,4.73854401222129,0.676,0.5006601566194392,0.03450688673211893,1.239012263581573
static,4,70,0.9879011032918272,11.733390469764409,0.6158518722592812,0.555095555555557,5.1222745868201365,0.6966666666666667,4.985958185976115,0.636,0.5087911963425623,0.037465120592055576,1.1754489288287067
static,4,71,0.9942702356430818,11.970405316039255,0.646235433485494,0.5519000000000014,5.131482228112258,0.7033333333333334,5.117363250939121,0.6933333333333334,0.5098407119636132,0.03620697113344173,1.140423648895139
static,4,72,0.9628071965949703,12.172466922855179,0.6371801970325117,0.5426377777777791,5.152858936315445,0.7266666666666667,5.273374507872737,0.693,0.5199901770011568,0.03385345891924839,1.0865625602525084
static,4,73,0.9608284368227586,12.391124211738228,0.6543375623543541,0.5536000000000014,5.136716462689173,0.72,5.41525070434756,0.7026666666666667,0.4914308232577503,0.04191999993470581,1.0462578366289466
static,4,74,0.9299793061392043,12.63272333792062,0.6503337083283088,0.5560733333333346,5.13727796224164,0.75,5.598903245770768,0.674,0.490161259559661,0.03575625283442621,0.9514994925467621
static,4,75,0.9247898159671539,12.910075342602543,0.6695483609969439,0.5598822222222233,5.129595768895306,0.7533333333333333,5.673008972668715,0.6993333333333334,0.4693957687720751,0.035939510122946654,0.9405662707739207
static,4,76,0.9066463961369583,13.130438557790322,0.6792945654479271,0.5631044444444457,5.113625254851125,0.7166666666666667,5.788197349542236,0.6886666666666666,0.43261044238057395,0.0344799136478703,0.8753509173071169
static,4,77,0.9125367842179226,13.399694984328132,0.7059854140013214,0.561100000000001,5.119693988437879,0.72,5.823350100455232,0.6813333333333333,0.4424704055744259,0.032851143381329134,0.8431143390852583
static,4,78,0.9424187772471786,13.561963378306032,0.752456791943761,0.5565622222222235,5.122633681312622,0.7066666666666667,5.851121925063924,0.6413333333333333,0.4241820352194687,0.034540914022338165,0.7894187251134007
static,4,79,0.96001201451467,13.761984890341532,0.7912179136353705,0.5518600000000013,5.131876183964159,0.7233333333333334,5.843504220654716,0.6753333333333333,0.39513835153701987,0.034423873053904014,0.7631889472769825
static,4,80,0.9976885163061893,13.994139035653042,0.8429108597946128,0.5495155555555569,5.143197485654635,0.7266666666666667,5.854966950814393,0.656,0.38406873381981643,0.03240561496753447,0.7721147596384932
static,4,81,0.9105873105289357,14.229128617627705,0.7709606544713786,0.5486517728131619,5.146257319108022,0.7366666666666667,5.8891634436612454,0.6022007335778593,0.36151633315403814,0.03167906726343259,0.7016808633028987
static,4,82,0.9142701007336869,14.48657372436826,0.788803992719034,0.5529595015576341,5.132293387458887,0.73,5.795473138514279,0.6124833110814419,0.34832751254958577,0.030871489621489622,0.6832600220369526
static,4,83,0.8663085723257847,14.69277878966633,0.7485730789710089,0.5426559714795026,5.1480377809850415,0.7133333333333334,5.805035050207217,0.6273395721925134,0.3604707689149338,0.03056706780777988,0.6490951477238752
static,4,84,0.8805125485158004,14.935527100717707,0.7743226304908337,0.5435060737768876,5.153130702069111,0.7233333333333334,5.799227371722287,0.675025075225677,0.35936516455892886,0.035025384688697384,0.6446969189673658
static,4,85,0.8701765432578915,15.097791942340606,0.7694956746657765,0.5389189791597029,5.163835303564019,0.74,5.769711356357878,0.6405884319625543,0.3369039666222976,0.037657707932475734,0.6257741860408038
static,4,86,0.9345098829690177,15.263115036585768,0.8393594628768343,0.5373252416273336,5.1526825730679775,0.7033333333333334,5.7695424034330784,0.6304787592717465,0.32906650051438746,0.03415718870053235,0.6251365791707401
static,4,87,0.835544829704271,15.522911330154475,0.746457882443566,0.5426780045351491,5.138774912652855,0.69,5.785004490271256,0.6309523809523809,0.3169999751275674,0.03556935840217574,0.5846632313521751
static,4,88,0.8010611574526556,15.708825683917002,0.7114428106667371,0.5322222222222239,5.1528641545296505,0.6933333333333334,5.807038260123646,0.6458333333333334,0.320230320918761,0.030853050887880613,0.5632956064496201
static,4,89,0.780820716039721,15.943446790734859,0.69408532831766,0.5466457825733859,5.1151051398441,0.6666666666666666,5.731153438326619,0.6317438217890706,0.31130560700880655,0.03473948717834167,0.5752647493557521
static,4,90,0.7190659629530083,16.105188486578037,0.6346867539609571,0.5522041872500603,5.099633075906429,0.65,5.801025791966882,0.6549047282992237,0.3125115575357598,0.040413457994533844,0.5498675816205746
static,4,91,0.693166647777945,16.311503619429278,0.6101669946541765,0.5544121516565022,5.0849029089521,0.6333333333333333,5.696397927282439,0.6365267312522426,0.3043527076853085,0.034875193033087774,0.5623222498418361
static,4,92,0.6710947650924212,16.427623109384605,0.5860719372000536,0.5584964229416776,5.074844924839178,0.6466666666666666,5.761597024074132,0.6489632593670426,0.2945856204201791,0.03311519907108142,0.5603001536797602
static,4,93,0.6393909637674527,16.584036463246097,0.5548902011685035,0.5563674270296801,5.076630688397573,0.6333333333333333,5.792135871377492,0.6269315673289183,0.315772028920612,0.03114489718514486,0.5726382125446963
static,4,94,0.6147045802510988,16.759537784863774,0.5296017210184192,0.5602022500316033,5.072554285663614,0.6366666666666667,5.5313419772440335,0.6423966628744786,0.29756070225850656,0.03431050656573102,0.5458241060285746
static,4,95,0.5851451701231607,16.906759702464115,0.5008593202492411,0.5721986907970747,5.066224775687067,0.6666666666666666,5.635634083026257,0.6461301501732769,0.31098929600371783,0.03818703139252675,0.5551606200125127
static,4,96,0.5741640155225042,16.979333511017312,0.4936027754689185,0.5787919287211751,5.062029153729213,0.68,5.530616004139743,0.5864779874213837,0.32789303858956464,0.03972229302202212,0.5521294074107772
static,4,97,0.5651244771202697,17.061048480648772,0.48740489352990046,0.5789181168218012,5.065059921091901,0.6833333333333333,5.337328984202023,0.6677458518818292,0.3401565654412695,0.04361136815684029,0.5253714297263692
static,4,98,0.5621332161053098,17.163263744057115,0.4820871609994998,0.5760994427775408,5.076987791977437,0.6966666666666667,5.372001593339862,0.6429489927132448,0.33270528414983125,0.03341481023563067,0.5485103589262946
static,4,99,0.5997007406471904,17.21122742632855,0.5202965056943758,0.579230882137092,5.081804136624754,0.7066666666666667,5.274400984163787,0.6129458388375165,0.35184568847844333,0.03754795925751808,0.5660210243374775
static,5,0,29.44355637249557,0.018990300217345712,13.391742491289286,0.9104711111111113,3.6181512708398276,0.26,3.9625589676455477,0.6803333333333333,0.5119218079234509,0.4101655373636797,8.606770413371153
static,5,1,27.98353357877025,0.06507866340373858,13.33970722235698,0.8319866666666673,4.22262021860637,0.36666666666666664,3.8385433700163465,0.6663333333333333,0.46905760725689355,0.17729824484081447,8.401772755260682
static,5,2,26.8228833385681,0.1166690687735023,13.231555752570122,0.7847911111111119,4.4562589497316765,0.43,3.9887906592439277,0.6346666666666667,0.45966385496611734,0.13524910976536364,8.237097438406446
static,5,3,25.63526041632816,0.1688082329666769,12.862007774815476,0.7306577777777785,4.668393752616277,0.5166666666666667,4.042538814592731,0.663,0.4340380645541736,0.10939714167268347,8.057886551951709
static,5,4,24.53998137761729,0.2438313633442788,12.895664682323456,0.6953866666666677,4.781707187845036,0.55,4.175074147387908,0.679,0.42782358184420644,0.10228195079201272,7.880233097904127
static,5,5,23.584336183655246,0.3343034919360529,12.423121257450223,0.6544600000000009,4.8981056203795825,0.5933333333333334,4.444580469121503,0.6586666666666666,0.4163721769235626,0.09208140071143167,7.75613789618961
static,5,6,22.635454875103573,0.40591072377741766,12.476137758398497,0.6227844444444456,4.985351293908083,0.6366666666666667,4.669357059971708,0.6563333333333333,0.41463748554673374,0.08173786181139123,7.574770352493805
static,5,7,21.757894250127677,0.5094261164240155,12.312779434079527,0.5957622222222234,5.046886229942765,0.6666666666666666,4.894969714047328,0.666,0.39221944995070407,0.07233049945124248,7.437932307453916
static,5,8,20.855604927888884,0.6359448804231462,12.0690401532688,0.5651688888888899,5.11805196932212,0.7266666666666667,5.148383203230197,0.6593333333333333,0.37425850253162785,0.06410512833113452,7.272032167155165
static,5,9,19.963385621708827,0.7171329487857849,11.596757974346446,0.5533755555555566,5.14729200902828,0.7233333333333334,5.518661595700331,0.6013333333333334,0.3392141291869459,0.06626605320490771,7.123857784114738
static,5,10,19.247333946232438,0.830246902834904,11.401927002645387,0.5247800000000012,5.19868669229411,0.7433333333333333,5.687999599827546,0.6116666666666667,0.3480625408094047,0.060986445185361594,6.997558604128113
static,5,11,18.336308306630283,0.9722585379283419,11.00957464502894,0.5192533333333347,5.2197111313086015,0.7733333333333333,5.9196902288477355,0.6423333333333333,0.3331161116313336,0.057457696528903965,6.836448210838024
static,5,12,17.541101188668012,1.0720510587540788,10.675989762261048,0.4949844444444459,5.261341150140815,0.79,6.085351323945762,0.6106666666666667,0.30474211361746323,0.0553328787655413,6.677211745305127
static,5,13,16.735351917411034,1.2140254161912094,10.439260458803986,0.4830000000000012,5.287027023264137,0.82,6.302672937609283,0.646,0.29133458148941177,0.0489755229577211,6.491069352800213
static,5,14,15.939950294129062,1.347585930648429,10.012714725511263,0.4848466666666681,5.285086405128246,0.8233333333333334,6.48184308743641,0.6396666666666667,0.2513406445458209,0.05329874144889624,6.335399267565404
static,5,15,14.978771542047017,1.4706955792566299,9.475916946843185,0.48150666666666775,5.2919192048886705,0.8233333333333334,6.439756040714424,0.6173333333333333,0.24434086620863865,0.046479597687028036,6.129420076423194
static,5,16,14.166137616795236,1.660681227518753,9.101065605438395,0.4726222222222237,5.304359992950236,0.82,6.418622096609401,0.5926666666666667,0.21874423564458836,0.05065738283617541,5.961157432993079
static,5,17,13.237587723200942,1.8296505262947225,8.535667382540737,0.46916000000000135,5.310383267464935,0.8233333333333334,6.407537793931054,0.5896666666666667,0.2251487550715688,0.04638834863680065,5.744018808678746
static,5,18,12.267050251074783,1.9916088073281348,7.890986711215971,0.4632444444444459,5.324736053153648,0.85,6.412722389024809,0.613,0.22472036075323368,0.04274108473798876,5.522763752569726
static,5,19,11.43416319597352,2.156300815447637,7.328323380171476,0.45307555555555734,5.3381574328108385,0.85,6.377619734718939,0.6303333333333333,0.21159601128733416,0.04408922633380837,5.333566442329172
static,5,20,10.641345407987213,2.3972660767600016,6.894093101823309,0.4650444444444459,5.324943592455854,0.8566666666666667,6.374918288200597,0.6073333333333333,0.21989284986544352,0.043699956590823465,5.133942675998223
static,5,21,9.840980068595615,2.5568271744750706,6.390696708707121,0.4517533333333349,5.343118673196745,0.8566666666666667,6.33402836041727,0.6146666666666667,0.20636393284953813,0.04179830704211509,4.911885583448298
static,5,22,9.109111414422177,2.7258251600342973,5.84239295723679,0.4606400000000014,5.334762846561478,0.86,6.299121909139206,0.623,0.2053137896958287,0.045182236637345,4.727161392499572
static,5,23,8.382013161999467,2.964217206831418,5.415730980103969,0.4481488888888904,5.353066606246753,0.8666666666666667,6.300999232019326,0.6286666666666667,0.22697341917225627,0.04217979589496617,4.510509341382323
static,5,24,7.642847507101772,3.1725943072449505,4.880660522440856,0.4502377777777795,5.354018926185066,0.8766666666666667,6.226293510286839,0.614,0.212257079335643,0.047291799760840005,4.299931515972342
static,5,25,7.095785601006536,3.370478864982512,4.490592326469684,0.4686088888888905,5.326421016884545,0.88,6.151425368145012,0.5676666666666667,0.21757777639644302,0.0417614092420594,4.1314201462305435
static,5,26,6.498578976815397,3.5871550588439214,4.0675617384607525,0.462797777777779,5.334560972142155,0.88,6.08065363704507,0.637,0.21474922859687648,0.050538130456861105,3.9432297342032068
static,5,27,5.837000982137021,3.8076791139639035,3.54540465388605,0.45999111111111246,5.338228262918976,0.8933333333333333,6.059224244184885,0.609,0.21004571038573572,0.05050796926957918,3.7325399381171036
static,5,28,5.310560322499812,4.033092602551493,3.167164426190843,0.4541777777777791,5.340713896480281,0.8733333333333333,6.074894073340248,0.645,0.22396433492513884,0.04766116680590365,3.5449614910792087
static,5,29,4.815836328605521,4.306003929037226,2.7979464708424118,0.4544466666666681,5.341863973564937,0.88,6.123173265032798,0.6456666666666667,0.22598384915527675,0.04940961472308222,3.3778494071536436
static,5,30,4.306334833129457,4.5204612440576195,2.405467191812553,0.46637333333333475,5.325000665107302,0.88,6.135972154941534,0.5996666666666667,0.2283932698862211,0.053552058250200665,3.174040046607145
static,5,31,3.9756318185926385,4.74236604649965,2.174796261859403,0.4688355555555568,5.318115098585727,0.89,6.179383036131506,0.6263333333333333,0.21799455524961617,0.056714838882021536,3.0416654589328775
static,5,32,3.5921136839413865,5.0139465934223875,1.9179772368217463,0.48477555555555674,5.2958065942980275,0.8766666666666667,6.198164054019069,0.5866666666666667,0.2253984605670332,0.05006290235392402,2.8823130132015997
static,5,33,3.2306369664888384,5.262553084996192,1.6166686742398233,0.5026533333333346,5.2673173189557625,0.8566666666666667,6.14948548319591,0.625,0.2230485842807995,0.05766933674054416,2.732145661744538
static,5,34,2.982750750815408,5.429018793645624,1.446762750839237,0.5208377777777793,5.234894324199101,0.8466666666666667,6.196920041938558,0.6176666666666667,0.23122640523886404,0.05445105261668729,2.6153616268489466
static,5,35,2.725134670794738,5.699775827516389,1.2591263779196284,0.5433955555555567,5.19137899961976,0.8366666666666667,6.241413923681369,0.6196666666666667,0.24423782043351153,0.05345571854472784,2.489339444651437
static,5,36,2.48024525480951,5.967006015269343,1.1279482415967634,0.5528044444444457,5.167089846526544,0.8233333333333334,6.222555140759125,0.6066666666666667,0.23753118983903837,0.05457789931087144,2.369302144222957
static,5,37,2.3027416211813945,6.198148410765199,1.0741795231298834,0.5793288888888901,5.117040259436448,0.8133333333333334,6.31479704540002,0.611,0.23538733566467296,0.055117020492407486,2.2764012967597
static,5,38,2.1431994189933588,6.468014517932028,1.0694751989715154,0.6052029807585375,5.05709712641514,0.79,6.287861877685185,0.645311978645312,0.2529123715215811,0.05663222040544022,2.195164554039932
static,5,39,2.0257475180411117,6.685154982640585,1.0660349524918773,0.6166298650607793,5.030492144894814,0.7833333333333333,6.265137151285903,0.6186015389762463,0.2671179047368278,0.06081747701329744,2.124538165572736
static,5,40,1.9272856028637435,6.914136747407343,1.066579533538812,0.6443951612903238,4.962527385164627,0.75,6.267611214092656,0.6061827956989247,0.2582154929063479,0.06223391403344965,2.065398170884105
static,5,41,1.8386689841806954,7.1523368986826,1.0770406337023077,0.6665663131485926,4.900225191984585,0.71,6.258767049989178,0.603147451248717,0.26174455710283906,0.06714336257854059,2.0101751621986153
static,5,42,1.7749191868244196,7.327628988606284,1.074536505091477,0.7009165494608542,4.796482482739273,0.6633333333333333,6.253844835585336,0.6241209563994374,0.26069836711670763,0.06914721687554504,1.9682729664590264
static,5,43,1.7070622673189,7.537011980831283,1.0716438892858116,0.7290409956076143,4.699958528953893,0.6166666666666667,6.1158141643402315,0.6233528550512445,0.2670148036281302,0.07252713813104679,1.9238128069352898
static,5,44,1.6584102898894986,7.758631881214544,1.0875018482009295,0.7565162311955669,4.5932463727813095,0.5666666666666667,6.010746670562569,0.6476642913697546,0.27281890316699126,0.06942400859660922,1.8882804094813028
static,5,45,1.6271012646241647,7.941170520389342,1.099530297892989,0.7792960662525887,4.500610813010663,0.5366666666666666,5.984443277984045,0.6379769299023957,0.2614233928995787,0.07694282431105187,1.8619756882910945
static,5,46,1.5328345185528238,8.15513906850028,1.0397208034752734,0.7965080988917314,4.421723395166282,0.5066666666666667,5.845634308144888,0.6552429667519182,0.2652511041730724,0.0909890445883093,1.8208852716351258
static,5,47,1.5305934599195399,8.32354720156611,1.067853144208291,0.8049151873767264,4.382281672944699,0.5033333333333333,5.740125940036155,0.6159763313609468,0.25542614136614955,0.08510365489487008,1.8203313548527993
static,5,48,1.5241609893393875,8.429581542288439,1.075849433031482,0.8029848693259979,4.3887132388052414,0.49,5.661416526089271,0.6368638239339752,0.25290125321892737,0.08057492821076412,1.819920272912966
static,5,49,1.4848782913308647,8.501433194933359,1.0455523972571352,0.7893821391484951,4.447459474091262,0.4866666666666667,5.745748459255302,0.6144859813084113,0.23042104881281905,0.0726697791515903,1.8053958836688564
static,5,50,1.4531999846091497,8.644156985190135,1.0299878138650018,0.7759909142532658,4.506619350038279,0.49333333333333335,6.066318762006266,0.6158432708688245,0.256649426604788,0.06930514882004819,1.7756640812979205
static,5,51,1.4079859226696363,8.73658740513882,0.9847887579983203,0.7563187855787483,4.581749424958211,0.49333333333333335,6.130277619445096,0.6347248576850095,0.25337953966712606,0.06109512302140011,1.750397002345854
static,5,52,1.343030652812783,8.80523188706047,0.9231440672259161,0.7550887198986066,4.586182592065432,0.49,6.310222214633584,0.6093155893536122,0.28307367695163743,0.058534971721891225,1.7091543750920328
static,5,53,1.2996646645931138,8.846479544866368,0.8868876978918275,0.7620112781954895,4.558430261692138,0.4633333333333333,6.4001729398042,0.6729323308270677,0.2614364647284621,0.07243734980906033,1.663906718277902
static,5,54,1.2536541297911161,8.943100723327497,0.8441533306193729,0.7737724916132975,4.508038116529595,0.4533333333333333,6.492490172163605,0.6102470265324794,0.27390131020883973,0.06960859611091808,1.6280079126376865
static,5,55,1.2053666110800694,9.072141621548393,0.801634308480657,0.7761847041847049,4.502442790518964,0.4666666666666667,6.5848892717334415,0.6242424242424243,0.29323586603937735,0.07174142374510022,1.598413559830419
static,5,56,1.182198519907941,9.131439811080584,0.7832893687007265,0.772986603624902,4.517770278741034,0.48,6.554572960455088,0.6548463356973995,0.28376151508805875,0.07362237020518754,1.5786969055462057
static,5,57,1.2165534559903284,9.234158247681469,0.8259659460868769,0.7544294187425868,4.586818839312303,0.49666666666666665,6.6423252982669965,0.6377224199288256,0.3138802171080192,0.06210739653077114,1.5886646056229943
static,5,58,1.2081533957339232,9.358994058715139,0.8233647149523482,0.7367590801633365,4.642881839006528,0.5,6.690462790679788,0.6312056737588653,0.32471001813968625,0.06889233745270898,1.574422310837831
static,5,59,1.1919816138241517,9.423956571697866,0.8094522532592929,0.7226141485400752,4.683838253878144,0.51,6.8420729707082835,0.6554967666078777,0.3134700190504732,0.06136879546322271,1.5537217886318757
static,5,60,1.1728429085110739,9.636858959854933,0.8005917721654627,0.7045217391304357,4.7433663380610955,0.5266666666666666,6.810356045798936,0.6135869565217391,0.301319195270333,0.06399325433768159,1.53016546044021
static,5,61,1.167082373906648,9.765792311358013,0.8094740456116001,0.6887671691792306,4.792999250598205,0.55,6.846760770243367,0.6597989949748744,0.30492828046751624,0.060455721465783395,1.5168135585054792
static,5,62,1.149828941215369,9.95184097089436,0.7916044360113013,0.6657102803738331,4.853429130542968,0.5666666666666667,6.780344398756308,0.6355140186915887,0.31055011693077544,0.04940083050764165,1.5121609645485947
static,5,63,1.1115258285004261,10.27860021643085,0.7640890245487257,0.6503318777292588,4.893319106295377,0.5833333333333334,6.842991298376493,0.6480349344978166,0.30311470927314527,0.047613257628737506,1.49157612314925
static,5,64,1.0253757655028977,10.565456613787786,0.6834649315170533,0.6319836065573783,4.940983095586654,0.6,6.720047361447442,0.6184426229508196,0.29852050994830653,0.04651400915332804,1.4303691540147714
static,5,65,0.9165321248549806,10.891506531016773,0.5863704443685548,0.618315301391037,4.9702995412335325,0.6133333333333333,6.789687066865997,0.6236476043276662,0.3018514093387289,0.04661882822486537,1.3404659197513238
static,5,66,0.8308440602259094,11.274664628938108,0.5037261140050078,0.6038583638583658,4.991115532615245,0.6,6.8281185589599485,0.6311355311355311,0.2922432719879821,0.04540146557948416,1.2871512495362794
static,5,67,0.7025765260728095,11.657032709979285,0.38416322430686833,0.5815578947368437,5.035202224193331,0.6166666666666667,6.856197631143787,0.6210526315789474,0.29037511318306597,0.04212080446213573,1.2129109076207085
static,5,68,0.6274049989834282,11.95268146616672,0.3164234297602025,0.5732930648769591,5.0635830501880585,0.6533333333333333,6.782635771102001,0.637248322147651,0.2750458227422191,0.03932528656986861,1.1455064029842552
static,5,69,0.5977668465761361,12.109366581866636,0.2986437851742521,0.5559130434782629,5.09846937060027,0.6633333333333333,6.848526726231121,0.6334448160535117,0.2817887718387242,0.03815981948334889,1.1166662273662054
static,5,70,0.5499420142839403,12.411132816092424,0.2672494375043034,0.5396900780379059,5.1335617453282065,0.6833333333333333,6.920363764942174,0.6391304347826087,0.2665888499174495,0.03873565103054267,1.070383490886295
static,5,71,0.5348194805046063,12.61082262711774,0.26022217658778146,0.5328361204013397,5.153161260490611,0.7066666666666667,6.935957311097405,0.6488294314381271,0.27108494317052384,0.0341063568927346,1.0592661136262629
static,5,72,0.4990392107645828,12.931205275367306,0.2433444534814977,0.5322044444444456,5.1681781255883426,0.72,6.933286959160467,0.6473333333333333,0.28786279704240236,0.03855175110980064,1.021579344350075
static,5,73,0.46822937263636705,13.094038241660508,0.2275557239748602,0.5283111111111123,5.179686377028031,0.7466666666666667,6.898750532422691,0.634,0.2809369303579814,0.038383327055927674,0.9845851542712336
static,5,74,0.4465571423454411,13.324793305161691,0.215227741632685,0.5230618602581236,5.188365598718397,0.7533333333333333,6.878153946657734,0.6365153538050734,0.28175196538076575,0.039017060940435555,0.9625506328707609
static,5,75,0.4113201378662861,13.543934279141641,0.20162967847647267,0.5134623943035177,5.202958480046832,0.7566666666666667,6.953611363567137,0.644192256341789,0.29635181248144776,0.03826914098972923,0.9106280778843647
static,5,76,0.39462574661794947,13.782282316056065,0.188246773912276,0.5147937569676719,5.199493972291471,0.7466666666666667,7.00142343105873,0.6230769230769231,0.29475806157990375,0.03506975623848689,0.8851067439315674
static,5,77,0.36463056485118606,14.071089528355127,0.17686657479025686,0.515277591973246,5.20638811889698,0.76,6.964970843943338,0.6230769230769231,0.29114451569186545,0.03537588543780494,0.8464351683814931
static,5,78,0.34378863493591927,14.256411379916837,0.16236292208593128,0.5085195094760331,5.223556670839654,0.7833333333333333,6.944358144419568,0.6354515050167224,0.2947515467650513,0.030582762610626386,0.8075065660070098
static,5,79,0.32364189116088027,14.543287597771627,0.1530911845708303,0.5106510590858435,5.226076814026079,0.81,6.942632860313179,0.6645484949832776,0.2892167049819334,0.03734967990385947,0.7766186458563387
static,5,80,0.30609170795994867,14.708908914632557,0.14709910246594582,0.5152329988851744,5.218701345119528,0.81,6.942942721488317,0.6424749163879598,0.28067329650923695,0.033955202863871596,0.7462231512387886
static,5,81,0.28697663006335594,15.013818518214807,0.13547045031734234,0.5069800000000015,5.236963210546932,0.8333333333333334,6.964662389341972,0.6,0.2840337756391013,0.03734498860272854,0.7209755608172754
static,5,82,0.2775194562445702,15.17153215815324,0.1335757790048817,0.5116244444444457,5.232117384142724,0.84,6.984540332703734,0.6093333333333333,0.27211097536498247,0.030292494456581144,0.7059435294097881
static,5,83,0.2635647507408576,15.27915777298071,0.12454983653984394,0.5101333333333351,5.234153645405903,0.84,6.976860782005002,0.612,0.27880157863383864,0.038099662348888355,0.6731984374369951
static,5,84,0.24541124484943944,15.550469024606343,0.11731426087154412,0.513141711229948,5.225994393334519,0.8266666666666667,6.906390721873226,0.6403743315508021,0.2604907401018359,0.03219452288337737,0.6380553344317804
static,5,85,0.23138367973513516,15.780923925790926,0.11220574538715156,0.5034057728741792,5.241645460223658,0.82,6.939582770716795,0.6456034770979605,0.27431362618678884,0.03595125849382815,0.6129957080754549
static,5,86,0.21928243324372265,15.971782822673516,0.11312580593855033,0.5031928651059103,5.245862131622146,0.84,6.95229021731033,0.6344481605351171,0.24863518274862084,0.03623028158631873,0.5958724229450403
static,5,87,0.20875443235247693,16.213835165983546,0.11282384127911832,0.507449799196789,5.239951108716874,0.8466666666666667,6.979130947669535,0.5880187416331994,0.24679162441267935,0.03418413271741445,0.5709527959172792
static,5,88,0.2020753514103853,16.406847612598355,0.11375484687439058,0.5197561521252807,5.21847163221333,0.8133333333333334,6.949669978686896,0.6379194630872483,0.23765417643053016,0.032604747477038495,0.5423328548764655
static,5,89,0.19157503120857858,16.625685999046215,0.11063409217442594,0.5266125943449378,5.1996346385658585,0.7933333333333333,6.959343170043484,0.6383913484285232,0.26381422124702747,0.03187743900979195,0.512029767000938
static,5,90,0.1915618830397716,16.736797533046424,0.11442394752663101,0.5181288135593238,5.209045968009991,0.7733333333333333,6.968956786354065,0.6111864406779661,0.2752893761242824,0.03134828965324321,0.5013291176426371
static,5,91,0.1831050542253096,16.943236066933775,0.11572605284920079,0.5241867845404076,5.203668904271104,0.7933333333333333,7.016496584646636,0.6334580074804488,0.2990317260440941,0.04003372326417992,0.48221918533424635
static,5,92,0.18487004225768802,17.126930676535668,0.12403894465277826,0.5369724137931051,5.178260916952276,0.7766666666666666,6.853766483502444,0.6410344827586207,0.29554204916799875,0.03606433599080657,0.4726128776295344
static,5,93,0.18665106045323593,17.28024254456047,0.12951545422254068,0.5537575114881599,5.139777578539821,0.7733333333333333,6.87105164799101,0.6528808766348533,0.2873349231481525,0.03978988005458593,0.45691151067691305
static,5,94,0.18428397661901075,17.50588728186971,0.1318389394339843,0.5677137998056377,5.109357188451944,0.7466666666666667,6.88787817452278,0.641399416909621,0.30313953598146676,0.03866320979788472,0.43499660968682413
static,5,95,0.1887655593058236,17.65867765434988,0.13968032853810503,0.578097033685271,5.086237759559694,0.7366666666666667,6.887493876285455,0.6319758672699849,0.3106767357422333,0.034867349726869855,0.43673339237648584
static,5,96,0.189013864601435,17.859751275449092,0.14262932257667843,0.5785826972010191,5.087043028901532,0.7566666666666667,6.777569005668232,0.6458015267175573,0.316536027318916,0.03723986075127716,0.4364250327152657
static,5,97,0.1920314209789334,17.984239590799223,0.1473769763008414,0.5980979133226336,5.055355614323327,0.7733333333333333,6.810506956538299,0.6396468699839486,0.3036664772659229,0.04224290719027561,0.4177457158239697
static,5,98,0.19216665662968924,18.240805756136876,0.15140941546283052,0.6046910535689833,5.039535363654304,0.7633333333333333,6.776674605138435,0.6358405260994657,0.30657267505674374,0.051842670286942734,0.4074199492899046
static,5,99,0.1864377632800029,18.41420329701312,0.14684844379006962,0.5992991380528484,5.054736530409419,0.7766666666666666,6.733191402875013,0.6867316659601526,0.307893527806307,0.043267231585923535,0.39363253120004166
static,6,0,28.9585600237247,0.013315473630277963,13.323931122439513,0.8856444444444448,3.8549001988770497,0.2866666666666667,3.3583319548490596,0.695,0.5405386852834644,0.4393513237708284,8.550096645941354
static,6,1,27.660640796911874,0.049881608916528375,13.205268912894608,0.8082777777777784,4.340328067886051,0.4033333333333333,3.577633933992848,0.7016666666666667,0.5454610907566896,0.19646662748442933,8.364699607789431
static,6,2,26.467048697683385,0.1071486532808828,13.042957208408533,0.7461755555555564,4.611900801083566,0.49,3.7421439969042103,0.685,0.5418792601945681,0.1400165540800216,8.191454768538078
static,6,3,25.420766971911835,0.15764385195547503,12.82130502400571,0.6898577777777786,4.796236289344495,0.5466666666666666,3.747212108240417,0.6666666666666666,0.5236571275719084,0.1148899744333181,8.031429229263562
static,6,4,24.33506586325038,0.22271961767349918,12.584373488225474,0.6458844444444455,4.921708111772001,0.6133333333333333,3.7836681985712075,0.6803333333333333,0.5164590374762678,0.10569586674075838,7.861804041742373
static,6,5,23.38991459153563,0.30476056365262677,12.639262464345851,0.6202733333333343,4.986020330912299,0.6266666666666667,3.8682933301153564,0.6756666666666666,0.5025202619017796,0.08262998181728833,7.697213797015226
static,6,6,22.516303592585206,0.4130747522159134,12.569617020364664,0.601977777777779,5.035527103213351,0.66,3.817664006363005,0.6756666666666666,0.493853627754548,0.08012677180633837,7.550605647752619
static,6,7,21.675598059172785,0.5048692540550798,12.253896424053208,0.5784644444444456,5.084857478375278,0.6766666666666666,3.9281882150341434,0.64,0.4780351914762021,0.07733583581880796,7.402877724715821
static,6,8,20.75651314578712,0.5910213182578663,11.911647476256451,0.5754777777777789,5.1040513139587,0.7133333333333334,3.936883356449225,0.7156666666666667,0.4681722857165108,0.08054930249202696,7.239132987416717
static,6,9,19.84406605111774,0.7360324927952173,11.73577233050142,0.5613977777777792,5.134384991371355,0.7366666666666667,4.046926499004533,0.6916666666666667,0.4466977839977783,0.07671960192084032,7.079678298195799
static,6,10,18.897319935229334,0.8608800719121086,11.402952065652329,0.5590844444444456,5.140258785716311,0.7366666666666667,4.221308812614925,0.672,0.4155220196932268,0.07572499295796509,6.892423101892125
static,6,11,18.147515368190284,0.9592978616619008,11.04813174746688,0.5601977777777787,5.136431074115052,0.73,4.413480936000261,0.6583333333333333,0.36558811265256186,0.075102680973424,6.732660296672262
static,6,12,16.981439572632198,1.1304825065545088,10.39828216077738,0.5444000000000013,5.166871208733035,0.7533333333333333,4.508081651702154,0.636,0.300803210437244,0.07815769942704928,6.522180081218715
static,6,13,16.002128390902403,1.2899996332944115,9.994117276082356,0.5305711111111122,5.191616682273411,0.7633333333333333,4.72828056063724,0.6653333333333333,0.22777904672858298,0.06439527835425668,6.300727172596787
static,6,14,14.951072747840778,1.4429542781278735,9.318758963915167,0.5304933333333346,5.189757755062537,0.7533333333333333,4.789771585113967,0.6086666666666667,0.17914027119916634,0.06687062049291152,6.0815730607518885
static,6,15,13.984289710760654,1.613310342179373,8.717394576326164,0.517926666666668,5.214137076681017,0.76,4.809255311572163,0.623,0.13724487548996703,0.0680106201274932,5.8642602998088735
static,6,16,12.949927198071306,1.7783108432717993,8.105238572599262,0.5089733333333346,5.22948814128207,0.7666666666666667,4.870471841195475,0.6156666666666667,0.12002989821413895,0.06351021785232312,5.6248669279700785
static,6,17,12.07962591617921,1.9520540041406838,7.619702560015558,0.5115488888888902,5.231855280067737,0.7766666666666666,4.969579245978886,0.5883333333333334,0.12548303197688662,0.061509514593879926,5.417032715483999
static,6,18,11.1395422374518,2.123072208892924,6.839344235260661,0.5048133333333347,5.243426857483168,0.7933333333333333,4.886716930190484,0.5933333333333334,0.13694435317208123,0.05816178990714595,5.220130558406772
static,6,19,10.319241379965373,2.2891443596434167,6.357229487258392,0.5013644444444461,5.253314305022199,0.8066666666666666,4.778773844279023,0.608,0.1369210067547877,0.05776119219617672,5.00308011669789
static,6,20,9.636856581028509,2.4276750500546216,5.857339319945234,0.49705111111111255,5.263511451464876,0.82,4.811129968007032,0.571,0.144812430474943,0.054961906715002694,4.817857894685752
static,6,21,8.863911337295065,2.6219109108743712,5.312517857193743,0.5053311111111125,5.255640205127678,0.8333333333333334,4.83530383697516,0.5916666666666667,0.15585952665008368,0.05398541287860174,4.624205262627901
static,6,22,8.28007082079498,2.8064198628131445,4.902333180577752,0.5049400000000014,5.250223412861504,0.8266666666666667,4.725381580019768,0.5703333333333334,0.16350556364858004,0.046537360558258384,4.46366432986983
static,6,23,7.530371375273068,3.0222326842357377,4.333334260065946,0.5047444444444456,5.241676433115687,0.8066666666666666,4.724577248298215,0.5983333333333334,0.15843505718489054,0.05181350025390273,4.242404330348085
static,6,24,6.9813306297450195,3.2375132403370928,3.9898204905888695,0.5092911111111126,5.2328374117894665,0.7766666666666666,4.6872440737891425,0.6206666666666667,0.160681474467849,0.05276262551804347,4.087986766765465
static,6,25,6.454986683011633,3.433647632654406,3.6534828092308156,0.5170711111111124,5.223205849390048,0.78,4.7409895796425765,0.6046666666666667,0.1552708826170715,0.05428262240568742,3.9082655131710182
static,6,26,5.821642207324147,3.7196924687631783,3.205796766970986,0.5131844444444458,5.224168074067967,0.7866666666666666,4.7976118133794925,0.59,0.15665545582112855,0.0554142653871756,3.729527382828524
static,6,27,5.392195655031838,3.8425478155407844,2.8789011348626996,0.5273666666666681,5.203198801476079,0.78,4.841433791336828,0.6046666666666667,0.15782934790888936,0.0588797305205974,3.5733322008459303
static,6,28,4.942644125369947,4.046951653152334,2.627974173998105,0.5246333333333346,5.20454282004564,0.7766666666666666,4.930996620626511,0.605,0.15423390961039657,0.05998849719824952,3.4033376145989784
static,6,29,4.507129163812298,4.3271356284350535,2.3381358886072032,0.5374266666666683,5.1846694801264075,0.7633333333333333,4.9369967488565685,0.5986666666666667,0.15176785855200497,0.06498722295935917,3.257704826288322
static,6,30,4.129107999617424,4.56791802004558,2.1266430117788393,0.5436600000000011,5.171660013791959,0.7766666666666666,4.912485937482646,0.5896666666666667,0.14811869811556805,0.059323103510410015,3.109760019666982
static,6,31,3.8340395096750846,4.790114342379415,2.008737500429618,0.5573311111111123,5.146855478293284,0.7733333333333333,5.008161169627806,0.6006666666666667,0.14662689692624867,0.06140428686094321,2.9867787122655973
static,6,32,3.5659319845628152,5.056072982231513,1.9183764759164441,0.5742555555555566,5.1179951222964295,0.7666666666666667,5.010089262128634,0.5873333333333334,0.1468913949762764,0.06179734466886169,2.8795003259047967
static,6,33,3.280775822450769,5.252305006984388,1.7563883645736753,0.594257777777779,5.077292062305737,0.75,4.895368233013324,0.5833333333333334,0.14442743447480993,0.05945500219881024,2.7492800739988077
static,6,34,3.0362894242958487,5.484945653802273,1.6797661877785355,0.6155933333333345,5.0322598334872835,0.75,4.742325002535857,0.613,0.13933760820854768,0.06259713039511801,2.6277653096649742
static,6,35,2.750211175736193,5.779542806595008,1.5378308410798989,0.6331644444444455,4.993241633303743,0.7533333333333333,4.7005881718129965,0.6316666666666667,0.147555019492161,0.06929666108458678,2.492575918194516
static,6,36,2.5941898735087254,5.979891296232975,1.476449271459199,0.6603222222222233,4.921118147876498,0.7366666666666667,4.612625028988051,0.5873333333333334,0.15412000501578466,0.06912347957626595,2.3923831669230062
static,6,37,2.453273792333855,6.197950934580401,1.406987126194974,0.6688400000000009,4.896067867610306,0.7233333333333334,4.411289641104906,0.581,0.17247174074976826,0.06760878912968696,2.309815209555629
static,6,38,2.2922948722548497,6.41059141264254,1.3206342278921517,0.6811314882738704,4.86156408422888,0.7233333333333334,4.293783787245143,0.6262087362454152,0.18979082929139285,0.07037835759584986,2.2241736340072493
static,6,39,2.152635642870821,6.652423268197599,1.2314128660839638,0.7058914209115291,4.780576185562575,0.66,4.1238883678331035,0.6390750670241286,0.20258556670789768,0.06957457431915635,2.1411694367935614
static,6,40,2.0164291332668336,6.866113631093282,1.1601230755619725,0.7280830779707195,4.700108744297623,0.6133333333333333,4.051460573998297,0.6172965611167859,0.21136458725331156,0.06897255700525824,2.067025264382611
static,6,41,1.9290870737052344,7.090532490141035,1.1218395743705498,0.7476837338906313,4.624719102506193,0.57,4.0391183090785905,0.6137234413096482,0.23621863304074645,0.08343596561533868,2.003822422118809
static,6,42,1.8354854793323556,7.290485907044046,1.0665389578419757,0.7686923169123824,4.530166370460916,0.52,3.847426963152584,0.6307083782811939,0.24832964346063724,0.07472746411368703,1.9625357986270664
static,6,43,1.7924022767310472,7.463647867139678,1.056300173478474,0.7842289865965184,4.455662174355849,0.48,3.756085486113301,0.5847425779782037,0.25269155793932657,0.08218969041937307,1.9379866217453483
static,6,44,1.6888308834444838,7.720356173318345,0.987945015597334,0.8009508241384015,4.375894760703183,0.44,3.72102023611444,0.631794033510421,0.24449436424914583,0.07267161281557566,1.8956614345092682
static,6,45,1.6598048051752876,7.841170695015937,0.9963811877963473,0.8149382716049389,4.313289516853226,0.42,3.6035735793516905,0.6476851851851851,0.24427287086403274,0.08475478795370436,1.8931760093387944
static,6,46,1.554804418108695,8.050064970773475,0.9243930074565669,0.824201443916183,4.271862860387283,0.4066666666666667,3.575712179945217,0.5446381405176968,0.2156510779303444,0.09146914587104216,1.840895710033396
static,6,47,1.4965513659461203,8.160788115314903,0.88585913425279,0.8285466988727863,4.251055933468847,0.4,3.618544642565636,0.6141304347826086,0.1976312616679384,0.07831002778467948,1.813004427850273
static,6,48,1.4758121619419202,8.291135363554574,0.8863178118854669,0.8200418702023733,4.298529501395073,0.44,3.6508990824466143,0.5917655268667132,0.16143854427362583,0.08052285806155775,1.8035609264351435
static,6,49,1.4508689580809455,8.361015499254684,0.870730643075389,0.7977370517928294,4.40903596096809,0.45666666666666667,3.7127303412504182,0.552191235059761,0.1333138434339498,0.0748377076426612,1.7904658883591347
static,6,50,1.4106991189747127,8.426926973768843,0.8357295091018824,0.77677571470675,4.499046863141508,0.45,3.9347978949526823,0.5676392572944297,0.07945742467891091,0.06559495539004052,1.7579769354369683
static,6,51,1.3740045611728147,8.498949223064002,0.7953782956016446,0.7646957554170384,4.54691093981647,0.46,3.9310590105065044,0.5129118432769367,0.0606007674472308,0.05960801078293339,1.7281100587156912
static,6,52,1.373159836402999,8.589812997640013,0.7833875415727083,0.7481414868105525,4.603991823277474,0.4633333333333333,3.979298651484098,0.6070143884892086,0.03816802384828184,0.055331101904631315,1.7153407050231533
static,6,53,1.3900821209578038,8.67255898706312,0.7891980654575594,0.7538269402319365,4.585415840467382,0.4666666666666667,4.087420508851652,0.5530776092774309,0.028352777894053133,0.06722112745642157,1.7054856885814482
static,6,54,1.3992320373523262,8.759486518162818,0.7807104608620736,0.7526037315511007,4.5941152971560735,0.47,4.072286406424128,0.6081871345029239,0.019300960080620558,0.06073237722889425,1.683734437524005
static,6,55,1.412770343902719,8.844946921458385,0.7623170676580502,0.7503914044512672,4.600019245774412,0.47333333333333333,4.070765597123753,0.5287797390636991,0.020864940158678597,0.05917366339657361,1.6737477456485976
static,6,56,1.4415363501894003,8.880951624405974,0.7875528177301987,0.7557473684210534,4.5796933450066994,0.47333333333333333,3.8825656350097337,0.52,0.035457468770764125,0.06996777571700172,1.6562752119672466
static,6,57,1.4745519955987938,8.975082698990853,0.8115048529656517,0.7482556131260805,4.602788263889717,0.47333333333333333,3.889827254196402,0.564119170984456,0.03080710868601882,0.06581442608532391,1.6403955740715128
static,6,58,1.4767713267487925,9.07925599010539,0.7999505915076291,0.7369563492063502,4.639977484321412,0.48333333333333334,3.8992859997516116,0.5517857142857143,0.033698068865588134,0.0616448336378677,1.6293381138380656
static,6,59,1.463872922817003,9.199847215411443,0.771753744690899,0.7253413875160177,4.667517324138827,0.49333333333333335,3.8180328898517617,0.5337726523887973,0.0334230561170359,0.05857090321099609,1.5954593431717095
static,6,60,1.4963914476231908,9.252926938594971,0.8065965628391555,0.7104343382728676,4.702305204406715,0.49,3.676699507494239,0.5436893203883495,0.035165681043614005,0.06026183955363521,1.5532666836017937
static,6,61,1.5100892675438269,9.390251896906973,0.8253570553140083,0.7052643347708045,4.714140350300706,0.4666666666666667,3.5882882525795052,0.5462386200287495,0.06374851177447206,0.05469984894133501,1.5302870512193198
static,6,62,1.4957425638648343,9.515686341378604,0.8607246957369088,0.6932885705759485,4.75729650529664,0.48333333333333334,3.6733818699902954,0.5756490599820949,0.1287945770813858,0.05249056055170607,1.46570625418053
static,6,63,1.4700325351566133,9.731192010057303,0.8761626287452374,0.6780332913694234,4.79395211614271,0.49,3.6503606111938134,0.5812001678556441,0.17929447238631813,0.048454215919386194,1.4143837063344018
static,6,64,1.4488818257237042,10.022477768585725,0.9004400664719242,0.671651461060427,4.821577348467306,0.5066666666666667,3.667327896313557,0.6243554145180484,0.2030819574547423,0.053760782131525166,1.3720309179903427
static,6,65,1.3589760427260145,10.287449302555318,0.8712911563837196,0.6635810386017865,4.842990278316065,0.5266666666666666,3.5749700669250135,0.6186344775556394,0.21142094029637024,0.05280542513901647,1.3217821854328002
static,6,66,1.339774901121242,10.678163680230918,0.8592269221586688,0.6475416516840478,4.886701482446454,0.54,3.555512335329852,0.6274721323265012,0.22701316853294667,0.04647940466825916,1.3319687222793923
static,6,67,1.2652780927955958,10.890255331480262,0.8281767748801535,0.6340023068050762,4.917424150811297,0.5566666666666666,3.56068502602532,0.6072664359861591,0.22223416873733157,0.04471033825135992,1.3330336330745822
static,6,68,1.2628455728882169,11.157685321158668,0.8319989049052071,0.6180600000000012,4.952815756122729,0.5633333333333334,3.495208673375683,0.6393333333333333,0.2104619575652361,0.04794227902587036,1.330964828153954
static,6,69,1.1437059501982034,11.419439644272318,0.7468764138694339,0.5951311111111122,5.003910600547886,0.5833333333333334,3.482851741333126,0.631,0.1766153613851416,0.039166003558418414,1.2404118769816197
static,6,70,1.1172383798517016,11.544327990592956,0.7328046394178588,0.5832377777777791,5.037668298309129,0.61,3.5449429932109524,0.5313333333333333,0.14933700672468286,0.04468757592596602,1.2001852235278243
static,6,71,1.0546782911148682,11.720877845493995,0.6855988806560136,0.574137777777779,5.065876785093478,0.6333333333333333,3.6042152733413544,0.5973333333333334,0.12554142221186051,0.0437685197785817,1.1360523305937404
static,6,72,1.0293752819063615,11.927802932266346,0.6821710853269906,0.5665355555555566,5.087855482300551,0.64,3.6645627770768314,0.5816666666666667,0.11801794243686747,0.038874486366746425,1.108161639808599
static,6,73,1.000594080680287,12.162360499924525,0.6724750240823432,0.5688977777777788,5.0934881914710575,0.66,3.7429066772841377,0.589,0.10786096306423597,0.04198631476882251,1.056708905314047
static,6,74,0.9801439391330502,12.311628057158732,0.6614054077218612,0.5646733333333345,5.107921078423821,0.6766666666666666,3.836269234192443,0.543,0.10326529345752257,0.03847076527417084,1.0148956804626732
static,6,75,0.9668786634240869,12.481975950944165,0.6693709023389762,0.5565111111111124,5.12796684964181,0.6933333333333334,3.895597211982651,0.585,0.11996808931613792,0.03787758265699442,0.9685363915265514
static,6,76,1.0062835663460297,12.693270848596903,0.7236518136135736,0.5591955555555566,5.124439446993209,0.71,4.127770905266515,0.5896666666666667,0.1337233855214335,0.03449603615625287,0.9382811152365121
static,6,77,0.9928016042959793,12.910691791255868,0.7313530893947395,0.5531155555555569,5.14043599678409,0.7233333333333334,4.370004282307512,0.595,0.15418592908743578,0.03482472521172211,0.8977618372965835
static,6,78,1.0125964444520774,13.133658956917955,0.7563363782823522,0.545200000000001,5.154579758424806,0.7466666666666667,4.492073502430171,0.631,0.18284548056864594,0.036261623939642516,0.8555287089525653
static,6,79,1.0268076273806297,13.255705471739766,0.7899438324397696,0.5445911111111122,5.164112170414646,0.7733333333333333,4.658560717688239,0.5736666666666667,0.20100323649596802,0.03032837876491127,0.8282962603911542
static,6,80,1.0139845790806044,13.447562548613162,0.7873047601327112,0.5516644444444458,5.154851513835238,0.7766666666666666,4.903402469972658,0.6293333333333333,0.21296666010156082,0.031007499266013195,0.776069780839307
static,6,81,1.0134590300886293,13.649103097076177,0.8059282613160843,0.54176888888889,5.1653236903708395,0.77,4.882098680159407,0.6243333333333333,0.21935813711196583,0.037546620762565035,0.7407031744663518
static,6,82,0.9797600796900996,13.834444649056492,0.7771421770382387,0.5373044444444456,5.17527891533727,0.8033333333333333,4.970402984740268,0.6326666666666667,0.21968409323968008,0.029516312147891095,0.6963768176875632
static,6,83,0.9474126733362455,14.062996498486063,0.7566325618457923,0.5318866666666677,5.188459287921619,0.8033333333333333,4.947841543370534,0.6543333333333333,0.23248501488910298,0.03152297063674773,0.6415229417255589
static,6,84,0.8998823891379646,14.283003158380106,0.7176423358053652,0.5428666666666679,5.174681568747598,0.83,5.014217249743749,0.6256666666666667,0.2316584864925975,0.03516979981376266,0.6175719446819176
static,6,85,0.8895831517768473,14.41704349259161,0.701264879075377,0.54084888888889,5.175959138115642,0.8133333333333334,5.023288502525471,0.5853333333333334,0.22628675347438493,0.03606168198273462,0.6031043815421966
static,6,86,0.8593311161800888,14.557225258456173,0.6653334395623147,0.5408688888888904,5.178077003752584,0.83,5.0109416537007245,0.6303333333333333,0.2132172447192178,0.035474154615021486,0.5860264905649003
static,6,87,0.8028454737600631,14.796812558899276,0.6159789914345944,0.5470866666666678,5.174776407328239,0.8333333333333334,5.02087054879513,0.6036666666666667,0.2045539720304156,0.03659219693275421,0.5541506472506191
static,6,88,0.7555338130643243,15.031367943991341,0.574882063350494,0.5440088888888901,5.1738912997027455,0.8533333333333334,4.837611096823013,0.598,0.17901064047315393,0.03507933357778559,0.5155904171491725
static,6,89,0.7540821012591691,15.14350975718135,0.5654842558932469,0.5459390298175362,5.167097728458538,0.8433333333333334,4.759934074544638,0.6048064085447263,0.18067065209532437,0.03637755376145469,0.5085914701022886
static,6,90,0.7338924885214695,15.373672294696831,0.5584964219716394,0.5540542350184143,5.150883429200606,0.8033333333333333,4.72982878482164,0.5932373619015735,0.16964780254774217,0.036884443385991374,0.4934218639853818
static,6,91,0.7106503704490096,15.564469461671091,0.5455879530706298,0.5563402638050542,5.148199629246744,0.8066666666666666,4.554748216642966,0.6039570757880617,0.15403137407503079,0.04014990098194433,0.4974226437219384
static,6,92,0.7185584185100397,15.811641360611773,0.5609483928183961,0.5568244377307839,5.141256380853821,0.7733333333333333,4.47726087257131,0.6203423967774421,0.13517441547863457,0.042841484997057755,0.47986111899853096
static,6,93,0.6960976687802674,16.06736649477113,0.5613506201280379,0.5618989898989912,5.129257314490353,0.7566666666666667,4.457744917666879,0.6090909090909091,0.1361707952975713,0.04037028288189279,0.444983016987627
static,6,94,0.7312064338028469,16.272139947371528,0.6053268938380437,0.5673822463768128,5.1146604255362575,0.73,4.490306632849658,0.6368885869565217,0.13631783123898975,0.04649382199614397,0.42010394820312236
static,6,95,0.7095497932073489,16.486026492484058,0.6012690650551207,0.5841131815044873,5.081032208091436,0.7166666666666667,4.307313294156277,0.6121463077984817,0.1404559860956953,0.04264003122207457,0.4173780277338703
static,6,96,0.7073153259895153,16.687494161050964,0.6079379690393119,0.5996071594607173,5.032368951149285,0.66,4.258448983887026,0.5843793584379359,0.13497531952971512,0.041717671210511766,0.41796997925857543
static,6,97,0.7049686375495766,16.970479944636935,0.6164644475130447,0.6064634290440754,5.016485612800585,0.65,4.247590538176262,0.587025877348458,0.14507277210279687,0.04407445303807533,0.41577153567549957
static,6,98,0.6856165557017873,17.123568833663796,0.603233214233968,0.6222656532754265,4.974418282488076,0.6333333333333333,4.286663972819084,0.5562794064422729,0.1730573737189017,0.04081653609691536,0.39805007159097366
static,6,99,0.6792316805994049,17.282925086121445,0.6052353168252586,0.6350682908822458,4.943065964723477,0.63,4.096251312067035,0.6072351421188631,0.1789852106777046,0.0558545129048225,0.39715853557899333
static,7,0,28.718593116136613,0.016164078712408214,12.695962189626256,0.9605822222222223,2.8060748250939636,0.09666666666666666,2.668208481870494,0.6476666666666666,0.34552005619180565,0.6342207792207792,8.466526848797807
static,7,1,27.273951412052547,0.045361835610865375,12.285995632193103,0.9279355555555558,3.331603816198024,0.13666666666666666,2.783629165380521,0.6493333333333333,0.34891458764030064,0.3059343574668652,8.268622144788127
static,7,2,25.70393085998703,0.09465167068012703,11.87407541270886,0.8986333333333336,3.675151645351153,0.18666666666666668,2.8642556928775167,0.6266666666666667,0.34880180022561097,0.2237812508555543,8.027384255513761
static,7,3,24.184374012751523,0.1529482058650261,10.823821829942188,0.8784733333333338,3.8732413233206344,0.21333333333333335,2.924490280523196,0.6576666666666666,0.34959170175814697,0.18604845991068902,7.786747236897505
static,7,4,22.68269028498858,0.2387293483498062,10.287214893959476,0.8552133333333338,4.013281302224774,0.22333333333333333,2.9492915302367853,0.629,0.35150932991618766,0.16396162603592945,7.549706992047415
static,7,5,21.31510224685594,0.33061664493263737,9.761859182669134,0.8470688888888893,4.081418703290193,0.25666666666666665,2.973995380674861,0.6363333333333333,0.3506409651968251,0.1556110258277441,7.317296082657651
static,7,6,20.135530189453586,0.40376175598864017,9.037818231176779,0.8362488888888895,4.167234364418172,0.29,3.029686552803419,0.6126666666666667,0.3473576717719516,0.13136380260606267,7.112788427880985
static,7,7,18.92155034178971,0.5276978770067986,8.512970855734972,0.8156000000000007,4.275199821377385,0.31333333333333335,3.081538841710396,0.648,0.3416175985054555,0.13672409476202046,6.898640318746749
static,7,8,17.824929492401793,0.6292066276397146,8.017004621113125,0.8048822222222229,4.337702418680543,0.35333333333333333,3.1610126128972356,0.6143333333333333,0.3287766689727276,0.12371753447217844,6.691811416235205
static,7,9,16.74158299355275,0.7315945093630467,7.493407624970919,0.794913333333334,4.3943019508003305,0.37666666666666665,3.3279853620431776,0.646,0.30574916852043127,0.11519080506696606,6.47918936940484
static,7,10,15.708181919701143,0.8771331005691065,7.079925846292314,0.7848266666666673,4.448208573433716,0.4,3.4865984488053474,0.582,0.2730625543960528,0.10401729877736068,6.274726802163737
static,7,11,14.734553217898021,1.0143370220527765,6.666283343982924,0.7778911111111119,4.478215830335047,0.41,3.647306207151281,0.589,0.23365828800461116,0.11811292308196333,6.074382111713194
static,7,12,13.842217606173657,1.1352694663267289,6.394535285732428,0.7703000000000007,4.510231393263249,0.44,3.724531915876402,0.605,0.19695088463056232,0.1053103189093901,5.878392986400859
static,7,13,12.800337126935469,1.28017529812373,5.915996659784247,0.7622288888888897,4.542275333475728,0.45666666666666667,3.7933504512238203,0.5753333333333334,0.1586104105305811,0.112916954906119,5.640300188477499
static,7,14,11.827202552436031,1.4508545435307427,5.710249142156284,0.7562711111111119,4.570037259752221,0.47333333333333333,3.820512673881793,0.5736666666666667,0.13500713895906918,0.10110067306274736,5.403754863991122
static,7,15,11.088737694021942,1.578247487609509,5.484277902749338,0.7461622222222231,4.605174208151281,0.4866666666666667,3.9432888538827213,0.5946666666666667,0.13828550486260804,0.09967379556001847,5.218503444306726
static,7,16,10.518756206047964,1.7421366720786402,5.360575297221153,0.7469066666666675,4.60135214061741,0.4666666666666667,4.0408592900674964,0.5823333333333334,0.14916094569999205,0.09201132387277898,5.069434083091767
static,7,17,9.68141694820201,1.9318911528175349,4.925302053776893,0.7421133333333341,4.621672620641659,0.48333333333333334,4.073365127014727,0.613,0.1766822853788593,0.0885924007479735,4.854801904813181
static,7,18,9.11508425231264,2.0647035016762603,4.749998361494632,0.7500044444444453,4.5907711596098375,0.46,3.980420985032244,0.5866666666666667,0.19162499984677836,0.09317472288060524,4.683776481247615
static,7,19,8.652661287379763,2.2167061972273685,4.477210251292571,0.7510400000000008,4.58551000062586,0.48,3.81498321304479,0.594,0.2197666459958488,0.08803989612039148,4.573838424452368
static,7,20,8.063197814703098,2.40940655708547,4.204724540094052,0.7530355555555565,4.577152538650891,0.47333333333333333,3.589549472515538,0.635,0.2466602793607375,0.08833031233186031,4.409278394644221
static,7,21,7.632664132089052,2.600968073713273,3.9814029914765565,0.7461444444444454,4.592595057512552,0.46,3.486274233573233,0.6666666666666666,0.2588911203464795,0.08402516858786208,4.294453923005327
static,7,22,7.267463486304396,2.7784600166029674,3.7756240671708685,0.7467088888888898,4.584171222228667,0.44666666666666666,3.2834033884215623,0.579,0.2756449225130911,0.09073297717647563,4.191208449263935
static,7,23,6.930212387166916,2.8880495840029674,3.6280465904174095,0.7414088888888899,4.60615190026733,0.4666666666666667,3.2400939198905476,0.592,0.2805812099835755,0.08799970640527915,4.072106239392134
static,7,24,6.472154657445627,3.1197403767268637,3.3043265249046705,0.7424266666666676,4.606728269616815,0.47,3.1997962271014715,0.6226666666666667,0.28152714849630706,0.09360836574845863,3.9449968449096935
static,7,25,6.188828005854975,3.3207720842785613,3.212039377001789,0.7453777777777788,4.595703331316136,0.45666666666666667,3.115253609007915,0.655,0.28525236023456446,0.08228401958665117,3.86034776770256
static,7,26,5.8301717963167325,3.503610424642586,2.979981723647121,0.7388555555555564,4.618980856742495,0.45,3.248402833720907,0.6256666666666667,0.2806178332959206,0.07655693950585592,3.7452516836340948
static,7,27,5.502536146699936,3.693374897991681,2.8031107019672623,0.7289644444444452,4.654727519393996,0.47333333333333333,3.265722810095414,0.6356666666666667,0.25576543399809964,0.06989087451935751,3.632000838760332
static,7,28,5.154483862599521,3.9230151152564057,2.5919068157520466,0.7277666666666676,4.665481112644716,0.49,3.394581897334713,0.5966666666666667,0.24429488751852532,0.0820123963583716,3.5227881837050776
static,7,29,4.814612393924284,4.135051251901313,2.3842264529316313,0.7246355555555564,4.670929990106876,0.4766666666666667,3.5256479135082404,0.5916666666666667,0.22115953248571893,0.08124453834206156,3.3950318976155143
static,7,30,4.449209541229854,4.349585087573417,2.2021807186701166,0.7239955555555565,4.671626195341899,0.47333333333333333,3.7143918226537274,0.601,0.2029211904896224,0.07289438631543894,3.2523860905164845
static,7,31,4.216217253374292,4.5315345119448,2.0876159968856776,0.7189777777777788,4.702514997089905,0.5266666666666666,3.667504853097805,0.6186666666666667,0.18751553805678858,0.08397892498511693,3.1589517873211173
static,7,32,3.9151114774359392,4.728361418917617,1.8686494858781528,0.7280088888888898,4.676188500415482,0.5166666666666667,3.6089020913601173,0.559,0.17714867739317783,0.0835596538537715,3.0261661718247264
static,7,33,3.689033092968898,4.954358312216423,1.7633369967079144,0.7196222222222232,4.698565249796742,0.52,3.6376648245770586,0.6163333333333333,0.17851296179423407,0.0803238133269093,2.9233811890056365
static,7,34,3.4850222122946626,5.146125710015763,1.6621916085232078,0.7244466666666676,4.685856255690062,0.5266666666666666,3.6654677783918777,0.5966666666666667,0.18670827538428214,0.0771645986738866,2.8059453717919083
static,7,35,3.2334185156491935,5.388680238692356,1.508046380035247,0.7250733333333341,4.685448187103054,0.5366666666666666,3.642234944993154,0.596,0.20390437669454523,0.07303406517802803,2.6891442653664814
static,7,36,3.0522955545841177,5.5716948634472185,1.4296307562273673,0.7195711111111119,4.705956282694263,0.5433333333333333,3.5195356163308658,0.6096666666666667,0.22814145857861468,0.07452993257172823,2.5863376942081255
static,7,37,2.886901938218562,5.739247951234042,1.335229540276079,0.7269888888888898,4.68376139402757,0.55,3.397410393902467,0.6083333333333333,0.24644088503803332,0.07584462664958021,2.487250557880239
static,7,38,2.7665083007648033,5.984358511430697,1.267284704787591,0.7219133333333342,4.696696117584391,0.5366666666666666,3.2875463242269363,0.623,0.26624160918294676,0.06801398048689071,2.4263887721162622
static,7,39,2.5854593176232084,6.2247938280915704,1.1795411123301327,0.7207355555555565,4.694603420382759,0.5333333333333333,3.213477105140378,0.5953333333333334,0.2874668442154892,0.07118622720015909,2.328194318551388
static,7,40,2.51102523880789,6.429220489159319,1.1413198097269002,0.7266264791248056,4.66897990590691,0.5066666666666667,3.0856044628075727,0.6440053583389149,0.301480868728564,0.06449633227110008,2.2907117367212693
static,7,41,2.3739338739517866,6.620298511297472,1.1032842535030705,0.738546365914788,4.620829920697243,0.4866666666666667,2.9494669006959504,0.6206425153793574,0.3153726691675894,0.0755010616891422,2.224439035280914
static,7,42,2.2434180301308926,6.8359075603309165,1.0437306699527231,0.7494622905027941,4.572794342441821,0.45666666666666667,2.9391735985299148,0.625,0.3131594172685085,0.07273614968622709,2.157387307573501
static,7,43,2.137687319333071,7.0520587296187465,0.9830946852834881,0.7652476086693313,4.52057263275322,0.48333333333333334,2.8708164337770747,0.6218670541227752,0.32027771458017923,0.06040322396185399,2.1112100175401944
static,7,44,2.04654108088178,7.294117929688286,0.9576371068117661,0.7798945473251035,4.463324677857264,0.48,2.81570090894175,0.6369598765432098,0.31706827949338096,0.07891601651702271,2.078166817237084
static,7,45,1.9805976365978089,7.436519303301589,0.9583131664701808,0.793004510403027,4.411881418784738,0.45666666666666667,2.818863450214387,0.637276298559581,0.29327089978767784,0.08271651393555418,2.064086231091197
static,7,46,1.8916366996998315,7.661003707473485,0.9024606131155067,0.8073186959414511,4.347172390382014,0.44,2.7870823693555535,0.6447105788423154,0.2769122420907753,0.07463875424111492,2.0401406461884473
static,7,47,1.855351919377576,7.799579814538465,0.8967899711146843,0.8187337909992378,4.294444890364483,0.42333333333333334,2.7646120365388946,0.6064073226544623,0.26372771334410594,0.08195301016779344,2.0338170018460997
static,7,48,1.821595372986689,7.9044880348295905,0.8839566258821954,0.8090948090948098,4.351605293410987,0.44666666666666666,2.770246613357706,0.6177606177606177,0.23845727066698583,0.06535538119574497,2.0296935425573057
static,7,49,1.7811634422606393,8.002182771597603,0.8630229771981922,0.8088904933814688,4.353965939392708,0.43666666666666665,2.7974201401835095,0.6418772563176895,0.23396068379352108,0.07911627074049674,2.0103205641403585
static,7,50,1.7537071608205994,8.121958452746096,0.8605581183263838,0.8005128205128211,4.384791300050054,0.4166666666666667,2.8291652363559416,0.6233974358974359,0.18320367103243634,0.0830471568693318,1.994738045882958
static,7,51,1.7108637639094413,8.214142685605722,0.8583601809481343,0.7964163150492272,4.398892991718027,0.4033333333333333,2.843453590008338,0.6050632911392405,0.16639640426807403,0.08946699622473617,1.948131926129914
static,7,52,1.7307056978767814,8.238112614722285,0.8927360687963275,0.7918336369156049,4.405800433925912,0.4,2.8881346280983338,0.52367941712204,0.12850276495001028,0.07024794268911916,1.9311179669393335
static,7,53,1.7487914302628287,8.263644298780067,0.9427598247111613,0.7962805776598887,4.388717689645478,0.4,2.904107146507793,0.627763041556145,0.10034418783655467,0.07996422707839117,1.9066338629027386
static,7,54,1.7690075832814214,8.265997427886393,0.9563813691901686,0.7986096567771966,4.374707902544738,0.4,2.9325919830612728,0.5541012216404887,0.08629125442515553,0.07448294278247838,1.8735761310630725
static,7,55,1.821869890370931,8.305400047703232,1.0134203138717148,0.7991228070175446,4.373668568280645,0.39666666666666667,2.899935652837352,0.5978618421052632,0.06118098177026166,0.07973969623427828,1.8523063106591946
static,7,56,1.838154902184401,8.395933521774243,1.0709033564524337,0.7924962178517405,4.393215585508173,0.4,2.9244695133143797,0.6066565809379728,0.03748189248712548,0.08253881226559244,1.8092292196109347
static,7,57,1.8244211951037441,8.504227114373586,1.100511101660006,0.788874941887495,4.395255137645059,0.3933333333333333,2.956486362385333,0.5781032078103208,0.025605206986782796,0.07949646486411192,1.7461679926281153
static,7,58,1.8034767424189382,8.60522831582458,1.1151577531698265,0.7732434745400093,4.4426046125161545,0.4066666666666667,2.937821451776261,0.5571245186136072,0.025378527301472723,0.07231750619521518,1.6734163544198137
static,7,59,1.7667635305500933,8.73131288588339,1.1088465030103087,0.7609830845771153,4.486549233085329,0.41333333333333333,2.962700333647919,0.5522388059701493,0.02530011180304676,0.06998525697442105,1.6122296167334484
static,7,60,1.692372331877079,8.94052337215837,1.0740796068251086,0.7439504804138959,4.539963576356188,0.41,2.999786276817414,0.5798226164079823,0.0230050649696977,0.07311407432150466,1.514454475227577
static,7,61,1.630881335374808,9.200422125251716,1.0472623205024245,0.7301407483693796,4.586631922940917,0.42333333333333334,3.006887327545147,0.5695159629248198,0.024866732353738274,0.06429089529321727,1.4421941383392376
static,7,62,1.51772268734607,9.432459393802336,0.9637005206013383,0.7150496317643301,4.635528674916469,0.44,3.05715496894648,0.569164265129683,0.043862311289257716,0.06110478946005262,1.330210171315441
static,7,63,1.4655895358599973,9.58970099006951,0.9168487838738301,0.7022532253225333,4.695447284068552,0.4766666666666667,3.1505772440039075,0.5774077407740774,0.08396984788166584,0.057687412060477075,1.2831535310496136
static,7,64,1.465770175347604,9.702855705289576,0.935402356440686,0.6811017425519964,4.754878147252493,0.49,3.1627194740347724,0.551433389544688,0.1061222215998194,0.05017801070045652,1.2562241658796427
static,7,65,1.349436579566409,10.002227463288534,0.8437559812690878,0.6612324703344132,4.810361265469918,0.5166666666666667,3.2905218160740506,0.5974919093851133,0.11799029540094405,0.05311209373128878,1.1956386931320038
static,7,66,1.1555825771250248,10.347001682052182,0.6766710864230796,0.6456337306164308,4.853730916742478,0.53,3.2973552929210146,0.5705497885428681,0.13618433182387962,0.05106101801535238,1.118174036495932
static,7,67,1.0598457716947909,10.613667075090996,0.5854264206708771,0.6289842424242438,4.894896367947298,0.5533333333333333,3.383008381689997,0.5901818181818181,0.14314538149872547,0.047118199997456964,1.1117068883627041
static,7,68,1.0480841348038719,10.814593695588483,0.5652681118526085,0.60443822843823,4.952778373602621,0.5766666666666667,3.3966972022428594,0.5751748251748252,0.13023669725393602,0.04741315243637225,1.1800997100525616
static,7,69,1.0001833194859047,11.091878583534731,0.5325360763722881,0.5926464646464659,4.993601150097385,0.6033333333333334,3.3455497357074924,0.6148148148148148,0.10972804067528324,0.04106888080959288,1.1739424938969947
static,7,70,1.004501809821739,11.2570603082652,0.534272815366361,0.5758511111111124,5.032303661366725,0.62,3.3896179504585664,0.5603333333333333,0.10013302747611114,0.04231397601366641,1.1527813762120183
static,7,71,1.0153338997179016,11.382783282649667,0.5657755599300045,0.5663355555555569,5.062582575713971,0.6466666666666666,3.398999883285449,0.5786666666666667,0.07304260756346888,0.04505385023186881,1.1465685811231665
static,7,72,1.0191848597996256,11.527643805851527,0.5955432628739569,0.5637844444444459,5.075975621516454,0.6633333333333333,3.3829473087252797,0.583,0.057325480203704114,0.04098040948273146,1.1068871060674474
static,7,73,1.0747996558396151,11.722653753181996,0.6746294958920033,0.5647422222222236,5.082016995704038,0.68,3.4030025347145774,0.541,0.04331590116043237,0.03977388008734758,1.1052374089798571
static,7,74,1.14943936714152,11.859865302484785,0.7728606835682525,0.5654044444444458,5.083423099918551,0.6966666666666667,3.468866343206367,0.601,0.04082672790402639,0.04222971802306168,1.1056171567957838
static,7,75,1.134401085217215,12.055891729757482,0.7866677053690949,0.5615177777777793,5.091023522665704,0.71,3.430087222115455,0.5686666666666667,0.03641716813289025,0.04239433267684042,1.0328961076912695
static,7,76,1.2194904509794,12.186601522324874,0.8851629428617467,0.5634755555555571,5.087461839693298,0.7166666666666667,3.527315786274462,0.583,0.039190110413367577,0.037439812223093956,1.0306957018286083
static,7,77,1.2821121997153209,12.346662407134954,0.9633587632856045,0.5626822222222236,5.100182208659506,0.7533333333333333,3.5742435776160772,0.5786666666666667,0.043012468870563376,0.032129056300882926,1.0043565623239294
static,7,78,1.3658988538014494,12.459087040942297,1.0650389481901215,0.5496711111111123,5.116640890151075,0.7466666666666667,3.6211248541117538,0.5963333333333334,0.054143618477786884,0.03985930048623547,0.9757959644566125
static,7,79,1.4146692635185065,12.578554659817549,1.120750488707635,0.5519039679893316,5.113474081642392,0.7333333333333333,3.6771017834236575,0.6098699566522174,0.07790431966373218,0.03928994881394263,0.9310183755459279
static,7,80,1.4384197607288405,12.830041297260879,1.152409209876098,0.5507813715683021,5.115879436737479,0.75,3.7355370989276784,0.582860953651217,0.09980572796157414,0.04279370884247045,0.9220238964672545
static,7,81,1.4002203923299839,13.044164749273534,1.1430568994410213,0.5579344919786111,5.100127674258301,0.7133333333333334,3.809147553693739,0.5812165775401069,0.12254817171358047,0.04051120834789566,0.8688786115191123
static,7,82,1.4858259258101545,13.133030535074168,1.2323199724080758,0.5575392845202289,5.098623227402522,0.7,3.8605845373128598,0.5917753259779338,0.15624403276717794,0.04363067044181595,0.8940844075122943
static,7,83,1.3973713842417324,13.37514048251106,1.136673115480498,0.5526399108138257,5.103662860216474,0.7133333333333334,3.8499885766977444,0.5682274247491639,0.1822873210023124,0.03250403449319858,0.8423109952726738
static,7,84,1.3120945000075661,13.626149832188707,1.0649863183340322,0.5505752508361225,5.108734990794641,0.7133333333333334,3.8317228480521286,0.5906354515050167,0.20274055718331777,0.04550632016189292,0.8381997801087193
static,7,85,1.2715423653356541,13.86769198722202,1.0258385628502,0.55379264214047,5.102648769021786,0.7033333333333334,3.7294490514633636,0.6073578595317726,0.2287710895345755,0.043645629682781385,0.8118246579953841
static,7,86,1.1920734799717285,14.050569024378097,0.929430902218698,0.5581003344481623,5.100282796367906,0.69,3.6074729943760055,0.6006688963210702,0.2514371719886328,0.039619753025325784,0.7420114068345262
static,7,87,1.0845218644492594,14.264307210738528,0.8230307687436417,0.5613311036789315,5.09771047465308,0.6833333333333333,3.499133395546092,0.6414715719063545,0.2736123979689942,0.03697646164751428,0.7456658893819993
static,7,88,1.0347957643652899,14.447999362484786,0.7546471079522501,0.5667000000000011,5.097756385373488,0.73,3.4611205943713905,0.6663333333333333,0.29803062514451956,0.038094294622932394,0.7190592263507565
static,7,89,0.9940564388204114,14.64051720940435,0.7147988162180535,0.5658488888888902,5.091005882306344,0.73,3.4257942695330543,0.623,0.3143454855507174,0.03810493743156282,0.6676399420659004
static,7,90,0.9858331287034588,14.770518430553647,0.6823659364164306,0.57256888888889,5.075293714046947,0.6966666666666667,3.349284609774235,0.641,0.3366887750126083,0.04192717126927653,0.6699227511381677
static,7,91,0.9933221432405763,14.981900833452134,0.70933207708024,0.5689297658862891,5.073206750369508,0.6733333333333333,3.373420661757396,0.6414715719063545,0.3581152877993514,0.04347589602233565,0.6604213573350607
static,7,92,0.9892644882195515,15.21586332363933,0.7368654614249657,0.5733868450390206,5.069004056978281,0.6766666666666666,3.3177550832361837,0.6468227424749163,0.36695314912944527,0.04534606131742354,0.6161654110204905
static,7,93,0.9573432167078835,15.425988746681748,0.7512620203137943,0.5780729340916705,5.06554533348844,0.6866666666666666,3.2502517848618817,0.6607561057209769,0.372787132513588,0.05244775062112523,0.5679026736163545
static,7,94,0.9780720242529664,15.738100694650255,0.7998656429779929,0.5869063620071697,5.0464056408780085,0.68,3.2755614728003772,0.623991935483871,0.3696027700172576,0.052327549185134326,0.5295067446169831
static,7,95,1.007768009538387,15.92969610517984,0.8554473898911943,0.5953227082626891,5.024801084914647,0.6766666666666666,3.1333859632447307,0.6480162767039674,0.3604840600166989,0.044771381152960095,0.5395175385241595
static,7,96,1.0335305210701582,16.189145935317924,0.8975169792975201,0.6046412633024385,4.993173025276656,0.6566666666666666,3.1742650705359114,0.6519052523171988,0.34037576685172183,0.053954512521075984,0.5135061333926612
static,7,97,1.057753947687624,16.40779627484078,0.9372702378130215,0.6148189415041797,4.960777737307641,0.6266666666666667,3.1593761269408795,0.6215181058495822,0.32448095000927957,0.05176158565090454,0.48994091401156165
static,7,98,1.05137298639413,16.656292180334944,0.9418369700766704,0.6262406815761461,4.922003134441678,0.5966666666666667,3.168281355919768,0.6656017039403621,0.3254738040645291,0.051190787282892544,0.5290608650270051
static,7,99,0.9924774180857816,16.870224867888894,0.8900598163519781,0.6369812706573642,4.881475156120191,0.5933333333333334,3.026929372703702,0.6217407271391847,0.3311242156294468,0.04674185718535564,0.5007465335540399
fresh_oracle,0,0,28.46706225621183,0.015451732123396567,12.856011483925476,0.8857133333333338,3.838137891551916,0.27666666666666667,2.982602115652463,0.686,0.47579649464414575,0.35520691912719776,8.453432004961766
fresh_oracle,0,1,27.139853009858562,0.044882169313422815,12.443654128297872,0.8129333333333341,4.324658796518158,0.4033333333333333,2.798691359184806,0.702,0.6253204721823568,0.2202902461029396,8.264806088438114
fresh_oracle,0,2,25.880318824686366,0.08958231999448207,12.247553228781344,0.7375466666666676,4.628368535427499,0.47,2.9240017078391474,0.6616666666666666,0.6033463257456007,0.14078974932303107,8.08300160203347
fresh_oracle,0,3,24.961414381399486,0.15637859511138386,12.205148093965493,0.6992866666666675,4.75976118754135,0.5233333333333333,3.08294862191593,0.68,0.5921499956643594,0.1043502515716138,7.9588157525544005
fresh_oracle,0,4,24.0217777934154,0.22053756357457532,11.975422233707295,0.6715044444444455,4.842463001005115,0.5433333333333333,3.1804586014945273,0.683,0.5845594272260459,0.09975201484102414,7.815053778112284
fresh_oracle,0,5,23.12300646058611,0.2923650808804815,11.592441010616934,0.6514755555555566,4.899411210368367,0.5666666666666667,3.328872073973138,0.7186666666666667,0.5728615846229567,0.08895432239472487,7.686816047021998
fresh_oracle,0,6,22.442322354775722,0.3838465363460061,11.927540190481153,0.6472977777777789,4.917637970353546,0.5966666666666667,3.46342958611961,0.696,0.5555414275332079,0.0803583430673214,7.567233980587335
fresh_oracle,0,7,21.56062149859389,0.49066903965330266,11.531563090767888,0.6298177777777789,4.968230502511114,0.6266666666666667,3.5961718583861293,0.6733333333333333,0.5305921195336525,0.07894865841073272,7.437619341632366
fresh_oracle,0,8,20.632577309493126,0.6013184558716278,11.492261971911704,0.6254377777777789,4.9816182647203355,0.6466666666666666,3.702686055477005,0.6786666666666666,0.5047428754752675,0.07572212015710468,7.263862012962266
fresh_oracle,0,9,19.867656781834956,0.7207566388480313,11.1927157488199,0.6117155555555567,5.019497796894136,0.6666666666666666,3.9014758368349853,0.6613333333333333,0.47826721777514164,0.07714719018511589,7.134139839834586
fresh_oracle,0,10,19.188990204999065,0.8232544030588482,11.070679364056359,0.6088422222222232,5.027683372688569,0.67,4.173026091505811,0.7073333333333334,0.4396854849779359,0.07098456139090814,7.003562534466874
fresh_oracle,0,11,18.311204571685472,0.9731602016321454,10.652291577879865,0.7348711111111119,4.642366620479454,0.62,3.2117691461844085,0.6513333333333333,0.37707859256730636,0.18885319086944471,6.856882779780935
fresh_oracle,0,12,17.317284747743578,1.119853718362853,10.126478960368908,0.6717288888888899,4.8615167826247685,0.6566666666666666,3.3322391991831526,0.6186666666666667,0.3464603339670552,0.11242187765794578,6.669875464196987
fresh_oracle,0,13,16.490083780408668,1.2327035390027243,9.517673460205586,0.6538600000000008,4.91894392364991,0.6733333333333333,3.3803337120955104,0.6416666666666667,0.3107605684128618,0.1008301280476203,6.526401685058361
fresh_oracle,0,14,15.712024167535695,1.3829910766410871,9.451858325310944,0.6230022222222233,4.994720333405089,0.6733333333333333,3.4306353172999735,0.6033333333333334,0.27491292064301737,0.09557057708373498,6.334128854133731
fresh_oracle,0,15,14.518113608757341,1.540160999582753,8.51543354744047,0.6290777777777787,4.9822981649720575,0.6633333333333333,3.5459415665838696,0.5946666666666667,0.22803841942325528,0.08966481216868213,6.100526218408112
fresh_oracle,0,16,13.590357161017327,1.6790620186381207,7.93161670920534,0.6223733333333343,5.003793268055629,0.6766666666666666,3.5862011747061806,0.5953333333333334,0.18596874354236015,0.07906569937916685,5.887632465342784
fresh_oracle,0,17,12.630282880347748,1.8362850121263603,7.264917421503293,0.6175288888888899,5.013063313182145,0.6766666666666666,3.573059349300302,0.5823333333333334,0.15247878690031727,0.08038638262322471,5.666537798224712
fresh_oracle,0,18,11.750798750107517,2.0105962272163236,6.834443069296205,0.6194377777777786,5.0016930393856995,0.6633333333333333,3.4459110936529145,0.525,0.12089278500161091,0.09359329381775201,5.4418752688379755
fresh_oracle,0,19,10.693247936644033,2.1728463253634427,5.952342094971251,0.6223244444444456,4.992864231888159,0.67,3.474846065301772,0.5923333333333334,0.10091683632264119,0.07781806672286548,5.1838880567190095
fresh_oracle,0,20,9.725089955566645,2.3382673609164675,5.2841267911317,0.6049688888888899,5.033280378255842,0.6733333333333333,3.4909609141097038,0.5703333333333334,0.08248867146767713,0.08017654587701027,4.921666901779313
fresh_oracle,0,21,8.840204957184637,2.5680797571386806,4.683432723821107,0.6943177777777787,4.796832040618062,0.6333333333333333,3.122152312033968,0.5806666666666667,0.07587617417352904,0.14252610220876474,4.681097995061541
fresh_oracle,0,22,7.828104319474362,2.7719866258030486,3.908168131863615,0.653800000000001,4.920300413826901,0.64,3.1296019852282266,0.5983333333333334,0.06353805757038963,0.09448019243684878,4.380991082855155
fresh_oracle,0,23,7.113045792316886,3.007961524644295,3.462075643916581,0.6298666666666677,4.979476893174054,0.6566666666666666,3.176313839375138,0.5586666666666666,0.0646830020668269,0.08570180006325517,4.152641832257517
fresh_oracle,0,24,6.402464995247245,3.2086759280000035,2.977746786928713,0.6245088888888899,4.987645095349487,0.6666666666666666,3.3730338302353275,0.6196666666666667,0.06113486291794827,0.09756099965852288,3.9189490651151524
fresh_oracle,0,25,5.700039543904921,3.4620002858159555,2.73432366529682,0.6251133333333343,4.9967335553431464,0.69,3.55015260373199,0.593,0.06384420094518833,0.08633558191607726,3.6650307966768954
fresh_oracle,0,26,5.109203139555531,3.7295412002240402,2.5006314037351127,0.6201688888888899,5.009752813716824,0.7,3.7554566770107636,0.582,0.07218517799070859,0.09178200497472944,3.473384290435759
fresh_oracle,0,27,4.693840424402897,3.921797480223904,2.4183753452464365,0.6226533333333343,5.0027385392932615,0.7,4.134146733543509,0.561,0.08206628279996023,0.07800544284290414,3.3028171573747453
fresh_oracle,0,28,4.296553136964128,4.112412858487463,2.2683047733634245,0.6181088888888902,5.024886029190927,0.74,4.317557829531409,0.5803333333333334,0.09416145034701301,0.07740658521618274,3.142748346049897
fresh_oracle,0,29,3.8971644306241364,4.426046861404971,2.121232649575168,0.6104177777777791,5.0423987828562415,0.7433333333333333,4.526396637492371,0.5806666666666667,0.09509641100131093,0.07162931524386633,2.988993498248188
fresh_oracle,0,30,3.5714879826837325,4.625977894025412,1.9828258731258288,0.6232311111111124,5.011740320451014,0.73,4.6108003213997275,0.59,0.11694924285323063,0.07627277320775773,2.837238981700706
fresh_oracle,0,31,3.2845442638208615,4.8593670852268565,1.8539199200862717,0.6699533333333343,4.893148932377705,0.71,4.6901220302274,0.597,0.12103805320393825,0.08053561663081787,2.696285005561507
fresh_oracle,0,32,2.9935014817036047,5.108974326941447,1.6851688741343345,0.6584066666666677,4.925743029300808,0.73,4.626732766001564,0.5753333333333334,0.14238540325095977,0.06842283089574111,2.5590539877946767
fresh_oracle,0,33,2.7810533928913865,5.3364039940099275,1.553178382453069,0.6700733333333342,4.8931663571403785,0.7466666666666667,4.456746967731968,0.6186666666666667,0.1545183051809637,0.07699321046457269,2.450137073748787
fresh_oracle,0,34,2.5921654989676903,5.529482686788912,1.452568056217865,0.6856022222222231,4.848998049398389,0.7433333333333333,4.281731167655318,0.5946666666666667,0.16144533007745293,0.08213127873731589,2.3325362403251315
fresh_oracle,0,35,2.4610232984248617,5.779007328365873,1.4051110611395288,0.6951377777777787,4.819984343680382,0.7366666666666667,4.022129064893141,0.6103333333333333,0.18159169870485375,0.08282712027681068,2.2540452971703915
fresh_oracle,0,36,2.300350762201694,5.994425750780601,1.3120922443370286,0.7070955555555565,4.779247717991226,0.7133333333333334,3.7637403628671744,0.6183333333333333,0.19842628353751868,0.07204895394136879,2.152685826985229
fresh_oracle,0,37,2.171572679132107,6.216676813544086,1.2462084678604775,0.7162730709361808,4.744479156634086,0.6966666666666667,3.528195403050949,0.6177451634422949,0.22354030282477955,0.07491702168946751,2.072608275170467
fresh_oracle,0,38,2.109950157998398,6.405127755847004,1.234607948924893,0.7234191463278733,4.715984715770259,0.6433333333333333,3.3834918018437397,0.6155132062855232,0.2392758508331913,0.061838507782780223,2.0245332362165476
fresh_oracle,0,39,2.0101070996035197,6.631335300992317,1.1934497055270774,0.7268941675030676,4.6952338908340865,0.6,3.213391037456098,0.6186015389762463,0.2569090606290695,0.07364541475609587,1.9452529977823516
fresh_oracle,0,40,1.9287292673948575,6.842355014620684,1.1610405626983775,0.7390110014744253,4.651446762811667,0.5833333333333334,3.1012437695450066,0.6053079278666214,0.26143112610276226,0.07201074518876376,1.894136669621793
fresh_oracle,0,41,1.873497584981045,7.053460661195276,1.1472977620637634,0.7669606481481489,4.54399613541076,0.5266666666666666,3.0902246730795357,0.6652777777777777,0.2685569887360376,0.09381443585081356,1.857230421244969
fresh_oracle,0,42,1.8035562935862561,7.254643480377656,1.1256550329590531,0.7621012688248556,4.543705481918637,0.49666666666666665,3.053528380402077,0.6591960156527926,0.2758551644930789,0.08632848134550922,1.8050143740283893
fresh_oracle,0,43,1.7163230015537818,7.521743044301513,1.0761449172619675,0.7750201409869091,4.484172244544689,0.4666666666666667,3.002349077803093,0.6423716012084593,0.27177615038254077,0.07803422161200799,1.781628808273573
fresh_oracle,0,44,1.6842363741993678,7.600367729908899,1.046921850746274,0.7925671438309483,4.4135058019624065,0.44333333333333336,2.9240170258192744,0.6044989775051125,0.2667766810295808,0.0783406282758063,1.7870264500480337
fresh_oracle,0,45,1.641702835464804,7.817505975983932,1.0426353421022105,0.8025636221701802,4.371125283699458,0.45,2.8910226926085025,0.6206088992974239,0.24450942650620108,0.07794095389761026,1.7724935946245974
fresh_oracle,0,46,1.5506153520174375,7.92833355067094,0.976944231186178,0.8142593578144409,4.318150330337209,0.44,2.8990454250558306,0.6083022884513039,0.22173588416735998,0.06965991950086377,1.7410865624422556
fresh_oracle,0,47,1.5071670005626427,8.070646888965744,0.9503520702449562,0.8147805734347577,4.326827714332753,0.45,2.877807366517075,0.6114686951433587,0.2009345583981013,0.08406890032625328,1.7382929704247327
fresh_oracle,0,48,1.4780000379384728,8.20239751415884,0.9414990662761125,0.8124853990914996,4.338712564900659,0.44333333333333336,2.859308602251183,0.5892277741726152,0.157566088031373,0.07669997142520363,1.7321393996884586
fresh_oracle,0,49,1.4093387500369905,8.344234211600103,0.8788884497015552,0.8033754646840155,4.3858910535144595,0.46,2.8574541802145625,0.6133828996282528,0.128971897863274,0.07698975095395373,1.6931433061516543
fresh_oracle,0,50,1.3995884203069984,8.405180299951116,0.8721622219138198,0.7936664023261967,4.426018789642397,0.44,2.8875243215346456,0.5717684377478192,0.0976294261949737,0.07822130276271144,1.6720567737356085
fresh_oracle,0,51,1.3935332348350118,8.492391794987686,0.863888268716031,0.8069671675013917,4.354426802591319,0.42,2.8892323023909943,0.5959933222036727,0.0659691267171656,0.07778113026178042,1.6401665548696311
fresh_oracle,0,52,1.3959138037614687,8.496250641130569,0.8414162317330663,0.7888084984209023,4.433634503486099,0.43666666666666665,2.837250800512082,0.5434969853574505,0.048067283682845685,0.06215463808923561,1.6141983354296074
fresh_oracle,0,53,1.3764970342429028,8.613901337273516,0.7955205516159631,0.7901188455008495,4.4322989287408365,0.44333333333333336,2.8305835584205497,0.5568760611205433,0.037518950426998,0.07879418130172774,1.5703992556694724
fresh_oracle,0,54,1.3911464468316408,8.664406570010865,0.7710333212996047,0.7878311965811972,4.4432664284596015,0.45,2.8016931192967043,0.5977564102564102,0.02893241011054751,0.0727959624941049,1.5376177562530955
fresh_oracle,0,55,1.4420946987912409,8.729974127714158,0.8070364466240925,0.7891534790253713,4.429783285830152,0.43666666666666665,2.7914448517704544,0.5629238884702336,0.029716367257291966,0.06604241658324476,1.5152941356324885
fresh_oracle,0,56,1.4871933662413832,8.730187270918025,0.809264823793431,0.7834343434343443,4.44372095181149,0.43,2.818521300942841,0.5564738292011019,0.032296365112837025,0.07969956705947417,1.5120836457411577
fresh_oracle,0,57,1.4731227898877708,8.82396123283892,0.8109944471067545,0.7778381795195962,4.4620399254392344,0.42333333333333334,2.84363871108566,0.5960809102402023,0.025402936381417374,0.0807170370908761,1.4533649333131355
fresh_oracle,0,58,1.4640042139382103,8.910131906372289,0.8447040124354108,0.7613838678328484,4.519278605526345,0.44,2.8389502351690137,0.5720116618075802,0.028645594900884162,0.06991419900475628,1.406514098148709
fresh_oracle,0,59,1.4236747947436377,9.035732058274714,0.8286842004161546,0.7545431425976393,4.53961894798371,0.43333333333333335,2.84701726537181,0.5727520435967303,0.02882033988572047,0.06863601282331933,1.3341207473522025
fresh_oracle,0,60,1.426655864314138,9.13661193025811,0.8449185524483598,0.7389647614230324,4.569593361170228,0.4166666666666667,2.8625609534179364,0.5569044006069803,0.026380617133270834,0.06561047927533996,1.2916849320799553
fresh_oracle,0,61,1.4302672119963522,9.298637269184702,0.8591799295906265,0.7737501973788102,4.483966027871105,0.43,2.847511559153902,0.5376598768356229,0.06152067182634526,0.07997033639448499,1.2479298004179442
fresh_oracle,0,62,1.3707339938861447,9.475947844224844,0.8131476444152163,0.7255555555555566,4.627488086002684,0.43333333333333335,2.88739114060283,0.5604444444444444,0.11206602959556256,0.062201954821923866,1.1599528815478575
fresh_oracle,0,63,1.2250173354891163,9.798533805692644,0.7109733347829099,0.6998772663877277,4.700672254169245,0.4633333333333333,2.934644047517856,0.5698744769874478,0.13502161018067724,0.06282256887133048,1.0803131195638658
fresh_oracle,0,64,1.088260501830098,10.105629247656175,0.5955274612565784,0.679986876640421,4.762549239135615,0.48,2.8107359272904255,0.5952755905511811,0.12054670412798094,0.056505461056544644,1.0073615861056107
fresh_oracle,0,65,1.039675638043906,10.452831305371442,0.5653758238241535,0.656317224287486,4.826057711792653,0.51,2.8275259059700777,0.5828996282527881,0.1580504483104325,0.054701931052550244,1.0146888768917706
fresh_oracle,0,66,0.9887043325504695,10.747519856053719,0.5063738947057203,0.6313857142857153,4.8888132885980164,0.5366666666666666,2.886652385688681,0.5953571428571428,0.1519333651911193,0.049748399175643755,1.0525886465952596
fresh_oracle,0,67,0.8942903267211166,11.092565965336746,0.4164420754648447,0.6064634703196362,4.941406714029478,0.5633333333333334,2.908597308108478,0.5989726027397261,0.15285703505856563,0.04570875546881739,1.04373212464162
fresh_oracle,0,68,0.8305209576320325,11.301521089106721,0.3755202682847847,0.5928911111111124,4.984237804672222,0.5966666666666667,2.943569099074228,0.606,0.14556682562857928,0.04250177983924113,0.9904367180121462
fresh_oracle,0,69,0.8342026543995181,11.525895500859606,0.4121389991668915,0.5818933333333347,5.016132057708639,0.6133333333333333,2.943017480541078,0.6223333333333333,0.11110693081457375,0.035409601578332235,0.9761558183618354
fresh_oracle,0,70,0.8720591267892799,11.679312239735726,0.4614812407852376,0.5821622222222234,5.028760503187219,0.6366666666666667,2.9204726972795583,0.6043333333333333,0.08575136089466817,0.043600418615898494,0.9599459230017553
fresh_oracle,0,71,0.8912329872933593,11.84906046657575,0.5059180233867817,0.6210086840347373,4.97809407213968,0.63,3.044920379081332,0.635938543754175,0.09769624649191905,0.04971782846782847,0.9294268159963203
fresh_oracle,0,72,0.9477181675170286,11.932030010704025,0.5801978449783733,0.583567290552586,5.0349458880701,0.63,3.0717127105863438,0.5735294117647058,0.11754890656535959,0.0374199639369918,0.9130809608979349
fresh_oracle,0,73,1.0372750662304355,12.014870707876723,0.6852458038892929,0.575105908584171,5.046106832961673,0.64,3.159200386203776,0.611371237458194,0.13848438904021507,0.03932954715849452,0.9055537600271591
fresh_oracle,0,74,1.0782788434383441,12.239597134650985,0.7435545282326512,0.5743864346274,5.053748045403264,0.6466666666666666,3.2466736971619765,0.6382195448460509,0.17298756584986275,0.03540909526203644,0.8722350323195472
fresh_oracle,0,75,1.1384084543261574,12.395101552764068,0.8298898781609969,0.5749865951742644,5.053239853980042,0.6466666666666666,3.4175769944144068,0.6390750670241286,0.21174250056731453,0.043695248679768796,0.8064540772925338
fresh_oracle,0,76,1.240822069110774,12.511164303263676,0.9390536167277064,0.5711260203511141,5.057687562246175,0.6333333333333333,3.536473347841291,0.5897349882589735,0.2481843328840333,0.041875096008222944,0.7978214602723123
fresh_oracle,0,77,1.2547456139952804,12.717859022371044,0.9823506523906231,0.5674404562227456,5.0707466200243,0.6533333333333333,3.5878770184577253,0.6128815833612882,0.2629903644310756,0.042728454895637556,0.7500088290897823
fresh_oracle,0,78,1.3401041329002157,12.830907364757863,1.076840447628948,0.5599910843642055,5.081136022583449,0.6666666666666666,3.764566777633079,0.6359077231695085,0.28044366879793314,0.04775117311882018,0.754704207254551
fresh_oracle,0,79,1.3188349425087615,13.082537457754082,1.0844507295709924,0.5604457817898156,5.085742943085444,0.67,3.862972223382073,0.5934470076897359,0.29475170910359927,0.042748258220394436,0.725953039236494
fresh_oracle,0,80,1.3242514009596742,13.234422495773838,1.1034934454081717,0.550686666666668,5.10804686876656,0.7166666666666667,3.9915112998242006,0.6283333333333333,0.29252102708950783,0.04657545140904274,0.6672730769502054
fresh_oracle,0,81,1.367412271087488,13.407049872576478,1.1595269718738628,0.5752577777777788,5.083092677286677,0.7333333333333333,4.367555309761079,0.6343333333333333,0.2735557460414906,0.04145444124159294,0.6791175367736023
fresh_oracle,0,82,1.3482819671315567,13.566040227140997,1.149047681878837,0.5580400000000013,5.114845911124499,0.74,4.311064786960529,0.6313333333333333,0.2796574863912456,0.03880968604265818,0.6372759312732418
fresh_oracle,0,83,1.3587495809461252,13.790560825581332,1.1665556699103334,0.5581200000000012,5.123903011176189,0.7566666666666667,4.41803155815548,0.5846666666666667,0.26786940548276933,0.041834233018443544,0.6244185307691349
fresh_oracle,0,84,1.2854283676547604,14.000758890358217,1.0971412921944232,0.5634888888888899,5.1147316424581515,0.75,4.48522450434902,0.577,0.2562707175591537,0.04271254659799551,0.6041019679913698
fresh_oracle,0,85,1.2895936294820636,14.226345695118829,1.1071361979916206,0.5621711111111123,5.116608690703096,0.76,4.488700096331983,0.6056666666666667,0.2527493751015191,0.048388424011489024,0.586597977134211
fresh_oracle,0,86,1.1994638732303542,14.437889967720825,1.0163798172902492,0.5620600000000013,5.121520282262258,0.7833333333333333,4.499817100613981,0.616,0.24298268656359553,0.0504724393540183,0.5424710089196388
fresh_oracle,0,87,1.1292518993337952,14.586931005929351,0.9396818923496975,0.576351111111112,5.104991936825112,0.82,4.548393005325839,0.6073333333333333,0.2212849017036152,0.04798996139166417,0.5390728856197251
fresh_oracle,0,88,1.075265761506517,14.761557933220285,0.8800375797339773,0.5651955555555568,5.130169979419474,0.8566666666666667,4.401974135839864,0.6166666666666667,0.18839562541226987,0.04671842376176741,0.5283419313953379
fresh_oracle,0,89,1.063769074549827,14.914444372985752,0.8618808217629672,0.5683583750695622,5.124106477805579,0.84,4.298835675328478,0.5893155258764607,0.17776689501398243,0.04135988380957421,0.523783181203933
fresh_oracle,0,90,1.02036283454121,15.10413961062056,0.8153249951932372,0.5753482670232932,5.109746919427927,0.81,4.280977639558981,0.558007355399532,0.15752254474104666,0.04520717242853466,0.49041037672105087
fresh_oracle,0,91,1.0014897055027523,15.271456807178238,0.7955790407556924,0.5888457678153238,5.081993717685618,0.8033333333333333,4.004633533980977,0.5704248912679826,0.1313211709899359,0.043464431022480564,0.46328978517833574
fresh_oracle,0,92,0.9795623820493302,15.522310486356783,0.7815093590406648,0.5730589940894402,5.1097658353069395,0.79,3.9811502818819413,0.6132485781197725,0.1274268824904048,0.03850702516724188,0.4366559243345998
fresh_oracle,0,93,0.9853704535097868,15.648911737959935,0.7856449391293201,0.5680607685433439,5.116744109052004,0.7933333333333333,3.836751607036038,0.6015415549597856,0.12155286733907607,0.037749780605817754,0.43854971986018093
fresh_oracle,0,94,1.0115638315563893,15.716170738654622,0.8069104032681036,0.5742549613185344,5.104417597105297,0.7766666666666666,3.7438447716274164,0.5808947191389169,0.1162885482324285,0.03561066040942202,0.43957518379348626
fresh_oracle,0,95,1.0064432795300742,15.971486130916901,0.8253406908710066,0.574878407419977,5.096169595614304,0.7433333333333333,3.6692775076448743,0.5819477434679335,0.1104920649180687,0.043550791027571215,0.3904579134210229
fresh_oracle,0,96,1.0345079574419291,15.998462854149322,0.8541904710059098,0.5792004581901509,5.083219781595975,0.7433333333333333,3.658231782285795,0.5116838487972508,0.11532981248835077,0.05101096043046507,0.3501254926201581
fresh_oracle,0,97,1.0282468101843072,16.277625812184844,0.8614554854658709,0.5884308198261701,5.069939026030044,0.76,3.6178876609065442,0.5905567300916138,0.11489793036969721,0.03857548141429721,0.3325022608843886
fresh_oracle,0,98,1.0558854557645092,16.438536855843008,0.9009781615620838,0.6031207729468611,5.045197826286576,0.7866666666666666,3.5958986287033006,0.6315217391304347,0.12205945283146707,0.05420419343155411,0.354619142988341
fresh_oracle,0,99,1.0565042072395632,16.668706171766395,0.9083024882278878,0.6176176100628945,5.0129176994740146,0.77,3.51439583456213,0.5822641509433962,0.13403214171570696,0.045490078441510325,0.359113329699553
fresh_oracle,1,0,28.51525019830236,0.018507521328752663,13.227895370949833,0.8383666666666673,4.184434989482926,0.43666666666666665,3.5699428838617995,0.5636666666666666,0.0509372261840378,0.28468442032683516,8.41863447934532
fresh_oracle,1,1,26.08365925107767,0.0548586782975381,11.797049856619713,0.7900200000000007,4.4524559656761085,0.5566666666666666,3.6613933104967806,0.5543333333333333,0.10661490492089852,0.1843648415281542,8.042338938668687
fresh_oracle,1,2,23.83427206415109,0.1302658003686205,10.773804000111326,0.715442222222223,4.74816445676306,0.6633333333333333,3.919337791154036,0.5603333333333333,0.13593810090197442,0.12208933753438399,7.676907535749767
fresh_oracle,1,3,22.101242688416335,0.20064616562202442,10.202566299600633,0.6525555555555564,4.941889229700157,0.74,4.059152820167492,0.614,0.16287682870464443,0.10021929037021916,7.381714732800909
fresh_oracle,1,4,20.282557281679143,0.27432138392117533,9.693373321292347,0.6057311111111121,5.056859602206808,0.76,4.316843447942914,0.6106666666666667,0.16788383571622426,0.08082176437826592,7.028676966524998
fresh_oracle,1,5,18.81275703321785,0.36668467889302503,8.967499501309808,0.5689955555555568,5.140220681358876,0.8066666666666666,4.5372085476221296,0.614,0.17153941840130846,0.06835475125722804,6.758488487626245
fresh_oracle,1,6,17.402348331913238,0.4967367802844458,8.491669671900098,0.5198288888888902,5.235063009015438,0.8366666666666667,4.660621256455947,0.6353333333333333,0.1716346790151212,0.06870634511114386,6.483771505200781
fresh_oracle,1,7,16.195333916433714,0.5795791953995819,8.03122974426097,0.48484000000000127,5.292253208422414,0.8466666666666667,4.994600580458297,0.6093333333333333,0.17220972224836847,0.05714611283109735,6.216838114599013
fresh_oracle,1,8,14.910069192647926,0.729819107107593,7.64944911644043,0.45005777777777967,5.35101092528401,0.88,5.153348762905727,0.6183333333333333,0.1735507976509494,0.05676218733107278,5.94973597810899
fresh_oracle,1,9,13.87046119198668,0.850149023425602,7.250631301057065,0.42690888888889056,5.379271607400474,0.8766666666666667,5.327168993220824,0.6146666666666667,0.1948175707185493,0.05248108015135879,5.712764667625142
fresh_oracle,1,10,12.94791663073811,0.9994846217225115,6.961124134476726,0.41845111111111266,5.397612305826534,0.8966666666666666,5.48831232613893,0.592,0.19692323831569272,0.045536840467181025,5.497088071372082
fresh_oracle,1,11,12.292375003487216,1.1274734772327162,6.594486930897023,0.8315977777777783,4.237988168521584,0.4533333333333333,2.946937200443001,0.6493333333333333,0.361885688083576,0.18999770868965915,5.367315060678966
fresh_oracle,1,12,11.664016175883923,1.2397156530193398,6.314617707618001,0.7866866666666674,4.467350772477029,0.5433333333333333,3.162363477991461,0.5973333333333334,0.3612453896785809,0.12528287616522912,5.209082725983497
fresh_oracle,1,13,11.125187318684594,1.372446051553006,6.127698378105483,0.7566666666666675,4.5950070011709965,0.5966666666666667,3.3457612525752425,0.6646666666666666,0.35736109200019806,0.1057807673635847,5.092408746191691
fresh_oracle,1,14,10.5890830022013,1.5612611839567765,5.869293517703997,0.7256288888888898,4.711472916242784,0.6666666666666666,3.4997517954325446,0.611,0.35303864444944655,0.08882732134280122,4.980858475840726
fresh_oracle,1,15,9.962055091240554,1.718695114452514,5.560464952124006,0.6922044444444453,4.823496373674713,0.7066666666666667,3.753234550663475,0.6303333333333333,0.34121383383787585,0.08148876307158041,4.829590314352921
fresh_oracle,1,16,9.517776960396597,1.85859485395064,5.3391022952818545,0.6392111111111121,4.972813520142377,0.74,4.117008086071886,0.6293333333333333,0.32597808008081125,0.06787784412010418,4.726842206750432
fresh_oracle,1,17,8.833089531302726,2.056717081446122,4.967697344707718,0.5795688888888899,5.114343551031517,0.8,4.61064827989395,0.65,0.2982873431525866,0.05622940111717201,4.551680579030591
fresh_oracle,1,18,8.493132290059451,2.1898681661721064,4.857700230716852,0.5345200000000012,5.209757022235131,0.8433333333333334,4.999337503261293,0.615,0.26931727783953735,0.051491849367236366,4.450804982128062
fresh_oracle,1,19,7.849704545443224,2.385727334032531,4.527962653898064,0.48309777777777896,5.298363434118992,0.8666666666666667,5.353344561325082,0.6206666666666667,0.24097236772861247,0.04483935769539485,4.270339879372127
fresh_oracle,1,20,7.281862079171156,2.5789062677106265,4.177896553096699,0.442702222222224,5.361986549382025,0.8933333333333333,5.585970637668381,0.6073333333333333,0.23739158802410554,0.0417625558995528,4.107470037005337
fresh_oracle,1,21,6.860937732879713,2.802458957602194,3.9805244937867776,0.7380066666666674,4.661488816588831,0.5866666666666667,3.3034256936879633,0.6706666666666666,0.376925127712683,0.12692001010112466,3.9928508596609107
fresh_oracle,1,22,6.528592545276453,2.9446282311783527,3.7643847754650244,0.6717444444444455,4.8822240191556165,0.6933333333333334,3.562945102036918,0.6886666666666666,0.36580782073578355,0.0916525357740528,3.889728180471105
fresh_oracle,1,23,6.096470638746867,3.1491143178394956,3.5746008766494035,0.6088022222222235,5.042711662444811,0.7566666666666667,3.947272269798331,0.6393333333333333,0.30934756314801026,0.07475675110350032,3.742218299189279
fresh_oracle,1,24,5.610922952030184,3.404941146149129,3.3251450503999855,0.5661444444444457,5.139320533537462,0.7933333333333333,4.211542629422986,0.606,0.2499531861985568,0.07583468389195942,3.572148073868789
fresh_oracle,1,25,5.0786032989333805,3.603504506890262,2.9246209738784055,0.5190733333333344,5.226133178536893,0.8166666666666667,4.354351045584022,0.6026666666666667,0.2033438750863733,0.05695952181633295,3.3760436193840007
fresh_oracle,1,26,4.720361354748776,3.8162268035310336,2.7060076767495795,0.5124244444444458,5.244520472589354,0.84,4.491739680252914,0.6033333333333334,0.1796239698935148,0.05787340554755416,3.2537117368107946
fresh_oracle,1,27,4.344779274742614,4.032758266155916,2.487012371440155,0.4917711111111124,5.273946113938494,0.8333333333333334,4.632767452963268,0.581,0.1625620316395264,0.057623974466079725,3.107625065844904
fresh_oracle,1,28,3.982544513807262,4.235975184110844,2.2626979475718128,0.49642222222222376,5.26800811421116,0.8466666666666667,4.774207365265172,0.5796666666666667,0.1619082247520735,0.05619057069521465,2.952535373387438
fresh_oracle,1,29,3.6286178064794683,4.507828778653574,2.065721584447325,0.4989600000000015,5.2691063941539005,0.8566666666666667,5.05787700202311,0.6206666666666667,0.1779033467867793,0.05393144508856583,2.8043046871415
fresh_oracle,1,30,3.425702421578241,4.722443603219613,1.9575294715321372,0.5068911111111125,5.254562690733059,0.8366666666666667,5.111492688252533,0.632,0.18811965930266836,0.052953395074138106,2.7157534558164325
fresh_oracle,1,31,3.2050506272215697,4.940788991643739,1.8580705246286477,0.7004844444444454,4.798667436275122,0.7333333333333333,4.136597031922761,0.618,0.22105674552554888,0.11374949754980714,2.618570467176466
fresh_oracle,1,32,2.9947448150912543,5.1264449530573515,1.7093517830927194,0.5894533333333345,5.091920479584125,0.7966666666666666,4.677166734380327,0.599,0.23065306241108824,0.06603045604206595,2.5325112440417463
fresh_oracle,1,33,2.863047261870772,5.320317017903996,1.6633179954267263,0.5466288888888902,5.1825095738375655,0.8366666666666667,5.049736600621747,0.597,0.25020196252193044,0.05260878912968696,2.4675867485906378
fresh_oracle,1,34,2.7489831400533906,5.532404472563254,1.5975337924264523,0.5241111111111123,5.219784425427561,0.84,5.110385107809599,0.63,0.26132395967898636,0.05081439300866546,2.4325498872980877
fresh_oracle,1,35,2.6249613574380186,5.736298001199824,1.5115054739875096,0.5211822222222235,5.217102838647195,0.8233333333333334,5.106234682062087,0.637,0.28851758909894265,0.04831900011466575,2.3817691429323364
fresh_oracle,1,36,2.5616489051413347,5.94385449659041,1.4459919072988128,0.5337111111111126,5.19787777700049,0.84,5.134530115574904,0.637,0.2938661506867647,0.049135706914344685,2.3715822747129494
fresh_oracle,1,37,2.5455590446939493,6.052909611950385,1.4308527159759905,0.5464044444444458,5.171554913394825,0.8166666666666667,5.071634919833299,0.5983333333333334,0.296172197191723,0.05234797953451204,2.370232168303302
fresh_oracle,1,38,2.5104742097494896,6.241068180180546,1.4060884075421423,0.5503155555555567,5.1645206747932875,0.81,5.067319921137053,0.6096666666666667,0.3065588041409353,0.0537964317530881,2.3622303820810635
fresh_oracle,1,39,2.5113548227549702,6.427020568279716,1.3918433995709596,0.5722545414019851,5.1173439121102975,0.7833333333333333,5.026546529957745,0.6369107321965898,0.31729040971032996,0.05495899826008187,2.3746867501930224
fresh_oracle,1,40,2.5263872100627247,6.564942884406337,1.4152319159461562,0.5917770270270284,5.076802283377096,0.78,4.964069260485934,0.6175675675675676,0.32113943208133816,0.06139846485357321,2.391386587348341
fresh_oracle,1,41,2.603342424808326,6.701448096916735,1.4245811824348826,0.668887372013653,4.88950243305527,0.7433333333333333,3.636595928825001,0.6535836177474402,0.4025395523555047,0.10505218076270709,2.45001351348532
fresh_oracle,1,42,2.662260850659971,6.852438479402107,1.5059455179133705,0.6428504288567748,4.94908649826604,0.7233333333333334,4.160881982935784,0.6605569263306309,0.37159787012082185,0.07048671365041334,2.485601570341507
fresh_oracle,1,43,2.709753357198811,6.974173241309286,1.5894127838910561,0.665318937701664,4.893227583315402,0.7033333333333334,4.436293525599732,0.6478034251675354,0.3412864464875162,0.06481649518065927,2.5117203159101886
fresh_oracle,1,44,2.753474423833339,7.149326462703402,1.622939923797903,0.6990048154093109,4.795574412773931,0.6533333333333333,4.4799766213241465,0.6256019261637239,0.32875714697801295,0.0762547884477064,2.5545740613245624
fresh_oracle,1,45,2.752994346962739,7.322748030923433,1.6741353248503859,0.7300997652582171,4.694554258040214,0.6033333333333334,4.573901865123245,0.6690140845070423,0.3069947477036563,0.07272569837140269,2.553940402608306
fresh_oracle,1,46,2.746798789532987,7.447888612907392,1.7241706467426254,0.7427159226954001,4.650231407679339,0.61,4.3502557478006905,0.6634171369933299,0.2693289390867732,0.07162386638702428,2.5479703353129963
fresh_oracle,1,47,2.8191875718875625,7.456732123599369,1.7741406515017544,0.7506983184965388,4.619696477253353,0.6133333333333333,4.380560950094532,0.6397626112759643,0.23854427470313125,0.07214758605973776,2.5873577892771604
fresh_oracle,1,48,2.81437157524783,7.5422107446429205,1.7668204654221293,0.7464074074074081,4.632836217926936,0.59,4.095088080002215,0.6395833333333333,0.2159265233740472,0.06837753518984169,2.5923490312294812
fresh_oracle,1,49,2.816296779192353,7.630278157986777,1.7718471758591028,0.7526625704045066,4.608058946652175,0.5566666666666666,3.6796226251308424,0.6712749615975423,0.1705399133742494,0.07258255368355987,2.588871164189523
fresh_oracle,1,50,2.816128772305007,7.653005546339181,1.7420790811052107,0.7513284031772125,4.614128481115392,0.5633333333333334,3.5242665638378097,0.6113393590797042,0.13128215536465884,0.06570222935102966,2.591861400739161
fresh_oracle,1,51,2.77803960559842,7.712639825529697,1.718744501839336,0.7629166666666675,4.5622696204973625,0.5433333333333333,3.2327045172149167,0.574486301369863,0.07559496897920602,0.06370840179199312,2.5597310995328546
fresh_oracle,1,52,2.777870637099321,7.8148741234081385,1.6980616078891417,0.7609854556248151,4.5667587144387705,0.5433333333333333,3.0899739535251953,0.5761353517364203,0.07542600502277398,0.06116022385623779,2.5481916184225395
fresh_oracle,1,53,2.7205925507819684,7.867605023927297,1.641147459764357,0.7601962588163149,4.566522729985829,0.5466666666666666,3.0267042159446884,0.5501379944802208,0.07139716458389529,0.06041558458741122,2.4959577652152998
fresh_oracle,1,54,2.730726040253454,7.932922162823678,1.606761131198551,0.7664175563463828,4.545295009751591,0.5166666666666667,3.0025984617372643,0.5658362989323843,0.05315846755495854,0.061351249555970926,2.4720071326603446
fresh_oracle,1,55,2.6431927142106924,8.024955331732475,1.5116458481934945,0.7758291735995572,4.503601859822847,0.5133333333333333,2.879376300933453,0.6064891846921797,0.05287799215188013,0.06887461847291569,2.4039245681482084
fresh_oracle,1,56,2.619482424146041,8.082993214824274,1.4711414185310145,0.7743016476552607,4.501423948567986,0.5,2.9215317991379313,0.5429657794676807,0.04437648625272197,0.08090122267366849,2.3448709253230917
fresh_oracle,1,57,2.550653654173286,8.232488300022895,1.4620233043858661,0.7673872617387271,4.523825863457171,0.5166666666666667,2.9192579919636565,0.594839609483961,0.04230892153252444,0.08541713833122501,2.2500701106236995
fresh_oracle,1,58,2.4137545557728806,8.412872150004729,1.413022647776985,0.7600128287363701,4.552459872321424,0.5166666666666667,2.917024732471127,0.5676715843489416,0.04191166613646522,0.08468923648877208,2.1493227903815444
fresh_oracle,1,59,2.359620550059651,8.520795685415635,1.3813469946826258,0.7476325088339231,4.599875503250979,0.53,2.9664699767023395,0.5842167255594818,0.03759125199016861,0.07394484500134654,2.0788386347265493
fresh_oracle,1,60,2.325405942844269,8.663996600716143,1.3835434551712344,0.7374836601307198,4.631989562403609,0.5333333333333333,2.964336803987758,0.5887799564270153,0.04386344167309281,0.07136113900432785,2.017178486806255
fresh_oracle,1,61,2.1905034620543806,8.916511546251622,1.371563373485837,0.7483502366463836,4.60631549238793,0.5266666666666666,2.9751501273545937,0.5867139959432048,0.05176211460607643,0.07579617564524685,1.929638727216297
fresh_oracle,1,62,2.030131850220992,9.089322050273712,1.2495726559162934,0.7174310180780221,4.703339539181885,0.57,3.047247106196713,0.5532825880114177,0.03505241446659078,0.05719775022019604,1.799596572839117
fresh_oracle,1,63,1.9086258418892195,9.42781304358431,1.1547876124033563,0.6961765141418639,4.766503898365426,0.5733333333333334,3.115895389947192,0.6188360728565082,0.07434235127988419,0.057449556520763945,1.7215701844064863
fresh_oracle,1,64,1.6267614103806487,9.745667624161579,0.8700011571156722,0.6762250000000012,4.824882812296668,0.6033333333333334,3.1668672797595834,0.6133333333333333,0.105532537760229,0.050693348189478224,1.5603009248281434
fresh_oracle,1,65,1.4721567453095783,9.998402048666854,0.7434943478304459,0.6576209150326809,4.875724397647592,0.6366666666666667,3.261542194929302,0.5635294117647058,0.12470418973547363,0.053754944172900825,1.4880251323321152
fresh_oracle,1,66,1.339638740838215,10.235265443929098,0.6821619197812229,0.6420345679012358,4.91317115548568,0.63,3.3563364199879198,0.5733333333333334,0.13890204534534173,0.04398189486811778,1.425812188436935
fresh_oracle,1,67,1.2750424515229286,10.499788315309013,0.6561829953213967,0.6166784869976372,4.977553716816307,0.68,3.3784681621846064,0.5826241134751773,0.15185479104821284,0.0529886406163496,1.4090728079637616
fresh_oracle,1,68,1.1799458865865875,10.873389537046112,0.6065871110544281,0.5979106529209641,5.019460879353698,0.69,3.400271241398941,0.5958762886597938,0.14340566090072418,0.045183651058264065,1.413618076526806
fresh_oracle,1,69,1.125391307981562,11.041678857334375,0.5622316518382092,0.5768511111111122,5.060481246399897,0.7066666666666667,3.5165803718838697,0.5576666666666666,0.14258227992379013,0.0423582507676935,1.36536716021923
fresh_oracle,1,70,1.1133170457240926,11.238409263878047,0.5515851878714346,0.5650711111111126,5.090189416923743,0.7133333333333334,3.599290385976433,0.5933333333333334,0.11112969551734622,0.04215306752071458,1.341859932947336
fresh_oracle,1,71,1.1087469867764597,11.433515654956414,0.5626517832316091,0.5996861435726226,5.02963982574457,0.6966666666666667,3.5384336077009038,0.5779632721202004,0.09591371513567928,0.04410597729870176,1.2908713759034474
fresh_oracle,1,72,1.0906595198001015,11.607456990318846,0.5789912692996548,0.5637051926298173,5.101430270634763,0.7133333333333334,3.8172658410877163,0.5648241206030151,0.08680489907557998,0.03390265350404669,1.2413783761720982
fresh_oracle,1,73,1.0450357887929191,11.743570321142581,0.5626918602505996,0.5587332439678301,5.110603002677351,0.74,3.9509657566524736,0.5894772117962467,0.08659323077781288,0.038598318319680545,1.1743857213440136
fresh_oracle,1,74,1.063453332609469,11.943745137059171,0.6150039642338425,0.5531185682326637,5.123441638179893,0.7333333333333333,4.169925861018069,0.5644295302013422,0.10241667398561395,0.03736044800286286,1.121800169021304
fresh_oracle,1,75,1.0810132962455408,12.10777639835543,0.6701831423958824,0.5531521252796434,5.115107605621434,0.7166666666666667,4.282900463174523,0.5667785234899329,0.12018051253231987,0.03936593778312045,1.0578678765263436
fresh_oracle,1,76,1.0953107689798318,12.35052342442247,0.7093971600594511,0.540637583892619,5.139638935648421,0.73,4.35948628037721,0.5748322147651007,0.14508673230812136,0.03264717380429455,1.0164873222235957
fresh_oracle,1,77,1.1041444222143921,12.520354374896188,0.748911488081092,0.5452841163310974,5.138467052488571,0.7366666666666667,4.415590950269784,0.6087248322147651,0.16775041503949134,0.0371461711090194,0.9929381729450671
fresh_oracle,1,78,1.110673149121531,12.77883511266805,0.8000721066192713,0.5408600000000011,5.152611113475057,0.7566666666666667,4.5424590239212455,0.614,0.18002894925909724,0.03940961858918515,0.9346630513018819
fresh_oracle,1,79,1.1418277205743095,12.994641450695358,0.8493684587902802,0.5312133333333344,5.173588944131417,0.8033333333333333,4.628333982970175,0.6136666666666667,0.20327509462331786,0.03599814959722081,0.8933450378334293
fresh_oracle,1,80,1.141457767757143,13.188821822481,0.87690574247559,0.5289155555555569,5.1771228531023095,0.8166666666666667,4.751149097995915,0.644,0.21211203182037436,0.03286560418139365,0.8341153251708177
fresh_oracle,1,81,1.1726831119127674,13.342421376317823,0.9216859055259102,0.5784600000000013,5.085768097528552,0.7633333333333333,4.4353735122328635,0.629,0.2667174865521377,0.04440981862421491,0.8203476985986825
fresh_oracle,1,82,1.1600066678249794,13.66331212492559,0.9370424755561872,0.5387200000000012,5.161566630746715,0.8066666666666666,4.952966690019214,0.6296666666666667,0.24773141617252614,0.03314884905829178,0.7813232995802756
fresh_oracle,1,83,1.201727645726729,13.81063825229304,0.9974347225484519,0.5332152011590342,5.162737924847629,0.78,5.0851622209335945,0.5954530257438984,0.26251434556793735,0.03671838911002998,0.7480598909568644
fresh_oracle,1,84,1.1555930916795703,14.03713446108157,0.9682276587505025,0.5327230046948372,5.154604209608187,0.76,5.173888683980546,0.6143527833668678,0.25705151336714704,0.036285950318458056,0.686594264808745
fresh_oracle,1,85,1.0988765205955222,14.282547022991736,0.9254631775803266,0.537279642058167,5.151703293207888,0.75,5.293210113304243,0.6214765100671141,0.27047909161124994,0.0382908503032342,0.6906281026152262
fresh_oracle,1,86,1.0512606385546912,14.427988467200862,0.8902252681315033,0.5452281879194644,5.139795858656702,0.7533333333333333,5.325954455700052,0.6325503355704698,0.26667290170549,0.03913687877310168,0.6467841956034776
fresh_oracle,1,87,1.003360090588025,14.748119957990234,0.8509644036465804,0.5507986577181221,5.130447206959332,0.7566666666666667,5.385278068881384,0.5946308724832214,0.23828447371495018,0.03809380949860826,0.619038841616912
fresh_oracle,1,88,0.9996104692789607,14.917844981466564,0.8532276383107522,0.5504921700223726,5.141525884325184,0.7966666666666666,5.387142407851695,0.6104026845637583,0.23543432716920284,0.037577007186140314,0.6293001328018778
fresh_oracle,1,89,0.953377278893059,15.08570429057427,0.8107248149072064,0.5570335570469811,5.143157630579969,0.8233333333333334,5.3022490827353925,0.6040268456375839,0.2193180755746982,0.03583980848299734,0.6158406758570881
fresh_oracle,1,90,0.9535617419169726,15.258151098645145,0.8124591363280973,0.5412129319955427,5.174481842442873,0.8366666666666667,5.281937465114422,0.6494983277591974,0.2323999788443615,0.03694712121956704,0.6201474696595835
fresh_oracle,1,91,0.8956203797691935,15.400029290326286,0.7461893998005995,0.5756982057282972,5.111693454601509,0.8,4.6430913883640414,0.6198595787362087,0.23477695095839105,0.044929154522807775,0.6085544566388483
fresh_oracle,1,92,0.8734062168070499,15.59718402115977,0.7195882391867738,0.5394381270903028,5.184674407398625,0.8366666666666667,5.149241501058597,0.6066889632107023,0.20296381160267996,0.03878949739630854,0.5840817259831552
fresh_oracle,1,93,0.840827066292089,15.756011995047867,0.6846500182896028,0.5448255033557057,5.172009371622176,0.8366666666666667,5.184784402056163,0.5825503355704698,0.1968627704111589,0.0364745117570195,0.5839576010608564
fresh_oracle,1,94,0.8465664142565142,15.928123633667724,0.6860754910793445,0.5467026905324792,5.167365429100256,0.84,5.100563741666226,0.6119554204660588,0.18858248821596163,0.042678965198315044,0.5709511229842911
fresh_oracle,1,95,0.8403215084351939,16.06838628817725,0.6708530007884267,0.5548087802670298,5.149691110677062,0.8233333333333334,4.9039083812292565,0.5841819416157502,0.17474128249140053,0.03720710335416218,0.5767979521325269
fresh_oracle,1,96,0.8578798331967705,16.243777012394492,0.6764828018340612,0.5606934431857202,5.129084837633069,0.8033333333333333,4.8392784100782,0.6402334363199451,0.17193632619610794,0.042108630247175136,0.601450812722078
fresh_oracle,1,97,0.8324316521970146,16.33237019186645,0.6538607472552174,0.5833990147783267,5.079833743762545,0.7833333333333333,4.633350262539169,0.6062631949331456,0.16813243787796778,0.04293674010314877,0.5822633585797267
fresh_oracle,1,98,0.8327415750863744,16.505167792574817,0.6630051410350134,0.5905275609179099,5.06399226946147,0.7733333333333333,4.4433440971274525,0.606458481192335,0.15646736145965606,0.03881815358847092,0.5880797741099562
fresh_oracle,1,99,0.8168319182308464,16.676859656728563,0.6455600687471663,0.606666666666668,5.02292091934509,0.7533333333333333,4.349027542320746,0.6038559476173154,0.15251568438412166,0.04320799847154336,0.5812980800380778
fresh_oracle,2,0,27.78435841531251,0.016151520529409158,12.89457351480036,0.9304711111111114,3.372934649240204,0.18333333333333332,3.638646978668851,0.6073333333333333,0.3250146460869333,0.4634980066946012,8.30270392608623
fresh_oracle,2,1,26.16557514637031,0.05387379542149173,12.468067725825584,0.933097777777778,3.3429274509157425,0.19666666666666666,2.894602096888268,0.67,0.37581568909689705,0.38658789668077587,8.075627543635676
fresh_oracle,2,2,24.645991886885458,0.10343853537573322,11.649358166899148,0.8922022222222226,3.7909004855143413,0.25333333333333335,3.322527749214948,0.6656666666666666,0.3596966444112445,0.21564972995700551,7.849376935833664
fresh_oracle,2,3,23.302370417307774,0.15051017891848784,11.34314480595723,0.8564800000000006,4.058027665898356,0.29,3.760525136141632,0.6173333333333333,0.3429516407157705,0.1495798697346685,7.613214593060561
fresh_oracle,2,4,22.01240854613442,0.22670636029510516,10.876385100053875,0.8304311111111117,4.219776830804946,0.3333333333333333,4.050859864768592,0.6463333333333333,0.31877409383843563,0.13288952948782673,7.405990473474283
fresh_oracle,2,5,20.63028411974941,0.32031454106872603,10.239574856005397,0.7984822222222229,4.384110128720027,0.39,4.276199271702178,0.6396666666666667,0.30516752792611435,0.11376688957184314,7.170774194129389
fresh_oracle,2,6,19.51932508091542,0.4037794431870564,9.855665051210087,0.7655266666666674,4.52314576614477,0.42,4.486291944916884,0.611,0.2914420516377926,0.09762970775354676,6.965359708909273
fresh_oracle,2,7,18.293089001581556,0.52648885062502,9.201011587465157,0.7425000000000008,4.608476640313528,0.44666666666666666,4.624512017891222,0.626,0.2712928917895086,0.09214552060140296,6.758370471609349
fresh_oracle,2,8,17.172154322872586,0.6166785518407856,8.829601983316785,0.7159066666666676,4.7004348817507156,0.48333333333333334,4.796243457954661,0.6326666666666667,0.2581260393997529,0.08165983239899648,6.517845814884763
fresh_oracle,2,9,16.303106187264074,0.7475957318441202,8.666291195819602,0.6878133333333342,4.786668678847301,0.5066666666666667,5.022393277137158,0.605,0.2585712884122091,0.07654136039971954,6.349372894838581
fresh_oracle,2,10,15.371632279250498,0.8648866786431653,8.141961797485067,0.6719422222222232,4.834981022394597,0.5333333333333333,5.1821957034852035,0.621,0.25287529825141597,0.07368024519340309,6.169972442631296
fresh_oracle,2,11,14.466422517841584,1.0239216415756325,7.701253051614262,0.8190066666666673,4.277762974615838,0.34,2.7389499203535026,0.6416666666666667,0.3578962894109557,0.1319019306287108,5.989216677386956
fresh_oracle,2,12,13.639435541733771,1.1424770518545266,7.2642580900039135,0.8074933333333341,4.340460818318284,0.38333333333333336,2.734448096220526,0.623,0.35587822858368906,0.12425072462224165,5.803245386268177
fresh_oracle,2,13,12.837599287250448,1.3103105563914454,6.821286447432843,0.8061266666666673,4.34871836812696,0.4,2.760213872864081,0.635,0.3497935924731754,0.11914803892358071,5.642933173783258
fresh_oracle,2,14,12.076086962522862,1.455278382314522,6.430240858072645,0.7889466666666674,4.446625716696622,0.47333333333333333,3.017992546193833,0.6173333333333333,0.3256441810768061,0.11356614418146925,5.4698188727377195
fresh_oracle,2,15,11.327314556390697,1.6359391004235235,6.043430708956199,0.7613422222222228,4.569806272831371,0.5166666666666667,3.23145914455514,0.6436666666666667,0.272914144042681,0.11198258641370096,5.289786274752068
fresh_oracle,2,16,10.532687747833615,1.788993677119872,5.474014700397486,0.7392688888888896,4.647781175467357,0.52,3.514109156844934,0.6153333333333333,0.2291001370870696,0.09209789479526322,5.106206329782942
fresh_oracle,2,17,9.804248299807112,1.9812725033028917,5.121878198741385,0.719051111111112,4.708444320108434,0.5066666666666667,3.7115279195428146,0.6143333333333333,0.19511512535058606,0.08415672705920384,4.919835093764694
fresh_oracle,2,18,9.095093121206787,2.126800401929671,4.714255594991474,0.7050355555555565,4.7495267484790835,0.53,3.9073392297936342,0.5856666666666667,0.1655870300043416,0.08808630739745289,4.720781444719368
fresh_oracle,2,19,8.377049891225482,2.351150807645694,4.358943961526477,0.698560000000001,4.764586781189753,0.5433333333333333,3.9892430235438248,0.6083333333333333,0.16870325002187245,0.07784824051077921,4.52575040881431
fresh_oracle,2,20,7.808881952137371,2.512882210363906,4.038794567309016,0.7061244444444452,4.74570462089177,0.5366666666666666,3.9431283707734353,0.6556666666666666,0.18766790741311565,0.08227601746951592,4.354727476424091
fresh_oracle,2,21,7.321752427078368,2.6867479599806723,3.8216517101859746,0.7669777777777785,4.521907647534536,0.5533333333333333,3.9276180564755334,0.6003333333333334,0.23201401574577848,0.1340207268651541,4.198109862145592
fresh_oracle,2,22,6.854377509642223,2.8674158605936704,3.525870163643292,0.7257244444444453,4.702980220785489,0.5766666666666667,3.57152343051156,0.6043333333333333,0.2200745144114231,0.08667703383647656,4.056686310338653
fresh_oracle,2,23,6.4202062967448725,3.036918282224959,3.3655291505533054,0.721462222222223,4.712929920102745,0.56,3.3770713326913357,0.596,0.24120634961805962,0.06724417953907119,3.9088661952954236
fresh_oracle,2,24,6.060301333023271,3.213817235518654,3.1425159874632587,0.7242888888888896,4.706226660309113,0.57,3.3261789742896184,0.64,0.25700706541073826,0.08475023643367297,3.7916437938375296
fresh_oracle,2,25,5.708914414768724,3.420776001688563,2.9564123679794534,0.7251288888888898,4.694503615075231,0.5633333333333334,3.4098773620109366,0.6426666666666667,0.26116980901835274,0.079160725468775,3.6800541310423363
fresh_oracle,2,26,5.395784025549318,3.626145232875527,2.821376465899314,0.7315044444444454,4.666204997668483,0.5433333333333333,3.4694062966714805,0.645,0.26279940534039486,0.07538418853821331,3.5708444693147556
fresh_oracle,2,27,5.075301971080618,3.812243190652601,2.5618775346282634,0.730371111111112,4.6760650905133465,0.57,3.515657706390968,0.616,0.2581809787238021,0.08079576139947657,3.4684538266119787
fresh_oracle,2,28,4.754128733912452,4.0021966211374815,2.4183168881155854,0.7293911111111119,4.677404553078548,0.5566666666666666,3.6332215245355566,0.6106666666666667,0.23945190528068902,0.0844814490634924,3.3454450171315653
fresh_oracle,2,29,4.517992917994211,4.15706458596967,2.2985149386392894,0.7281177777777785,4.682436867618565,0.5666666666666667,3.7648086744896516,0.6163333333333333,0.22865102628195358,0.07218437851564787,3.2502557532319436
fresh_oracle,2,30,4.214171708088595,4.4063406239926906,2.1146457398796574,0.7226311111111119,4.691864236455838,0.57,3.7942319117531262,0.6303333333333333,0.2128536689230986,0.07774045298813101,3.135189612383518
fresh_oracle,2,31,4.0761468285159275,4.5917349431625185,2.0615336008360057,0.7877822222222229,4.459470939656679,0.5566666666666666,4.0513946045330504,0.604,0.29174394130690307,0.09432461716130447,3.078063942395005
fresh_oracle,2,32,3.8493413259961238,4.808626024012159,1.9198195213138531,0.7455511111111119,4.627933908480038,0.5566666666666666,4.093952818514641,0.627,0.24118486129059946,0.07791003085894727,2.9859859175928087
fresh_oracle,2,33,3.685079953526843,4.9594718465987295,1.8321954658866824,0.7302177777777785,4.673933743287944,0.55,4.099663730596587,0.588,0.22237287323515006,0.06842113840178857,2.9074792498002533
fresh_oracle,2,34,3.483725058171734,5.150922784276354,1.7333487977074304,0.7268333333333341,4.692935650346185,0.58,4.00927909876466,0.5723333333333334,0.22365108261816904,0.0769756711010581,2.803838428000322
fresh_oracle,2,35,3.3137154826357347,5.304998123925877,1.629972891985446,0.7215533333333342,4.718270891426657,0.6133333333333333,3.913887199020515,0.6166666666666667,0.2316806133696423,0.07505982307452896,2.718294428946147
fresh_oracle,2,36,3.148169729212467,5.549849116646177,1.5399366287656953,0.7233622222222231,4.713834205887444,0.6166666666666667,3.7802497827393724,0.6103333333333333,0.2603277929613116,0.07088150941479114,2.6309191571301875
fresh_oracle,2,37,2.9339519127304046,5.80642131733828,1.4109094485138776,0.7230155555555563,4.715658083864472,0.6466666666666666,3.6264756910359273,0.627,0.2639697159210236,0.07504177968574254,2.5212779928303894
fresh_oracle,2,38,2.817958628475663,5.991917488972742,1.3681118107533015,0.7308890374331561,4.688440284177391,0.63,3.4059331788803355,0.6420454545454546,0.28172757776377616,0.07387737176823864,2.4637327979149384
fresh_oracle,2,39,2.663301734191179,6.197227888718552,1.3164794749870987,0.7290927419354849,4.6921733573728,0.6066666666666667,3.309444703602427,0.6441532258064516,0.29761252035034214,0.07653709422672271,2.3841267265051913
fresh_oracle,2,40,2.5225334475196375,6.40134023188909,1.222157013442647,0.7409854677565859,4.645910476422969,0.5833333333333334,3.239880296672951,0.6410081743869209,0.30295837785838964,0.06994190667720078,2.2919947830644385
fresh_oracle,2,41,2.430857243661933,6.618480962965424,1.205629376892311,0.7834157668640434,4.478872708005174,0.5533333333333333,2.9762794979123566,0.6607453848833159,0.3342642553089568,0.10661433349359045,2.2515369294888683
fresh_oracle,2,42,2.3266283509987766,6.852884103083411,1.1717456520854723,0.7713245269546598,4.513960222551419,0.5333333333333333,3.005342573452711,0.6511960014280614,0.32697191579928486,0.07547679035217734,2.187202117872802
fresh_oracle,2,43,2.1997136847674343,7.072341673877762,1.1039924027791774,0.7857575757575765,4.450813566710351,0.5233333333333333,3.0040587011878332,0.6162878787878788,0.31576306862637576,0.08569974456371515,2.1273618710197613
fresh_oracle,2,44,2.0797541571762244,7.232286567442136,1.0558830777716057,0.7961145194274035,4.393835653619073,0.49,3.106325914693976,0.629038854805726,0.2962457128232237,0.09232937913336521,2.0720438931916196
fresh_oracle,2,45,2.0215496410332934,7.407158623640153,1.0322234875360607,0.802347892720307,4.376576389043665,0.49666666666666665,3.207419727409668,0.6151724137931035,0.26365442667226063,0.08710385787243373,2.050392619029575
fresh_oracle,2,46,1.9299396218209066,7.5743314876412,0.9937658080222357,0.8131945167447516,4.328903437451492,0.4766666666666667,3.1954420585575485,0.6220718375845914,0.24653222925107124,0.08837155927577754,2.0104500333791067
fresh_oracle,2,47,1.8361700235409881,7.697007825356217,0.9329974388695113,0.8155027711797316,4.322262253143921,0.47333333333333333,3.1958255045359336,0.6098574821852731,0.23090004554021765,0.0881397323579986,1.9582445701647722
fresh_oracle,2,48,1.8165527540546083,7.815996835619088,0.9332643333208354,0.8088365837256226,4.360229857674694,0.48333333333333334,3.210767104895281,0.6032279757901816,0.21573077623759765,0.09098955318131015,1.944265390370144
fresh_oracle,2,49,1.7909289609569694,7.949571319339741,0.9270954718543154,0.802865947611711,4.3867499260109355,0.49,3.1430579829054293,0.613251155624037,0.18118679025466095,0.10055446000937486,1.9269361011869146
fresh_oracle,2,50,1.7799999661507133,8.02832131310204,0.937293727015018,0.7874105145413878,4.4591488896043465,0.5133333333333333,3.123850405845003,0.6216442953020134,0.15315412547927343,0.0780003422575017,1.8981327496302756
fresh_oracle,2,51,1.794275142157828,8.088879213067177,0.9806434294806987,0.7896370235934671,4.44542805878141,0.4766666666666667,2.952164091835614,0.5989110707803993,0.13205871737824412,0.06516438724101263,1.8847082881335193
fresh_oracle,2,52,1.7691291161530953,8.140887549182526,0.9596481743069581,0.7743613707165116,4.509040332457989,0.47333333333333333,2.956352943442988,0.6308411214953271,0.11114894508369869,0.06261231326150057,1.8400001956305747
fresh_oracle,2,53,1.7626267569929084,8.32337803227608,0.9694930705780094,0.7736716791979958,4.51747690639595,0.4866666666666667,2.847027146995909,0.6080827067669173,0.08859041617833563,0.07199332899642497,1.7970544189955788
fresh_oracle,2,54,1.759919692419054,8.40727797390513,0.9719700640305238,0.7806087211003812,4.485094134979933,0.48333333333333334,2.797765193818712,0.611062335381914,0.08223123157503696,0.07467376934211299,1.745978785831408
fresh_oracle,2,55,1.8005583171155763,8.442436916796915,1.012755044390706,0.7868056669339756,4.452789927459724,0.4766666666666667,2.8360726704269035,0.5589414595028067,0.06390071045355337,0.0945294832446535,1.7134657730097036
fresh_oracle,2,56,1.80921448003371,8.578007793468274,1.0493760099511393,0.7799661099007512,4.471942217497441,0.4866666666666667,2.7533821619831604,0.5875090777051561,0.053450885079575725,0.07512857756278808,1.6610659798198533
fresh_oracle,2,57,1.8223033639816637,8.743015087040465,1.0865449750620875,0.7659921156373202,4.528990836448394,0.5133333333333333,2.721747620788921,0.5650459921156373,0.05256061388811357,0.08320761708764804,1.6235560440117685
fresh_oracle,2,58,1.7787882728463777,8.84039444731533,1.0764785884275336,0.749250457038392,4.590566954717609,0.5266666666666666,2.7311740293835673,0.5837903717245582,0.05333829760500663,0.07005354521066595,1.5499790914733775
fresh_oracle,2,59,1.7484899962401632,8.911314867858572,1.0776096002448639,0.7348557602828968,4.640079308502848,0.5466666666666666,2.7477813110429583,0.5918481295365717,0.05124026068551076,0.07534442237615613,1.5073683228065076
fresh_oracle,2,60,1.6946769606530359,9.125633902567508,1.0800518254602585,0.719061855670104,4.680200151214596,0.55,2.7612853045676715,0.5845360824742268,0.05342074541912637,0.06093377454445566,1.4471517290816556
fresh_oracle,2,61,1.5312684869213984,9.39142731863071,0.9605098330891046,0.7172656125219623,4.70466609418197,0.5766666666666667,2.752847413544085,0.5682798275035936,0.0419985888514381,0.06177363643694913,1.357435445576624
fresh_oracle,2,62,1.4479182747893187,9.564280899010441,0.8968176317261622,0.6952972731336622,4.759307605169672,0.5866666666666667,2.7854981335196647,0.5529727313366115,0.0887789737799178,0.06235528876008753,1.2769189293696745
fresh_oracle,2,63,1.3940633631689312,9.803747817422929,0.8731050031244045,0.6834447735928917,4.796180231490526,0.5933333333333334,2.8504414780767746,0.570038087177317,0.12229996846878748,0.05298108496250911,1.2477611784584048
fresh_oracle,2,64,1.2682274521326664,10.174070154320066,0.7632200467200887,0.6608595304417041,4.855146754677272,0.6166666666666667,2.8487817722347955,0.6207719856744927,0.15045287852417286,0.05619696451352798,1.1748047429614028
fresh_oracle,2,65,1.1783962484516681,10.395196473885687,0.6940039055206213,0.6393160465990242,4.910750833845791,0.6333333333333333,2.8618358886275015,0.5817361894024803,0.15375250241040736,0.05076902443388512,1.1330647097350965
fresh_oracle,2,66,1.0895514492348919,10.750155207067916,0.6195544602566759,0.6209919345130626,4.953213162545069,0.65,2.9407576150840753,0.6009389671361502,0.153984800261988,0.044118914138263986,1.1090116455485912
fresh_oracle,2,67,1.0521622984764527,11.049832761479777,0.5802680576555919,0.6071837875611472,4.982201313732727,0.65,2.96133648044173,0.5870020964360587,0.14332150129634103,0.048836334660638074,1.1508216760553192
fresh_oracle,2,68,1.0051778969133798,11.282080060898988,0.541523126118252,0.5876909314547705,5.025733986264337,0.6633333333333333,3.0173566550506985,0.5763166722576316,0.136844176012354,0.045609790249883125,1.1123000100108607
fresh_oracle,2,69,0.9735186082744159,11.482930302205457,0.5087181088186115,0.5780498714078064,5.058451721758249,0.6833333333333333,3.0500709457329145,0.5880576987588058,0.10977111360604815,0.038645531884695966,1.088868777790675
fresh_oracle,2,70,0.9553361532921623,11.663076086840965,0.4728262937473181,0.5705093056948638,5.086001814649849,0.72,3.1200507124367216,0.6094951521230357,0.09414360666025885,0.039182293741117265,1.0554483834925337
fresh_oracle,2,71,0.93491026856871,11.875263409470648,0.4566304198785359,0.6022564102564119,5.030265464119337,0.6933333333333334,3.4990575502049768,0.6050167224080267,0.08751214063277006,0.05057964552933593,1.0039305713212536
fresh_oracle,2,72,0.9460635910978284,12.039230385005588,0.4839029614947304,0.5713288740245277,5.08976831701998,0.7233333333333334,3.5409218111818204,0.5929765886287626,0.06680194548620037,0.034744504864473905,0.9973633088006775
fresh_oracle,2,73,0.9610100363116456,12.171352704409443,0.5165149911116682,0.5596031215161668,5.121522614446068,0.75,3.695988767123278,0.5585284280936454,0.055413781324356426,0.03771677568504194,0.9886996115948629
fresh_oracle,2,74,1.0107765695335051,12.351883482716158,0.5918315825605569,0.5548743606849027,5.1331516189808735,0.76,3.7292449912485175,0.5623749166110741,0.051452853534911636,0.04273871496007718,0.9484459706786671
fresh_oracle,2,75,1.0454942595086552,12.526741249958018,0.6390337259360083,0.554501947690597,5.13920038157981,0.7633333333333333,3.821311386738005,0.5722871452420701,0.04815162569385632,0.038434063499852976,0.9486544360082149
fresh_oracle,2,76,1.0482987881260843,12.651585711810313,0.6639343041673497,0.5542156862745113,5.143725252440365,0.78,3.951161976331404,0.5915775401069518,0.047573468403885016,0.0309563989788448,0.8966740863721586
fresh_oracle,2,77,1.0933819362616668,12.837640377152866,0.7299299150377235,0.5542895352724855,5.142451000550959,0.7733333333333333,4.091050216696398,0.5800735539953193,0.06211642799397127,0.038761338134403155,0.8812545362470372
fresh_oracle,2,78,1.0953891818294608,12.989014766942454,0.7603033626017591,0.548463167279618,5.154426511182761,0.7866666666666666,4.182815103692872,0.5887662988966901,0.09658812102025284,0.03173220255263599,0.8415677970534031
fresh_oracle,2,79,1.1300340406731162,13.198497935690142,0.8150420015096072,0.5479995542182116,5.154784237299653,0.79,4.247591289368815,0.6352390504847877,0.1331901261980255,0.0357834497230782,0.8114589525772743
fresh_oracle,2,80,1.1451222191585386,13.416995578595449,0.8436495168614464,0.548336119469521,5.159335675402145,0.7966666666666666,4.429886255555595,0.591106653293213,0.16922844148560778,0.03950352408169746,0.8167769264908739
fresh_oracle,2,81,1.1048637750381667,13.62071105599028,0.8240579826641077,0.6122822222222233,5.032426592334697,0.7733333333333333,4.847182277592021,0.6373333333333333,0.30672925586611455,0.04984166991132936,0.7632494665257022
fresh_oracle,2,82,1.0764606406620352,13.858931022223057,0.7987862651590816,0.5627688888888901,5.129991102777273,0.7933333333333333,4.856311647596354,0.623,0.2591208459158763,0.04086176823405925,0.7806161847211971
fresh_oracle,2,83,1.0371578451383399,14.079883867013153,0.7823080091728969,0.5479177777777792,5.1640026341180665,0.8233333333333334,5.0295541312603795,0.5933333333333334,0.23414920775124812,0.03675167668588722,0.755528970198262
fresh_oracle,2,84,0.9960379865187684,14.285435487137445,0.7568799752417457,0.5352200000000014,5.18745899111566,0.82,5.052113635786193,0.5783333333333334,0.23605950751064986,0.040310870902976165,0.7215303143997427
fresh_oracle,2,85,0.9671010968215032,14.514132373736265,0.75031199894196,0.5395577777777791,5.182918932473029,0.8333333333333334,5.098383692330864,0.6106666666666667,0.25042687317841283,0.034364317742800715,0.6889585424437699
fresh_oracle,2,86,0.9421031316185564,14.717214214479988,0.7401095968050915,0.5428000000000015,5.178419995511318,0.83,5.229052256435127,0.607,0.24893165852588164,0.03165317769032939,0.6745382633508381
fresh_oracle,2,87,0.9671411302601047,14.859849449362333,0.7727806590687354,0.5436377777777791,5.17806715638199,0.8433333333333334,5.271560947974226,0.691,0.26009625178587426,0.04250723891977762,0.6810528980734446
fresh_oracle,2,88,0.911860419513387,15.044060933993666,0.7183322268295335,0.544635068980865,5.1743477534734446,0.8566666666666667,5.23336574396756,0.6275033377837116,0.2666437067991698,0.03373126916083572,0.624514947067919
fresh_oracle,2,89,0.8771678846422982,15.297692002629313,0.692764157961073,0.5519919651824587,5.159581592689333,0.84,5.302810711999942,0.6287244727150988,0.275837587991959,0.037816640417259614,0.6367642193459876
fresh_oracle,2,90,0.8567178682870658,15.514113537028798,0.6872887249172872,0.5559593250642545,5.151200055763536,0.8233333333333334,5.385343398685463,0.6366074421723098,0.292724518034242,0.03880144666135378,0.6011098736584075
fresh_oracle,2,91,0.8542544473173062,15.726968559890164,0.6992992610282633,0.6248299776286366,5.016263831706766,0.8233333333333334,4.731681352994995,0.6426174496644296,0.3315064145639692,0.05902262626720831,0.6165434294486764
fresh_oracle,2,92,0.8236073044145519,15.980480157537833,0.6784846065166337,0.5771499213306377,5.1078775170702695,0.8133333333333334,5.154930831920906,0.6207012811867836,0.31776455508979123,0.04557236050270106,0.5725214191150277
fresh_oracle,2,93,0.8075427105566442,16.187308775286326,0.6690738736033208,0.5774381565571003,5.097720730770529,0.7833333333333333,5.338471927503297,0.6072517790579465,0.3041199293340126,0.03229171470657539,0.5717929662067903
fresh_oracle,2,94,0.7894189329782919,16.41503041969071,0.6614047333228406,0.5836672403901335,5.074678796028679,0.7666666666666667,5.403811550339699,0.6251290877796902,0.29245259615887964,0.041554474421347486,0.5587594027394963
fresh_oracle,2,95,0.7973635626857816,16.65685829176374,0.6796065345443931,0.5934604715672691,5.052770048259288,0.78,5.44540846274453,0.6400832177531207,0.3001628333017589,0.04920596402794545,0.5290958890812673
fresh_oracle,2,96,0.7581930927534151,16.806219653185682,0.6489399055754431,0.5998690058479546,5.035884389702975,0.7866666666666666,5.33761254300734,0.6329824561403509,0.30032185626182145,0.043802873418005,0.4745674522804803
fresh_oracle,2,97,0.7390383168182001,16.97974740439334,0.6424434259776,0.6222101711255738,4.985187173546658,0.7566666666666667,5.4490610063888205,0.601590744757773,0.29940379387925325,0.04953043792149829,0.45815345319784856
fresh_oracle,2,98,0.734185696468897,17.184724115038758,0.6364454206949909,0.6336061946902667,4.949092529124158,0.7233333333333334,5.35475060967474,0.6235250737463127,0.309136505512615,0.04272658424593409,0.4530002813419515
fresh_oracle,2,99,0.6912959158885722,17.43271532272385,0.6016014549615971,0.640467348743212,4.94318664678881,0.77,5.337942100127811,0.6612353164077303,0.3020187772706095,0.04808742014779166,0.40712111789378014
fresh_oracle,3,0,28.46511196213657,0.018648013223131255,12.85026582190095,0.9026644444444447,3.697234200569483,0.3333333333333333,3.6162450201772542,0.5786666666666667,0.21623171941219121,0.35873664576450953,8.419033551617053
fresh_oracle,3,1,25.940596123500264,0.05858304849916118,11.849573060767037,0.8269222222222228,4.260835201127654,0.4266666666666667,2.9591454666007984,0.6003333333333334,0.07157893002191053,0.21102503447704685,8.01648417021638
fresh_oracle,3,2,23.716443567171464,0.10986119283011447,11.32017859252505,0.7601800000000009,4.562768404702915,0.49,3.073722530493459,0.607,0.10489053867566983,0.14107624516293246,7.6274689914363805
fresh_oracle,3,3,21.911016546060047,0.18339150781438107,10.794142810370207,0.719111111111112,4.705181241201829,0.5133333333333333,3.1586821639846625,0.5543333333333333,0.13634728037043162,0.12164089994972348,7.314822821723163
fresh_oracle,3,4,20.146665318737263,0.26505626692607875,10.2646959582052,0.6867800000000008,4.8078858464355845,0.5566666666666666,3.2485689270107043,0.5916666666666667,0.1498904645098141,0.10991115452028766,6.9913256431375155
fresh_oracle,3,5,18.556098766120456,0.37327411826511225,9.720468163865515,0.6631133333333343,4.878254170204888,0.5933333333333334,3.3702168993239914,0.5896666666666667,0.15171128999340927,0.09668580387620636,6.68535034769937
fresh_oracle,3,6,17.089345066434234,0.4825158720207827,9.255226517810994,0.6448333333333343,4.929947444079159,0.6266666666666667,3.6002637292404507,0.626,0.1746738710439328,0.09708353809360001,6.374574028186669
fresh_oracle,3,7,15.871823014133438,0.600650682488457,8.819539453229005,0.6248866666666677,4.986201155527746,0.6666666666666666,3.798000405554882,0.6013333333333334,0.17832195100006587,0.08613609186364603,6.135654775135891
fresh_oracle,3,8,14.884790752606483,0.7303170588013304,8.432041663353512,0.6047911111111122,5.037815150493216,0.6933333333333334,3.993653859523547,0.5876666666666667,0.18709878498459018,0.07577370714367618,5.9357662609838355
fresh_oracle,3,9,13.931131935030027,0.8550958480133841,8.138141100347305,0.5774222222222233,5.100956942763831,0.72,4.369614626851426,0.5873333333333334,0.21020780469509232,0.06678520238504758,5.708967377915582
fresh_oracle,3,10,13.13274331167669,0.9947138505078601,7.8053411039022444,0.547637777777779,5.15598770415576,0.7333333333333333,4.665876764078468,0.6006666666666667,0.21076229490250248,0.06295585778170917,5.533884529475446
fresh_oracle,3,11,12.274254849133667,1.1165208671009248,7.326729126806301,0.7941111111111118,4.413238883333198,0.58,3.3078906804654657,0.6423333333333333,0.35535628576035094,0.22546966979242522,5.344058250480849
fresh_oracle,3,12,11.805416221831436,1.2715311038952475,7.237476194852967,0.7253977777777787,4.708334915878096,0.6366666666666667,3.5820144875901883,0.6373333333333333,0.3397757716113649,0.12843020384042056,5.240927122358922
fresh_oracle,3,13,10.961887367412517,1.4477295827573196,6.721340745363539,0.6748511111111118,4.8732478894183116,0.6666666666666666,3.794666605161174,0.6306666666666667,0.33172732989907744,0.0862220880254936,5.055158238219182
fresh_oracle,3,14,10.494741993014255,1.5949209549090622,6.439725541943199,0.6477244444444454,4.9432991592130175,0.68,4.058872179043267,0.6116666666666667,0.32246022454291545,0.08279209052041869,4.949987422670796
fresh_oracle,3,15,9.867776704517999,1.7359035553085889,6.077846184210072,0.6136955555555567,5.018946451488077,0.6766666666666666,4.3487012964546174,0.6143333333333333,0.3138470822942842,0.07363846708273954,4.796945242268582
fresh_oracle,3,16,9.344739589324956,1.8984473080661193,5.7536098243371105,0.5925822222222235,5.063126003142221,0.6933333333333334,4.722886065478667,0.623,0.3135825540159656,0.05871646026831785,4.6781245043520014
fresh_oracle,3,17,8.837660451286713,2.0665301262900106,5.420914968800751,0.5606755555555565,5.116179494255519,0.6833333333333333,4.8770166783567035,0.6636666666666666,0.3243639431388394,0.0606703646370829,4.555754932829834
fresh_oracle,3,18,8.48789543522155,2.2220209038251193,5.232695461431939,0.5232111111111124,5.182501030298756,0.71,5.1598016575062395,0.635,0.3502612731642707,0.060941692466460265,4.461831626260364
fresh_oracle,3,19,8.184584447712913,2.3433427280329346,5.026876557010038,0.5164866666666679,5.20465423890572,0.7333333333333333,5.302872505459603,0.6563333333333333,0.37650925243216365,0.053566711209900066,4.386044139162768
fresh_oracle,3,20,7.833035916780051,2.475487335113235,4.691343079658484,0.5011266666666679,5.2235935748090565,0.7266666666666667,5.35551853673236,0.6616666666666666,0.4003451552361943,0.04948592887447377,4.310930163539028
fresh_oracle,3,21,7.554285713747199,2.6676822162714853,4.441709214045019,0.7300577777777786,4.675828103988309,0.5466666666666666,3.581838246684844,0.6323333333333333,0.4461182413290464,0.13181269066330986,4.2627730805626705
fresh_oracle,3,22,7.218505589743212,2.8333900297673353,4.0416934720017625,0.6490577777777787,4.929062227041504,0.63,3.5326836145806366,0.6686666666666666,0.4558809538331554,0.08715654214493222,4.185754719140945
fresh_oracle,3,23,7.012592484858872,2.9943156159587163,3.759584071187324,0.60620888888889,5.037390564035463,0.6933333333333334,3.6043257436083302,0.6586666666666666,0.46060017260677216,0.07965362438272655,4.146649165631424
fresh_oracle,3,24,6.843157951801087,3.177183024879043,3.591209338467691,0.5806133333333345,5.097166445107561,0.7333333333333333,3.768741871379816,0.6536666666666666,0.4259339139106594,0.07902191375875588,4.114536721954231
fresh_oracle,3,25,6.56292193905948,3.3042060744968627,3.267558696739333,0.5510600000000012,5.158931926636777,0.77,3.9384432240153333,0.6303333333333333,0.36955474071519057,0.06493224482775567,4.035423406616429
fresh_oracle,3,26,6.235252400598409,3.485475006130897,2.996720695819502,0.5431755555555569,5.175993650913512,0.7933333333333333,4.105821512304393,0.625,0.31666977164867943,0.06744304829444149,3.936329982284613
fresh_oracle,3,27,5.879547332833601,3.6697764227094956,2.6798671629233413,0.5463422222222234,5.170552918634366,0.7766666666666666,4.352250845996311,0.5986666666666667,0.26787486568275104,0.06477158204712385,3.8205737423340778
fresh_oracle,3,28,5.515778722973472,3.8623218316521433,2.478569772575345,0.5559311111111123,5.1455936245763745,0.7733333333333333,4.564070651005242,0.624,0.23019527804442286,0.06457800956639966,3.6934622965253054
fresh_oracle,3,29,5.22107003349803,4.042431301541605,2.457638671186969,0.5596688888888901,5.141704042771461,0.7733333333333333,4.835440641418161,0.5903333333333334,0.20253041086863155,0.06829841383246957,3.5896612608419693
fresh_oracle,3,30,4.896306844540133,4.222012668144853,2.380506337501792,0.5766733333333347,5.111563784587827,0.7633333333333333,4.991631148614515,0.6073333333333333,0.1900387531589611,0.06846228347389337,3.454968037784958
fresh_oracle,3,31,4.539586230213687,4.464431176978675,2.3302050750753533,0.6979466666666675,4.801186724783357,0.6633333333333333,4.370799002868753,0.6466666666666666,0.17914722238209832,0.0927881677146383,3.304807996467625
fresh_oracle,3,32,4.256807914333389,4.70359197363285,2.2515288912888476,0.6473644444444455,4.941870301184449,0.6933333333333334,4.521086065941226,0.6283333333333333,0.17018161528321205,0.06855258275149916,3.184627120874598
fresh_oracle,3,33,3.9523689784996003,4.876183141560616,2.1020681920973168,0.6504777777777788,4.94054231417608,0.7033333333333334,4.5655131771884285,0.6,0.18344035125653355,0.07158902629877863,3.056202708425252
fresh_oracle,3,34,3.758952246082102,5.082590482272551,2.0291863741547953,0.6531177777777786,4.924360075115155,0.6666666666666666,4.6150780287512205,0.6316666666666667,0.1989303884191535,0.06784824280180318,2.9654163755735987
fresh_oracle,3,35,3.5507961982412297,5.3039424890642,1.9447110547358037,0.6639800000000009,4.891231846943604,0.6466666666666666,4.560126453003704,0.6153333333333333,0.2250826760741477,0.06618612968845167,2.868317713508281
fresh_oracle,3,36,3.3802920467726727,5.547357204729192,1.8951213639217475,0.6751688888888898,4.859367737094299,0.6466666666666666,4.405028652280548,0.6213333333333333,0.24534175116692694,0.06808412347886032,2.7933710344370817
fresh_oracle,3,37,3.2237782046443813,5.749933175965664,1.8107768292319784,0.6818377777777789,4.839550110743574,0.6266666666666667,4.341329058765814,0.601,0.26415788486289415,0.07024323944602581,2.723220896536309
fresh_oracle,3,38,3.0868186803832183,5.983388103745732,1.7476528853563804,0.693800000000001,4.801213800166753,0.6133333333333333,4.130555640844419,0.6076666666666667,0.2933648857116798,0.06526750353762738,2.6614246259270042
fresh_oracle,3,39,2.968937167010889,6.147864879702569,1.6849772017994105,0.7045570745804167,4.769091600466005,0.6033333333333334,3.9612836100217033,0.6565521840613537,0.30836999137816384,0.06989494695764047,2.5962341757826164
fresh_oracle,3,40,2.8675863128971018,6.319879172489619,1.6311336684923627,0.7151813180644443,4.732554908475725,0.5633333333333334,3.7488108999361436,0.6490400808352981,0.2977733455690476,0.07255900324592275,2.5372022989183374
fresh_oracle,3,41,2.7779686365701974,6.546293776971314,1.5825660798798702,0.7534132967786163,4.6019846687992345,0.54,3.398381278815114,0.5901302261823167,0.32347205680305247,0.08394862086657753,2.495601873454946
fresh_oracle,3,42,2.65705265513239,6.740155640553412,1.5090508377671004,0.7517547568710368,4.601299456472922,0.5133333333333333,3.4393985830760716,0.6131078224101479,0.31638477405075943,0.08138333886901998,2.4415934810819233
fresh_oracle,3,43,2.5674590993570017,6.904760955057451,1.455766837100596,0.7671448138463461,4.532693796637993,0.48333333333333334,3.456530645429815,0.6316772506537168,0.3088567680471896,0.07753482911996844,2.4008401438126747
fresh_oracle,3,44,2.483230805828312,7.128090166620487,1.4416783642885862,0.7809006898347007,4.473543378580204,0.4766666666666667,3.372999762153643,0.6501366653650917,0.312229881579492,0.08850638504082776,2.3644781914123914
fresh_oracle,3,45,2.397241762442088,7.333480181916649,1.3984527260802844,0.8041978458049893,4.370992184532044,0.44333333333333336,3.3238074682139316,0.6364795918367347,0.29018213559936473,0.08157690779865703,2.336717809775526
fresh_oracle,3,46,2.301626531187111,7.5400032311792335,1.3607359325202917,0.821114331723028,4.2869408905320086,0.4066666666666667,3.3091918554512385,0.6661835748792271,0.2687978780144133,0.10191275002517262,2.309949283659498
fresh_oracle,3,47,2.255793911932377,7.658660378324987,1.3426743848245157,0.8318980700768227,4.229009741475326,0.4,3.203034284308798,0.6239460370994941,0.2441233337365618,0.09871744243745018,2.2999323518299675
fresh_oracle,3,48,2.1986693855303305,7.837113523637953,1.3042155490911744,0.8310549070471254,4.235664103460874,0.3933333333333333,3.2057091087441782,0.6523994811932555,0.2349678495629381,0.09563463880317594,2.2804828453682755
fresh_oracle,3,49,2.1559624611915464,7.914382515067178,1.2548440645669823,0.8210134963076146,4.2904548518399785,0.4033333333333333,3.100103440224907,0.5943468296409473,0.18665397904013567,0.08862281088364679,2.2610843798834197
fresh_oracle,3,50,2.121977036565714,7.9983730229541825,1.2140258572787057,0.8056318763009225,4.369086179215397,0.41333333333333333,3.010539979964032,0.5950044603033007,0.16132841303782608,0.08473740133705303,2.244149746998549
fresh_oracle,3,51,2.1336705166702323,8.005765438595562,1.22262112655168,0.8080727721245766,4.350110484690083,0.39666666666666667,2.881536029496005,0.5485661424606846,0.12482181400586798,0.07056560439474525,2.223640650619128
fresh_oracle,3,52,2.106095648334653,8.014246394785317,1.1966263368205565,0.7996256857050668,4.390009051990881,0.4,2.878135519455869,0.5517909002904162,0.10342930410587181,0.06967490145160424,2.190148929973612
fresh_oracle,3,53,2.106926041348902,8.07089529199625,1.2001949408817498,0.7967199749137667,4.4041176044118595,0.4166666666666667,2.805191388366801,0.5888993414863594,0.0959627441326413,0.06937361596378624,2.16947871135612
fresh_oracle,3,54,2.1251198055070355,8.08046377427612,1.211131622989471,0.8020350241545899,4.373685544395094,0.4,2.833081837251292,0.5905797101449275,0.07359121146589136,0.0743766275004665,2.14703373572503
fresh_oracle,3,55,2.1351153583861806,8.155476288588176,1.2176262130084987,0.7969093444909352,4.392165390288604,0.41333333333333333,2.764048538982421,0.5882845188284519,0.07211117922202201,0.07903028951326165,2.1193621769103896
fresh_oracle,3,56,2.158790298719485,8.260288511080496,1.3247299818911122,0.7921952453211947,4.403005806370598,0.4033333333333333,2.742955975936426,0.5614567526555387,0.06409200637763356,0.07693043340102164,2.0888754683370188
fresh_oracle,3,57,2.174318868747376,8.330017357101223,1.3139905759990098,0.7918243401074523,4.385885181297837,0.38666666666666666,2.760309527256596,0.5949544498948843,0.054006032299025744,0.07588805229285106,2.053385015445011
fresh_oracle,3,58,2.1846844909744267,8.429620686426176,1.3584350338803608,0.7792227204783266,4.429187527891353,0.38,2.7343893786381672,0.5823190262652146,0.04574884015245553,0.0793384666875379,2.001290938054465
fresh_oracle,3,59,2.0827088030692336,8.53844900609064,1.2702120282509686,0.7653639395722982,4.475035472295048,0.36333333333333334,2.7487109123764903,0.546203649205415,0.041149820285515074,0.07429723126317554,1.9035635068953312
fresh_oracle,3,60,2.0220640285187295,8.698320407628918,1.281228039360618,0.7512511316313606,4.523000427825779,0.38333333333333336,2.7631338524322384,0.5904399782726779,0.03840570893482774,0.06848100371707183,1.8154017538218241
fresh_oracle,3,61,1.9365619860658578,8.898368609028841,1.244004150290124,0.7636716917922955,4.509429742130625,0.4033333333333333,2.773092526263548,0.5542713567839196,0.0275577979720189,0.07704848943626033,1.7287058716335988
fresh_oracle,3,62,1.8754122037759264,9.093892631447016,1.2179375576460556,0.730391604010026,4.616450687638334,0.4266666666666667,2.835282977896353,0.5756578947368421,0.06601738450780376,0.06492732098769251,1.6625331918385131
fresh_oracle,3,63,1.818944077540323,9.306270706049144,1.166026510132164,0.7055779923909874,4.686428575287033,0.4533333333333333,2.88649034332389,0.6079894644424935,0.10735122421291814,0.06336036082940107,1.5937032970365015
fresh_oracle,3,64,1.6664257217639151,9.488038975688674,1.0308877061874548,0.6821450234353471,4.752478273157455,0.4633333333333333,2.927816643019812,0.5963606286186931,0.12572891451549595,0.054007274974767226,1.5145491961136972
fresh_oracle,3,65,1.449026227162716,9.825561699137115,0.8335247626468705,0.6700653594771253,4.785593765207733,0.4533333333333333,2.9753225624908533,0.5862745098039216,0.15241011561183926,0.0552584491245482,1.4128777729167263
fresh_oracle,3,66,1.3605434646796701,10.16147283386499,0.7598950291282405,0.6492592592592605,4.840543689774363,0.4766666666666667,3.0319938506133255,0.6029629629629629,0.16580697720790052,0.050243254337681585,1.3992364599888296
fresh_oracle,3,67,1.2802321296094399,10.550822407547553,0.7227790513460821,0.6308014184397175,4.88734035782365,0.49666666666666665,3.1722849526567,0.6106382978723405,0.15084920779231645,0.04801069415620499,1.4125460145053925
fresh_oracle,3,68,1.2323319089337237,10.75128908169167,0.6897983624110139,0.6119435028248604,4.932523354438141,0.5266666666666666,3.160420712164104,0.5698305084745763,0.1447685519039091,0.046071512050614216,1.4217986847943316
fresh_oracle,3,69,1.1458479920578983,10.973745780243599,0.6425786424469142,0.6000155555555566,4.96681431812131,0.5466666666666666,3.1732618539788717,0.6133333333333333,0.12208051111635759,0.042851769403626984,1.3666982532198457
fresh_oracle,3,70,1.0770791276679148,11.22563447240372,0.6060981201221447,0.5894244444444457,5.001195795100543,0.5633333333333334,3.192887261632247,0.5936666666666667,0.09349334134820135,0.040957419630020246,1.3030417456244308
fresh_oracle,3,71,1.0362020479332819,11.436914855429588,0.6074198588077635,0.6136266666666678,4.975090990296165,0.5766666666666667,3.4206039091401097,0.574,0.07214441824586916,0.03900562744215995,1.2584942888667179
fresh_oracle,3,72,1.0235885672430804,11.618223032890025,0.6147041268018287,0.5842244444444458,5.023969437510683,0.5866666666666667,3.498996005085601,0.5203333333333333,0.05755752999825219,0.04591123502114214,1.2137001959694638
fresh_oracle,3,73,1.0120454876148695,11.767915535365988,0.633308410874791,0.5690622222222238,5.054339449074462,0.6166666666666667,3.503156153441568,0.5936666666666667,0.046287166024463,0.039633744451855905,1.1707040650622471
fresh_oracle,3,74,1.0220438947342347,11.958376790424008,0.6769753149809223,0.5710288888888901,5.060367913144434,0.6233333333333333,3.67475614469429,0.586,0.044528832581256166,0.04559664693178625,1.1216206796656045
fresh_oracle,3,75,1.0565231987846055,12.110304580662172,0.7271552261094565,0.5598000000000014,5.080955976127166,0.6333333333333333,3.7358416167975776,0.5603333333333333,0.04347065028524264,0.03944908620218218,1.0750533328043101
fresh_oracle,3,76,1.106522891025931,12.206627474294283,0.7971391965847647,0.5636066666666679,5.083272097011524,0.65,3.8766622789937824,0.5773333333333334,0.04898461466415359,0.04035848009919217,1.0515963670239559
fresh_oracle,3,77,1.1608625521708296,12.4125949757396,0.8680136980410125,0.5662511111111123,5.0877456221447215,0.6666666666666666,4.045060620155792,0.6013333333333334,0.06121862436238728,0.041330730672835936,1.0279987252529004
fresh_oracle,3,78,1.159314994836618,12.649263851267017,0.8935635437829927,0.559300000000001,5.10223224786583,0.6766666666666666,4.073697853370439,0.579,0.07363999902747544,0.04324781442041504,0.9829951902958959
fresh_oracle,3,79,1.1603547853881258,12.834347718190712,0.9105457690217456,0.5602866666666678,5.10794959426766,0.6866666666666666,4.1769262601187345,0.5996666666666667,0.09971677021994485,0.04206269822368894,0.9250669394911548
fresh_oracle,3,80,1.1365981020166793,13.005928066945277,0.9057579204631757,0.5585688888888902,5.10468279265824,0.6733333333333333,4.313750512470772,0.5953333333333334,0.12558051782879798,0.049559889857877466,0.8882395044942258
fresh_oracle,3,81,1.1393866710671476,13.20498619957247,0.9125501391153392,0.5883911111111123,5.057916529196818,0.6633333333333333,4.511414261985572,0.5706666666666667,0.1673626950793021,0.04658432067874792,0.8665113701462492
fresh_oracle,3,82,1.1203002166507845,13.390304335393488,0.9107943886687876,0.5618422222222235,5.101745238895235,0.6833333333333333,4.585988424679548,0.5713333333333334,0.1811364084559422,0.03868599666587283,0.8237101942771549
fresh_oracle,3,83,1.0922804119612601,13.653494005469787,0.8904633962976349,0.5667866666666679,5.087539863164903,0.6766666666666666,4.702320458255436,0.642,0.20084179884515438,0.043964367389289986,0.7937784766538072
fresh_oracle,3,84,1.0991385852196782,13.847318630942148,0.9068476599303952,0.563837777777779,5.095489967306896,0.6866666666666666,4.707028603584956,0.615,0.21546970927962614,0.044464438496946236,0.7536603094530919
fresh_oracle,3,85,1.0325046344172772,14.09181823812596,0.8551567233989467,0.5689444444444456,5.090138523005562,0.6833333333333333,4.925196332101394,0.627,0.2498659695074594,0.0445789939907587,0.7359793436427705
fresh_oracle,3,86,1.0079156735758323,14.272800735854233,0.8343041669563843,0.5734622222222234,5.090973868256335,0.71,4.973518308021728,0.5943333333333334,0.2658786685770225,0.04853756279839871,0.7021057623757953
fresh_oracle,3,87,0.9650328469373792,14.450073921296642,0.7968755555895177,0.5784644444444457,5.083943179599631,0.72,5.091997078724667,0.645,0.2857918975760297,0.04860031079458324,0.6758510874885496
fresh_oracle,3,88,0.9069061245268248,14.725308142274919,0.7417966923602114,0.5752711111111124,5.091833727800935,0.7233333333333334,5.157263073834274,0.6416666666666667,0.29375974494362905,0.048277191075178694,0.6327360088500454
fresh_oracle,3,89,0.8302526908180481,14.856498889053338,0.6731616666920018,0.5779533333333347,5.084968363064421,0.7266666666666667,5.306678611257808,0.6133333333333333,0.29569568402221286,0.04259425501685564,0.6058398329286768
fresh_oracle,3,90,0.7934685484827605,15.115239917178153,0.6490171814048009,0.5789533333333345,5.0769008031617116,0.71,5.361156779269942,0.6336666666666667,0.2984377928886129,0.048580338506809095,0.5757614715723293
fresh_oracle,3,91,0.7405607677365404,15.294365882726211,0.608076382243475,0.6274852630408199,4.986899531483145,0.7033333333333334,5.00724903350444,0.635301968635302,0.32136016513018756,0.05197021746170353,0.5838284094572777
fresh_oracle,3,92,0.6935678563830627,15.544773029227718,0.5700306916284767,0.5964222742997447,5.030357462912262,0.6633333333333333,5.310561082859699,0.6324070974221627,0.2991765834829782,0.04329472184735342,0.5552964819407175
fresh_oracle,3,93,0.6919442112064609,15.768403295189444,0.573122956245483,0.5981879194630884,5.023163609336068,0.64,5.408067667071899,0.5949664429530201,0.30039678725790997,0.05008289325626787,0.5557228966618429
fresh_oracle,3,94,0.663165347996799,16.080162599091615,0.548317944553492,0.603226890756304,5.006511877844991,0.6166666666666667,5.408333221645172,0.6628571428571428,0.2811966502119522,0.04201177348623169,0.5067542155165096
fresh_oracle,3,95,0.6540824702462318,16.289292767254686,0.5425116611851045,0.6076030088694292,4.99140914472876,0.6,5.474163357101361,0.6476928258672954,0.28374612245818526,0.04871401928967719,0.522555700517655
fresh_oracle,3,96,0.6502475741295345,16.488388692775587,0.5381081605479232,0.6189894833104723,4.956795154521307,0.58,5.484920501452448,0.629286694101509,0.28112595236757454,0.04500055703383876,0.4969850042688495
fresh_oracle,3,97,0.6611704598205451,16.666849228303242,0.551218622445051,0.6319422113480149,4.911529822949921,0.54,5.390792489293765,0.6571128975882559,0.2775406043199352,0.04675549624524083,0.4852537136467618
fresh_oracle,3,98,0.6268050197207008,16.934052810370794,0.5196187675714868,0.6391675611210507,4.896186975973517,0.56,5.187359960475233,0.6958855098389982,0.28456952477869285,0.045694871849283614,0.4742024182761398
fresh_oracle,3,99,0.62000005405371,17.148365366802405,0.5164562229731633,0.6580555555555567,4.852161138949914,0.55,4.990103705079139,0.6297935103244838,0.30562179695981856,0.04378541945956806,0.4422456821335616
fresh_oracle,4,0,28.432391023837784,0.016093494504859196,12.618842096187384,0.9451866666666668,3.0946298945171105,0.11333333333333333,3.02238414851599,0.6573333333333333,0.3419903556513957,0.5522241237721114,8.464209111825978
fresh_oracle,4,1,26.51542959504492,0.0651551465275268,11.92692069290217,0.9033600000000003,3.6742059006049312,0.22,3.3871755552409826,0.674,0.3423672264096245,0.24622629148170944,8.180585555492927
fresh_oracle,4,2,24.793156112955447,0.12978887056178984,11.507374840213064,0.8651288888888894,3.9812235622052485,0.29,3.3804091195552988,0.6063333333333333,0.34454201909777393,0.16036822511280716,7.916501587609445
fresh_oracle,4,3,23.603639032687735,0.20616498953769313,11.133092272257507,0.8453533333333338,4.121267463162234,0.33666666666666667,3.4325988315557683,0.635,0.3489853827525777,0.15477411233990182,7.729540543615049
fresh_oracle,4,4,22.069513147848856,0.24792945323529897,10.24860465700469,0.822584444444445,4.263158567563265,0.38333333333333336,3.6027338317929822,0.6073333333333333,0.33828636989216054,0.14010555076731548,7.449023238033502
fresh_oracle,4,5,20.79712147914011,0.3616199432950473,9.701804867691465,0.7937777777777785,4.414741694411451,0.42333333333333334,3.8288116567019173,0.6163333333333333,0.3261523577010439,0.12068759757614245,7.2463198418193615
fresh_oracle,4,6,19.631007501844014,0.4602378594244043,9.293861376602294,0.7662688888888896,4.537503994896581,0.45666666666666667,4.0383002545338025,0.6133333333333333,0.31131408757201273,0.1054282529476028,7.035707465210382
fresh_oracle,4,7,18.459666473931712,0.5635140653261792,8.893889849715318,0.7456688888888896,4.615443235724799,0.48333333333333334,4.3530881020386,0.6403333333333333,0.2984369860735775,0.09661114040758004,6.820717525728797
fresh_oracle,4,8,17.26393490720478,0.6795024790959432,8.245563028816479,0.7222844444444454,4.700794714058222,0.5266666666666666,4.646204312737209,0.6613333333333333,0.2779622891811417,0.09695597244745853,6.591906211323693
fresh_oracle,4,9,16.161171232959198,0.7924413265793668,7.743376657493087,0.7044311111111119,4.766493073604653,0.56,4.791934262542724,0.5866666666666667,0.2619036475515136,0.08584796581700606,6.366730602739737
fresh_oracle,4,10,15.209509305647916,0.9116980725724282,7.224549232637724,0.6938711111111119,4.800586054803805,0.5733333333333334,4.9948851363204945,0.609,0.24445597525616758,0.08631850490983618,6.168557489938917
fresh_oracle,4,11,14.311891996263519,1.0214535277371373,6.842697707794707,0.8976511111111114,3.755295741955897,0.3466666666666667,2.9975753259622677,0.6546666666666666,0.3723041968825372,0.29062243927956005,5.979721255808845
fresh_oracle,4,12,13.57594573019017,1.1982004993920223,6.58944773308223,0.8539266666666672,4.101589819320051,0.4266666666666667,3.2228773438950826,0.6206666666666667,0.3740555147250005,0.16692184993655582,5.833859306949548
fresh_oracle,4,13,12.895396770376097,1.2994479518218411,6.195448057452866,0.817513333333334,4.31717470887218,0.5,3.3998127938495184,0.661,0.37030693963295536,0.12354872065785379,5.682198098935008
fresh_oracle,4,14,12.185350734706967,1.425811788331401,5.8454149439908045,0.7826666666666673,4.487681474790174,0.5466666666666666,3.6304808400859154,0.619,0.3548781455683856,0.10799088438794321,5.520337260409754
fresh_oracle,4,15,11.464267019104163,1.597661901840517,5.566255340530683,0.750371111111112,4.622305278977003,0.58,3.784546714472866,0.6366666666666667,0.34222995888410906,0.09388016051715743,5.356723095103331
fresh_oracle,4,16,10.74966295816837,1.7758030269447014,5.317193770708073,0.7090577777777785,4.765519613227543,0.6066666666666667,4.097480655595351,0.6506666666666666,0.331899982964318,0.08822532229265975,5.187841381624135
fresh_oracle,4,17,10.103731923882632,1.9200803674802684,4.943916885768045,0.676862222222223,4.864295228796044,0.6466666666666666,4.409226253785435,0.627,0.3143365766894302,0.07166279669762643,5.024926222322488
fresh_oracle,4,18,9.477224406250222,2.1031128224066027,4.649285148142726,0.6577533333333343,4.9160139968859635,0.6633333333333333,4.702895722344791,0.605,0.2919538939115865,0.07676505397480629,4.864486623592291
fresh_oracle,4,19,8.919368789810926,2.2798140832423925,4.378738119176038,0.6473666666666678,4.93982892811651,0.6566666666666666,4.929632704156641,0.6246666666666667,0.28932018180405966,0.07137164019903959,4.719258798251996
fresh_oracle,4,20,8.420747461497182,2.4517097556314527,4.107253739294387,0.6348400000000012,4.975935344521119,0.6833333333333333,5.195715923113673,0.627,0.27196132935174616,0.06432545266910591,4.582696079545251
fresh_oracle,4,21,7.891933667257977,2.6320114635452523,3.8495186347090478,0.8349777777777784,4.2139122615072555,0.43,2.845117917435166,0.6436666666666667,0.33837871291697613,0.1458377199282772,4.433464399692081
fresh_oracle,4,22,7.521797558151918,2.80236875461424,3.6275096383017353,0.7822488888888897,4.4873315456352865,0.54,3.045597119457834,0.6473333333333333,0.3232704379483939,0.1035508470144693,4.331225694917262
fresh_oracle,4,23,6.935971547343374,3.061793303592621,3.370913016306101,0.7406200000000008,4.656504561782542,0.61,3.356311670915446,0.6493333333333333,0.2815309628600938,0.08863515469165623,4.163614656764447
fresh_oracle,4,24,6.458643253489922,3.217963932460666,3.0987613863461343,0.7094977777777786,4.76462318907687,0.6166666666666667,3.5450930079571736,0.62,0.2100189549642548,0.0859517556460281,4.007092379063781
fresh_oracle,4,25,5.992386701677952,3.423212215940562,2.7435644119536056,0.6829688888888897,4.846470750825166,0.6433333333333333,3.801895491679496,0.589,0.16120234081150392,0.08102895814196123,3.8484149711565867
fresh_oracle,4,26,5.502706629766171,3.6560107331444787,2.503228732810038,0.6638244444444454,4.896720305307213,0.6533333333333333,4.157067044577013,0.5966666666666667,0.13695925580238436,0.0817783807180092,3.6765513395225575
fresh_oracle,4,27,5.081686500484617,3.8492323490581697,2.2580753317163604,0.6517333333333345,4.930609985750596,0.67,4.453218789757686,0.596,0.14073492002231575,0.07642090551920273,3.5257147814789946
fresh_oracle,4,28,4.6623069777735715,4.127972114914218,2.1278853374683666,0.655700000000001,4.920984213565684,0.68,4.686098115252184,0.593,0.13536724486907253,0.07203214326666339,3.3682471645271086
fresh_oracle,4,29,4.295377579418082,4.336837242577619,1.9797929676123742,0.6689377777777787,4.886249424006478,0.6766666666666666,4.811390553554037,0.6,0.15156411737378642,0.07474879222944239,3.215864692757305
fresh_oracle,4,30,3.993324031699849,4.542335025937053,1.8626515643404662,0.68318888888889,4.844310305675281,0.65,4.973478758646206,0.5946666666666667,0.1741042270210816,0.07623213702935065,3.087354565595803
fresh_oracle,4,31,3.722278193081171,4.7137622474972485,1.7114075632735835,0.7398177777777786,4.657775375157218,0.6466666666666666,5.032094065355168,0.6296666666666667,0.1949466836192422,0.10098507486665381,2.9563848545805267
fresh_oracle,4,32,3.539726555440957,4.944316551030479,1.6770194630313762,0.7097955555555564,4.766849534227177,0.6466666666666666,4.847407200088502,0.605,0.21340950421610255,0.07347472502271264,2.88197431962341
fresh_oracle,4,33,3.332133582998523,5.123636817165006,1.5706881985895427,0.7087377777777787,4.7564518131924896,0.62,4.737218433542239,0.6046666666666667,0.2286285837969845,0.07177185674089699,2.7854449874247913
fresh_oracle,4,34,3.1721599397812046,5.340429660840085,1.460488990921686,0.7142666666666675,4.731675596994181,0.59,4.632743788633448,0.6236666666666667,0.24756179909365314,0.07359018933709337,2.7074209864532333
fresh_oracle,4,35,3.039001032937528,5.514498590731526,1.4207161642892436,0.7197443592308557,4.717962982378392,0.5966666666666667,4.540673727357163,0.6278759586528843,0.2574620943937606,0.07146375869286085,2.632645579418043
fresh_oracle,4,36,2.9147896360637358,5.733866177840036,1.348606815582401,0.7251482720178383,4.693647164562678,0.5466666666666666,4.28470428489131,0.6357859531772575,0.2656683653038387,0.07601367515067205,2.565628755573376
fresh_oracle,4,37,2.7878824808507883,5.93298657283706,1.2888355911851037,0.7266867469879528,4.685557965868112,0.54,4.144914763192257,0.6124497991967871,0.27656390839332073,0.07118370807612294,2.508233194820031
fresh_oracle,4,38,2.6833357308064927,6.136035810778693,1.2611216851637472,0.737387024608502,4.650238360491116,0.5233333333333333,4.029022616912161,0.5765100671140939,0.29407918836214847,0.07993956579482896,2.449680215860251
fresh_oracle,4,39,2.5651247123670284,6.350556067182705,1.2227728037405943,0.7381657136450283,4.632405744946795,0.49,3.839036301988291,0.6582576522031618,0.3085115158256171,0.06670802981561495,2.3856271832304388
fresh_oracle,4,40,2.443323834853754,6.594719394792385,1.1516701164659908,0.7381209260507988,4.629458979781809,0.49,3.6929120755371883,0.6608226567768037,0.31055045820640265,0.07602415572616811,2.323336899943055
fresh_oracle,4,41,2.3582747558545747,6.801251948982985,1.1500150202168686,0.7733287733698139,4.510279407149716,0.4666666666666667,3.4590401386908036,0.6497948016415869,0.328600464176656,0.082758954008954,2.2890310399823437
fresh_oracle,4,42,2.2543992518608236,6.980330591358835,1.0858046589119588,0.7634028743625415,4.535623636569559,0.4633333333333333,3.450539784818062,0.6488178025034771,0.3242282423791697,0.0802841225968161,2.229658160315667
fresh_oracle,4,43,2.133423639497056,7.197684873376602,1.0551186666281658,0.7835452793834303,4.4486671965763875,0.43333333333333335,3.3334298898535115,0.6582369942196532,0.31915552888082577,0.10339526268938035,2.177775953293145
fresh_oracle,4,44,2.065910401159158,7.384626444646189,1.016359025206151,0.7973333333333341,4.384484777881349,0.4266666666666667,3.232070076238177,0.6366141732283465,0.30012954349466536,0.07508535059425152,2.150243435458856
fresh_oracle,4,45,1.9501705303027392,7.581453194072074,0.9714170163592422,0.8115238095238102,4.323615158345861,0.41,3.1899033062391684,0.6191964285714285,0.28226542832473084,0.07671391156143478,2.0966577424719133
fresh_oracle,4,46,1.8977644258164188,7.7334892149600325,0.94175782647367,0.8245399620231318,4.25911462304295,0.4066666666666667,3.1587833133914964,0.6333505955463491,0.26379806347533724,0.09106401211161272,2.086947209467683
fresh_oracle,4,47,1.8098340789678562,7.91858637813376,0.8852497691619803,0.8316318163181637,4.224043067068527,0.38,3.0966635517165777,0.6162361623616236,0.2441552086281324,0.08499678973130985,2.054945964118017
fresh_oracle,4,48,1.7837827655727856,8.011616671920368,0.8816940329087041,0.8405084343074369,4.169221495633376,0.36,3.083206823018258,0.6051318602993585,0.2310403045105255,0.09480847383324165,2.050503672380122
fresh_oracle,4,49,1.763110740326176,8.11458041835883,0.8930696031924518,0.8293199554069126,4.233574860014589,0.36,3.0526952310748228,0.5769230769230769,0.2014683035039301,0.09041183057282129,2.0390149201324133
fresh_oracle,4,50,1.770955458857868,8.190327169044815,0.9159942977297396,0.8163625077591565,4.304815482946589,0.38,3.04609072870828,0.5968342644320298,0.16741297885878922,0.08019364765494796,2.044141524045478
fresh_oracle,4,51,1.7485316644842983,8.289426812012007,0.9257119910187906,0.8234632878492534,4.265356988518231,0.36,3.0076787830387333,0.5828460038986355,0.14508459382544925,0.08809412757864771,2.022737821502353
fresh_oracle,4,52,1.7751856846000411,8.379768499972926,0.9715038452347614,0.8148797920727752,4.311706151941929,0.37,2.9756270417263173,0.5847953216374269,0.13462993081808108,0.09027469171122422,2.019509484493303
fresh_oracle,4,53,1.786235973703704,8.510801912940863,1.0283611075390406,0.8117185473411159,4.330466742606064,0.37333333333333335,2.964259787208124,0.5836575875486382,0.07608293947855932,0.08103667780447966,1.994210496647031
fresh_oracle,4,54,1.816183681546713,8.561822608767523,1.0665888266790948,0.8149671361502353,4.307770319856947,0.3566666666666667,2.9323162868538417,0.571830985915493,0.05770850924115268,0.08093283931983623,1.9840023190624623
fresh_oracle,4,55,1.851593873000758,8.646027893178143,1.1332345669056092,0.8110495963091126,4.32931451324773,0.38666666666666666,2.9116089241202943,0.5726643598615917,0.05962207706770959,0.08797062307317725,1.9654189163151028
fresh_oracle,4,56,1.852536418615758,8.684212563349671,1.1498648424589297,0.8122837552742621,4.307761565652129,0.37333333333333335,2.9186114462613157,0.6329113924050633,0.031144573812885004,0.09598446803168166,1.9189606478372578
fresh_oracle,4,57,1.8270871679759852,8.829094761794,1.1620018775577845,0.8020139389569821,4.333953942523463,0.36,2.951695841330643,0.5702956020187455,0.020629368886637103,0.08930171121734588,1.8575470992084522
fresh_oracle,4,58,1.7854676325826944,8.913300060189869,1.1508845885031262,0.789107919930375,4.386337599396769,0.35333333333333333,2.9818385511215215,0.5698433420365535,0.016676160867289045,0.08491062658245321,1.7769388675878295
fresh_oracle,4,59,1.7225778827992773,9.072904995715088,1.1249349332271597,0.7757301587301595,4.439859749432461,0.37333333333333335,2.934749336789512,0.5422619047619047,0.01778894155361433,0.08019212627184764,1.6951637877013
fresh_oracle,4,60,1.6914209424726838,9.209283199805693,1.1223512457271012,0.7589289617486347,4.511386111668055,0.4066666666666667,2.9155246324767488,0.5530054644808743,0.019539702818804783,0.07355637368021267,1.6349230430974349
fresh_oracle,4,61,1.5597888317046267,9.365729295969208,1.0236820832916083,0.7770673400673407,4.476979493956299,0.41,2.8470460056449505,0.5343434343434343,0.017102336855950293,0.0867010702575718,1.5293231574777604
fresh_oracle,4,62,1.4710092084679751,9.616529580791855,0.9701434732976817,0.7408888888888898,4.592878196595762,0.43,2.9419854053116725,0.5671428571428572,0.04401213389759012,0.06926496491124974,1.4616918151276315
fresh_oracle,4,63,1.3917849793302732,9.9426301189656,0.9244322465159356,0.7139051851851862,4.66998915170051,0.4533333333333333,2.9667014496432045,0.5497777777777778,0.09283235227466974,0.06491530284873938,1.4130843154770467
fresh_oracle,4,64,1.3332278146709031,10.157227351599499,0.8784371056666889,0.6928694444444455,4.737017198672582,0.4666666666666667,2.999697953428328,0.5975,0.11987255773969528,0.05734461974787052,1.3776080138783413
fresh_oracle,4,65,1.2834450041756478,10.390766473586577,0.8421948011327803,0.6780395256917005,4.785040136643996,0.49333333333333335,3.0377347107342536,0.591304347826087,0.13335850025953952,0.05718842160018631,1.3527768350090934
fresh_oracle,4,66,1.128301698173716,10.705303114852844,0.7104028702511093,0.6498034825870658,4.853804316593356,0.52,2.973071972079597,0.5958955223880597,0.15971491933284968,0.053719463800733155,1.2772433462103203
fresh_oracle,4,67,1.0656705170523688,11.131390912990309,0.6467237412987943,0.632619047619049,4.896829528252965,0.5366666666666666,3.015548924660008,0.63,0.15912226317005032,0.048714521202911296,1.3073305473376762
fresh_oracle,4,68,1.018344695660191,11.427206228758784,0.6024622676078549,0.6098498293515373,4.945877833609375,0.55,3.058752055714192,0.5849829351535836,0.15392714699325005,0.04359866555299992,1.2910242333469666
fresh_oracle,4,69,0.9846433728037979,11.558556592001839,0.5513306685704281,0.6008222222222233,4.976574552851123,0.5633333333333334,3.05383282779301,0.5836666666666667,0.12456640722236655,0.050757098651835496,1.254803828893876
fresh_oracle,4,70,0.9788267485608243,11.694787431036849,0.5403598706589897,0.5876666666666679,5.008205093393578,0.5766666666666667,3.0602185403594184,0.5606666666666666,0.08829864997104282,0.04049913536755642,1.2248285344289938
fresh_oracle,4,71,0.979304603020227,11.83103356644592,0.5259554674917281,0.6153711111111124,4.9784939389626555,0.6033333333333334,3.1287646303714975,0.5703333333333334,0.07142898798001006,0.04837057908265339,1.1713552444268505
fresh_oracle,4,72,1.0086522708332024,12.021617830021981,0.5644060980862075,0.5887977777777791,5.037338205606879,0.6233333333333333,3.1381648025810116,0.5746666666666667,0.051132577006943895,0.04653244373445612,1.1391943682088892
fresh_oracle,4,73,1.0074125826009213,12.174776040766044,0.5878291742248696,0.5767155555555568,5.06331618819068,0.6566666666666666,3.2215567370547045,0.5526666666666666,0.03722374360396261,0.039899988785437705,1.1011286381521972
fresh_oracle,4,74,1.0488547318149464,12.270805024050771,0.6449892187916102,0.5749222222222234,5.069848343233121,0.6733333333333333,3.315124860772372,0.564,0.030249453721754627,0.036787520042164006,1.0626022950798257
fresh_oracle,4,75,1.083083709426928,12.471953886266983,0.7069375215480318,0.5703933333333346,5.078484435985114,0.6866666666666666,3.4095731946096066,0.5626666666666666,0.030706134053870193,0.04146586213923675,1.0151253432399934
fresh_oracle,4,76,1.1513559599932295,12.5733227687655,0.7945560101489132,0.5686311111111125,5.075054064115944,0.6566666666666666,3.554014977113364,0.559,0.02971151963928947,0.04204004772890221,1.0030754010017533
fresh_oracle,4,77,1.2128480169180917,12.686469490865349,0.8770246553837301,0.5634133333333345,5.09223270488033,0.68,3.616780173595122,0.5926666666666667,0.029205971042211173,0.036417930051830985,0.9797622031891894
fresh_oracle,4,78,1.2021644890860825,12.905412444389546,0.8931908533279626,0.5551933333333348,5.109171741432986,0.6866666666666666,3.7074803864039194,0.556,0.03880740768732447,0.03728829993535876,0.9227308077934943
fresh_oracle,4,79,1.225153335062981,13.09317639203324,0.9254691107949548,0.5571733333333346,5.109188420375168,0.69,3.7733731223542746,0.5953333333333334,0.05715917187214385,0.0347056531073559,0.9134454414548984
fresh_oracle,4,80,1.2741319100165307,13.282123732814453,0.9937085520298026,0.5554577777777789,5.119549285755689,0.7166666666666667,3.876483961455152,0.575,0.07881605241233877,0.03273973017007073,0.9098846469512832
fresh_oracle,4,81,1.2755130213248274,13.417296258466944,1.0105976138405954,0.5772111111111122,5.089418731552559,0.7166666666666667,4.145500300391825,0.542,0.12249791398331254,0.04599251238957121,0.8735823718031365
fresh_oracle,4,82,1.2646515518684724,13.672957046985257,1.0093318400254119,0.5487622222222235,5.129802886410494,0.7066666666666667,4.227656347218819,0.591,0.14545485815672032,0.03291952457587133,0.8419040236903405
fresh_oracle,4,83,1.2219625259850457,13.91509247453005,0.9847476793735606,0.5408200000000013,5.149096049750273,0.7333333333333333,4.286899557158756,0.584,0.18665501364107598,0.041767063775577706,0.8118219709125505
fresh_oracle,4,84,1.1580260586327549,14.125432390625898,0.9294848143434085,0.5475266666666678,5.144028876546287,0.7333333333333333,4.305794631389685,0.615,0.21952767038386606,0.0332503329716952,0.7706624657179072
fresh_oracle,4,85,1.1349107125644624,14.32423682982005,0.9138359129217469,0.55616888888889,5.127854869490543,0.72,4.423141229558597,0.6196666666666667,0.2638594027810838,0.03395342144955148,0.7690827440424058
fresh_oracle,4,86,1.082680681731647,14.507519971145145,0.8661149002308974,0.561675555555557,5.122878030929882,0.74,4.546209950950323,0.578,0.29225685383619954,0.03994780975818127,0.7140482812841564
fresh_oracle,4,87,0.9651770708201534,14.757374831367825,0.7653360950775772,0.5626022222222233,5.119354495993408,0.7366666666666667,4.587527767367614,0.6513333333333333,0.30843558655913067,0.037197039859578555,0.6848539789845703
fresh_oracle,4,88,0.9227483112416913,15.01091334804604,0.7355113206602072,0.5705377777777789,5.104284970492058,0.7333333333333333,4.67666005171103,0.6466666666666666,0.3239824176097286,0.04200872399014814,0.6865562567158147
fresh_oracle,4,89,0.8795071769246138,15.180673300022747,0.7039389859407442,0.5769111111111125,5.0874980595899295,0.7233333333333334,4.8084557707060265,0.6386666666666667,0.3237556866246459,0.04014851419650181,0.6392289969478917
fresh_oracle,4,90,0.8253251008035564,15.460476495710257,0.6698882399256174,0.5807911111111124,5.078297221279657,0.7333333333333333,4.824133122455832,0.641,0.3238263593933443,0.03696689003577548,0.6040661557663705
fresh_oracle,4,91,0.7969798005449699,15.691522412504694,0.6577079346278931,0.6221955288621969,5.004017571835943,0.7333333333333333,4.970900546795526,0.6556556556556556,0.35697988128012637,0.04239982497722436,0.5977686426005863
fresh_oracle,4,92,0.7992173402014825,15.94198236618477,0.6681037678303557,0.5925532152011608,5.05043117678958,0.7066666666666667,5.140509903261516,0.6399197592778335,0.332675573939728,0.0425837973515992,0.5918622159585268
fresh_oracle,4,93,0.8045850250074026,16.155522551942504,0.6824959473549272,0.5951799687010967,5.040058058586137,0.6766666666666666,5.158266718392485,0.6086519114688129,0.32157000665915375,0.03880356843592137,0.5929437576971711
fresh_oracle,4,94,0.7819876883432256,16.44586419589879,0.6724634971378443,0.6048715359587132,5.012228957643952,0.6666666666666666,5.076193935847558,0.6391787277011107,0.32340034111512833,0.04650114161724069,0.537452262531481
fresh_oracle,4,95,0.7804582578541437,16.63692475363753,0.6797609054614597,0.6078385065227185,4.993979547615046,0.6333333333333333,5.056902658773513,0.6342780026990553,0.32138356431244747,0.04866424625712551,0.5354437842943326
fresh_oracle,4,96,0.7795561723994806,16.758628355021287,0.6818356325122237,0.6171730245231619,4.963602470357552,0.6,5.037827266247453,0.6420299727520435,0.30589327794978804,0.049744364682445176,0.5432695064573992
fresh_oracle,4,97,0.7662752243548233,16.951104898993236,0.674058552659695,0.6205962246777177,4.940162816522221,0.5766666666666667,4.923897331805432,0.6256906077348067,0.3054291947240209,0.05134598627206986,0.50585753760182
fresh_oracle,4,98,0.7913826564089489,17.10810952159338,0.6992688205880172,0.6339559659090921,4.906587306643933,0.5733333333333334,4.746282903397118,0.6040482954545454,0.3096358171133532,0.046051289855082424,0.4861088649310871
fresh_oracle,4,99,0.7766845659671451,17.380824870632143,0.6947857743307569,0.6477416173570036,4.869651820462581,0.5666666666666667,4.547774418452262,0.665310650887574,0.31648037595934697,0.05076075976540373,0.4249342639907961
fresh_oracle,5,0,29.44355637249557,0.018990300217345712,13.391742491289286,0.9104711111111113,3.6181512708398276,0.26,3.9625589676455477,0.6803333333333333,0.5119218079234509,0.4101655373636797,8.606770413371153
fresh_oracle,5,1,27.350028222035483,0.06019604911504817,12.952817168702097,0.8767666666666671,3.9353933594185038,0.3333333333333333,4.3583267355486415,0.611,0.24815242796071643,0.2585350243438479,8.285422017808708
fresh_oracle,5,2,25.69893513225393,0.10634936976075782,12.355836546996237,0.8159311111111118,4.311431367582221,0.4266666666666667,4.603247536056774,0.581,0.26376992092445595,0.14220669738471597,8.029523450700252
fresh_oracle,5,3,24.082965210911876,0.16056072066153337,11.759215745034378,0.7584000000000007,4.571815308063096,0.5166666666666667,4.779528741390723,0.6316666666666667,0.2907351152935577,0.10782060575017231,7.763615912073846
fresh_oracle,5,4,22.868261621029173,0.23577551381979572,11.731789326470743,0.7055555555555564,4.760908853531474,0.57,5.145749680965772,0.6576666666666666,0.3202445063036517,0.08951855978558765,7.549588602701417
fresh_oracle,5,5,21.602150144377646,0.32632385015177184,11.10412954488954,0.6654333333333342,4.881648339214506,0.6066666666666667,5.432496383762966,0.635,0.30900170128259713,0.07613363159028794,7.358988065034456
fresh_oracle,5,6,20.60500310729011,0.40127142831932505,11.01759011820745,0.6341333333333343,4.960704671177753,0.63,5.651643678785565,0.63,0.318333990078804,0.06880016626533655,7.150997929526326
fresh_oracle,5,7,19.69754286046086,0.49158874839816513,10.739444778737074,0.6061200000000011,5.036318115919131,0.69,5.745756984724355,0.6513333333333333,0.2997691182121889,0.0616593567251462,6.998270593329746
fresh_oracle,5,8,18.641458321789738,0.6137277600093418,10.36019746329218,0.5850000000000013,5.083814589644351,0.7066666666666667,5.807269889925443,0.647,0.2855556131117125,0.05892156862745099,6.799463329005626
fresh_oracle,5,9,17.756477984885464,0.6998810914067564,9.815839443308125,0.5657644444444458,5.129537340278845,0.7433333333333333,5.945997020263729,0.5976666666666667,0.28182527001831364,0.0547140522875817,6.639974795863277
fresh_oracle,5,10,17.087347601296283,0.823260581871375,9.64209260334554,0.5462888888888904,5.173164597672022,0.78,6.064259997012275,0.604,0.29192307105135057,0.05178071025981242,6.526718037871164
fresh_oracle,5,11,16.00127945968706,0.9782374707585766,9.004879048244295,0.8595866666666672,4.028366052709073,0.28,2.8540955056926913,0.6386666666666667,0.34318587356507724,0.16659310718521245,6.332189174906177
fresh_oracle,5,12,15.16309556600813,1.1044231587591935,8.499167987455946,0.8178466666666673,4.251412483582585,0.30666666666666664,2.896262260634222,0.6133333333333333,0.3458629953064025,0.12384401173874858,6.157138830712033
fresh_oracle,5,13,14.338144548157299,1.248301836560466,8.093069307462597,0.7998400000000007,4.353103869650476,0.35333333333333333,2.99696924847359,0.657,0.3453743120928521,0.10781844474181936,5.971011778201572
fresh_oracle,5,14,13.632712655094867,1.3792521860670246,7.660058928444864,0.7856955555555563,4.444187022681938,0.44333333333333336,3.115419880913973,0.658,0.3370108160677541,0.09058280599689268,5.832913624938775
fresh_oracle,5,15,12.936808810020963,1.5399812638338184,7.217123643262138,0.7700200000000008,4.531974076200412,0.5333333333333333,3.4058646077255705,0.6446666666666667,0.3393971881610108,0.08814746928911016,5.693208886744283
fresh_oracle,5,16,12.343945311814403,1.7197707110730374,6.991937448228987,0.7438511111111119,4.650079539043653,0.6366666666666667,3.7364311999713635,0.62,0.3335988108787379,0.08631649038382784,5.575772139936192
fresh_oracle,5,17,11.600723934881499,1.8885978052678207,6.523054741667807,0.7007577777777787,4.800256499876105,0.7066666666666667,4.166863970479144,0.606,0.3146430075942111,0.07980803409982977,5.406903398690411
fresh_oracle,5,18,10.942291286732042,2.0640796426353067,6.169235674394865,0.6500400000000008,4.945827826788695,0.7433333333333333,4.577618683695479,0.6253333333333333,0.27830072549865503,0.06746064507674414,5.260669645968772
fresh_oracle,5,19,10.341611763731814,2.2314916886910905,5.894280283172264,0.6163533333333346,5.034785174078376,0.7933333333333333,4.935447975029486,0.6473333333333333,0.25690343299594637,0.061892947237374485,5.121677709857097
fresh_oracle,5,20,9.787283073066924,2.421219946558366,5.668436366287392,0.5921866666666677,5.088961381341532,0.81,5.1947361176736875,0.6153333333333333,0.24199970750478883,0.05934514044034168,4.978854157501469
fresh_oracle,5,21,9.249526704234373,2.605191905955414,5.363142355922445,0.819273333333334,4.276436865517943,0.5766666666666667,3.8315146981368495,0.6483333333333333,0.3426036375031842,0.14114138312667723,4.834996110355288
fresh_oracle,5,22,8.630208008909749,2.7706556296062703,4.935334530716283,0.7339466666666674,4.663215891490152,0.6766666666666666,4.369380173527549,0.641,0.26839032249331873,0.09801869942349818,4.676458729420786
fresh_oracle,5,23,8.157738509321806,2.9791068275489234,4.768513517610486,0.6462444444444455,4.954460896593886,0.75,4.785206304363426,0.62,0.20387668363411834,0.06567649956968843,4.526637207130159
fresh_oracle,5,24,7.619054664398185,3.18375216925148,4.438114681388456,0.5987533333333346,5.072342400789033,0.7866666666666666,5.090038016930357,0.6146666666666667,0.18263965024985848,0.062022557336024825,4.372290084899345
fresh_oracle,5,25,7.184882792967192,3.349862329117609,4.1991504535822095,0.570057777777779,5.126476014366769,0.7833333333333333,5.182512989534521,0.5566666666666666,0.1814883788832551,0.061960195234189046,4.232765473675738
fresh_oracle,5,26,6.662961811222622,3.5668106685109136,3.8848994302185305,0.5644888888888904,5.136912199637287,0.7833333333333333,5.293603824900509,0.6296666666666667,0.1928270555092999,0.05942101428556536,4.057334782731826
fresh_oracle,5,27,6.235729924543239,3.750204387432687,3.5976177787772214,0.5747244444444457,5.11817040285664,0.7733333333333333,5.522899858103541,0.6176666666666667,0.2170611494015347,0.05949464378643944,3.9308909217155565
fresh_oracle,5,28,5.82941935904888,3.961337037827754,3.40218880811847,0.574466666666668,5.118349233658447,0.7633333333333333,5.456221906734375,0.6483333333333333,0.2327309837203351,0.051727822973953,3.780886243771413
fresh_oracle,5,29,5.378489944190618,4.218910845499108,3.048983032428358,0.5918400000000011,5.085275675169169,0.7666666666666667,5.444759152059887,0.6593333333333333,0.23673047971086594,0.05398295575540158,3.6381798082280596
fresh_oracle,5,30,5.068129274861104,4.400170239055747,2.9222306825432036,0.5911622222222235,5.073671353066826,0.73,5.338367974784572,0.6023333333333334,0.22620358051238365,0.06166960963013595,3.507720081360723
fresh_oracle,5,31,4.659781905014855,4.630602209957532,2.619069797513161,0.7100644444444453,4.764558465717428,0.6533333333333333,4.7978524840255234,0.6246666666666667,0.2124811303602613,0.09691159216314015,3.355445135397408
fresh_oracle,5,32,4.27504579178255,4.856321304293369,2.341044469583435,0.6550777777777788,4.922483697166861,0.6866666666666666,4.89277058902125,0.5793333333333334,0.19883498391349472,0.0674687889509871,3.2064050096214785
fresh_oracle,5,33,3.9521325348941625,5.080848626155004,2.0626303587558694,0.6426600000000009,4.9516924936281566,0.6966666666666667,4.903054861725002,0.619,0.20392660337265534,0.0654972673238927,3.0841129996583514
fresh_oracle,5,34,3.640941777273276,5.2536367843758205,1.8278364656606154,0.6439377777777788,4.9445380698878445,0.6833333333333333,4.926474296872837,0.6223333333333333,0.21315695445874266,0.06820464537182803,2.942993081826535
fresh_oracle,5,35,3.36950290681604,5.523865293863524,1.6609497435692973,0.6519777777777789,4.923233328911738,0.6733333333333333,4.926489162484983,0.6166666666666667,0.21447574392697882,0.06624189850970036,2.8127261064217848
fresh_oracle,5,36,3.1342693178528966,5.76504959745065,1.5016544885087058,0.648151111111112,4.928906046852292,0.66,5.07267615875414,0.6033333333333334,0.22199856855954925,0.059838669385883,2.7072212263242785
fresh_oracle,5,37,2.9216298883512293,6.002378598263356,1.375878830941852,0.66288888888889,4.889080959055255,0.65,5.038642517606461,0.604,0.20835617749479515,0.06629169391553293,2.6025689963972414
fresh_oracle,5,38,2.6507838964824892,6.300314263983586,1.2210859154107143,0.6708822222222233,4.869247365109871,0.66,5.104313622288624,0.627,0.2030936077953261,0.06673190801286777,2.4682303726232915
fresh_oracle,5,39,2.4531675772928736,6.539681780059901,1.152817666525451,0.6753422222222232,4.856355081155392,0.6566666666666666,5.180559754522505,0.599,0.20120727869910987,0.0626530164881558,2.3641480140445523
fresh_oracle,5,40,2.276034789496324,6.769755054534569,1.096667571049195,0.6845716198125845,4.823268886759146,0.6366666666666667,5.284979192221813,0.6201472556894244,0.200705885544298,0.065901932747908,2.2731162719019644
fresh_oracle,5,41,2.113403607897352,6.959760588412207,1.0835474422175095,0.7281146612281905,4.689478232664845,0.5866666666666667,5.187568125151756,0.5948334466349422,0.18636039883456293,0.09020693435534767,2.1714157644360155
fresh_oracle,5,42,1.9517304763564884,7.2342679593963375,1.0239096467094175,0.7332276623224148,4.66244597821904,0.5633333333333334,5.2827403874441705,0.5857696371961958,0.17963613472239148,0.0699050217211982,2.073546855786484
fresh_oracle,5,43,1.8448382359031668,7.488378970982994,0.99274357600233,0.7561051726256305,4.571917668042701,0.52,5.3868714425222635,0.6262440103206782,0.17945078216467858,0.07866517984223091,2.012708190489258
fresh_oracle,5,44,1.7444351729579382,7.721295225392897,0.9676363019253259,0.7791977760127092,4.4815510117550446,0.5133333333333333,5.3260725713165815,0.5925337569499602,0.1949003829151111,0.07232670815023758,1.9535259805870417
fresh_oracle,5,45,1.6664284903033002,7.92593532479493,0.9636080889165188,0.7971365051133844,4.402764596767494,0.48,5.4928025225266905,0.6313917296576256,0.19112239342643847,0.08563212955918063,1.9092745363904815
fresh_oracle,5,46,1.5785605109221734,8.086185313843563,0.9247854906981177,0.8159656357388321,4.316276183476628,0.4666666666666667,5.422244389267819,0.6396907216494845,0.17614573924553595,0.08195822946403442,1.8581586746394116
fresh_oracle,5,47,1.5007171579203984,8.243895589111146,0.8885176402582359,0.8241797662232977,4.2776974024649785,0.44333333333333336,5.285215743563793,0.592503022974607,0.17244083959615122,0.08588148127815311,1.8106214672294405
fresh_oracle,5,48,1.4777629905693894,8.37398454692569,0.8878283480084557,0.8257338044758545,4.269826147361661,0.43333333333333335,5.098524128184628,0.5597173144876325,0.1538172001209949,0.08638276501763344,1.8026441307838512
fresh_oracle,5,49,1.4718772335921957,8.390301008691038,0.9038752166142092,0.8175188949700292,4.309468748869305,0.44,4.833947047555181,0.5942142298670836,0.154861557339701,0.09047338163785533,1.785511939273291
fresh_oracle,5,50,1.4672943591446268,8.463445188483023,0.9139000872330393,0.8053060011883548,4.364960247081197,0.42333333333333334,4.329070859953297,0.5748663101604278,0.12318253849438382,0.07674345757298544,1.777331180167397
fresh_oracle,5,51,1.4734107394266944,8.465647230146551,0.9147915242309228,0.8010913626442164,4.375960956671701,0.41,4.117414010371068,0.5855940130963517,0.09477002410796596,0.06987214727423705,1.7739324691659208
fresh_oracle,5,52,1.4924084549885726,8.541791887866353,0.9506084582801,0.8025402726146227,4.3604573031454965,0.4,3.9834324531917282,0.5641263940520446,0.09304631458957761,0.06676007522892198,1.7648198337991616
fresh_oracle,5,53,1.5261750372140728,8.612606664834287,1.011482653489276,0.8113056558363424,4.308766312183401,0.37,3.7587321682954484,0.5658844765342961,0.07894022590664171,0.07487124967252676,1.753136651552935
fresh_oracle,5,54,1.546035760921506,8.695325319625812,1.0631298023314677,0.8118378995433797,4.307557941014084,0.39,3.3897670597843184,0.5813356164383562,0.06833944057603364,0.08111575119353756,1.7083329659902768
fresh_oracle,5,55,1.5804067874550092,8.739313353733849,1.110402179252119,0.8163220247711368,4.2820376275878616,0.37666666666666665,3.108731115683373,0.5953150242326333,0.035259215760142446,0.09680190707125691,1.6795730730841445
fresh_oracle,5,56,1.6071832973517322,8.815540877100606,1.1591132674047584,0.8064887571040283,4.306809385020508,0.38,3.0191573564854073,0.5945144551519644,0.02368584369303319,0.09343170652303778,1.6368685809301702
fresh_oracle,5,57,1.632458934665323,8.925618624583233,1.189861146964014,0.7961736770692001,4.339358295381692,0.36666666666666664,2.9822307806536257,0.5549525101763908,0.028670536037985375,0.08435144614014582,1.609289798028979
fresh_oracle,5,58,1.6046021145248084,9.006067958878413,1.177263947840737,0.781826427540714,4.404110995662009,0.3933333333333333,2.9577081805550742,0.557204700061843,0.025355482321488883,0.0852121403994469,1.5416405381937288
fresh_oracle,5,59,1.5898086088564092,9.139954532374528,1.1906939399829877,0.7682809822958316,4.447386332859465,0.39,2.942185741212599,0.5745288406624786,0.025000691332003146,0.07976180209539342,1.478983345091133
fresh_oracle,5,60,1.5566138444852249,9.341778108368722,1.1741090840517552,0.749218500797449,4.512206079762307,0.42333333333333334,2.9600176386441284,0.5544922913343966,0.029965431807433676,0.07302831728528322,1.4261610383759429
fresh_oracle,5,61,1.4785738176870535,9.52463816874941,1.108834227095532,0.7554931889053018,4.531119467333136,0.44,2.959584097348888,0.5578532742491383,0.025416904516219602,0.07379349308528875,1.3126731785111223
fresh_oracle,5,62,1.3552188991924705,9.775657316577577,1.00834706630013,0.7246736970808507,4.619270639260527,0.4533333333333333,3.0229954766118627,0.5923888124713435,0.0835203985416166,0.06315247718111494,1.1958431806410246
fresh_oracle,5,63,1.2359832316655064,10.017873618279836,0.913415813021665,0.697370529327612,4.70199179578926,0.4866666666666667,3.0674477294536655,0.5935622317596566,0.12412115114579982,0.06052614467862145,1.114210466822587
fresh_oracle,5,64,1.0785695291221664,10.296332505716915,0.7629795399719388,0.6780521926284651,4.764916673191534,0.5133333333333333,3.138262810693388,0.5988700564971752,0.14582725329159926,0.05272111903690851,1.030684677935306
fresh_oracle,5,65,1.0201404147780087,10.547697588624217,0.7225643294257602,0.6622594993010558,4.808920703848904,0.52,3.213057798958388,0.620663362561952,0.16851665437936827,0.05822622066043119,1.018356505006172
fresh_oracle,5,66,0.9561995993263344,10.82869320231131,0.679568997923262,0.6409108527131794,4.862005667108822,0.5266666666666666,3.331639023060741,0.5850290697674418,0.15491237198025778,0.049168789873124244,1.0123688258650871
fresh_oracle,5,67,0.8914759023109764,11.156221637724029,0.6384940857630659,0.6233569572407289,4.909983794274763,0.5466666666666666,3.434000052907175,0.5861091424521616,0.13798405531819993,0.05442126629820128,1.0693234913673841
fresh_oracle,5,68,0.8397361677999208,11.388753446235812,0.605739228421307,0.6051474229124476,4.957517755354787,0.5666666666666667,3.507382524477349,0.5837272113436867,0.1295788904290865,0.04356899579035802,1.0551784724012465
fresh_oracle,5,69,0.7812363718537966,11.63793595327304,0.5622503079978365,0.588859180035652,5.000510276765571,0.5966666666666667,3.574977802958251,0.5959224598930482,0.10733611450796061,0.046407108543331445,0.996628138724564
fresh_oracle,5,70,0.7406546460633118,11.892606245482547,0.5349194043194843,0.5770957316393641,5.032871131234023,0.61,3.726555703291372,0.5891006352390504,0.08519337242208247,0.041356784054152475,0.9503678220830046
fresh_oracle,5,71,0.752789499154946,12.079293674353519,0.5572265266832552,0.5969422222222234,5.022169535426169,0.6433333333333333,3.8702307323873684,0.5913333333333334,0.08332093394328947,0.05174997173449186,0.9268411278668284
fresh_oracle,5,72,0.7616314581430983,12.19584922561127,0.5743700904027367,0.5773666666666679,5.051790927607274,0.6466666666666666,3.9912883731581967,0.5826666666666667,0.06715698378796371,0.04443040963164802,0.8946453949348588
fresh_oracle,5,73,0.7690618724688129,12.420410508601663,0.590730702382979,0.5743372287145257,5.060168128324218,0.65,4.165443462657111,0.5913188647746244,0.05801507816585482,0.04885401893141831,0.8419301528180227
fresh_oracle,5,74,0.79154175547491,12.564906700853106,0.6250391775806596,0.5652198107957723,5.078414986298007,0.6733333333333333,4.271608782267187,0.5792988313856428,0.062056563628524845,0.049820607955282877,0.81703786551116
fresh_oracle,5,75,0.8158310853745814,12.75007521478626,0.6560572425661311,0.5685494652406431,5.075357813473313,0.66,4.395992972564367,0.5618315508021391,0.07223739620722405,0.0485636254870001,0.7813632958774442
fresh_oracle,5,76,0.8479870776791408,12.869752452110708,0.6925842741091202,0.5638680926916234,5.085133214611564,0.6633333333333333,4.556392187215819,0.5628342245989305,0.08530384426076769,0.04285788471933982,0.7566845380228919
fresh_oracle,5,77,0.8701572184535739,13.03052578378891,0.7256109603210468,0.5535294117647072,5.106722391000698,0.6866666666666666,4.678798798152402,0.5802139037433155,0.10394595923992002,0.04205133789499114,0.7144680015554048
fresh_oracle,5,78,0.9226244406735492,13.153051353058308,0.7828412687408202,0.5570823581856699,5.103673483488458,0.6933333333333334,4.764302174685837,0.5854229354730859,0.12013970999713218,0.037389130906932765,0.7089614518945783
fresh_oracle,5,79,0.9527188271475254,13.39412246743159,0.8230337312765461,0.5565886287625437,5.11220313585493,0.7033333333333334,4.8474308877161105,0.6053511705685619,0.13744905939040936,0.03678796349848981,0.6632738583802282
fresh_oracle,5,80,0.9656346347675542,13.581951559087983,0.8407413689269392,0.55712888888889,5.122800807071388,0.73,4.94342497060626,0.59,0.1627196937725002,0.04442855189759214,0.6418330963776809
fresh_oracle,5,81,0.9773647375745225,13.70412041902824,0.8578645603177713,0.5744755555555567,5.097022775396261,0.7366666666666667,5.040922768297734,0.6056666666666667,0.21916317430337487,0.04139946067577647,0.6456060098923283
fresh_oracle,5,82,0.9755207753435847,13.928256571533987,0.858585920857853,0.5508644444444457,5.139487482844407,0.76,5.1555992194566915,0.5956666666666667,0.2147926041194217,0.041715245252396956,0.6196089086927399
fresh_oracle,5,83,0.9625559821989146,14.124925819459119,0.8496626490729093,0.5501911111111124,5.149733818482452,0.7833333333333333,5.221528032245694,0.599,0.22725077187646525,0.04160576451985121,0.5746090566105863
fresh_oracle,5,84,0.9747940830699297,14.266038444155043,0.859359662706579,0.5504422222222236,5.155536085620122,0.79,5.313892221392107,0.6163333333333333,0.23966440828347294,0.04167283467593065,0.6016726188699656
fresh_oracle,5,85,0.9163365239127639,14.489117685377991,0.8045356099413585,0.5478755555555568,5.162400253619251,0.8033333333333333,5.48068692363778,0.6063333333333333,0.2559290523754109,0.03302634099073728,0.5694075138157977
fresh_oracle,5,86,0.8893581099342872,14.741972027187327,0.78044114164154,0.5473711111111125,5.15997382995051,0.79,5.60796370815406,0.6503333333333333,0.27654552758912954,0.04168877204093922,0.5756502156433738
fresh_oracle,5,87,0.8822255229813395,14.928666597273692,0.7823491107710423,0.54894888888889,5.162694653655048,0.8233333333333334,5.649556130039109,0.626,0.2864169137133777,0.0383653058614359,0.5481032483793192
fresh_oracle,5,88,0.8574028508041577,15.156950393116384,0.7678835173149099,0.555257777777779,5.155065614729575,0.84,5.738444165701128,0.6606666666666666,0.28629272741454587,0.03633559136655112,0.5321383323094165
fresh_oracle,5,89,0.8123307289655256,15.480352612434427,0.7306982911336892,0.5557511111111124,5.150671565048672,0.8033333333333333,5.769018755840275,0.6406666666666667,0.27546342677696356,0.040301295997890424,0.5096154174559381
fresh_oracle,5,90,0.781935030297578,15.67517297976527,0.7058962665131667,0.5634200578163235,5.130160194716707,0.79,5.800528443160795,0.6174116077384924,0.2744383741241409,0.04452868353410149,0.48921243329695097
fresh_oracle,5,91,0.7679484277512112,15.956532124801807,0.6984517141224268,0.5986448233589671,5.067021492974451,0.7766666666666666,5.615230567615331,0.6218655967903711,0.2876106639884306,0.040305544845018526,0.4624380257898379
fresh_oracle,5,92,0.6993406222668322,16.240630650960274,0.6346855189380609,0.5816627556151538,5.090067104834426,0.7466666666666667,5.758772175993366,0.5987261146496815,0.2662094417598135,0.03898989673467227,0.4441159784382443
fresh_oracle,5,93,0.6896393081641818,16.44846560055064,0.6261658289031082,0.5824046657694048,5.081162363024369,0.7366666666666667,5.829668363652192,0.6349259757738897,0.25001648028900314,0.04525214305245265,0.4316022198061937
fresh_oracle,5,94,0.6691535277451328,16.59752142842593,0.6075390148794825,0.5892389340560088,5.056840563776093,0.7066666666666667,5.851941509146702,0.6100948509485095,0.2443648848818578,0.04295987463402324,0.42593128244819645
fresh_oracle,5,95,0.642503445187107,16.855393031490323,0.5843599044134992,0.6038030095759248,5.020258306828122,0.68,5.86465076306627,0.6409028727770177,0.24028776589532433,0.04613466893730051,0.42677343632597053
fresh_oracle,5,96,0.6112055862401388,17.057092004675596,0.5554480258941534,0.6155809391946476,4.987114241058713,0.6733333333333333,5.924614989748057,0.6233991000346141,0.23407810419925904,0.04237051590766761,0.4081101183025296
fresh_oracle,5,97,0.5676109761133382,17.331615840715816,0.5174785814120388,0.628046948356809,4.956653074463739,0.67,5.943398125301843,0.6383802816901408,0.23872020402053387,0.05440334221448772,0.4021780676388629
fresh_oracle,5,98,0.5599336370449935,17.42236887065294,0.5098760421001546,0.6355690043906501,4.940087186494031,0.6666666666666666,5.943131349753618,0.6304734781060876,0.24255850437024956,0.047005308145014024,0.3703732257897969
fresh_oracle,5,99,0.5261648347880732,17.64609587293149,0.4777458201822893,0.6496566998892593,4.898183873817841,0.63,6.01063181352634,0.6323366555924695,0.2503478916821717,0.04492346548790047,0.37353994659900236
fresh_oracle,6,0,28.9585600237247,0.013315473630277963,13.323931122439513,0.8856444444444448,3.8549001988770497,0.2866666666666667,3.3583319548490596,0.695,0.5405386852834644,0.4393513237708284,8.550096645941354
fresh_oracle,6,1,27.551235805458315,0.04937766477491179,12.876282016650402,0.8604222222222228,4.052678987439965,0.35333333333333333,3.678539636916456,0.6666666666666666,0.40287630905194494,0.23891179468965845,8.343467270130288
fresh_oracle,6,2,26.1068404968488,0.10049575205755856,12.39384105309772,0.8026488888888896,4.38088377368392,0.43666666666666665,3.831482108906795,0.651,0.3945109825420731,0.1514352072362908,8.123287289177195
fresh_oracle,6,3,24.63882421054429,0.14972979906442063,11.815807893935188,0.7723066666666675,4.516171829476332,0.46,3.728050800793771,0.631,0.38639322788623315,0.12440283873333409,7.886613227756738
fresh_oracle,6,4,23.298462988192338,0.22073368399525573,11.314408535329672,0.7513244444444453,4.603186503829854,0.5,3.688207629648556,0.653,0.38647803928007607,0.11429177518960801,7.666809886802483
fresh_oracle,6,5,22.179124029516196,0.2977737697121703,11.041087210472648,0.7351711111111119,4.656651002167253,0.5133333333333333,3.57850643539581,0.6483333333333333,0.37651512580392693,0.09073173128900681,7.4731303311966135
fresh_oracle,6,6,20.96382515168846,0.4109255033803003,10.670473706332132,0.7213955555555565,4.711294279681606,0.55,3.475322575024577,0.6476666666666666,0.37613907639518884,0.08850990283652822,7.267041417745445
fresh_oracle,6,7,19.91778034540655,0.48976376090099005,10.088530533576833,0.7189044444444452,4.718367490247144,0.5766666666666667,3.378128546999058,0.6166666666666667,0.3712250668479601,0.09311963678449746,7.07746870830604
fresh_oracle,6,8,18.759622286735443,0.606814163724982,9.51442170925016,0.7243044444444453,4.703480355843637,0.5866666666666667,3.2692232309330636,0.6906666666666667,0.3646610232487678,0.0923500225551309,6.85837850843154
fresh_oracle,6,9,17.571243922264937,0.7416993841212038,9.049599501789803,0.7168555555555565,4.7257766170598385,0.57,3.2308651923781175,0.6733333333333333,0.36385952682802053,0.08491467324671659,6.638855933261987
fresh_oracle,6,10,16.628535610542897,0.8647962923470007,8.574598003950607,0.7052088888888899,4.754154734887507,0.5933333333333334,3.284739378006271,0.6456666666666667,0.340969349371959,0.0848538711890105,6.443760412432052
fresh_oracle,6,11,15.499601309202793,0.9732312597980681,7.92047626549912,0.7606733333333341,4.538463761466361,0.4166666666666667,3.1870845067382203,0.634,0.2760874381300042,0.13628136927285533,6.200670696829181
fresh_oracle,6,12,14.229672625120731,1.1583455125081374,7.114497945198286,0.6979022222222231,4.7221094285821446,0.45,3.336770324912348,0.6146666666666667,0.2117937274557969,0.10327629728945519,5.944405904705127
fresh_oracle,6,13,13.144135772023251,1.3032716955687786,6.543514130625269,0.6766822222222233,4.791018867442782,0.47,3.4963117057832678,0.6373333333333333,0.15108096069484178,0.11006911675642324,5.69630898247171
fresh_oracle,6,14,12.113567484598459,1.45351743717218,5.779044315495827,0.6648511111111122,4.836403609265224,0.5033333333333333,3.6803607568935273,0.588,0.11025331728569268,0.09084288461223446,5.453225885367133
fresh_oracle,6,15,11.145627975586207,1.6342842116180525,5.180445531487291,0.6608066666666677,4.860153412336608,0.53,3.836434516139071,0.6103333333333333,0.08381040510695355,0.08839461020575572,5.215277712584005
fresh_oracle,6,16,10.20230191612016,1.808861983110722,4.668866943361599,0.6640888888888898,4.868860701445296,0.5766666666666667,4.089841994337974,0.6106666666666667,0.09700323957617846,0.090655311607324,4.980303879983077
fresh_oracle,6,17,9.396270458887912,1.9735665067734405,4.367671797312672,0.6552733333333343,4.89850389113974,0.5933333333333334,4.307216841313994,0.5883333333333334,0.12875554320361982,0.08083598877329527,4.766649991914182
fresh_oracle,6,18,8.723164217784916,2.1886795929747236,4.094150149737354,0.6491022222222232,4.925467128116155,0.63,4.551510163919779,0.5973333333333334,0.16396857419337288,0.07938551128953605,4.597891649077368
fresh_oracle,6,19,8.196819288012488,2.339624539547626,3.9975543563630733,0.6517622222222231,4.9212971592015515,0.63,4.681485351894345,0.6133333333333333,0.1909136688934441,0.07978236031254607,4.454233797861192
fresh_oracle,6,20,7.7243342334202705,2.47701842254836,3.790369562987242,0.6501622222222232,4.932985481791217,0.6666666666666666,4.813989950011354,0.5863333333333334,0.21615178791355613,0.0688668283327726,4.3221761333581155
fresh_oracle,6,21,7.2418791265860545,2.6620838264955076,3.612138263226243,0.6946933333333343,4.808757705779655,0.6466666666666666,5.219135120867517,0.61,0.23590881353530635,0.10458640860343646,4.182222201329318
fresh_oracle,6,22,6.799813469196242,2.8812689129698095,3.461264266305649,0.6587688888888897,4.908970842866946,0.65,5.213657103182828,0.5946666666666667,0.2470740655389869,0.07271755778334725,4.058273974974593
fresh_oracle,6,23,6.436014537592971,3.0625088054746343,3.3400316205064646,0.6584600000000009,4.905304081002307,0.6433333333333333,5.215960195618025,0.6203333333333333,0.2603831546099394,0.06757325534802315,3.949054749519213
fresh_oracle,6,24,6.052419313884095,3.2764656973205644,3.0912508889762655,0.6595133333333343,4.903619328333614,0.6433333333333333,5.270189889659974,0.6396666666666667,0.25834655015062763,0.06483504512916277,3.8426771182924475
fresh_oracle,6,25,5.622243404052149,3.450039939894832,2.902726252466274,0.6638000000000008,4.893259465706269,0.65,5.33163285765568,0.631,0.26400792594144223,0.06816974248088799,3.6935948681300115
fresh_oracle,6,26,5.28342158792999,3.7301731936431612,2.7334586973899713,0.6790022222222233,4.851761797968822,0.6466666666666666,5.29209190874696,0.6173333333333333,0.2536129949327336,0.06897940552739314,3.592807486498853
fresh_oracle,6,27,5.047596570207816,3.8193442008437963,2.611279102029192,0.6822711111111122,4.841296006595927,0.6366666666666667,5.308349965848767,0.628,0.25894619697900234,0.060894310940750575,3.496676612590678
fresh_oracle,6,28,4.736662418528979,4.007737248806409,2.4460794443056835,0.688740000000001,4.819809158516863,0.6333333333333333,5.311696785531555,0.6186666666666667,0.2449447197309724,0.06943886708979588,3.381029822448188
fresh_oracle,6,29,4.415347372361013,4.266595903046522,2.2949426374397635,0.6865022222222231,4.819021131852881,0.6166666666666667,5.379177190733187,0.618,0.2380451624299405,0.06590999557717825,3.263561010440542
fresh_oracle,6,30,4.156266910505704,4.4808076172427,2.140797989559249,0.698580000000001,4.778645084221047,0.59,5.357774709549342,0.6123333333333333,0.23616113879434367,0.06374128981327122,3.1692809704623577
fresh_oracle,6,31,3.8174101246144336,4.736762821915855,1.9420914911118183,0.7722488888888897,4.5317567261056375,0.5566666666666666,5.1211129673928415,0.6136666666666667,0.21028794687634564,0.10989012249074169,3.0249540500840753
fresh_oracle,6,32,3.565412399665039,4.949928385556081,1.8303979292950308,0.7185711111111119,4.716257255684356,0.5666666666666667,5.371291718318312,0.597,0.2125158029834255,0.07861643172788685,2.9243047149672576
fresh_oracle,6,33,3.3678656406793515,5.127206124413721,1.6717812508776095,0.7076844444444453,4.7434369051045895,0.5533333333333333,5.462452868050504,0.6036666666666667,0.2116088949492471,0.0735045017475358,2.8398208865606365
fresh_oracle,6,34,3.156580965427204,5.343753984658427,1.5626772390312609,0.7054733333333342,4.749647060323953,0.5633333333333334,5.4996412719270475,0.6253333333333333,0.21608287124782222,0.07270090518929528,2.746608474323086
fresh_oracle,6,35,2.9489250259036415,5.588229933234743,1.439169541420878,0.7119822222222231,4.736270055334594,0.5633333333333334,5.491932210572131,0.6543333333333333,0.226159160093822,0.06811871851345536,2.6561055227366697
fresh_oracle,6,36,2.7923208829939936,5.769593088029343,1.361145783076959,0.7158111111111121,4.725967054976223,0.5566666666666666,5.452442546481649,0.598,0.221507708351317,0.07316961962472798,2.5685454211283063
fresh_oracle,6,37,2.6618272023979026,5.946095055621754,1.282421817884581,0.7183822222222231,4.717759670076438,0.5533333333333333,5.350259231079139,0.5923333333333334,0.2268410634391866,0.0761489350576038,2.5000364535967177
fresh_oracle,6,38,2.5234857399908712,6.209157319860732,1.2085901328638322,0.7190902013124245,4.714358152578576,0.5466666666666666,5.269637455204302,0.638304971638305,0.22570164159589468,0.07500361638132537,2.4328552985641188
fresh_oracle,6,39,2.4044899572731,6.409288532537445,1.1354413714608866,0.7277524065368264,4.674006638553663,0.5,5.144061824386847,0.6276024177300201,0.21682751691942267,0.07351446025594632,2.3724214761101945
fresh_oracle,6,40,2.2854860886416435,6.635827154468214,1.107329661096762,0.7412166440524659,4.624135775408929,0.48,4.941471426126815,0.6224559023066486,0.23545269677192873,0.0695192840355379,2.3055414725231755
fresh_oracle,6,41,2.185106036369387,6.851454861317489,1.0685679578795084,0.781964182553438,4.469527624995813,0.44,4.259613077374318,0.6679376083188908,0.2638587452091337,0.09301043953752931,2.2552725743556747
fresh_oracle,6,42,2.0588434795826727,7.0735754981610945,1.0205336091352106,0.7772056175729212,4.473521165857518,0.4166666666666667,4.533558774800462,0.6280158444364422,0.24969042206798578,0.07300835774132988,2.174640642499304
fresh_oracle,6,43,1.967038187862458,7.295763079904921,0.9794970917345389,0.7900881834215175,4.405357669619014,0.39,4.563759021461074,0.6326530612244898,0.238373855793952,0.07902179847729383,2.129421281725057
fresh_oracle,6,44,1.906824057584365,7.462849721709736,0.9517515115789679,0.8088998899889995,4.3167421447092895,0.36666666666666664,4.601459122660844,0.6134488448844885,0.22222227693913182,0.08556072943940592,2.107319097080461
fresh_oracle,6,45,1.8387801174660345,7.602375621671321,0.9021750164171795,0.8242839506172845,4.242256304496642,0.37,4.531462522017234,0.612037037037037,0.20838098770392233,0.10387679030635685,2.0772987110552905
fresh_oracle,6,46,1.7921573257003733,7.755228556013645,0.887169730301385,0.8392468032930467,4.169335482132559,0.3466666666666667,4.367031452732353,0.581187598528639,0.187466851611907,0.09763597700459155,2.063715193723032
fresh_oracle,6,47,1.735370068960929,7.89264476151818,0.8828042357215852,0.8442363169334128,4.151868645288224,0.3466666666666667,4.356583927981361,0.5880260818020154,0.168838079847207,0.08482072552776887,2.024659823253439
fresh_oracle,6,48,1.6764522752922788,8.017413710589153,0.8303430111845816,0.8359540229885063,4.203879503552251,0.36666666666666664,4.209747278270515,0.5551724137931034,0.14072637241284092,0.0842872334995013,1.9866210166683267
fresh_oracle,6,49,1.6476432681185151,8.069065457719756,0.7971886529710434,0.8217441555030213,4.272334848631391,0.35333333333333333,3.9720087443525167,0.5673758865248227,0.10672436530779521,0.07970255316578845,1.9599873676701254
fresh_oracle,6,50,1.6234171689574977,8.168163884086997,0.7700848433529037,0.8027125625183884,4.340653992954978,0.3466666666666667,3.652561923781516,0.5975286849073257,0.0789679037330121,0.07535634092716136,1.9289706126539705
fresh_oracle,6,51,1.6030121078776578,8.195630685168389,0.7377401101023706,0.8040896358543423,4.329776856874791,0.34,3.4884484511857274,0.5406162464985994,0.05010780177661323,0.0725998196420023,1.9002671974161904
fresh_oracle,6,52,1.611043867831312,8.243968423853053,0.7218719043709437,0.804652586470769,4.330776133990837,0.33666666666666667,3.3780243956999816,0.5564738292011019,0.04519392731574699,0.07486326256875793,1.8785720542476048
fresh_oracle,6,53,1.6171951598705208,8.358949461296522,0.7570739472418422,0.8047992351816451,4.33596393607638,0.3433333333333333,3.2415460462969787,0.6003824091778203,0.0329488377603823,0.0705384084439812,1.8468906654613069
fresh_oracle,6,54,1.6257099978111658,8.41200214444338,0.7904620499528721,0.8090150150150157,4.313703503369759,0.33666666666666667,3.1048862054187216,0.5702702702702702,0.025360504125237264,0.09069135067432281,1.8102757733677477
fresh_oracle,6,55,1.6605733414738506,8.47132250961763,0.8416773247251631,0.8123873121869789,4.29287561126838,0.33,3.01051489678356,0.5951585976627712,0.019754004905673868,0.08764986134722977,1.7817579381933157
fresh_oracle,6,56,1.6278777518141876,8.577235577416015,0.861415585490947,0.7995589353612174,4.34913987533943,0.3566666666666667,3.007187401333557,0.526235741444867,0.020345187132716117,0.08502630482119646,1.7067574413126299
fresh_oracle,6,57,1.5992252345157352,8.739245742991464,0.8914226533315593,0.7911447579720126,4.37494142337379,0.34,2.951759660364276,0.5739848589125947,0.02117808292472707,0.0846673245628354,1.6363304492195792
fresh_oracle,6,58,1.5928728466096784,8.869917616607902,0.9278654350275191,0.7792070484581505,4.41704567095489,0.34,2.9214173037107374,0.5487728130899937,0.023202952692427267,0.08032617952509594,1.5887441295666767
fresh_oracle,6,59,1.5838482606931183,8.96667319423955,0.9406164055186206,0.7648387096774202,4.46961638525749,0.35,2.9298269675816844,0.5236175115207373,0.023467430056455997,0.07657600082522684,1.5385337805323298
fresh_oracle,6,60,1.5224130928923962,9.129946331773496,0.9419478300640722,0.7497252349963857,4.52378512034127,0.3566666666666667,2.922276505863739,0.5309110629067245,0.023652694624081084,0.069924391913556,1.4506163468930604
fresh_oracle,6,61,1.5158277698293297,9.24875163363078,0.9661268307416704,0.7503906646372408,4.532060541365972,0.36333333333333334,2.9559369509821907,0.578386605783866,0.03174260542941373,0.07396787809713506,1.4034443934851308
fresh_oracle,6,62,1.4659407750927422,9.418752974520233,0.9466468599497004,0.715863492063493,4.642677600168745,0.3933333333333333,3.0645911626552276,0.5933333333333334,0.06504802698206667,0.059310715227897895,1.328521135169852
fresh_oracle,6,63,1.316213181607868,9.715603938521884,0.8460030596655285,0.6954903703703714,4.7094897516581575,0.42333333333333334,3.14206925394992,0.5688888888888889,0.08250322569182436,0.0594893489436833,1.236783768026868
fresh_oracle,6,64,1.245731368007799,9.971230951717494,0.7945836576232783,0.6790444444444456,4.761572344291996,0.44333333333333336,3.1846633183313475,0.5783333333333334,0.10685722079818702,0.055931161488437034,1.2166858219155496
fresh_oracle,6,65,1.1194531345907448,10.333716205221668,0.6881068128558525,0.6590603674540694,4.813466908981815,0.4666666666666667,3.272553606736732,0.6043307086614174,0.12253464060439133,0.05545182056791964,1.170082143761996
fresh_oracle,6,66,0.9710764015392863,10.69217392923315,0.5505505591628136,0.6389825870646778,4.86895948953688,0.49666666666666665,3.3246315116878304,0.5585820895522388,0.13130655763127827,0.05003189921533575,1.1281523471212125
fresh_oracle,6,67,0.8962540613011569,11.153355876907378,0.4880732780554517,0.6199785714285727,4.913363941950456,0.5066666666666667,3.408208600312823,0.6135714285714285,0.14289079529190687,0.05193655544661736,1.1573670874689208
fresh_oracle,6,68,0.8401547681023243,11.427569487738472,0.4372717741381465,0.6047331042382609,4.95680253810024,0.53,3.4783302092671717,0.6240549828178694,0.15172094664908192,0.043625889790750466,1.1935325817911158
fresh_oracle,6,69,0.8087206393568347,11.664665462238048,0.4252272228740679,0.5840244444444456,5.00710948553561,0.56,3.592658454450362,0.624,0.13863198098647203,0.046504330293029986,1.1618890605882732
fresh_oracle,6,70,0.7924551825209682,11.84426567718857,0.4201784597200665,0.5743377777777793,5.038321020784615,0.5733333333333334,3.751069842793622,0.537,0.1123661401175895,0.041709969310588506,1.1368571179786346
fresh_oracle,6,71,0.7698149981007034,12.0073928522702,0.41694779220325395,0.5793755555555568,5.031666529987968,0.5733333333333334,3.8871153354260763,0.564,0.08745138521545603,0.040675482784615906,1.0985584090631206
fresh_oracle,6,72,0.7674163255846014,12.203636307218954,0.4280417451822135,0.5644711111111126,5.061856281391059,0.5933333333333334,3.9250342710488244,0.57,0.07089046888811343,0.04242059783468452,1.0827110191436369
fresh_oracle,6,73,0.7655924042338406,12.411337098847973,0.45220874532461336,0.5557644444444458,5.084251769074909,0.6166666666666667,4.110599001013938,0.588,0.07660413608983646,0.04174192078990841,1.040603548910435
fresh_oracle,6,74,0.7855403535391742,12.573145561380397,0.48589991581215536,0.5541911111111124,5.095970786693551,0.6466666666666666,4.216474717973595,0.5616666666666666,0.09619098784200492,0.040341628186055425,1.0048860498856051
fresh_oracle,6,75,0.8331858292483755,12.735630639928534,0.5534622721829787,0.5543755555555567,5.097717196152384,0.6466666666666666,4.344969808282051,0.5806666666666667,0.11357939162001171,0.04482516609064596,1.0005544563084496
fresh_oracle,6,76,0.8608267035838856,12.91266034284119,0.5902793597814158,0.5450022222222235,5.114698845415429,0.6566666666666666,4.481525404041796,0.603,0.1292015508986735,0.03902417084692627,0.9573374900925492
fresh_oracle,6,77,0.9100433292653196,13.02404783752769,0.6652016657351418,0.5479711111111125,5.119975444020982,0.67,4.627711369744863,0.597,0.14628822947771516,0.03891235040615845,0.9526530049598433
fresh_oracle,6,78,0.9216775439409125,13.223496206246349,0.6916040857625424,0.5498022222222237,5.111313221520975,0.65,4.783048159006939,0.635,0.16401559234015528,0.03913178181754033,0.8967231268809003
fresh_oracle,6,79,0.9809012795240847,13.388879827080062,0.7633199743979721,0.5431355555555568,5.125837994097333,0.6733333333333333,4.904448916271216,0.6046666666666667,0.18124370097040318,0.040795151843913455,0.8888598832320854
fresh_oracle,6,80,1.0059875010072892,13.552134220504756,0.8074705116702596,0.54730888888889,5.115814475220224,0.66,5.047356521032046,0.617,0.18392372843089425,0.041636186454297903,0.8430947379545825
fresh_oracle,6,81,1.0158927635507644,13.798841517905162,0.8313923288825003,0.5845244444444455,5.0587373068117625,0.66,5.05015120677778,0.6103333333333333,0.17233521063444365,0.044085700447929546,0.8299300683026565
fresh_oracle,6,82,1.0287514232636121,14.011969248673655,0.8578613522676857,0.5581688888888902,5.10242264923398,0.6733333333333333,5.207715885614483,0.5953333333333334,0.20424863300220608,0.03581940963519911,0.8017632089839762
fresh_oracle,6,83,1.0320278042006203,14.121224410462844,0.8620124220279126,0.5525044444444456,5.113206948320515,0.68,5.353611024990406,0.6353333333333333,0.2366206638390346,0.03341955702249819,0.7575329048878211
fresh_oracle,6,84,1.0381355839695565,14.284847951814616,0.8800670191760478,0.552437777777779,5.108456648082333,0.68,5.389021572576712,0.6133333333333333,0.24455197435694317,0.038208706641369175,0.7573557242511116
fresh_oracle,6,85,1.0190481829942344,14.540527195472457,0.867414336774007,0.5454355555555567,5.1350445541143275,0.72,5.487049810610897,0.621,0.2596973111271031,0.03180718490316014,0.7311286221952084
fresh_oracle,6,86,0.9863927669824905,14.820564255114117,0.8422449812565711,0.55050888888889,5.13059777201334,0.7266666666666667,5.49242023170548,0.633,0.26496852683639827,0.03718646005410711,0.6866916616058433
fresh_oracle,6,87,0.9737478606465384,14.979643557662833,0.8360563915235419,0.5544711111111122,5.131093734453366,0.7566666666666667,5.4393604927747425,0.6463333333333333,0.2831887532619602,0.03464709954648035,0.6993972300250583
fresh_oracle,6,88,0.9299056359852101,15.153365600668103,0.8003915883249547,0.5509111111111122,5.141998523628119,0.78,5.476914665355769,0.6386666666666667,0.2748214740167494,0.032002664804522386,0.6466355641288716
fresh_oracle,6,89,0.8983913552079779,15.329872511458937,0.7690624128240128,0.5446066666666678,5.145705535907081,0.7633333333333333,5.467502298755839,0.6103333333333333,0.26186227362717657,0.035489306874755794,0.6434616163485151
fresh_oracle,6,90,0.8734912818368213,15.529522463353185,0.748354669972262,0.5566266666666679,5.125240395914901,0.76,5.490364582543628,0.629,0.23026189615300224,0.03757289623001697,0.6373660339076573
fresh_oracle,6,91,0.8693896144088087,15.721292856735928,0.7504085300316076,0.6047558669780906,5.042672213131215,0.7466666666666667,5.258837730777059,0.6216216216216216,0.18055327999888446,0.04720930800652162,0.6284529856397161
fresh_oracle,6,92,0.7951827247546175,15.955040644726285,0.6834043945304211,0.5711468094600638,5.103353187433912,0.7233333333333334,5.477046163260174,0.6224899598393574,0.19205132386114385,0.04510233714800278,0.5632385079435577
fresh_oracle,6,93,0.7732267108473886,16.188869144791145,0.6691895823869723,0.5686487093153774,5.097926860441984,0.7133333333333334,5.471492138504409,0.6202020202020202,0.19742292145528592,0.040213434799348115,0.5454944170551403
fresh_oracle,6,94,0.7479425566959123,16.418847309734332,0.6540883797944597,0.5722334910975899,5.084279310066154,0.7133333333333334,5.5086634432904695,0.6186612576064908,0.18817998292123903,0.04160238984155393,0.5750024166312401
fresh_oracle,6,95,0.6882075759064804,16.6031991246032,0.5972785997522908,0.5776615732880601,5.068462629623742,0.6966666666666667,5.525626099373699,0.6166383701188455,0.18922703217979484,0.03882966119421227,0.5262734633666143
fresh_oracle,6,96,0.6977722302021656,16.727891489993382,0.6086502976165673,0.5847468499427282,5.050202175507942,0.6966666666666667,5.560814565986461,0.6175257731958763,0.18995304600890217,0.04496948175663346,0.5484842303532745
fresh_oracle,6,97,0.671370671127775,17.006167901886457,0.588909750385324,0.5966619751348832,5.022425098970113,0.69,5.517556247536587,0.6087262491203378,0.18841984137098353,0.048681527307688294,0.50880652571798
fresh_oracle,6,98,0.6529259699006253,17.17342139171296,0.5706000244186387,0.6083663425759223,5.005389564130616,0.7,5.4679490031929845,0.6056895930860641,0.191228961818168,0.04985772844286776,0.5194853740860359
fresh_oracle,6,99,0.6114076975743395,17.35845298743577,0.5350135728731744,0.6131567978423452,4.993710111909825,0.71,5.4779859704959915,0.6134608311879367,0.19747186619346055,0.054136899979392236,0.4727107446012291
fresh_oracle,7,0,28.718593116136613,0.016164078712408214,12.695962189626256,0.9605822222222223,2.8060748250939636,0.09666666666666666,2.668208481870494,0.6476666666666666,0.34552005619180565,0.6342207792207792,8.466526848797807
fresh_oracle,7,1,27.215309268453048,0.05095638390937429,12.248906956262122,0.9370222222222224,3.1785853977490772,0.11666666666666667,2.7520490296317752,0.6476666666666666,0.34535863819046847,0.3612222548406759,8.260090906579059
fresh_oracle,7,2,25.565674402593338,0.09191624244305752,11.743914077174221,0.9047755555555559,3.6242392151364635,0.18,2.852236458280463,0.624,0.34678609739422184,0.26510843172994875,8.003827188195947
fresh_oracle,7,3,24.032486036362236,0.1601394870266093,10.780803698466844,0.8765111111111116,3.879482462088604,0.21333333333333335,2.8806607567208244,0.657,0.3511774837702685,0.18999019985862092,7.7585118144509195
fresh_oracle,7,4,22.706734266409697,0.2396793243808324,10.260231044106629,0.8561488888888894,4.011902929237624,0.23333333333333334,2.8962058459631037,0.631,0.3529773443680123,0.1634645956898279,7.553948589545773
fresh_oracle,7,5,21.442192381118705,0.3292265804712104,9.84829868837154,0.8506066666666672,4.0647131337306375,0.25,2.9201485566936882,0.6386666666666667,0.3522988169171771,0.144132544012575,7.340527285236084
fresh_oracle,7,6,20.199325622950717,0.4075848667530366,9.057345064684991,0.8371466666666673,4.1561116344910936,0.28,2.971824400192009,0.6173333333333333,0.3512828517773046,0.1290685833487691,7.124498293780444
fresh_oracle,7,7,18.942667962819215,0.5228899795226158,8.520087583898537,0.8157488888888895,4.264067130907593,0.2966666666666667,2.965944183353109,0.648,0.35052166158667586,0.13986260901121583,6.9016018900569405
fresh_oracle,7,8,17.927917075744688,0.6199342995044463,7.988963197560495,0.804493333333334,4.320789038083636,0.31666666666666665,2.889777092073255,0.6193333333333333,0.35080566807733604,0.12400957058077801,6.711220229543893
fresh_oracle,7,9,16.847531526372336,0.7363416907456344,7.489502878034481,0.8012822222222229,4.346720037470312,0.33,2.9011784185976413,0.664,0.3503954198726057,0.1186773713902197,6.50292356992527
fresh_oracle,7,10,15.841968905200991,0.86587532993576,7.1081525365844955,0.7918311111111118,4.407801307135419,0.37333333333333335,3.022209551578092,0.593,0.3324937460260321,0.11193477875753416,6.307873319696622
fresh_oracle,7,11,14.889706379179344,1.0132182465992075,6.668189878250636,0.8041866666666673,4.363970564539102,0.39,2.9921359510473966,0.5926666666666667,0.29537370002327973,0.1446207128211772,6.112451054079769
fresh_oracle,7,12,14.019670899424018,1.1363644579820527,6.318582039969092,0.7807955555555562,4.4531613463747055,0.39,3.080189388043016,0.6106666666666667,0.23107960862414884,0.1187672436782344,5.921806083591595
fresh_oracle,7,13,12.872693060045012,1.284167194078496,5.834712055436685,0.7670844444444452,4.51089018919178,0.4166666666666667,3.1233199328529335,0.5746666666666667,0.16279672402036438,0.11018175380404481,5.654588540637774
fresh_oracle,7,14,12.01307412506693,1.44852963678597,5.660469890974983,0.764211111111112,4.521435646139668,0.43333333333333335,3.1732064251238423,0.5626666666666666,0.12168184232933027,0.11435998541648695,5.4519287643684535
fresh_oracle,7,15,11.149990121715362,1.6002633311596663,5.391343026953482,0.7551711111111119,4.557624915876499,0.44,3.2099918069713262,0.586,0.11787828232000734,0.10791710997980346,5.232165858251823
fresh_oracle,7,16,10.519881954755855,1.7349751064254666,5.22129401205174,0.7563688888888896,4.564950554495039,0.45,3.34354209251749,0.578,0.12900652063352683,0.10113689987915994,5.066539571701522
fresh_oracle,7,17,9.751334685028763,1.926157151931041,4.888515228434064,0.750731111111112,4.585238101408763,0.45666666666666667,3.2945150738910334,0.6036666666666667,0.1564204253092303,0.0980311126208959,4.8706580517460525
fresh_oracle,7,18,9.158779575966209,2.056431697813454,4.7434403012748945,0.7520244444444452,4.58242343514524,0.45666666666666667,3.298572573741375,0.5813333333333334,0.18304477352999632,0.0989965707380568,4.6895598665563485
fresh_oracle,7,19,8.671189501875537,2.229381740471348,4.4742788901596375,0.7527088888888896,4.576397288529755,0.45,3.2480227557190435,0.591,0.21498783952864167,0.09735650787121375,4.56833560337078
fresh_oracle,7,20,8.09819301673298,2.416206422899538,4.188163932698978,0.7547111111111119,4.563299019985713,0.44666666666666666,3.157944391108634,0.6343333333333333,0.2494614182587943,0.09313760771965106,4.409605433803799
fresh_oracle,7,21,7.6198874789210995,2.6136419981162002,3.9758999472225915,0.7788266666666674,4.486429357990069,0.4533333333333333,3.0261685725263603,0.667,0.2696608696313874,0.10683729969720683,4.274566741510597
fresh_oracle,7,22,7.29966119344099,2.7875760467818966,3.7899764865958026,0.7624044444444452,4.533361352370839,0.44666666666666666,2.9818762908859524,0.583,0.28944259766345465,0.09696052743266365,4.189387412228286
fresh_oracle,7,23,6.961794903329041,2.88550180119901,3.655102927074156,0.7554155555555564,4.5580418137048175,0.44333333333333336,2.967431404856293,0.5923333333333334,0.29189583151715015,0.09443849222099995,4.068459140496383
fresh_oracle,7,24,6.475853218146423,3.129146305396931,3.326958320024426,0.7529755555555564,4.5669773224506764,0.44,3.0321165049532715,0.6196666666666667,0.29130695803841145,0.09216078454855543,3.933767785092453
fresh_oracle,7,25,6.165062025295113,3.3227042837378167,3.2101074140124743,0.7510977777777785,4.5671068609166925,0.43333333333333335,3.174346393243168,0.655,0.28996154305357136,0.09753177249307281,3.8429891087213526
fresh_oracle,7,26,5.840754110778657,3.4837962899242885,3.0052588134593754,0.7414288888888898,4.595186165129435,0.44333333333333336,3.3767255591152723,0.63,0.28757483590139427,0.07927321904102089,3.738703946498917
fresh_oracle,7,27,5.5466781240366805,3.669725100868359,2.870499270617302,0.7363933333333341,4.6132255687411945,0.43,3.470485204418356,0.638,0.2656995740566755,0.07469852114975954,3.639665550528234
fresh_oracle,7,28,5.177840147425521,3.890302203098784,2.654768697357921,0.7320666666666675,4.640461924716833,0.45666666666666667,3.6397697890317855,0.592,0.24520618357040286,0.08023814478148843,3.5248030769541376
fresh_oracle,7,29,4.851634379337074,4.109348594951158,2.46581836198596,0.7307400000000008,4.645305912232656,0.45666666666666667,3.805404391090443,0.5963333333333334,0.22895246811262254,0.08336726840983805,3.4041257124631152
fresh_oracle,7,30,4.511967956453721,4.32293201836278,2.285300809690905,0.7275044444444453,4.658128516965084,0.46,3.921689714357612,0.5996666666666667,0.21195890658587507,0.07712409165195543,3.2717786757515657
fresh_oracle,7,31,4.276313677630276,4.527493128565537,2.185128229328554,0.7377444444444452,4.643065895484174,0.5,3.9214463605603034,0.6263333333333333,0.20696678364080787,0.08993834339035578,3.1779614464202512
fresh_oracle,7,32,3.995464613031406,4.714104749669376,1.9668265856351241,0.7360955555555564,4.639209699780298,0.49666666666666665,3.98685116241611,0.5666666666666667,0.18722041437642573,0.09039677413516423,3.059719435126338
fresh_oracle,7,33,3.734108485637803,4.950967362738532,1.8412271491134717,0.7314688888888898,4.656390055449202,0.5166666666666667,3.9385767491886843,0.622,0.18507609964472185,0.07903964671379532,2.9436524450526687
fresh_oracle,7,34,3.5354625460969586,5.1512328435652,1.7279797782382016,0.7313355555555564,4.661904394713025,0.5233333333333333,4.011439976041399,0.6,0.1959638879314995,0.08173192762976045,2.8339324993277857
fresh_oracle,7,35,3.2634009620164446,5.369799122206501,1.557125089220827,0.7310200000000009,4.662197610346766,0.5233333333333333,3.925724713076714,0.5943333333333334,0.20411655180901084,0.07225336697472919,2.709107295988972
fresh_oracle,7,36,3.070020810128642,5.548330782450823,1.4633694626930214,0.728702222222223,4.67450595802848,0.53,3.838217209064584,0.6116666666666667,0.21919502520344697,0.07217206225720157,2.6027632685308877
fresh_oracle,7,37,2.895123403177102,5.738043794752748,1.3558212596926005,0.7313044444444454,4.66285812486894,0.52,3.7463772280622303,0.6086666666666667,0.23659838000489675,0.08131733620123711,2.502964929485243
fresh_oracle,7,38,2.7643963299678873,5.972829915937228,1.2751002109070981,0.7267644444444452,4.680370336881012,0.5266666666666666,3.6232027713333324,0.6233333333333333,0.2544401214685052,0.07276087474616887,2.4393536975275167
fresh_oracle,7,39,2.5721314324044435,6.242397113813531,1.1736636162601364,0.7258933333333342,4.68691296580714,0.5466666666666666,3.5266434947009073,0.593,0.272905943962982,0.08258481871871964,2.333984703398956
fresh_oracle,7,40,2.486313729125503,6.453920143790528,1.15525033079648,0.7282506702412878,4.670498625283312,0.5266666666666666,3.3860231388089455,0.6430965147453083,0.28299182737828743,0.07416103003177306,2.2874712821133074
fresh_oracle,7,41,2.37105143022743,6.63673669991749,1.098003748435895,0.7426008456176446,4.619162935842502,0.5,3.13266356130555,0.6270140555365101,0.3027742100970248,0.07108960097350189,2.2327875707235307
fresh_oracle,7,42,2.2369944873629444,6.902777025062101,1.055190414959182,0.749212205592297,4.575240334185865,0.47,3.1090207004891255,0.6226940480334145,0.30589882753009173,0.07336580106626546,2.159664489122035
fresh_oracle,7,43,2.117872342423633,7.08639129324548,1.0230283691843922,0.7673601953601961,4.50646487360155,0.45666666666666667,3.0857657621339345,0.617948717948718,0.30540111242788553,0.07657318335975456,2.1109760601668843
fresh_oracle,7,44,2.018973281984983,7.32827994033633,0.9410400940650515,0.785252764612955,4.436701284292557,0.44333333333333336,3.017048691217884,0.6706161137440758,0.3002503941751692,0.06971833915854814,2.067879184424877
fresh_oracle,7,45,1.9015783783668327,7.468068942716059,0.9002484906882232,0.8013187772925772,4.367177510297194,0.4166666666666667,3.0409060536874093,0.6314410480349345,0.2845975759765254,0.08612982071534703,2.0158269356491227
fresh_oracle,7,46,1.851573337124753,7.674759659534244,0.8881153917181103,0.8146809962470154,4.304892855580127,0.39666666666666667,2.9751677006156783,0.6432958034800409,0.2728344280429291,0.09729929869035907,2.0143425158592163
fresh_oracle,7,47,1.7813621409536227,7.800098085492297,0.8783066578236867,0.8244495765973832,4.260207769757941,0.38333333333333336,2.9623448335692117,0.6062355658198614,0.2699175423870303,0.0812498915271748,1.9914968588139796
fresh_oracle,7,48,1.7497301076653047,7.917127784713411,0.8812180036136581,0.8195247438412914,4.288654589551648,0.38333333333333336,2.905648702485007,0.6402877697841727,0.23651090920227985,0.07454011184893539,1.989871968391947
fresh_oracle,7,49,1.6953102479848787,8.032123478061903,0.8614135772325447,0.8205724154946958,4.2843103788129815,0.3933333333333333,2.8455676811521466,0.6210214655810511,0.20204445410180477,0.078458655522897,1.9616664965463606
fresh_oracle,7,50,1.6866695958477325,8.138451775767626,0.8763483696728167,0.811256742179073,4.319071397190934,0.39666666666666667,2.8723021660038115,0.6092233009708737,0.16575902178913204,0.07511999795726576,1.9532648002593558
fresh_oracle,7,51,1.6914043645043135,8.223041125253,0.9157123851307273,0.8021578947368428,4.36054003760913,0.38666666666666666,2.8438749042452223,0.6263157894736842,0.1442016594056423,0.07030786999091951,1.9437398331714213
fresh_oracle,7,52,1.6990065071307177,8.272730910877195,0.9359276618831922,0.8023287250384031,4.3594437414846965,0.38666666666666666,2.85799616998639,0.584331797235023,0.1222593670213408,0.08351912214605714,1.925960863770612
fresh_oracle,7,53,1.7477893322555762,8.340915755702838,1.0031768582501077,0.8036034376918362,4.362800236513231,0.38666666666666666,2.821694300475615,0.572744014732965,0.1002169331760159,0.07348519752950868,1.9219362145190526
fresh_oracle,7,54,1.770016341722354,8.416608011542703,1.0431839577647137,0.8044853801169599,4.362848202146007,0.41,2.828455372573314,0.5570175438596491,0.07815058906391392,0.08257172548813414,1.89283865661824
fresh_oracle,7,55,1.7815308450114118,8.422065424564206,1.0730008556673571,0.8027463651050087,4.3614468166075495,0.39666666666666667,2.8529203387431563,0.5420032310177706,0.06058824398957586,0.08492723959906623,1.854985190961577
fresh_oracle,7,56,1.8228205351948694,8.482620732167788,1.134872891038647,0.8026148768723034,4.354275164964296,0.4,2.846886987635424,0.5917745620715917,0.041263532426597506,0.07588764105404971,1.833038938847851
fresh_oracle,7,57,1.836471084347558,8.55085574820594,1.1709612193386973,0.7902347417840383,4.39090374856621,0.41,2.837718145356777,0.5809859154929577,0.024324451154087434,0.07819905699162666,1.7825857028513614
fresh_oracle,7,58,1.7809241720316291,8.690625324998233,1.148084011670088,0.7834216763628535,4.4103728449291095,0.41333333333333333,2.849491749824631,0.5675500969618616,0.026191241411011108,0.07478603640368346,1.6857750013787947
fresh_oracle,7,59,1.7734530310184862,8.784640109554942,1.1660198484184001,0.7686607669616528,4.4728760267437,0.42333333333333334,2.8558348871495385,0.5622418879056047,0.02699716229206424,0.08602945013935726,1.6195672771572707
fresh_oracle,7,60,1.7372623342484654,8.975502591119314,1.1585734889463017,0.7514520547945214,4.534256231232243,0.44333333333333336,2.8800687627831834,0.5567123287671233,0.028235237144445258,0.06900441677918458,1.543325119135688
fresh_oracle,7,61,1.6327890085634764,9.204025048719958,1.10232240220855,0.7537941628264218,4.529765042312792,0.42333333333333334,2.869620502961637,0.5668202764976958,0.026879018857862758,0.07513799481678739,1.4168406769319242
fresh_oracle,7,62,1.5339802173342856,9.466195443972925,1.0308524539113977,0.7262651370299562,4.6009566677366385,0.44333333333333336,2.894107615837693,0.5740917782026769,0.06056227931057781,0.07067726491488101,1.318485362909734
fresh_oracle,7,63,1.4836644991403907,9.626405130196126,1.0071015193786836,0.7075601374570455,4.663834979519706,0.4633333333333333,2.9654993236805582,0.5880770954728821,0.1054802701655707,0.06776946665878554,1.2688536577561573
fresh_oracle,7,64,1.4139387853386365,9.861495612310708,0.9526877390238455,0.6836793248945158,4.739347913359366,0.49,2.9618776072285127,0.6219409282700422,0.13151753295937677,0.061570959283807576,1.2379973383858618
fresh_oracle,7,65,1.2972294209794355,10.208970690896894,0.8702855898441829,0.6638273572377169,4.799033742049744,0.51,2.9666461030177014,0.6039840637450199,0.14742616017547663,0.04606999267215986,1.1833105419416396
fresh_oracle,7,66,1.1299117889777746,10.481047446806341,0.7228314011628312,0.6483144654088062,4.848480735576801,0.5333333333333333,2.978327730824649,0.5845283018867925,0.17229336599323464,0.05218192855189759,1.114044922756199
fresh_oracle,7,67,1.1039830574419616,10.698691728630356,0.6810125018777344,0.6309080047789739,4.892312500286389,0.55,2.9586273652708415,0.5770609318996416,0.17339333817373476,0.05140252434757078,1.204259578558276
fresh_oracle,7,68,1.0239802490663894,11.04270966438304,0.6078011718621416,0.6130240549828199,4.934349181023132,0.5566666666666666,2.978803148388595,0.5962199312714777,0.17825236486567508,0.04513603398665319,1.223693662423906
fresh_oracle,7,69,0.9669202142238159,11.273233654196819,0.5576382274097085,0.5956755555555566,4.977387929362196,0.58,3.0309860868541563,0.5786666666666667,0.1527312292062732,0.04238434968311129,1.1630268375581243
fresh_oracle,7,70,0.9557635781603224,11.44217629754693,0.5318819622027724,0.5817044444444455,5.015790911437657,0.6,3.006676496479369,0.6176666666666667,0.1024171822779863,0.04886680771355694,1.1329245433125308
fresh_oracle,7,71,0.973937999238031,11.58013061552168,0.5397005146428984,0.6014800000000013,5.00240230101379,0.6166666666666667,2.96040715910314,0.5803333333333334,0.06089014754619616,0.04784839959375563,1.1125763651332354
fresh_oracle,7,72,1.0042634626193019,11.744524715640827,0.5712198337929116,0.5764933333333346,5.049993541325234,0.65,3.0252009314874306,0.5466666666666666,0.05237828010528956,0.0457953336939405,1.0762938030555824
fresh_oracle,7,73,1.0195975509449873,11.823393391091015,0.6016893805112971,0.5669800000000015,5.063220774623419,0.65,3.026893203467789,0.5553333333333333,0.04497268699242072,0.044983215958448154,1.018658015246886
fresh_oracle,7,74,1.0945981670335019,11.949935765625522,0.6829934381861327,0.5666422222222234,5.061769554196092,0.6566666666666666,3.0151840156620007,0.582,0.03386375544788084,0.04394252190304822,1.0062395470535745
fresh_oracle,7,75,1.141900903531263,12.131361582401814,0.7688431892477445,0.5604088888888904,5.083500040550205,0.68,3.074642488880297,0.5666666666666667,0.029369398116026214,0.040931985111551675,0.9652145660461103
fresh_oracle,7,76,1.1800382802163287,12.267911002430324,0.8210318007317158,0.565333333333335,5.075389689255113,0.65,3.1830483973234425,0.5642737896494157,0.029064419685086947,0.0421047040048588,0.9407856120857127
fresh_oracle,7,77,1.2268350836539765,12.408694959667473,0.8793797714492453,0.5651552587646091,5.084987016070691,0.6633333333333333,3.2392166479667566,0.5575959933222037,0.030979150927201365,0.04457641787750147,0.899381659371331
fresh_oracle,7,78,1.3041234849956411,12.55614855384159,0.9750379892585257,0.5698305462653304,5.0700754289636105,0.6633333333333333,3.3541854342420896,0.5953177257525084,0.03791407862538046,0.04143679878200002,0.8696345038754815
fresh_oracle,7,79,1.3424944963948542,12.700696982561,1.0410068399211627,0.5710390189520641,5.069859758474543,0.66,3.4077943881531745,0.596989966555184,0.055239051168358276,0.04491045361014401,0.8048078402092657
fresh_oracle,7,80,1.3647340820509815,12.891344143701618,1.0749196155516456,0.5748182831661108,5.070916337849357,0.6666666666666666,3.490528014236428,0.5638795986622074,0.08314859477667125,0.045534624331063964,0.7675602815410523
fresh_oracle,7,81,1.3653123201028967,13.043753694926194,1.0894246874304865,0.5867447045707932,5.045585689524552,0.67,3.773666805743032,0.5745819397993311,0.1321858040360915,0.044919491413299456,0.7510235289770316
fresh_oracle,7,82,1.333810545690864,13.265824796865086,1.0865463592376121,0.5729921962095894,5.070194208623207,0.6866666666666666,3.852884478610432,0.5789297658862876,0.1692250463918046,0.04384910081891506,0.7502487811820545
fresh_oracle,7,83,1.3193914852789168,13.504838385891041,1.077858188602225,0.5712888888888901,5.079221847231781,0.6933333333333334,3.958280482565974,0.578,0.19311617515278906,0.051532718800520655,0.7411516990649818
fresh_oracle,7,84,1.2061186035197933,13.809974269313525,0.9852861307713108,0.5673533333333346,5.091768875665954,0.7166666666666667,4.022945137206821,0.591,0.23132720871612406,0.04204241908189277,0.6810056702510421
fresh_oracle,7,85,1.1728894324035744,13.958736543433789,0.9521704391082977,0.5735511111111122,5.08480827139395,0.71,4.053612112787044,0.6036666666666667,0.2635313854412689,0.037225512562199865,0.6679354100697603
fresh_oracle,7,86,1.1196639257668122,14.147457403170325,0.8893719110127207,0.579897777777779,5.075777262080524,0.7233333333333334,4.117923766248421,0.614,0.28238019985961405,0.05081789512517066,0.6193285621156915
fresh_oracle,7,87,1.0344011174560874,14.414790914582547,0.8069523573340049,0.5831888888888901,5.075175711961489,0.73,4.116110552238305,0.6493333333333333,0.3034226793781885,0.04244092666306288,0.6001139878140206
fresh_oracle,7,88,0.9097671421407317,14.64016153914974,0.6852864271918895,0.5909888888888901,5.054592556848654,0.7133333333333334,4.173537527018819,0.6703333333333333,0.3197510288513515,0.0500679244216396,0.5965564298161085
fresh_oracle,7,89,0.8846530071768262,14.782535585625334,0.6548758151265329,0.5998333333333346,5.039241985418935,0.7333333333333333,4.269197420867664,0.6393333333333333,0.3318627302359117,0.05495152766050599,0.5925984170584268
fresh_oracle,7,90,0.8524265003769613,14.988907248056295,0.6142597247056424,0.6070777777777789,5.021784793861691,0.7133333333333334,4.2863052256870855,0.6376666666666667,0.3430102526713139,0.053021671454334,0.5885533733900672
fresh_oracle,7,91,0.8202034739126929,15.252300866442878,0.5994451736036779,0.617331554369581,5.009912207672139,0.73,4.339674288655138,0.64342895263509,0.3465300427690365,0.059293150806308696,0.5755914017074261
fresh_oracle,7,92,0.7990424414116354,15.4920605485886,0.5898967228816715,0.6096338341680596,5.019433391953051,0.7233333333333334,4.516104316051798,0.6681135225375626,0.3398033309295601,0.053521137015719054,0.5618770393500011
fresh_oracle,7,93,0.792432436468893,15.722791862174823,0.609450572369956,0.613483120947911,4.999941137480702,0.7,4.563564228053948,0.6408450704225352,0.3453811120895741,0.06513858862156076,0.5606014153299151
fresh_oracle,7,94,0.8291913124981379,15.84575670348734,0.6635160616282201,0.6189596674530962,4.978085420705619,0.6566666666666666,4.502734159313931,0.6400404448938322,0.34202489973448547,0.042591489894121475,0.5340679322265922
fresh_oracle,7,95,0.8234390773924457,16.08632595879476,0.6726804383472711,0.6225118805159552,4.960077081095854,0.65,4.4363949819550506,0.6619144602851323,0.3258442238754311,0.0539463957381914,0.503386512139777
fresh_oracle,7,96,0.7996848563684781,16.396225047001234,0.6607966105748271,0.6295763003789199,4.941449460523986,0.6366666666666667,4.297075420847728,0.6445056837754047,0.3225230744935559,0.052819809332967226,0.469427235334727
fresh_oracle,7,97,0.8242596913470528,16.546198433866678,0.6989592865102872,0.6362932034330793,4.912794410165759,0.61,4.208196221672399,0.6123869171885873,0.33573421943127824,0.052380771246870315,0.5017241171276469
fresh_oracle,7,98,0.7766115528053188,16.87603216643869,0.6680760467428104,0.6353871230643859,4.9184303421010345,0.6266666666666667,3.92470292843565,0.6447782046804051,0.33026452913256854,0.046499244048005664,0.4578292448808727
fresh_oracle,7,99,0.7957306973563454,17.039819124017335,0.6960585352019902,0.6476027152554495,4.874179286081424,0.59,3.803904285480045,0.6205787781350482,0.31399228609780655,0.056572514316322375,0.4100728227087793
no_influence,0,0,29.48824335129444,0.009452067178575607,13.240501712416677,0.8857133333333338,3.838137891551916,0.27666666666666667,2.982602115652463,0.3883333333333333,0.47579649464414575,0.3791366203169609,8.616868927292975
no_influence,0,1,28.988757264796195,0.032146576100628765,13.520801777875992,0.8552622222222228,4.08568990931854,0.36,2.948212392885692,0.36033333333333334,0.43816604315550184,0.2718053527999349,8.57410889529879
no_influence,0,2,28.475362887715548,0.049680742770431996,13.600412545981179,0.8326733333333339,4.226589497045522,0.41333333333333333,3.0005233454297047,0.31866666666666665,0.41712921043447787,0.234768797164308,8.531544033863456
no_influence,0,3,28.314975752015563,0.07269231879549065,13.518268058364733,0.8186000000000007,4.3047967877552695,0.45,3.0996453911277246,0.32233333333333336,0.40856802016910315,0.21804724744353224,8.51547219246036
no_influence,0,4,28.08730217303711,0.09205337999275576,13.713680051561894,0.8118177777777784,4.345007823335005,0.4766666666666667,3.157786636900406,0.32133333333333336,0.3918846007482607,0.20067556540466758,8.495165800627262
no_influence,0,5,28.020295142420878,0.10141398736148749,13.493643913481138,0.8070444444444451,4.370438575091709,0.52,3.176465005900648,0.3303333333333333,0.37854221628123774,0.18546605398385585,8.475904656920074
no_influence,0,6,27.649489529676632,0.11213850610512166,13.640659477270498,0.8058333333333341,4.377224075848337,0.51,3.16782038362963,0.305,0.35934987415819236,0.20038332854509325,8.435921795499924
no_influence,0,7,27.406164237990325,0.13985887655438767,13.671008617091482,0.7988400000000007,4.411270456316825,0.5266666666666666,3.218951290368215,0.2793333333333333,0.34798482078018356,0.17596905702942853,8.415741729063464
no_influence,0,8,26.919046182741,0.1697209611856857,13.82015078711399,0.7989044444444452,4.411039108890139,0.5133333333333333,3.2517108487977464,0.274,0.33423472293853773,0.1698003050441131,8.360019532776711
no_influence,0,9,26.452264186938258,0.20135095496468974,13.785728722464837,0.7926422222222229,4.4362979134064755,0.5166666666666667,3.34673809453132,0.286,0.3207766949188749,0.16575167178882347,8.28520205442795
no_influence,0,10,26.195203781739128,0.21289248370609526,13.890347571298877,0.7913955555555563,4.440195742086564,0.48333333333333334,3.488244767714045,0.2683333333333333,0.290904116185966,0.16239548950075264,8.23947695756163
no_influence,0,11,25.98321971043155,0.26797552463245644,13.836774456407126,0.7845333333333341,4.467471995563268,0.49333333333333335,3.619894541081557,0.23133333333333334,0.25537828298746906,0.17334203564466721,8.251584088881485
no_influence,0,12,25.43825293608143,0.29327257299130377,13.539882067572313,0.7827400000000007,4.477122608098327,0.49,3.631447812855149,0.18733333333333332,0.2148468566134862,0.14616858574288916,8.146115993068982
no_influence,0,13,25.213259486054397,0.31208665858095397,13.29920090638477,0.7832288888888896,4.478568939867433,0.5066666666666667,3.5561307452839173,0.17966666666666667,0.18378472341478064,0.1634133472020469,8.11605682446953
no_influence,0,14,24.826114754810725,0.3279526107192553,13.42977704968498,0.7876866666666674,4.464785910965473,0.5266666666666666,3.4259074927172235,0.14033333333333334,0.15388797752775044,0.17070056090566926,8.02708988414909
no_influence,0,15,24.640653026422314,0.35972632430724993,12.921369943060785,0.7942577777777785,4.432993423397676,0.5166666666666667,3.3522559845597173,0.119,0.12666988615630034,0.16351526884421622,7.992850942957243
no_influence,0,16,24.071970544124845,0.38152393067385937,12.703646126253748,0.7932000000000007,4.439422315373764,0.5366666666666666,3.2565787000530935,0.10533333333333333,0.12013636535846818,0.17751449516542397,7.875289903133873
no_influence,0,17,23.954759187303196,0.4197766534045071,12.762085246796131,0.7961466666666674,4.425084017886922,0.5266666666666666,3.1853322270619486,0.10866666666666666,0.1105926174410863,0.16677531690302588,7.884296451015484
no_influence,0,18,23.631494508756898,0.45140566164401363,12.79632013041306,0.7951666666666674,4.430436398870724,0.5366666666666666,3.141956372839229,0.084,0.11188817411884111,0.1482370350094808,7.831253630822761
no_influence,0,19,22.933702047136542,0.48358657791501947,12.637252411663528,0.7899111111111119,4.454422250335046,0.5433333333333333,3.1721256969052845,0.111,0.11894995084430975,0.15395361017265044,7.701377748878138
no_influence,0,20,22.560528403226414,0.4826370451312654,12.312342458259183,0.7893777777777784,4.457494218030287,0.5333333333333333,3.1399409090661714,0.10433333333333333,0.12017018056861786,0.13089760987206805,7.628546967645451
no_influence,0,21,22.43405368749052,0.5018139710978364,12.252022302582175,0.7819600000000007,4.489795196741311,0.54,3.1896725703754925,0.12966666666666668,0.1407367871103243,0.130392407157113,7.610416990137577
no_influence,0,22,21.86896725325547,0.566312664762819,12.129229577305106,0.7784355555555563,4.5041969141037015,0.5433333333333333,3.157948768767638,0.12733333333333333,0.13734672284189658,0.12945220013331468,7.504282660715599
no_influence,0,23,21.390042068527496,0.6052552016723134,11.931469573722143,0.7735377777777785,4.525214776930884,0.54,3.2157836965404885,0.11666666666666667,0.14073963511593648,0.12946539371074975,7.403697465497058
no_influence,0,24,21.075116032673115,0.6204414212121947,11.891156695276795,0.7710777777777784,4.53187543148319,0.5266666666666666,3.196103409668205,0.13466666666666666,0.13763438701932906,0.12799099936870836,7.33502902747017
no_influence,0,25,20.43787364604993,0.6741614083982717,11.390838737096828,0.7663555555555563,4.551780235214112,0.54,3.2282317205423,0.118,0.14015908327286136,0.12481583059756433,7.237841061110562
no_influence,0,26,20.22772057493871,0.69797180613021,11.569613242702081,0.7703511111111118,4.538258854099937,0.5366666666666666,3.207909123185853,0.13566666666666666,0.14739641856099658,0.1255370751539482,7.173057143837912
no_influence,0,27,19.88425289081577,0.7377166376130357,11.320503777654475,0.7632577777777785,4.566054681630698,0.5433333333333333,3.2352198620579133,0.13033333333333333,0.14917222635612304,0.11224146496205317,7.127517591114974
no_influence,0,28,19.69713563043768,0.7329712589937818,11.181181015315815,0.7605377777777785,4.576843943645852,0.5366666666666666,3.2579144700773925,0.15166666666666667,0.16336102773601122,0.10951124039359333,7.075742013684724
no_influence,0,29,19.45502528228419,0.8052734248864877,11.172707849555454,0.7506800000000008,4.6150105080546435,0.55,3.2614893772351716,0.133,0.15834138527931013,0.10656902594596093,7.041535784056691
no_influence,0,30,19.038907661743885,0.8582996382266781,10.907696693663722,0.7497577777777785,4.618777674273717,0.5466666666666666,3.26339747855534,0.14233333333333334,0.15401149387988097,0.11045535848167427,6.962979626933048
no_influence,0,31,18.64882114646296,0.8717538151001245,10.676486229567944,0.7507955555555563,4.616318336760501,0.5533333333333333,3.2830183316323973,0.14033333333333334,0.15891829106770772,0.11116378647725397,6.889750518396521
no_influence,0,32,18.465733112843957,0.9168707353137171,10.75754756586176,0.7479000000000009,4.625145460439642,0.5466666666666666,3.2817323488088275,0.138,0.1546572866914874,0.10290342884383134,6.848649796021786
no_influence,0,33,18.248319382154378,0.9740636712265767,10.786502668711954,0.7433955555555564,4.642263726037257,0.5566666666666666,3.308842745865945,0.15166666666666667,0.15990666198110567,0.10455432352878173,6.801486787712013
no_influence,0,34,18.008924106163636,0.9833797324639397,10.601936562357544,0.737633333333334,4.661036965666197,0.5533333333333333,3.318840558855733,0.12333333333333334,0.15489269565758199,0.09979912387807126,6.756865462336525
no_influence,0,35,17.5085616811044,1.064523722873479,10.350796538624726,0.7371377777777784,4.663702183502885,0.5566666666666666,3.3111738191271742,0.14933333333333335,0.1490187818485898,0.09739223782180438,6.709705885559223
no_influence,0,36,17.201818612054254,1.0993449849404662,10.101782723048697,0.7385577777777785,4.660317126696456,0.5633333333333334,3.282693120226103,0.127,0.1487074062275589,0.09268519621073801,6.643573252011447
no_influence,0,37,16.824810421001242,1.1341763677238272,9.721164279524842,0.7460955555555563,4.633039014194887,0.56,3.2762918945565205,0.13133333333333333,0.15353402097977684,0.09682736094887796,6.602021896222315
no_influence,0,38,16.9027554033268,1.1413748107703958,9.891956345021331,0.7449866666666674,4.6349325562821235,0.55,3.284561610921161,0.14733333333333334,0.14978565723068687,0.09387512656475504,6.589037759240146
no_influence,0,39,16.514844106837234,1.2151351731692601,9.606133633425156,0.741822222222223,4.6459757013434215,0.55,3.290424974668738,0.16666666666666666,0.16308074555951924,0.09499329016356879,6.532564366168685
no_influence,0,40,16.672532290404313,1.219331905420675,10.018019013706564,0.7377733333333341,4.661732284969342,0.56,3.2821278894259316,0.14633333333333334,0.15834566746412937,0.09222930535237037,6.506909803289333
no_influence,0,41,16.441829235604462,1.244285693919161,9.977088448228658,0.733722222222223,4.677442487394497,0.5666666666666667,3.3327926770468994,0.149,0.15741667424921543,0.090619418707654,6.453220720720538
no_influence,0,42,15.967473537703684,1.2793009054079374,9.565188396794056,0.7317533333333341,4.6853559755979575,0.5733333333333334,3.3015407061371365,0.13733333333333334,0.14901733313004054,0.09018645068954667,6.365688560053073
no_influence,0,43,15.95541456556461,1.2737355282426226,9.571274679465528,0.7279422222222229,4.697443996997898,0.5733333333333334,3.316413178185812,0.146,0.1519903956043724,0.08167650375080716,6.354234216141804
no_influence,0,44,15.77399003851519,1.3161009065336733,9.529002795778425,0.726942222222223,4.698980606201618,0.5666666666666667,3.34832314029194,0.147,0.1650039011440383,0.08805739911390065,6.304208892021106
no_influence,0,45,15.42792966009127,1.352802965271186,9.459831378953073,0.7213266666666676,4.716367125729102,0.5633333333333334,3.4529478853056843,0.14966666666666667,0.15614028515951223,0.08901921407339364,6.190480926098069
no_influence,0,46,15.367500512972907,1.3732709878431157,9.36672122987708,0.7176644444444453,4.730832066465235,0.58,3.504580471288626,0.15,0.14398116791769225,0.07307238054916074,6.191277306152835
no_influence,0,47,15.088562295278054,1.402601729942359,9.093322054695342,0.7192600000000008,4.725732974474691,0.5833333333333334,3.4847065129344084,0.13233333333333333,0.141764324448793,0.07036955290438263,6.139260594854239
no_influence,0,48,14.821693010195855,1.4168716575625868,8.832100163076946,0.7209666666666674,4.719985664387575,0.5766666666666667,3.482699968180903,0.11966666666666667,0.13274003341715052,0.08049854628801996,6.082652035258807
no_influence,0,49,14.679162176591568,1.4921248060166505,8.83380301478531,0.726082222222223,4.703853796856707,0.5833333333333334,3.430377338235141,0.12933333333333333,0.1376192955270163,0.07125599317549781,6.058839600625997
no_influence,0,50,14.45882957094416,1.5353947524628897,8.654756110265073,0.7225000000000008,4.717039711002524,0.59,3.4243507273096006,0.13733333333333334,0.1397268284406426,0.07728750924571358,6.016546649545958
no_influence,0,51,14.190391139266548,1.5550851070029428,8.37719489175128,0.7258933333333341,4.708144670167745,0.6066666666666667,3.4376276881652785,0.12466666666666666,0.14306957637842757,0.07503020758051719,5.956814377005955
no_influence,0,52,14.143691971821946,1.6009335025932254,8.500127120184754,0.7271822222222231,4.700621816367509,0.59,3.4171331473643494,0.14533333333333334,0.14709662798674264,0.07151449986202309,5.942483391334989
no_influence,0,53,14.01219940220243,1.6265083227686776,8.428690711473699,0.7196288888888897,4.726620464087065,0.5966666666666667,3.4039471354368116,0.14233333333333334,0.15421211435283794,0.06895986194747804,5.896344221395033
no_influence,0,54,14.0168245689567,1.657348234705063,8.397324301214175,0.7177400000000008,4.732563303116885,0.5966666666666667,3.46520756848767,0.145,0.16161759463848502,0.07133147253503291,5.890690047580141
no_influence,0,55,13.772230752729666,1.7059650518846408,8.20832458964922,0.7188666666666675,4.729347811511181,0.5966666666666667,3.4770437628559208,0.14866666666666667,0.16383663834118156,0.07759331784486584,5.8683121373384495
no_influence,0,56,13.618698408004121,1.7192968629385665,8.18767184110927,0.7132622222222231,4.746142444241741,0.6033333333333334,3.469923625301206,0.14666666666666667,0.1632373350254206,0.07402580262874381,5.818984624420808
no_influence,0,57,13.526404885731717,1.754274951459639,8.140686408333663,0.7137133333333343,4.74332426333752,0.6,3.488437330478849,0.15333333333333332,0.17624804243264303,0.07302531561432489,5.787749795331187
no_influence,0,58,13.24034085159957,1.840733988681604,7.912453981771178,0.712462222222223,4.7468856001508195,0.6066666666666667,3.479223141447943,0.15333333333333332,0.17055580022417496,0.08076692385128917,5.731340409865713
no_influence,0,59,13.08329934212971,1.8511537905480184,7.817794220403938,0.7146177777777787,4.737037137836779,0.6066666666666667,3.5130399636288954,0.15866666666666668,0.16276462671708614,0.07495723417163044,5.6723546155034335
no_influence,0,60,12.974090906173805,1.9079268546597785,7.75353600108758,0.7163977777777787,4.733253219006695,0.6066666666666667,3.5357268383955027,0.15966666666666668,0.15949495468686925,0.07801335904664079,5.6489333299084015
no_influence,0,61,12.873749847950826,1.9143333073277742,7.827750654632764,0.7163000000000008,4.731332152996705,0.6066666666666667,3.5419489653730603,0.134,0.14727789532798052,0.08217521542211945,5.596687993226968
no_influence,0,62,12.752076079143968,1.9275729017447645,7.688532775952852,0.7134866666666675,4.74176494509836,0.6066666666666667,3.5790688243903848,0.12866666666666668,0.13690987101589042,0.07118014997271964,5.56191172458729
no_influence,0,63,12.599073032868214,2.0163186044838044,7.674256100090763,0.7170466666666674,4.727247332832855,0.5933333333333334,3.5239632124107887,0.14,0.1448602059068651,0.07670371639024891,5.5278923623035645
no_influence,0,64,12.626491239222965,2.0473988736697386,7.6929253348946816,0.719113333333334,4.722867607143809,0.6033333333333334,3.5847449150468274,0.147,0.15446496793599143,0.07290835411578446,5.531876850406799
no_influence,0,65,12.402217414769261,2.1320524506535543,7.575755204010087,0.7163377777777786,4.732605267686722,0.6133333333333333,3.5569354832234104,0.14866666666666667,0.15195857085226994,0.07286510874746167,5.48949591624542
no_influence,0,66,11.966037584170284,2.2175697413148123,7.233092543804118,0.7217711111111118,4.713898701783958,0.61,3.5296982833261277,0.14966666666666667,0.1622265532742473,0.07939570434152476,5.400372153553541
no_influence,0,67,11.831818640676605,2.237968615341372,7.089465851035959,0.7184155555555564,4.726732553918219,0.6133333333333333,3.504375547288573,0.12866666666666668,0.15015891048813249,0.07288217086204703,5.364197393550818
no_influence,0,68,11.874404105702371,2.2583439944880546,7.276517545891006,0.7176400000000009,4.726001786834287,0.6033333333333334,3.5051011754206396,0.11933333333333333,0.1524854191937483,0.06967904687331931,5.354149799143609
no_influence,0,69,11.62769844029158,2.3009244428212963,7.068447439840578,0.7101822222222229,4.749374267135215,0.61,3.495363398394464,0.15133333333333332,0.16229204389207882,0.06945788301825455,5.306419336790056
no_influence,0,70,11.529463614620601,2.292640405558437,7.022876442960934,0.7101333333333342,4.750086654775332,0.6133333333333333,3.4903273096294325,0.141,0.16005544616957493,0.07477439026974632,5.2609419359311005
no_influence,0,71,11.37861195806617,2.321230036312908,6.975837067162083,0.7074800000000008,4.758975703445808,0.6233333333333333,3.53632317811343,0.15566666666666668,0.17058127900431075,0.06946926296384502,5.225279874716585
no_influence,0,72,11.248170843790787,2.337227742889981,6.901099467765221,0.7054888888888897,4.761644583534954,0.6133333333333333,3.609078762890781,0.14,0.16243831844903386,0.0713561162206673,5.195905466120325
no_influence,0,73,11.063476664117411,2.4462404132261426,6.767345064235732,0.7101266666666675,4.748663242465847,0.6066666666666667,3.5980098384603623,0.144,0.1624719050718076,0.07944647944647945,5.185129729196709
no_influence,0,74,11.030331830266164,2.4669174647791756,6.838175687099731,0.7076955555555562,4.748891095471726,0.6066666666666667,3.562854092255309,0.16133333333333333,0.1630750202330037,0.07088631340566326,5.147385604439976
no_influence,0,75,10.994825523165318,2.4736424571665667,6.962239816836954,0.7084733333333342,4.748132510408783,0.6,3.605338394181628,0.112,0.15896911808140252,0.0668955358080745,5.108352144250637
no_influence,0,76,10.85755004363445,2.5254085781219135,6.9388977109392505,0.7104577777777785,4.74542331643078,0.5933333333333334,3.6078759606216577,0.153,0.17159634362022155,0.06867739029116737,5.070646604924182
no_influence,0,77,10.69979366533153,2.557304909659809,6.797289096808997,0.7132177777777786,4.736973339917498,0.6,3.614070089449351,0.16933333333333334,0.17881085830423382,0.07727964487639412,5.021693805780915
no_influence,0,78,10.520553528940805,2.6354564326273637,6.708402719417346,0.7120800000000008,4.7426511432709155,0.6,3.5869841554157444,0.159,0.1745802436735419,0.07481607487799437,4.97684409221753
no_influence,0,79,10.281510323934926,2.710059639759761,6.513036428285984,0.7080333333333342,4.750364195488768,0.6033333333333334,3.6057779455064534,0.161,0.18253435631200227,0.0671795470324882,4.937026612862096
no_influence,0,80,10.271253031773496,2.716756471169358,6.654372977414946,0.7136644444444452,4.735544980085581,0.6066666666666667,3.5844900265379263,0.161,0.17831152563923097,0.07008853748017835,4.897666772343501
no_influence,0,81,10.224778266171448,2.7553928207273275,6.714361323007235,0.7121800000000007,4.739676761486304,0.6,3.579423895330709,0.14,0.17012872570967943,0.07205904719062614,4.869740611939113
no_influence,0,82,9.955462117113953,2.8356868064930296,6.4703291019884,0.7069688888888896,4.7563994413427295,0.6,3.61176442309258,0.152,0.17370440454315986,0.07540743040356043,4.82552027682456
no_influence,0,83,9.84835272778489,2.861043810930589,6.426109806028682,0.7116244444444453,4.741005327184246,0.6033333333333334,3.597311736573932,0.153,0.1697839922517408,0.07281080159950129,4.77887318341059
no_influence,0,84,9.71234203823181,2.8982234648670477,6.3248908810972635,0.7134644444444453,4.732092470887965,0.6,3.584157796701489,0.15433333333333332,0.1654383873691856,0.07347277665002122,4.749020781225172
no_influence,0,85,9.517474600219693,2.9840354610402864,6.173149701391684,0.7173000000000007,4.718790407725735,0.6,3.602821516342968,0.16,0.17555397817831295,0.08027667035406973,4.697337259170468
no_influence,0,86,9.39799077143505,3.031833291812416,6.08481479729332,0.7213955555555562,4.705277479359178,0.6,3.595090570081834,0.13733333333333334,0.1685936764546426,0.07787216596040125,4.670685784748939
no_influence,0,87,9.27708350041553,3.035343544188179,6.059457304499926,0.7248088888888897,4.694690582080629,0.6033333333333334,3.564858385576305,0.154,0.17833158823271447,0.07371876847496042,4.623141683164647
no_influence,0,88,9.150826520955347,3.108845394397857,6.023780545762479,0.730173333333334,4.682231467287904,0.6066666666666667,3.5469378934636278,0.166,0.16745690276383618,0.08159532733062144,4.600070218351197
no_influence,0,89,8.872082043468293,3.221716098266028,5.804263410878825,0.7324866666666674,4.673276086261316,0.61,3.5234810333443596,0.163,0.15864645203240577,0.0789340061669783,4.5487047785113175
no_influence,0,90,8.681115153694865,3.2971514979502103,5.723912172507199,0.7351400000000008,4.665508470799004,0.6133333333333333,3.5042966319650306,0.152,0.16757728362251764,0.0842429508915577,4.500826954845205
no_influence,0,91,8.69662261137881,3.3092199847629837,5.795494437042333,0.7330333333333341,4.673782306716634,0.61,3.5337232494833968,0.15933333333333333,0.1691058433348114,0.07982868653534289,4.502668583742518
no_influence,0,92,8.62004856764683,3.3437705057567495,5.783828813517352,0.7317444444444452,4.680004005645634,0.6066666666666667,3.563072271483336,0.15333333333333332,0.17433173334104604,0.07812011159921377,4.445671431817034
no_influence,0,93,8.685665709002524,3.3707585833131555,5.87968268660413,0.7274266666666676,4.693474908057785,0.6033333333333334,3.5531901365878684,0.16633333333333333,0.17212948500929137,0.07792631316625125,4.466226359493023
no_influence,0,94,8.393430790095294,3.4394940328040278,5.6400846362336505,0.723702222222223,4.70564155905978,0.61,3.5932108803005454,0.15833333333333333,0.17500035695628985,0.08920156082307786,4.396640203443678
no_influence,0,95,8.250151203061915,3.453694199902193,5.480493456590803,0.7259488888888896,4.6943288119385045,0.6033333333333334,3.595075598271219,0.137,0.1643623019951538,0.07904126890195001,4.362262357326773
no_influence,0,96,8.121873727104534,3.508544937284862,5.403506440645502,0.7310355555555563,4.678656086605421,0.61,3.542328002249526,0.144,0.15606641529119133,0.08171282507195819,4.319361809389878
no_influence,0,97,8.157571835698967,3.522861956551438,5.500732080233685,0.7319911111111119,4.674561921342315,0.6133333333333333,3.52272627654439,0.158,0.15310235470573394,0.08032009699966357,4.314670290827455
no_influence,0,98,7.997419015809784,3.5577090388869976,5.363068219251174,0.7316600000000008,4.675445344638005,0.6266666666666667,3.5393827790253196,0.153,0.16523638690746031,0.08351796079737256,4.268448917599508
no_influence,0,99,8.075277572296152,3.6539199714677792,5.491630859278777,0.7239000000000007,4.698123085439975,0.6166666666666667,3.516638622937594,0.15566666666666668,0.16665680353743786,0.07817630025060365,4.288690680212311
no_influence,1,0,31.059682589580568,0.00780873308695007,14.495378805555948,0.8383666666666673,4.184434989482926,0.43666666666666665,3.5699428838617995,0.055,0.0509372261840378,0.28468442032683516,8.810546870403842
no_influence,1,1,30.625349572894393,0.016284411522174747,14.631510977479975,0.8302177777777784,4.236966166508996,0.46,3.506037131143577,0.08433333333333333,0.08859050874895624,0.306196467647706,8.753811385816375
no_influence,1,2,30.03971609688484,0.029933410695083262,14.819687438361115,0.8194555555555563,4.2949493160349945,0.48,3.517692029022969,0.11666666666666667,0.13732447745259313,0.2535422566769316,8.688497771875738
no_influence,1,3,29.30043262381194,0.033783602968347815,14.208310300820564,0.8020200000000006,4.387639227279843,0.5133333333333333,3.457908053703728,0.17433333333333334,0.19364285013139393,0.21879022909208667,8.556327813416182
no_influence,1,4,28.221601745648947,0.03611312015947088,13.39349143298827,0.7778244444444452,4.501147447209393,0.5733333333333334,3.5069323478854386,0.212,0.23461307825078473,0.1763045408324046,8.367442307539713
no_influence,1,5,27.155657457743896,0.05776246681434005,12.991704320977853,0.7626000000000007,4.565294268161415,0.6,3.596448474412404,0.26,0.2847343543121711,0.14812030776814059,8.189522271300424
no_influence,1,6,26.238236509597016,0.07607444202811253,12.762717022259633,0.7359777777777786,4.670096485438552,0.65,3.7603184078842453,0.25366666666666665,0.29631553734226607,0.12233866136729912,8.032308727703102
no_influence,1,7,25.340808593026836,0.10446986294667182,12.251761114650362,0.7176600000000009,4.732208015946934,0.6766666666666666,3.831137250644935,0.259,0.30219702387176617,0.11330757835788795,7.880414489482717
no_influence,1,8,24.104735166448222,0.14059975883435144,12.014986591059179,0.7076422222222231,4.76901489474686,0.7033333333333334,3.90252367103956,0.284,0.3240070029758069,0.10654913656461644,7.651111511937597
no_influence,1,9,23.13584418325992,0.1779267738770114,11.736151027066688,0.6980488888888898,4.797533721486397,0.6966666666666667,4.012111941952224,0.27366666666666667,0.32588710964099954,0.09944126120983705,7.453713063745684
no_influence,1,10,22.334484996383697,0.22444682674018607,11.603115774656708,0.6872377777777787,4.831208459360574,0.7133333333333334,4.048922322843055,0.234,0.3024382339871486,0.09230268828179045,7.2982307824951524
no_influence,1,11,21.632973754750562,0.27121483570622656,11.222111031443934,0.6809866666666677,4.848787195857826,0.73,4.118311715957356,0.2623333333333333,0.2928861498730347,0.08755146728056945,7.165196682656561
no_influence,1,12,20.717514571992922,0.33562219474309,10.86769689677854,0.6844911111111122,4.837580675257727,0.7133333333333334,4.183297991527898,0.24466666666666667,0.2735937279245061,0.08986413211258412,6.954047364885476
no_influence,1,13,19.760291187156486,0.4118322763367653,10.520506018662918,0.6748755555555563,4.870263027217117,0.7433333333333333,4.177306303037072,0.23666666666666666,0.26892797615331887,0.08197044269799687,6.776836106554636
no_influence,1,14,19.034305492367885,0.47320188558228893,10.077578719755282,0.6594666666666675,4.912970184723916,0.7233333333333334,4.203463603113121,0.21266666666666667,0.26297963215942677,0.07738342683002127,6.648325901329262
no_influence,1,15,18.072482622161566,0.5517750131489425,9.697732837920292,0.6625355555555565,4.90396979067391,0.72,4.235262223443923,0.221,0.24571916933134935,0.07463770663461065,6.474731759718488
no_influence,1,16,17.583833431035995,0.6197513360210566,9.533175513247123,0.6485266666666676,4.944630265682856,0.74,4.22241002343807,0.20633333333333334,0.24034588969463472,0.05962785294054644,6.367187716733895
no_influence,1,17,17.07721341019245,0.6722259097694967,9.387245919270267,0.6563155555555565,4.923928574432884,0.7266666666666667,4.292419912632079,0.20466666666666666,0.22448049253833402,0.05757576602390844,6.260795961639985
no_influence,1,18,16.524530655474546,0.721298980777461,9.089237323377459,0.6541533333333345,4.9293223213536645,0.7266666666666667,4.398416816158256,0.18933333333333333,0.21228935843309152,0.06445751287469553,6.133117808706796
no_influence,1,19,15.996678307414165,0.7976094942214518,8.967016632580775,0.657511111111112,4.918739927920743,0.7133333333333334,4.414693137346735,0.19966666666666666,0.23175751426029023,0.0623701275791059,6.012912339151119
no_influence,1,20,15.506945859035659,0.857408548907024,8.770577194458376,0.6569355555555564,4.923566739188195,0.7233333333333334,4.426047537182479,0.20633333333333334,0.2213907604277424,0.06032613585245163,5.9077564169529895
no_influence,1,21,14.784021451718424,0.9891454297717976,8.413010963754482,0.657600000000001,4.919862168534878,0.7066666666666667,4.3767078927435055,0.186,0.2089198252639341,0.06389997486746712,5.767466744894912
no_influence,1,22,14.312711410465896,1.0639905965142789,8.124364205772544,0.6522977777777788,4.934083523610747,0.7133333333333334,4.343020080183593,0.195,0.20671524164259314,0.06035434236672626,5.646331827189037
no_influence,1,23,13.835910153724456,1.1641544607172283,8.258927720034514,0.6470088888888899,4.945358072195248,0.6933333333333334,4.345010543383699,0.19633333333333333,0.20696782171044403,0.054116816992203984,5.511412922950249
no_influence,1,24,13.419922462479308,1.2213175769544122,8.10729964137068,0.65608888888889,4.918913519720028,0.69,4.330156319732338,0.174,0.1978050767262322,0.05564485623309153,5.412041928839785
no_influence,1,25,13.058867403089339,1.2888169662081768,7.763350168147387,0.6500444444444454,4.931890389192959,0.6866666666666666,4.362724081123177,0.16866666666666666,0.20239337768645854,0.05697255802905957,5.327168258469826
no_influence,1,26,12.516833691650424,1.409027156648404,7.445797655207986,0.6512155555555568,4.928508464235465,0.6733333333333333,4.31719328244871,0.202,0.20874623821750754,0.055413579511876726,5.20210501832409
no_influence,1,27,12.129575903906902,1.5086823713808553,7.25158455076533,0.6457977777777789,4.9375357275441045,0.6666666666666666,4.392936766204405,0.18433333333333332,0.19938977105042857,0.05321631284092584,5.110319979050994
no_influence,1,28,11.886481070323434,1.564966562491342,7.096514946997309,0.6431777777777787,4.9421199728413825,0.6533333333333333,4.421519677672889,0.157,0.19019301221669263,0.0484859947127749,5.06407057658397
no_influence,1,29,11.66970334595571,1.6341311140084387,6.963233719244441,0.6464777777777788,4.93438086963125,0.6566666666666666,4.3825101414998695,0.16033333333333333,0.17124975544358384,0.05024531540011416,5.019691674980188
no_influence,1,30,11.310490943382717,1.6751839310897867,6.731461507850858,0.6549511111111121,4.9060732589979565,0.6233333333333333,4.4088944731520625,0.16433333333333333,0.17885099470831767,0.05454596458466427,4.91291601466092
no_influence,1,31,11.194884458926968,1.7469760747133587,6.709188034290165,0.6523066666666677,4.917076021950689,0.6433333333333333,4.475859694817925,0.159,0.16697637883672237,0.04978102149541778,4.901846640925116
no_influence,1,32,10.993596906759727,1.7648941732234258,6.476044508484877,0.6502533333333343,4.915822883306351,0.62,4.445225904017319,0.144,0.16201522021869882,0.050742178787844414,4.85412726296176
no_influence,1,33,10.836802981977344,1.826857682853536,6.469611645160681,0.6483288888888901,4.919959730500793,0.6233333333333333,4.410757279191096,0.137,0.15083080354725067,0.04668416579407292,4.810269821796655
no_influence,1,34,10.692844218147393,1.9201216194089943,6.37212692933922,0.6509600000000012,4.909797148160873,0.6166666666666667,4.4581688504201145,0.141,0.15074826438773475,0.047909131488852855,4.788682821254366
no_influence,1,35,10.453522309145185,1.978717410371814,6.283536611763342,0.6556955555555566,4.899773439850474,0.6333333333333333,4.535603491177941,0.12966666666666668,0.13691881843499237,0.054243092648665406,4.730530226831677
no_influence,1,36,10.292970217241287,2.0821747596955897,6.209899749963052,0.6591022222222234,4.887055299137737,0.6066666666666667,4.475579953310931,0.13966666666666666,0.15435542897998672,0.052331167284727656,4.713854327764865
no_influence,1,37,10.306527261699234,2.1309085732445143,6.261102260361577,0.6670666666666678,4.865856901959569,0.59,4.516609973037507,0.154,0.16278931656523496,0.05942875193262189,4.716751460511482
no_influence,1,38,10.185042401360649,2.184041008431365,6.3163238076860555,0.668180000000001,4.863145299216466,0.5866666666666667,4.5750377938039355,0.13266666666666665,0.15496450410818677,0.05354974130902923,4.669867065436634
no_influence,1,39,9.979003096791622,2.260547164060935,6.1167078912127675,0.6726755555555566,4.849643516299697,0.5966666666666667,4.519135234435891,0.14833333333333334,0.147621504503314,0.05997259520092337,4.609710635419026
no_influence,1,40,9.607179373678145,2.319573781067787,5.835767852712157,0.6784866666666676,4.837916160398833,0.5966666666666667,4.5865663518702835,0.13833333333333334,0.1571668533356795,0.05424232243504689,4.510860114650545
no_influence,1,41,9.32508345461319,2.392047581140433,5.651443438038575,0.6823688888888899,4.824981268896307,0.5933333333333334,4.552405561577165,0.142,0.16366122949223702,0.06216251097830046,4.418708500172274
no_influence,1,42,9.068965597607333,2.4651075492889114,5.485407207356148,0.6870644444444455,4.811516244547306,0.58,4.625558384707997,0.17866666666666667,0.1715800291393592,0.05022367223992611,4.356855892475749
no_influence,1,43,8.777982740351016,2.49934709074341,5.262813547548758,0.687711111111112,4.8084909363451,0.5733333333333334,4.672671703438709,0.156,0.17132088753317432,0.05448315673547872,4.252634952362555
no_influence,1,44,8.632711185965352,2.651696300377196,5.237943337789577,0.6901044444444453,4.799543689786215,0.5633333333333334,4.750427200565936,0.16266666666666665,0.17384733884660103,0.052495602379503306,4.212708751545073
no_influence,1,45,8.281402616191851,2.7497870212521716,4.999350160549517,0.6919488888888898,4.794695577680538,0.5733333333333334,4.666098657888305,0.16233333333333333,0.17013609754969905,0.053751105705440075,4.1253540452863815
no_influence,1,46,7.983060239133505,2.860935401374453,4.808050606051973,0.6966777777777786,4.782169921252052,0.58,4.725943106758473,0.16333333333333333,0.17349615917495886,0.06097019509558208,4.059304219164198
no_influence,1,47,7.703558346781148,2.967443669522732,4.658833379832868,0.6958288888888899,4.781359550334408,0.5633333333333334,4.717453032039567,0.16766666666666666,0.1856015712129883,0.06176320325701132,3.983653863078833
no_influence,1,48,7.538290908491956,2.9988158011207395,4.541055940864598,0.7025200000000009,4.76347084042124,0.58,4.850385833218655,0.172,0.18195308828709367,0.06103155859734807,3.936158716501547
no_influence,1,49,7.231139835763755,3.1001407563122494,4.3489179510160785,0.7067088888888898,4.751019714364572,0.58,4.853136796049498,0.16233333333333333,0.17146463215854568,0.05748848144745978,3.8304180295085684
no_influence,1,50,6.841008263771792,3.2147053302762205,4.106784924643835,0.7168466666666675,4.717527144515883,0.56,4.7662049932585555,0.166,0.1814854837456632,0.06572755575464553,3.7211734185715564
no_influence,1,51,6.6773981460861895,3.270227505986062,3.9847422922705285,0.7212844444444453,4.7002130729711205,0.5433333333333333,4.751436792453769,0.164,0.1850830756459702,0.06904652508367679,3.672541788220935
no_influence,1,52,6.288259673786854,3.4122308030861417,3.738893177446931,0.7278800000000009,4.680257183783882,0.5433333333333333,4.845247915173182,0.145,0.17740622002325027,0.0678163388612305,3.5438944182495864
no_influence,1,53,6.302785981907392,3.450154043263973,3.692761858514234,0.7329777777777786,4.66632838107598,0.5566666666666666,4.827908401839708,0.164,0.17832531841309032,0.06519978931743636,3.5750115549711396
no_influence,1,54,6.052949226840234,3.5742827256644687,3.5892104172150026,0.7356755555555564,4.655709178078791,0.55,4.819934137529072,0.162,0.16489842771423235,0.06908934603981044,3.477075066484634
no_influence,1,55,5.9192631911150855,3.6556906446485473,3.5444252845628927,0.7400577777777786,4.637960733935875,0.54,4.8146301541261955,0.151,0.15521254300420528,0.06911426221410741,3.427544444153673
no_influence,1,56,5.826895825769723,3.7235138490417867,3.5017021275123503,0.7407288888888899,4.632771474780776,0.5266666666666666,4.799793460165969,0.154,0.16958056937070135,0.06307822251707701,3.4082307078178755
no_influence,1,57,5.645878242027477,3.841572531717244,3.390340832652138,0.7416000000000009,4.627727213103754,0.5166666666666667,4.8028196556964975,0.16433333333333333,0.17711258131567542,0.07284618188255959,3.3397164737811527
no_influence,1,58,5.616201191851853,3.8882833917764485,3.356377062728326,0.7432266666666676,4.619960654846263,0.5133333333333333,4.774485175445236,0.15033333333333335,0.16362463502289515,0.06628053920623579,3.321854463822214
no_influence,1,59,5.547110458544841,3.991418099227063,3.326154401876615,0.7420977777777786,4.622545983761336,0.51,4.760898555723111,0.15266666666666667,0.16824668531263626,0.06954859496655162,3.3018974303339896
no_influence,1,60,5.350454300770024,4.194766272204456,3.2012603786147253,0.7425044444444453,4.622480447595621,0.5133333333333333,4.827319239721788,0.14666666666666667,0.16295363444606106,0.07155131890813005,3.2438485178978365
no_influence,1,61,5.237687761415831,4.276015033945748,3.1702130418374246,0.7372800000000008,4.642208960620857,0.52,4.781423555286851,0.14266666666666666,0.16144316475143639,0.069514715017811,3.1879411119160905
no_influence,1,62,5.141438894719848,4.336189397034593,3.0987312950808077,0.7403133333333342,4.632942946690192,0.5166666666666667,4.8119393095313105,0.144,0.1539437483574401,0.06956185083120067,3.1375048269267403
no_influence,1,63,4.948537467880079,4.449733327915636,2.9410874350619785,0.7422488888888896,4.623124322163552,0.51,4.782394847068504,0.15733333333333333,0.16741805670504342,0.061310498783408995,3.078187888874511
no_influence,1,64,4.831820121260749,4.522219993138744,2.8794000761145404,0.7445488888888898,4.616934963699566,0.5133333333333333,4.815740527257662,0.15533333333333332,0.16834841117519797,0.06483748650157319,3.035800405776325
no_influence,1,65,4.741196654567158,4.596860778647002,2.8088631914053552,0.7509266666666675,4.597278413732926,0.5133333333333333,4.953683065667767,0.134,0.15271691177568464,0.07049643024101228,3.0086536938770005
no_influence,1,66,4.663943080818238,4.684360408401892,2.791548081466875,0.7447177777777787,4.613212192639165,0.51,4.849021848130784,0.128,0.15052307201311815,0.07325178676958863,2.9902673544274223
no_influence,1,67,4.6027230448469,4.796409629763675,2.762353944334138,0.7500111111111119,4.598189964186471,0.5166666666666667,4.882911230947605,0.14333333333333334,0.15747799701996826,0.06838499348948265,2.959517159132236
no_influence,1,68,4.4639601683866275,4.895940306608372,2.6626012889071893,0.750282222222223,4.593496072792419,0.51,4.846870942681082,0.154,0.15614357741550966,0.07396348219490635,2.9087649339607236
no_influence,1,69,4.31395634662213,5.017307420326073,2.6147750725884644,0.7530933333333341,4.583813567360131,0.5033333333333333,4.933573828265517,0.14466666666666667,0.14965560434340017,0.08052674578603371,2.8536257544826653
no_influence,1,70,4.209740310232892,5.118042195527213,2.5627583009978254,0.7526733333333342,4.584336601224905,0.49666666666666665,4.966974009285742,0.153,0.16465677197770473,0.06751023486317605,2.825561033684848
no_influence,1,71,4.0120660751071515,5.227236841363487,2.3655905188424695,0.7602755555555564,4.552248232101676,0.48,5.0195225699098,0.16333333333333333,0.1760456419278394,0.07656656567260282,2.7865383827569463
no_influence,1,72,3.9289861719354096,5.338873741119425,2.301475830513218,0.7635666666666674,4.539496810449201,0.46,5.042096724334509,0.16366666666666665,0.1753469926793682,0.0840844821959373,2.7595460270495455
no_influence,1,73,3.857340773987947,5.400049161409707,2.2572353096137836,0.7648066666666675,4.537565197351847,0.4666666666666667,5.03383953159349,0.15433333333333332,0.17940573068113194,0.08333415853152695,2.733587083696818
no_influence,1,74,3.709984376422631,5.500699693119605,2.158254583465749,0.7661133333333341,4.532754444391278,0.4666666666666667,5.116883247021493,0.18133333333333335,0.1852086023493644,0.0713613580834943,2.665347609751782
no_influence,1,75,3.61999308095583,5.58680231605474,2.063137265094396,0.7677444444444453,4.528823243238827,0.4633333333333333,5.049288546517061,0.13966666666666666,0.14816312510870547,0.08332684400795856,2.6250093668173324
no_influence,1,76,3.4789278720955954,5.654869762106135,1.998852724883573,0.7743888888888897,4.501041870517699,0.4533333333333333,5.027028109217474,0.14766666666666667,0.16229360643855426,0.09033761731904147,2.5589484231992716
no_influence,1,77,3.395946156743293,5.744642721967164,1.92945343292338,0.7769155555555562,4.490939287781563,0.45,5.054409398459151,0.154,0.16987032859537096,0.08263624118113282,2.5121966068791437
no_influence,1,78,3.3460465156273242,5.796535987514883,1.895355294767501,0.7847666666666673,4.458541366751091,0.44666666666666666,5.079639358320034,0.15666666666666668,0.18560927315692546,0.09145765597777981,2.5027810950229044
no_influence,1,79,3.319230061853475,5.8914777499746425,1.9033930850440064,0.7894955555555563,4.439060604504435,0.44333333333333336,5.028160267447,0.16366666666666665,0.17774248110503327,0.09346654721267723,2.484781135737765
no_influence,1,80,3.2668927336908955,6.002884679709538,1.8540498952975182,0.7924511111111119,4.42777048598173,0.44666666666666666,4.97625015072473,0.163,0.16426740038283114,0.09203710476543293,2.4766706078497025
no_influence,1,81,3.220516381483372,6.10377214731343,1.8377374210835093,0.796593333333334,4.410088439953876,0.44,4.929798138299314,0.146,0.15844645797299567,0.09374398319831756,2.4657312094937742
no_influence,1,82,3.155318273753251,6.175417942081852,1.807361736337459,0.7958288888888896,4.413299986805185,0.44,5.001084122597954,0.149,0.16503876543537555,0.10013375012214021,2.4454416923805544
no_influence,1,83,3.09063774005105,6.271610479586639,1.7490682832720126,0.7970511111111118,4.406785413216956,0.43333333333333335,4.9768721022749824,0.13466666666666666,0.1673458386295163,0.09751165715948998,2.4170008669638245
no_influence,1,84,2.9166453535319996,6.3979149340471135,1.6403879088074442,0.7972911111111118,4.404678822716129,0.43,4.8972267958308064,0.15166666666666667,0.15780004885654195,0.0888634182867929,2.333282777002861
no_influence,1,85,2.867099158357064,6.464679360275694,1.6124137400205936,0.7990488888888896,4.391651590750559,0.42333333333333334,4.91241472912381,0.13133333333333333,0.16155445690698908,0.09960018653517105,2.304425506306026
no_influence,1,86,2.7904428935808596,6.605953147166135,1.5793795894035496,0.8006955555555563,4.382880918995361,0.42333333333333334,4.902611816307083,0.16,0.17427913401458847,0.09122783076343448,2.270134010326198
no_influence,1,87,2.7722238009600204,6.6200451619369165,1.5643465080295997,0.8022755555555563,4.374482584148809,0.4166666666666667,4.943524709514506,0.14633333333333334,0.1513507616556279,0.09076519541689819,2.2585803381681835
no_influence,1,88,2.739255341191642,6.7045789914605685,1.5456815704657219,0.803644444444445,4.366408003501092,0.41,4.931943590748662,0.14566666666666667,0.15057291826875538,0.09135074362628542,2.25191054430699
no_influence,1,89,2.667688732413234,6.691849133576749,1.4951848731414612,0.8033511111111118,4.365049407287268,0.41333333333333333,4.957845536480236,0.13533333333333333,0.15995946928415888,0.09621834792887424,2.2199699962223955
no_influence,1,90,2.6184942837753904,6.851792556238868,1.4789114554901182,0.8062733333333341,4.349795272960016,0.4066666666666667,4.940289317244604,0.12566666666666668,0.1446941733313583,0.09232526388873137,2.197492978615593
no_influence,1,91,2.5401862510040822,6.932441033084164,1.433069318927549,0.8108844444444452,4.327773783878207,0.4,4.963909333823581,0.13566666666666666,0.15762647340781794,0.09315219925127045,2.1581760687215477
no_influence,1,92,2.486801093628117,7.0508481147385815,1.4222829118500946,0.8131222222222229,4.3139846226911756,0.38666666666666666,4.951069388457173,0.15966666666666668,0.16178844817974947,0.09608050890171632,2.118782581680731
no_influence,1,93,2.445469158118951,7.0700691526807615,1.4048770201706253,0.8150400000000007,4.301913402830729,0.37333333333333335,4.946507079623199,0.13533333333333333,0.15584148628706024,0.09686148660993862,2.0931591349032597
no_influence,1,94,2.41510378619924,7.185615456869765,1.3952211514419113,0.8155777777777784,4.2984653756412925,0.37333333333333335,4.9252576333404825,0.13833333333333334,0.15108631364891575,0.09575735538970832,2.0827517962008986
no_influence,1,95,2.3538862680002803,7.26033212912123,1.346527870201575,0.815333333333334,4.301926143797953,0.37333333333333335,4.914140926571288,0.13433333333333333,0.15693447476193215,0.10049753193716043,2.0569871976425977
no_influence,1,96,2.3114682367293966,7.3795706873866695,1.3292140435072293,0.8145822222222229,4.3053292717094385,0.37666666666666665,4.997485074843487,0.15566666666666668,0.1578188682617482,0.09995215139177986,2.031157082955353
no_influence,1,97,2.25427378158982,7.455242367074982,1.2893035858519983,0.8138977777777784,4.310447131294943,0.38,4.974866015790461,0.13966666666666666,0.14498051485861524,0.0984063035920621,1.9956564363701321
no_influence,1,98,2.2357418199283745,7.476186556147174,1.2713771854334537,0.816533333333334,4.295296515062396,0.37,5.026576272672096,0.154,0.15357882511373325,0.10263644909155745,1.9747660271274192
no_influence,1,99,2.183922692635842,7.573975038228323,1.255305843990219,0.817813333333334,4.293133096086448,0.37333333333333335,4.991477239196741,0.13733333333333334,0.1526653477251084,0.10015769919794688,1.9464889400231566
no_influence,2,0,29.386737406006404,0.016657672012880265,13.36269884173029,0.9304711111111114,3.372934649240204,0.18333333333333332,3.638646978668851,0.25333333333333335,0.3250146460869333,0.5011771278257346,8.584082607762198
no_influence,2,1,29.08698793966056,0.03593002428091496,13.743995073801134,0.9092444444444447,3.6135069417582826,0.21,3.7579410593217712,0.24566666666666667,0.2804975139134232,0.34789123859170296,8.582652191943247
no_influence,2,2,28.395189105835247,0.054556668937729036,13.653741730487962,0.8928311111111115,3.7840054413421638,0.25,3.860712040692089,0.19833333333333333,0.2349289611873877,0.2950412186712496,8.50616204689519
no_influence,2,3,27.936113742810733,0.0811724703378669,13.800624011009544,0.8848311111111115,3.8591053318335042,0.26,3.928348965269324,0.17833333333333334,0.22066590315174395,0.2543547766303184,8.456882813979712
no_influence,2,4,27.433222183936575,0.10958397526104019,13.790789690749282,0.874655555555556,3.9448534368450776,0.2966666666666667,3.9739418884221513,0.17833333333333334,0.19878109337848326,0.2524154539131319,8.39860090166303
no_influence,2,5,26.611375310681613,0.15505041868903524,13.911168797958105,0.8658466666666671,4.013708366969466,0.32666666666666666,4.0729525026563485,0.17733333333333334,0.2014646865437846,0.22312331130055588,8.325124137302003
no_influence,2,6,25.736266409801875,0.19652584145779695,14.03028925110241,0.8580822222222227,4.068680154991166,0.35,4.10729301458079,0.17766666666666667,0.20664954684575879,0.19404287619844893,8.228909760296174
no_influence,2,7,24.869002054274052,0.2363464348972864,14.014079417496271,0.8500622222222227,4.1239649892362635,0.38,4.241726740838738,0.176,0.20096066367972104,0.17560699276643546,8.124126614226816
no_influence,2,8,24.39419815539487,0.2607088317471911,13.621646540251751,0.8470422222222228,4.143920047569472,0.38666666666666666,4.258120173194869,0.196,0.2019825322960643,0.16595741161143637,8.056017288374038
no_influence,2,9,23.834029964210057,0.27806766436289765,13.266877069943412,0.8438666666666673,4.166287377399133,0.4066666666666667,4.270023996609496,0.17,0.1990749054907683,0.16370793579771908,7.944870788659846
no_influence,2,10,23.56351578039124,0.29343778275116383,13.034772133077686,0.8421866666666673,4.1774429092137275,0.42,4.256318898565798,0.16166666666666665,0.18318487286043858,0.15567371397092758,7.88122642397569
no_influence,2,11,23.09377136511343,0.3262129974586979,12.829524337800006,0.8402200000000006,4.188253599638619,0.4166666666666667,4.238452340923903,0.181,0.1937903712355937,0.1589723042122423,7.790471168373248
no_influence,2,12,22.59398799323485,0.33660851176480866,12.258502665764794,0.8346488888888896,4.223148437715551,0.45,4.318323115511074,0.16266666666666665,0.19688045202783588,0.13698418211189106,7.665213352602746
no_influence,2,13,22.047694766352716,0.3722195950986491,11.920572296895948,0.8315422222222228,4.240243491281248,0.45666666666666667,4.355301802969944,0.194,0.19395714430181282,0.13399601387604482,7.570380746269123
no_influence,2,14,21.879164393660666,0.3929724939133611,11.527157175418369,0.8272933333333339,4.263760002617994,0.46,4.410972912960917,0.18233333333333332,0.1987202365795484,0.12848451012924697,7.523765148050806
no_influence,2,15,21.493470376629123,0.4096527101531945,11.085521216372515,0.8241088888888896,4.279153331764043,0.46,4.384017261989286,0.183,0.20023362357183566,0.12175617840478523,7.418948562589454
no_influence,2,16,20.962673461518012,0.43174337653991457,10.826302407725837,0.8212777777777784,4.291997653205939,0.46,4.390182776771291,0.185,0.19244332977650278,0.12925119385258707,7.3195251475695455
no_influence,2,17,20.40262547964207,0.4860534977262846,10.61127707061502,0.8144844444444451,4.323994299016815,0.4533333333333333,4.3632775016359755,0.18,0.19115508791293298,0.12119181572354946,7.22587554534902
no_influence,2,18,20.042124264221357,0.5042890914744184,10.392055830940077,0.8167800000000006,4.3154334625877295,0.47333333333333333,4.365880971767628,0.16666666666666666,0.18899365528256845,0.12183440942728867,7.126154076037344
no_influence,2,19,19.469853071864847,0.5625755489426993,10.269489113971293,0.8183955555555562,4.301570576042295,0.44666666666666666,4.327970877274722,0.17366666666666666,0.1855117323048714,0.12476921226921228,7.031623384050889
no_influence,2,20,19.32716439687015,0.5988940692937772,10.183161850756257,0.817144444444445,4.303901304964726,0.44,4.305018290072661,0.17733333333333334,0.18605775030887975,0.11747307717508955,6.987884789181623
no_influence,2,21,19.251005008944873,0.623205105585739,10.305475419593616,0.8141111111111118,4.318564703102549,0.43666666666666665,4.306275860725214,0.15866666666666668,0.178301075543534,0.11450794217822081,6.955808332099731
no_influence,2,22,18.962235786263037,0.6633796483557266,10.365774752408344,0.8110711111111117,4.3319695052888365,0.43666666666666665,4.344441032255973,0.16833333333333333,0.17504567320236292,0.10948639667292918,6.918453401631591
no_influence,2,23,18.68456666039394,0.7077642966896307,10.332816582316974,0.8117244444444451,4.333918222791462,0.4533333333333333,4.328357100715462,0.15533333333333332,0.18695823809967516,0.11785695527955589,6.837421759940532
no_influence,2,24,18.60476658864589,0.7230387271183278,10.453797847568694,0.8124511111111118,4.331500297042628,0.45666666666666667,4.351571097921443,0.168,0.1763985903541966,0.127335216812771,6.825952639533937
no_influence,2,25,18.161070359620425,0.7931407252033,10.516038650472563,0.811533333333334,4.337839113861071,0.47,4.285560122570982,0.18033333333333335,0.17304329088286788,0.11014685950444464,6.74845563084433
no_influence,2,26,17.952517926728536,0.8207126670694909,10.438739896349361,0.8099355555555562,4.343087076292211,0.4533333333333333,4.272099009962968,0.17233333333333334,0.18718802615467794,0.10992653974852118,6.684752785805121
no_influence,2,27,17.71984300670244,0.877337989444128,10.306313044499193,0.8106288888888895,4.335704957651831,0.44333333333333336,4.320767303536503,0.16233333333333333,0.16688286142881317,0.10803073703615498,6.647935241586502
no_influence,2,28,17.254544704130467,0.9528693707626081,10.24755536481391,0.8063577777777784,4.352669385489994,0.44666666666666666,4.34621875654979,0.16066666666666668,0.17706249681582567,0.09964915273351806,6.543771427619903
no_influence,2,29,17.000617878241968,0.963613770735017,10.219691285401012,0.8066111111111118,4.349409104586559,0.44666666666666666,4.392704974903096,0.15666666666666668,0.1758752210948322,0.11477312161522688,6.455243377023629
no_influence,2,30,16.90055321694261,1.0326714396468075,10.328782463030699,0.8057000000000007,4.349400768980725,0.43666666666666665,4.4001164798062415,0.14533333333333334,0.15709315804471488,0.11242414806269295,6.436329040001347
no_influence,2,31,16.751424574237657,1.0884697484867913,10.438735238597436,0.8044800000000008,4.351518701993696,0.4266666666666667,4.369011209121095,0.128,0.13769180045170704,0.11526646627652819,6.384331472602352
no_influence,2,32,16.367701706742107,1.1439073910096405,10.176620254574976,0.8058355555555562,4.341064496066602,0.43,4.307612682539972,0.12466666666666666,0.13087827540104666,0.11015766855550138,6.33278622471557
no_influence,2,33,16.092788041398556,1.211096727163018,9.998659913947218,0.8059222222222229,4.340852139241191,0.4266666666666667,4.254258984250371,0.12733333333333333,0.13803789196135782,0.11333819474299352,6.30424464759358
no_influence,2,34,15.965513272604293,1.2685065190016858,9.938191113636272,0.8059088888888896,4.344530306677977,0.43,4.282652900791894,0.15233333333333332,0.16112107647108007,0.11103138362039289,6.2756469774561685
no_influence,2,35,15.649979123856708,1.3259998847852537,9.75554038258137,0.8059400000000005,4.347744171156232,0.43,4.295284509220881,0.157,0.17085179710177095,0.11656286953500576,6.230170390009602
no_influence,2,36,15.677672987720113,1.3740692203833522,9.82995580060396,0.799913333333334,4.377072621370846,0.44,4.290129833608711,0.15466666666666667,0.17743410264733633,0.1121879075516846,6.2163112009512185
no_influence,2,37,15.198016967413336,1.447028807733273,9.583319929325285,0.8050266666666674,4.356876626992348,0.44666666666666666,4.295357364710653,0.17233333333333334,0.18123059031245456,0.12091867483508352,6.13974500871041
no_influence,2,38,14.947308916379999,1.503562080332428,9.397659821448407,0.8004777777777785,4.380877041823582,0.45666666666666667,4.335017566311868,0.161,0.17809559343436546,0.1055902356444152,6.100868292213313
no_influence,2,39,14.893267469216553,1.5699855789508554,9.467182169941918,0.7988600000000007,4.386021601200104,0.4533333333333333,4.292919933107248,0.17233333333333334,0.1781926376706897,0.1084745052276012,6.099070409361718
no_influence,2,40,14.62418105587895,1.6150460529350068,9.40588018826815,0.7997311111111118,4.377474924962745,0.43,4.2764947293393,0.17333333333333334,0.19416241840635062,0.1131619023105091,6.031311564997316
no_influence,2,41,14.370724882518367,1.6286474643206732,9.204879847870378,0.7972266666666674,4.384961706005257,0.43666666666666665,4.301873881787746,0.17733333333333334,0.1926207447078078,0.10879233497267551,5.95043698270846
no_influence,2,42,14.364372555318994,1.6751195915340198,9.497107779024835,0.8003377777777785,4.3679505184519964,0.42,4.338632663080751,0.16233333333333333,0.17861533416574774,0.10760814807254436,5.908003546341554
no_influence,2,43,14.135517373414796,1.7249488787912315,9.295175658513651,0.8035488888888895,4.355904145386222,0.4266666666666667,4.3268422035333485,0.15766666666666668,0.17078771711212734,0.10502579019993881,5.863060214168886
no_influence,2,44,13.92642986559627,1.7670692042435345,9.226131643674005,0.801993333333334,4.362566306748097,0.43666666666666665,4.394049769251651,0.15,0.1667247798492079,0.11200363104387871,5.818332330194143
no_influence,2,45,13.720807851989225,1.8843476332382634,9.095333076694235,0.805222222222223,4.3462686744207755,0.4266666666666667,4.398592525633367,0.17633333333333334,0.18206092327716641,0.1188051007013855,5.790102343995438
no_influence,2,46,13.264613080840459,1.9370080291593406,8.891329278242583,0.8060022222222228,4.338244954426365,0.42,4.440777505897776,0.16933333333333334,0.17766508850491047,0.11605785368169269,5.675816031971887
no_influence,2,47,13.137081125276804,2.025038727333686,8.971515704462973,0.8022844444444451,4.353802890559631,0.42,4.461829569059924,0.16133333333333333,0.17105905839257485,0.10600459081109236,5.629209310038557
no_influence,2,48,13.003331326655424,2.0372227706999224,8.837654898336076,0.7987377777777785,4.377376268395455,0.43,4.430117943036764,0.15533333333333332,0.1705349201799528,0.09854644939397263,5.601787323039083
no_influence,2,49,12.676128794994325,2.0929942848525487,8.51571048570706,0.8025022222222229,4.351668507284343,0.4166666666666667,4.430895934813699,0.14266666666666666,0.15721786429486387,0.1134641994858713,5.556104503206366
no_influence,2,50,12.76211406351906,2.12404722797164,8.569732939781513,0.8013866666666674,4.361398284290626,0.42,4.388231936230195,0.146,0.1666374127769985,0.11226666851666854,5.555921336661872
no_influence,2,51,12.48825280726473,2.2061618770075793,8.457435987628996,0.802475555555556,4.350571378483336,0.4,4.407762603833535,0.14966666666666667,0.1596210830796498,0.11956632878072507,5.4770957616089175
no_influence,2,52,12.486053761890291,2.255755259559839,8.57152145798931,0.8031511111111118,4.35075807891636,0.4166666666666667,4.42431159226262,0.14033333333333334,0.16003609483436274,0.1097277435899727,5.4618429216998265
no_influence,2,53,12.365183972388966,2.2861819374654457,8.5522919378873,0.806173333333334,4.335121620927557,0.42,4.474676933300561,0.151,0.16282870493031226,0.12313967880531348,5.415617966133298
no_influence,2,54,12.247649567748532,2.3214130673827063,8.52622740222835,0.8076066666666674,4.324750596365922,0.4033333333333333,4.408190388200787,0.14,0.1436488418523928,0.11578948155960542,5.350061421139181
no_influence,2,55,12.004925379993836,2.4123836797089853,8.387374598771785,0.8081266666666673,4.323397122526761,0.4033333333333333,4.362141312846015,0.152,0.16730358468419404,0.12176240225775828,5.309861988764644
no_influence,2,56,11.704996489679813,2.4786378870987367,8.105152903952858,0.8062777777777784,4.332047201546661,0.41,4.3621829982009945,0.16266666666666665,0.1733108562299535,0.11334273956177982,5.261669790261713
no_influence,2,57,11.648818424794252,2.5184572487917194,8.188170102876299,0.806424444444445,4.331051521406514,0.41333333333333333,4.350639669428632,0.153,0.17325315202698655,0.11616989463351692,5.233901181994444
no_influence,2,58,11.549519120541607,2.570429808404308,8.134066618662182,0.8081600000000007,4.32097626350069,0.4066666666666667,4.38029264520258,0.15666666666666668,0.16620161429993133,0.11411500407630439,5.216391293967715
no_influence,2,59,11.298531061240773,2.6302820056405585,7.859213150328055,0.8071911111111117,4.326447967843939,0.41333333333333333,4.3479584198454315,0.15766666666666668,0.17541692572091055,0.11746824010755899,5.176535407995009
no_influence,2,60,10.956785452803262,2.7367190414073557,7.631327506796254,0.805013333333334,4.334862783095993,0.41,4.392567237283998,0.15566666666666668,0.17654727064043868,0.12267438630054729,5.121117455016038
no_influence,2,61,10.741764930636272,2.8684130361910976,7.508417093799801,0.8092288888888894,4.316402418983878,0.42333333333333334,4.358521506521004,0.16533333333333333,0.17358418498500894,0.13966224393081977,5.0965343413324105
no_influence,2,62,10.746733111619385,2.853657300727713,7.629397364755343,0.8063377777777784,4.326838874401113,0.4066666666666667,4.3482866427849345,0.16233333333333333,0.1726746902932378,0.12513632151016052,5.053897338372085
no_influence,2,63,10.558537611879641,2.901839831236604,7.544122724926695,0.8101866666666674,4.310894823288811,0.4166666666666667,4.437932773391228,0.13833333333333334,0.1481478340301202,0.12654977690581404,5.009602973376711
no_influence,2,64,10.358632339396854,2.988558985116491,7.410108796724828,0.8076377777777783,4.316736253526253,0.38666666666666666,4.368809035233106,0.16066666666666668,0.16293170900458992,0.11493377107928189,4.96941991576601
no_influence,2,65,10.386847763859608,3.0326260000981886,7.492626955507797,0.8091222222222229,4.3176093081633535,0.4033333333333333,4.383848293659427,0.15066666666666667,0.16215266304294218,0.11231684509161288,4.943729680581774
no_influence,2,66,10.305879082874949,3.0478624312131313,7.443125005902498,0.8132177777777785,4.2974156713941865,0.41333333333333333,4.400438419205804,0.15933333333333333,0.16959203331498665,0.12711541368275117,4.920813648703624
no_influence,2,67,9.922916249302459,3.1589727206050418,7.138503357048423,0.8110222222222229,4.307472216677723,0.4066666666666667,4.390205722520289,0.15433333333333332,0.16602581572811517,0.116333378237403,4.845675650722447
no_influence,2,68,9.821575540449542,3.210652754593535,7.111771371353535,0.8143444444444451,4.292276719900198,0.39666666666666667,4.423189846525102,0.14733333333333334,0.19030775456974325,0.11949583769630209,4.810852115349892
no_influence,2,69,9.639291170464537,3.265972450292571,6.972815021698411,0.8166488888888895,4.276377329655536,0.4,4.438060027805698,0.17533333333333334,0.17917760024637489,0.12427851116318607,4.78959983597135
no_influence,2,70,9.399992050157662,3.3668442324660113,6.771556312410544,0.814493333333334,4.291053895080033,0.4033333333333333,4.3797872584143445,0.17266666666666666,0.18761181335701224,0.12297453735921228,4.749287410100384
no_influence,2,71,9.377276045909793,3.4580934298637835,6.855236231015722,0.8163466666666673,4.278945917565209,0.4033333333333333,4.466378837992715,0.184,0.18867417834210323,0.11332088233404022,4.716898651529598
no_influence,2,72,9.188972332655888,3.5402149000372605,6.758176736741203,0.8185977777777784,4.268916021966355,0.3933333333333333,4.502762001505903,0.17233333333333334,0.18477472836798886,0.11977509289815792,4.678395175557232
no_influence,2,73,9.019875450042733,3.62832297233666,6.6548812822099315,0.8198711111111117,4.259123807085239,0.38666666666666666,4.505954001124395,0.18166666666666667,0.18904873204337966,0.1238967130221,4.628267303838203
no_influence,2,74,8.975845219568551,3.6681842946027743,6.701541266488977,0.8203022222222228,4.260479114455508,0.38666666666666666,4.466905240756108,0.15266666666666667,0.17408137014918337,0.12645499237604502,4.578412920882717
no_influence,2,75,8.838104815519111,3.6745248331812936,6.5490305778066205,0.8201600000000006,4.2614331181152085,0.39,4.452423456846942,0.17533333333333334,0.1769612344915383,0.11890923103384404,4.557865927054626
no_influence,2,76,8.80929434622774,3.795280102468288,6.554132838773302,0.8209800000000006,4.256621958078449,0.37666666666666665,4.432115261550183,0.17466666666666666,0.18630380726892232,0.11576586310719438,4.574768677969431
no_influence,2,77,8.873423851286482,3.8662295148045445,6.688607156812692,0.8225666666666672,4.2461870011038805,0.38,4.470702739580962,0.164,0.18649951128475345,0.13168780494244892,4.56536106066961
no_influence,2,78,8.641696973380707,3.9108446266445567,6.475079205810921,0.8234488888888896,4.244143844396738,0.38,4.492539903146087,0.17266666666666666,0.17470559021874632,0.12087673764144351,4.519334581852878
no_influence,2,79,8.703666933701104,3.9374273743249963,6.564580402277279,0.8185644444444451,4.260363730410337,0.37,4.470584735353438,0.17166666666666666,0.17571214948483796,0.11836355122345833,4.51180602594771
no_influence,2,80,8.713867408212245,4.05071986446383,6.612606991742893,0.8200288888888895,4.256992160186883,0.37333333333333335,4.459148290871562,0.138,0.1729852574772255,0.11724840633509363,4.52735576741845
no_influence,2,81,8.70377173492834,4.0901621884521555,6.659906397308735,0.8152488888888895,4.281678389605738,0.39,4.434376670583923,0.17366666666666666,0.17523802791795712,0.10926888614195117,4.504369755714092
no_influence,2,82,8.472398645816849,4.197827437669484,6.503510042499618,0.8154733333333338,4.281515471827388,0.38333333333333336,4.541602831753315,0.175,0.18311812439529285,0.10529370970160444,4.453482109378233
no_influence,2,83,8.371012542907065,4.262091410815326,6.459798972043922,0.8157155555555561,4.284615914922347,0.38666666666666666,4.5488803045754125,0.15366666666666667,0.17871615398207505,0.12346219827643976,4.408934099737929
no_influence,2,84,8.297933396238,4.250081766792376,6.4202325083857446,0.819353333333334,4.265781666689298,0.39,4.487996293254638,0.15033333333333335,0.165979893958957,0.11955044095910969,4.388479601941055
no_influence,2,85,8.303297865124952,4.354543658456662,6.490336602619745,0.819033333333334,4.261625414980273,0.38333333333333336,4.459689673635215,0.166,0.16704914247492725,0.1258455275947536,4.374008896975095
no_influence,2,86,8.125489351522821,4.387399556237646,6.3095519785533725,0.8179000000000005,4.260910096007084,0.38333333333333336,4.487783165028907,0.144,0.16965604807734772,0.12749114018076868,4.340899617373232
no_influence,2,87,7.888216521211241,4.50268161854355,6.1491170205325645,0.8181711111111117,4.263695889027996,0.37666666666666665,4.4172941265181835,0.141,0.15647196406964664,0.1278771099901131,4.267888880509486
no_influence,2,88,7.804281733349096,4.571106372273313,6.132572460890277,0.815384444444445,4.279034393669453,0.38,4.3913200178198615,0.16433333333333333,0.17398576157941176,0.12225962247247078,4.240329029746424
no_influence,2,89,7.816322128799787,4.612123321077246,6.141412607282979,0.8157488888888895,4.278894300024827,0.37666666666666665,4.4466773791763705,0.177,0.1838102121028055,0.11560252913581086,4.237824447679935
no_influence,2,90,7.779377091917804,4.6311594236845774,6.123528923757823,0.814024444444445,4.289005182736525,0.37333333333333335,4.429712643678619,0.15733333333333333,0.1778612015139423,0.1193367759118533,4.210796563717037
no_influence,2,91,7.803695849134367,4.673779002035877,6.185827392573239,0.8152622222222229,4.285128652310686,0.38333333333333336,4.44500805747734,0.162,0.18458150342793214,0.12153287945857603,4.188451551639533
no_influence,2,92,7.663240043545588,4.798557610055189,6.089808695202294,0.8163955555555561,4.274036358730376,0.38333333333333336,4.458359790320294,0.16966666666666666,0.19135765438161878,0.11479250453708659,4.159865448275735
no_influence,2,93,7.591599218929325,4.919153780474488,6.099574890333472,0.8205555555555561,4.255938619699164,0.37,4.467623243631465,0.16166666666666665,0.1791043219127965,0.12389372438134046,4.109742369453271
no_influence,2,94,7.467837767135715,4.916933031469762,5.9548106890814925,0.8235466666666672,4.239507452962292,0.36666666666666664,4.521835397189109,0.16766666666666666,0.1862649336160139,0.12500557964567252,4.102104374601564
no_influence,2,95,7.283247109627491,4.987426430991347,5.7566846668463425,0.8224488888888896,4.247263513925679,0.37333333333333335,4.497441919853092,0.159,0.1800250582236441,0.12577658781993148,4.079496288557109
no_influence,2,96,7.176951677484237,5.11754242889699,5.706659092585884,0.8221511111111117,4.248355262445651,0.37,4.418715375888502,0.16566666666666666,0.17378138928995543,0.11776755709031249,4.061147135386984
no_influence,2,97,7.255456753311989,5.184192109985741,5.914293601838294,0.8189488888888894,4.264356255024466,0.38,4.505339073150985,0.17666666666666667,0.17648767228642337,0.12485407909943513,4.042512559301532
no_influence,2,98,7.205319091097275,5.308190848451762,5.952119354606012,0.8207933333333339,4.2548984304549995,0.38333333333333336,4.533069450078065,0.14933333333333335,0.17475427146823808,0.12314707308515357,4.0185873352257495
no_influence,2,99,6.997461514278801,5.42554524090146,5.7996112427216655,0.8188022222222229,4.265150668853446,0.3933333333333333,4.5265904230463,0.16066666666666668,0.16366308328215226,0.11964883685858917,3.9747958393614247
no_influence,3,0,30.401033627637844,0.008509944957566962,14.006543214283267,0.9026644444444447,3.697234200569483,0.3333333333333333,3.6162450201772542,0.16733333333333333,0.21623171941219121,0.3523207418369957,8.723072924764859
no_influence,3,1,29.65241041223922,0.025755180268952516,14.357751918242707,0.881755555555556,3.8902468403807235,0.36666666666666664,3.6174067301488124,0.162,0.1844885806370737,0.3143280317893321,8.644311161689629
no_influence,3,2,29.322172340341396,0.03172120963504055,13.850531757149335,0.8682911111111116,3.99727616610826,0.38,3.6154789072686646,0.169,0.1781825764482916,0.2662532372168595,8.574796290062125
no_influence,3,3,28.990869925343556,0.04296147916070647,13.613745972956831,0.8518955555555561,4.115064768006659,0.43,3.6240688835752697,0.14966666666666667,0.17765469575327558,0.22419958066242893,8.513410666408218
no_influence,3,4,28.20121541346008,0.05054510758128694,13.23941440423706,0.8401200000000005,4.18899277754064,0.46,3.626106570051466,0.156,0.20046578613146046,0.21159592013307182,8.38360290780773
no_influence,3,5,27.43792708570189,0.07627911331177106,13.04035846821105,0.8279488888888895,4.259922338364575,0.4766666666666667,3.6317605099912686,0.19366666666666665,0.23232902195158558,0.19508613075950537,8.260546659443166
no_influence,3,6,26.64023288755714,0.10853781929406803,12.364129564750275,0.8105311111111118,4.3534461329454,0.49666666666666665,3.612693376188044,0.21333333333333335,0.24209442656995886,0.16590826213117232,8.126926896592886
no_influence,3,7,25.53281958688997,0.14086178627371793,11.886197333898263,0.7912644444444452,4.446661346919629,0.52,3.6272217317414612,0.232,0.2673696672071734,0.14734661623206513,7.940389166366534
no_influence,3,8,24.83147953974181,0.1896991083541471,11.66929578912359,0.780062222222223,4.497192377247087,0.5233333333333333,3.691591165148549,0.23566666666666666,0.2794571109748394,0.13010594124371214,7.824288042091229
no_influence,3,9,24.171416284771794,0.22670691427547707,11.376383776696446,0.7643777777777785,4.558886344414551,0.53,3.8058868585030967,0.234,0.29548214176785886,0.11277738629905812,7.6877599867791595
no_influence,3,10,23.396845873550166,0.2861043118401142,11.152708554651902,0.7445355555555563,4.63600815975426,0.55,3.8787289472863025,0.227,0.2912898489075331,0.10719018826603964,7.544906815857323
no_influence,3,11,22.343284898024503,0.3385574132463108,10.515773838288787,0.7322377777777784,4.677075542942665,0.5633333333333334,3.9094122334965573,0.26,0.3102899393511575,0.0920631320863519,7.347373185432968
no_influence,3,12,21.922637578668,0.382158708216523,10.31663815163675,0.7235577777777786,4.707315495132163,0.5666666666666667,3.899521333298071,0.241,0.290955872066042,0.09294128515103747,7.251327887860588
no_influence,3,13,20.919248329007605,0.4310811505040333,9.693764952081104,0.7087466666666675,4.752101246165475,0.5733333333333334,3.879636170729723,0.2643333333333333,0.30667587009599645,0.08335665710278714,7.063646145276695
no_influence,3,14,20.0238399130907,0.5024399331235323,9.381765027791225,0.7017266666666675,4.768780413796813,0.5733333333333334,3.8818127020796402,0.24733333333333332,0.292998910368759,0.07808123091791822,6.901027182929806
no_influence,3,15,19.321596908240934,0.5316497706139138,9.373096755277409,0.6977822222222232,4.784109818050469,0.5866666666666667,3.858598519359278,0.26,0.30133305781599373,0.06670342972587555,6.752520828907746
no_influence,3,16,18.25922327366581,0.6392720273517283,8.731708909933658,0.6922577777777789,4.795299654844309,0.5666666666666667,3.8341483542219694,0.24733333333333332,0.285128566967533,0.06159628182847998,6.574730872484022
no_influence,3,17,17.12837342339598,0.735298011968069,7.7892067231919935,0.6890755555555566,4.8014030799098775,0.57,3.8089745986682693,0.25466666666666665,0.2875525679594929,0.06005439692746194,6.372341109582003
no_influence,3,18,16.590726888168952,0.7990911621191674,7.497364677953262,0.6797444444444455,4.819476695584611,0.55,3.806018579896766,0.22333333333333333,0.26415905325657657,0.06205940630863232,6.256308446973968
no_influence,3,19,16.31088551110662,0.8238245890447251,7.648948517938203,0.6743400000000008,4.829876588935209,0.55,3.6710620491383437,0.22666666666666666,0.26048281741718493,0.06071944724808501,6.169678564867396
no_influence,3,20,16.1449281564907,0.8221134985197978,7.5796052186987355,0.6763666666666677,4.825876916228328,0.56,3.5893532463614504,0.21966666666666668,0.24245229729639942,0.05586116970404896,6.10279640654386
no_influence,3,21,15.589423399759298,0.8961941958778725,7.237009930324876,0.6731333333333345,4.833103553803675,0.56,3.6733480677147905,0.228,0.25676430774056236,0.0637291065774038,6.014143281997086
no_influence,3,22,14.958801978994469,0.9796748373381856,7.056189334057418,0.6693688888888898,4.840822221457884,0.55,3.7209452157138996,0.22666666666666666,0.2613623325200849,0.055579922027290445,5.868068816474907
no_influence,3,23,14.411316778727144,1.035930471214897,6.896884116456608,0.6627311111111119,4.862748243218452,0.57,3.7810604071974,0.19866666666666666,0.24672349134108898,0.06263656722248054,5.736343825442991
no_influence,3,24,14.0833378057973,1.1041173161133955,6.943993488074192,0.6594511111111121,4.871578311998509,0.5733333333333334,3.8362845038637854,0.23,0.26034449036633966,0.055526430770238826,5.64399229819264
no_influence,3,25,13.725165637050946,1.1900925071803874,7.0474525092091325,0.6616177777777787,4.857269276365072,0.5566666666666666,3.747568821005654,0.21733333333333332,0.26025424309631084,0.053084881950981024,5.551522699472973
no_influence,3,26,13.381402188098056,1.2309465705099694,7.006045827969908,0.6588177777777788,4.865295983345091,0.5633333333333334,3.777521824156356,0.212,0.2652323811870146,0.05355155107477089,5.459297981537785
no_influence,3,27,13.096717661455044,1.290441387612693,6.9686290592749485,0.6540244444444454,4.874793650748422,0.56,3.8436046837776945,0.21766666666666667,0.271794016937639,0.04705883613004355,5.38635492768331
no_influence,3,28,12.681796453842775,1.3740497982600166,6.8845483284597355,0.6589022222222233,4.860507629660017,0.5533333333333333,3.891744865084323,0.22133333333333333,0.25832705247315463,0.05293876502467833,5.275979355206778
no_influence,3,29,12.163267566529479,1.5089363487448457,6.7784951201445285,0.6591422222222234,4.858250997153021,0.5566666666666666,3.941057118821418,0.208,0.24155203341423306,0.05337560845300783,5.161586191700345
no_influence,3,30,11.901387340469224,1.5464387750534132,6.697651615546492,0.6561933333333344,4.862768638294231,0.55,3.9279851753060893,0.22133333333333333,0.25712123450458135,0.05495797531788244,5.071611736836868
no_influence,3,31,11.540009449552988,1.5895964153942472,6.591843561695506,0.6562688888888901,4.86286002853785,0.55,3.980308462271781,0.23433333333333334,0.25479069685006844,0.05237127194557535,4.958377832171784
no_influence,3,32,11.10742844217309,1.6421820631132849,6.330319531216008,0.6592022222222234,4.85389253979796,0.54,4.088362159764144,0.20666666666666667,0.2556163073286488,0.05627373171490819,4.856534682209306
no_influence,3,33,10.64706125487517,1.7225157015227817,5.993583448600905,0.6600644444444455,4.853987079817114,0.5466666666666666,4.0981019068960265,0.18833333333333332,0.23093018319482272,0.05863182497470423,4.744632160127555
no_influence,3,34,10.672064503769338,1.7491900533268625,6.046538640661124,0.6561555555555567,4.861978741837112,0.55,4.020256432096256,0.21233333333333335,0.2438958874378258,0.05209585678625926,4.740422629758909
no_influence,3,35,10.440948434955011,1.7978679147226853,5.969823909930748,0.6551066666666677,4.865711010657248,0.5566666666666666,4.029942509008968,0.208,0.24048916157080402,0.04991744066047472,4.6694093866762545
no_influence,3,36,10.038438511210103,1.898265245237349,5.767550344318561,0.6560844444444454,4.860722488986847,0.54,4.051805319276989,0.217,0.2476630411510366,0.0546630260291251,4.557354683568895
no_influence,3,37,9.877169623569463,1.9711551683660549,5.670321721352464,0.6571888888888899,4.862601627788244,0.5633333333333334,4.038725617610641,0.19233333333333333,0.2539256116047811,0.04913118643768798,4.5202667338974685
no_influence,3,38,9.561771482801907,2.08727440856888,5.558940921692725,0.6606133333333344,4.855208854989484,0.5566666666666666,3.9597329071245775,0.21433333333333332,0.2411746195114523,0.05221535960313051,4.4648126494928295
no_influence,3,39,9.399828928464958,2.1551374129745176,5.586486937094565,0.6599844444444455,4.852543232842225,0.55,3.9317335954013926,0.21233333333333335,0.2538312918074919,0.05147048585516078,4.393126785983795
no_influence,3,40,9.035964035950785,2.2506498054284583,5.36887053386323,0.6615711111111122,4.851343095467083,0.5533333333333333,4.0090838247424285,0.21633333333333332,0.2679943190701176,0.05567359669913849,4.2778613957066165
no_influence,3,41,8.639327522298816,2.3945347387303686,5.137134359864231,0.6615666666666675,4.853836459802219,0.56,4.05514232791828,0.213,0.26541833302079904,0.05317087095337869,4.182310864947393
no_influence,3,42,8.458791158069317,2.4734712920214608,5.034970962088574,0.6674755555555565,4.8363554813429115,0.5433333333333333,4.064974257461657,0.19066666666666668,0.23975822431583416,0.05366851801449324,4.139286522311474
no_influence,3,43,7.951900522670882,2.557259666063172,4.556665893384029,0.6620688888888897,4.843338789479218,0.5333333333333333,4.104729734924063,0.201,0.2314194858258054,0.0608035729320559,4.022456040364452
no_influence,3,44,7.608626739435693,2.642000299171662,4.3165031196811725,0.6611311111111121,4.844609965330456,0.55,4.231158197157885,0.197,0.23470640877028542,0.05291659177882088,3.9159354620807676
no_influence,3,45,7.529295649245316,2.719765085865884,4.341615521901426,0.6651066666666676,4.833015473702315,0.55,4.217245139717784,0.21966666666666668,0.25680302988291137,0.057680255187995126,3.905616243205282
no_influence,3,46,7.226348718413036,2.816168191376118,4.1680220244006785,0.6686577777777789,4.82132626334005,0.5366666666666666,4.207485973375641,0.21166666666666667,0.23830453115015118,0.05078133367607052,3.8234167733927773
no_influence,3,47,6.94806553466728,2.902135256279069,3.979482265005556,0.6691466666666677,4.8187217945640715,0.54,4.26933288335039,0.19966666666666666,0.23117744052703562,0.054176085638933946,3.7366959107915156
no_influence,3,48,6.719620468234433,3.026509322485354,3.8609498038257017,0.665220000000001,4.830140719276133,0.5466666666666666,4.3238073435689195,0.20933333333333334,0.21798379898375558,0.04756642423051092,3.664465801535607
no_influence,3,49,6.63999435164681,3.1104556808762016,3.9091137337489474,0.6678822222222232,4.8199843993726965,0.5533333333333333,4.2595447616302335,0.188,0.2228572371778362,0.05206127277721705,3.612218836501342
no_influence,3,50,6.475668128687999,3.237591709640299,3.9260137731460487,0.6742711111111122,4.807424007355825,0.55,4.251928270296619,0.19366666666666665,0.2343367258987997,0.05793985254511571,3.5538782690364656
no_influence,3,51,6.279614965122409,3.3535116413453077,3.8706185200539256,0.6723577777777789,4.815926250233996,0.5566666666666666,4.223507695711793,0.235,0.24106208401102408,0.05726785541027027,3.487626352267568
no_influence,3,52,6.070318498691474,3.4867182399723755,3.824858335360263,0.6747666666666677,4.809211878914257,0.5433333333333333,4.300720981336584,0.206,0.23750753079931528,0.05859189672270168,3.4003527928241026
no_influence,3,53,5.896882287867971,3.5733452982103895,3.6675713283032723,0.6758377777777786,4.810521217421485,0.5566666666666666,4.330638343592809,0.20133333333333334,0.2222229415259317,0.06149458212925706,3.3394233712674235
no_influence,3,54,5.745050383544348,3.6929163450144493,3.5626858805515145,0.6786688888888899,4.799973075294664,0.5566666666666666,4.322250990033543,0.18966666666666668,0.22064824674567438,0.05414401230577701,3.2930515899260797
no_influence,3,55,5.590703879814141,3.807459644943706,3.466885428976454,0.6804288888888899,4.79241603259022,0.5433333333333333,4.314293712316488,0.205,0.227359211327832,0.05719250506402209,3.240077022558303
no_influence,3,56,5.424361799681755,3.9292605012930677,3.4271260328372444,0.6816844444444454,4.784184267073665,0.5366666666666666,4.352267776088459,0.19166666666666668,0.2325899030660156,0.06181084782090974,3.179831880780982
no_influence,3,57,5.3034589954311055,3.9624811016873966,3.3269730437004625,0.6820288888888899,4.787293309267438,0.5366666666666666,4.343475957379952,0.21033333333333334,0.23754292808511168,0.06020927759317852,3.1584167558891045
no_influence,3,58,5.084393912530707,4.084932751306393,3.1565440453971765,0.6809688888888898,4.7919115968874735,0.5533333333333333,4.348414306636967,0.191,0.2373438432858208,0.05966163838454861,3.0962308156593337
no_influence,3,59,4.889423352411651,4.236716164208422,3.048177037699456,0.687780000000001,4.77159273336698,0.55,4.389774924594776,0.22966666666666666,0.25435142824603074,0.061747994294433915,3.0357945233987613
no_influence,3,60,4.820036006243629,4.263963356056157,3.0302171661441464,0.6941177777777787,4.757872195803355,0.5266666666666666,4.332889874840352,0.22233333333333333,0.24631879148800798,0.05940672445316409,3.0032482831470504
no_influence,3,61,4.722225838977549,4.413003178988933,3.0116843162802343,0.6962466666666676,4.751006962850121,0.53,4.39418719724546,0.21233333333333335,0.25137775542057045,0.06419273178948101,2.9463773034138643
no_influence,3,62,4.622582916201833,4.539763275646223,2.9338131324313674,0.6996644444444453,4.736785024791329,0.52,4.3529112147182305,0.19,0.24075666600874265,0.06215863069965236,2.920349720665078
no_influence,3,63,4.496852505184321,4.629520797143496,2.8358829760187696,0.6975622222222234,4.7411594685717935,0.5266666666666666,4.453002248665407,0.20466666666666666,0.22599050605490598,0.0670877561550936,2.9020890113383935
no_influence,3,64,4.399033517273018,4.740221320398646,2.788645177380817,0.7002444444444453,4.731496539633443,0.52,4.444707162939873,0.18166666666666667,0.2202290929825339,0.07248438939228412,2.856846029005968
no_influence,3,65,4.307970043359337,4.861797076353877,2.729862739279606,0.7031644444444455,4.727848521364672,0.52,4.493224605311248,0.18466666666666667,0.2247592328273379,0.06745745554182087,2.8337911400192817
no_influence,3,66,4.242673320191755,4.926877983309126,2.6921252784170147,0.7075822222222232,4.713530804212508,0.52,4.456971993740967,0.21466666666666667,0.2292442647995658,0.0722596208973918,2.8030852835371802
no_influence,3,67,4.223158128766089,5.018264679046593,2.718085333269091,0.7127000000000009,4.696690049571902,0.5166666666666667,4.426620554255675,0.20266666666666666,0.22927652158964548,0.06840575703965797,2.778274530176931
no_influence,3,68,4.051859641496444,5.161867627979405,2.628181747957917,0.7114844444444454,4.701414544742303,0.5166666666666667,4.388857600671643,0.19566666666666666,0.2170658246760331,0.07115943367491355,2.7059291558388896
no_influence,3,69,3.884157449945546,5.252823455982526,2.4741388888141396,0.7151533333333342,4.686901675903105,0.5166666666666667,4.457268399916338,0.20233333333333334,0.23174739020687402,0.07301910736895256,2.648984095192528
no_influence,3,70,3.7503975860803385,5.354341447501906,2.4071597747736924,0.7189422222222233,4.6712857866168935,0.52,4.521117469099304,0.19766666666666666,0.22794395637510154,0.07381695660720428,2.5901110522178485
no_influence,3,71,3.6067741929698944,5.365771553110011,2.245652292535743,0.7254755555555565,4.647522415578638,0.5033333333333333,4.578379158494678,0.18566666666666667,0.20887538627530097,0.08002312215934507,2.5293761431528865
no_influence,3,72,3.4336577340453434,5.501325870838783,2.144864477408295,0.730291111111112,4.633477783029943,0.5066666666666667,4.607530689146577,0.16,0.19855240607584532,0.0817832335363295,2.4699124332802262
no_influence,3,73,3.3952365662144595,5.610581460223082,2.1686100367429373,0.7319044444444454,4.629247672666606,0.5133333333333333,4.530483299090719,0.183,0.19975963748683234,0.08431068630372036,2.4214117649374467
no_influence,3,74,3.307417708349931,5.698309295025931,2.097212411953122,0.7349377777777786,4.62252482335736,0.5233333333333333,4.513652733131347,0.16666666666666666,0.20215476976278218,0.09069639911745173,2.3736792762239336
no_influence,3,75,3.146636414044551,5.74534614307764,1.9197005001937333,0.7397577777777787,4.603516509483237,0.5266666666666666,4.537659478952419,0.19133333333333333,0.20894675752319142,0.08766224573500116,2.3304380447374577
no_influence,3,76,3.0802154455375614,5.877287127349815,1.9311859095406554,0.7404844444444454,4.601394372013576,0.53,4.539132933925237,0.178,0.2061700873520202,0.09644505377090516,2.29229071779335
no_influence,3,77,2.956444612159823,6.073480386822823,1.8768260715745504,0.7407044444444453,4.605455108368979,0.53,4.493181778237904,0.17166666666666666,0.18473389242953936,0.08315036729123415,2.2221323268873143
no_influence,3,78,2.9344333487507765,6.211423989384589,1.9152599730726863,0.7452688888888896,4.583587753066642,0.5166666666666667,4.528718301350018,0.17833333333333334,0.21019713710985893,0.08534744108660518,2.197514408436016
no_influence,3,79,2.9684149011538667,6.273184412291711,1.970763658006272,0.7496644444444451,4.5699520148503945,0.5066666666666667,4.549111660765056,0.189,0.21639404457944014,0.09330113313472448,2.1857720482496124
no_influence,3,80,2.933833179510135,6.304050134878354,1.9527369690329597,0.7478622222222231,4.580274516350052,0.5,4.4858221180318045,0.18133333333333335,0.21384613831603838,0.07873877985333094,2.1337344155514706
no_influence,3,81,2.8198288150236976,6.383911814709299,1.8696441502187349,0.7495177777777786,4.572391848145299,0.5033333333333333,4.591003159084766,0.18966666666666668,0.19654979081747628,0.09607643001992847,2.0826415792264945
no_influence,3,82,2.7771453640398054,6.487136421886669,1.8561635001084267,0.7480177777777786,4.576668091922857,0.5066666666666667,4.50733711556462,0.18066666666666667,0.2061643795139552,0.08836217460443467,2.049467394397251
no_influence,3,83,2.691861043249422,6.578536583408746,1.790710795927387,0.750891111111112,4.5716144171849855,0.5066666666666667,4.470380669107593,0.167,0.19047721610363275,0.08583759864719617,2.026571422501657
no_influence,3,84,2.5869565352940436,6.712058641115409,1.7125753086664217,0.7531200000000008,4.56433162686087,0.5133333333333333,4.470924356699887,0.17133333333333334,0.20114946749228124,0.08289976291911276,1.97761384562439
no_influence,3,85,2.5248340984981206,6.779318998890789,1.650955922345194,0.7527844444444451,4.563941961740338,0.52,4.566617801183361,0.18033333333333335,0.21013427716805572,0.09303349184928132,1.9448518224838967
no_influence,3,86,2.4533173597629254,6.893634823457206,1.6053499839707501,0.7545466666666674,4.556201283954896,0.51,4.6246274329447665,0.17133333333333334,0.19921192585330214,0.09401850371277616,1.927386320366569
no_influence,3,87,2.3770030150032926,7.087356349668009,1.5680480363499818,0.7584333333333342,4.539306568442428,0.49,4.6013588015076765,0.179,0.19814114729750584,0.0950146834589559,1.8811997302178167
no_influence,3,88,2.3688435191652832,7.170649702944752,1.5712388316558745,0.7592400000000008,4.524874192532973,0.48333333333333334,4.660233256130846,0.17366666666666666,0.20680063345657249,0.0883989652991201,1.853253283401715
no_influence,3,89,2.3436836792377433,7.320479370345794,1.5581991836223614,0.7609355555555565,4.51617298634709,0.47333333333333333,4.685974397563156,0.17266666666666666,0.19575412756318125,0.08949532579563539,1.8344063743031807
no_influence,3,90,2.2612117313128035,7.426330551010832,1.5152572855843476,0.7635711111111119,4.505637332517402,0.48,4.680873401149258,0.16266666666666665,0.19039431810830373,0.10784751110602504,1.8084533027210796
no_influence,3,91,2.2534391036572146,7.49826539114422,1.5101264787850481,0.7632022222222228,4.506011688152878,0.48333333333333334,4.626630225206095,0.17533333333333334,0.18447595806274303,0.09934637759328162,1.767728592002489
no_influence,3,92,2.183995226009583,7.646795097371873,1.4733996619485628,0.7720000000000007,4.472172699750956,0.4533333333333333,4.528152610488501,0.173,0.1853663160789386,0.09388579858394099,1.715204397685999
no_influence,3,93,2.041554645895419,7.666510685874201,1.3171254920793913,0.7687266666666674,4.494815989729643,0.47333333333333333,4.497984278778434,0.17766666666666667,0.20428439696088646,0.09365821069768437,1.640393970669633
no_influence,3,94,2.0318417887105817,7.782257778040822,1.324873587746334,0.7727088888888896,4.472136004852686,0.45,4.49769295446982,0.18733333333333332,0.19615540009479407,0.10931269925464972,1.6403473762085519
no_influence,3,95,2.020460215766597,7.889661471481329,1.3432902190946756,0.7766377777777784,4.460362733245142,0.46,4.587255725803272,0.173,0.2039278514162387,0.1031066966515883,1.6316373883735977
no_influence,3,96,1.9522263343785093,7.981040856958167,1.2904812686853682,0.7750511111111118,4.464189360339525,0.45,4.47997904002183,0.17133333333333334,0.19268659108492153,0.1091295018191303,1.6034154287687485
no_influence,3,97,1.951203323397203,8.016435092122485,1.2851721472239488,0.779642222222223,4.442372714982724,0.44333333333333336,4.545299655618804,0.19233333333333333,0.20044069280770452,0.1087717565658742,1.5972003767335812
no_influence,3,98,1.9418120815351103,8.124224935978395,1.3032593305784375,0.7760133333333341,4.458762463743648,0.45,4.595157067552754,0.17966666666666667,0.19591240794599854,0.10233723677996125,1.591897159763839
no_influence,3,99,1.908271117475493,8.204465835109028,1.2684095923688659,0.7748800000000008,4.461964920392321,0.4533333333333333,4.640372864987126,0.17566666666666667,0.188904225937545,0.09615505108926162,1.5826541742363727
no_influence,4,0,30.007692382015843,0.007181209566562208,13.894293260049066,0.9451866666666668,3.0946298945171105,0.11333333333333333,3.02238414851599,0.2866666666666667,0.3419903556513957,0.5437551308913539,8.705758189464953
no_influence,4,1,29.80182128835211,0.024464800168312872,14.315826553118509,0.9411911111111113,3.197275196398368,0.14666666666666667,3.017541316988238,0.29,0.34210487654544186,0.4772915596328909,8.71598321768086
no_influence,4,2,29.324210456447396,0.041495767108835624,14.04282207453897,0.9181244444444447,3.5190078393483963,0.18333333333333332,3.029161540474728,0.24933333333333332,0.3397903150042901,0.36973998109447026,8.668524132768647
no_influence,4,3,28.89384832288947,0.058690931766072985,14.026594864791718,0.9012022222222226,3.695714114904314,0.21333333333333335,3.0597148247014214,0.28,0.33569244365628176,0.3154037152218267,8.638750215901974
no_influence,4,4,28.328255006123275,0.06994587606471492,13.762251183504777,0.8812311111111115,3.8787463458388123,0.27,3.1814911987699928,0.25366666666666665,0.3398603306152356,0.2663786865296153,8.551240004059318
no_influence,4,5,27.568438844739575,0.09068556690300245,13.42786463691188,0.8650400000000005,4.004321882276287,0.2966666666666667,3.1677105417302784,0.2713333333333333,0.34323214314298633,0.2315217389249897,8.436989651985646
no_influence,4,6,26.655926475064316,0.12339530870239612,12.985635705035557,0.8504911111111116,4.097664690390912,0.30666666666666664,3.1844584487011605,0.2823333333333333,0.34958035181358255,0.18494351251317195,8.313855428542015
no_influence,4,7,25.557826470063944,0.169284137976222,12.725041510303669,0.8326511111111117,4.193433878484299,0.31333333333333335,3.177197033405707,0.30833333333333335,0.3621185745500435,0.14963565960469985,8.162610628554576
no_influence,4,8,24.625758540638373,0.21159070696095195,12.29855215719512,0.8170333333333339,4.272215950941773,0.33666666666666667,3.1570414504557345,0.3006666666666667,0.34349121207603284,0.12801284886424202,7.998556400964518
no_influence,4,9,23.59037732663305,0.27488015928783555,11.945235170623379,0.8015355555555562,4.332006951981848,0.35,3.2087856262358505,0.26666666666666666,0.33666420685247567,0.11651506846553285,7.829245906143171
no_influence,4,10,22.800422067937433,0.31655707482638795,11.466481654733869,0.7882800000000006,4.383001237121673,0.3566666666666667,3.2527866826667418,0.2916666666666667,0.34685322019355175,0.11238169796606329,7.650090226703427
no_influence,4,11,22.37053382128617,0.34898607550865657,11.101721159154478,0.7779577777777786,4.417809695957624,0.36666666666666664,3.279765652670794,0.29333333333333333,0.3470046252804966,0.10323757382967909,7.521705125454137
no_influence,4,12,21.502181362868775,0.4062255334388167,10.751988539598022,0.7674177777777786,4.4655956518707605,0.38,3.2927368756858715,0.25933333333333336,0.34801981521919156,0.08529285758387926,7.371387229538118
no_influence,4,13,21.047467801974108,0.4222965256730693,10.378352859413205,0.7573866666666675,4.500645958476733,0.38,3.3211621420694164,0.2833333333333333,0.3474209892241774,0.07633805163990924,7.237011835855114
no_influence,4,14,20.365465566187204,0.45998687831055085,9.820176161872512,0.756442222222223,4.517378565357394,0.4,3.36648240905497,0.2663333333333333,0.3408534192198784,0.08053706727855335,7.073046346371608
no_influence,4,15,19.46694192454329,0.5130857183141662,9.446347092761561,0.7464622222222231,4.54938949167837,0.3933333333333333,3.398777738782163,0.2836666666666667,0.3507266825215112,0.07619169372652344,6.897905839584003
no_influence,4,16,18.347792270210082,0.6221470492044956,8.824226021165327,0.7387000000000009,4.57874821045258,0.41,3.4519514142704883,0.2843333333333333,0.35121957469539644,0.0709310575332247,6.695905500399328
no_influence,4,17,17.752620325227046,0.6856741307634464,8.592581619496713,0.733340000000001,4.591402459074872,0.4033333333333333,3.427070152328483,0.2843333333333333,0.3598532869264985,0.07078583367670054,6.538955460662225
no_influence,4,18,17.028180341792833,0.7739577706448153,8.31759939580029,0.7354600000000009,4.59209440700525,0.4066666666666667,3.45225873184028,0.26466666666666666,0.359643066282274,0.06241197356135436,6.396915401099726
no_influence,4,19,16.19918084981889,0.8482733929936295,7.784151972795654,0.7371622222222232,4.584918782533618,0.4066666666666667,3.427531484930608,0.2853333333333333,0.3571636292840415,0.06228229100907119,6.2277709616538415
no_influence,4,20,15.400279332931934,0.9742156591670672,7.527197890278649,0.7350533333333342,4.599521268256022,0.4166666666666667,3.465193244298858,0.28833333333333333,0.3553414234918677,0.06575815796404032,6.049305338869817
no_influence,4,21,14.9236447791567,1.0621262815447032,7.14352861542221,0.7389688888888897,4.592028369723415,0.4166666666666667,3.436213246470223,0.296,0.3539667780957422,0.0627504753588345,5.923278825704259
no_influence,4,22,14.181962644330037,1.1249282445618722,6.750383575224671,0.7361866666666674,4.603904931158645,0.42333333333333334,3.500206759136567,0.285,0.34667564464820416,0.06326782408051758,5.743478583595139
no_influence,4,23,13.513629341529406,1.2447607627573238,6.535231732905146,0.7335555555555565,4.61286762175169,0.4266666666666667,3.4782302057786825,0.30266666666666664,0.3662967740644456,0.059228360935017266,5.625588284069546
no_influence,4,24,13.030778782818992,1.306419146960323,6.329705144574255,0.7389155555555562,4.601877868491363,0.42333333333333334,3.5391418534697396,0.29933333333333334,0.35688150056481754,0.06394353940406572,5.492214412205041
no_influence,4,25,12.852063826011502,1.3490398946289441,6.150365991426718,0.736662222222223,4.607857157066029,0.4266666666666667,3.5353733144669235,0.25433333333333336,0.3474099673463249,0.06432559843550555,5.434327346409681
no_influence,4,26,12.370219217749224,1.429320442966529,5.8656231100491265,0.7347844444444454,4.619470045022228,0.4266666666666667,3.6339631852893324,0.299,0.34119620014275537,0.06464474093731058,5.301886899393774
no_influence,4,27,12.109451976312844,1.5280090648135665,5.802576713532872,0.7278533333333342,4.637173807150697,0.42333333333333334,3.6364876509329536,0.2886666666666667,0.357119966971585,0.06014537978934264,5.226924042307913
no_influence,4,28,11.544716428139745,1.6585584982736998,5.515485509865466,0.7283444444444453,4.63600648005792,0.42333333333333334,3.684421937444325,0.285,0.36443656402666363,0.06060353561127554,5.104786710419343
no_influence,4,29,11.012528820457458,1.780960600908894,5.2674309084917965,0.7242822222222229,4.650774613387727,0.43333333333333335,3.7022413387528728,0.29033333333333333,0.3645939010088272,0.06403576486006826,4.964571309792778
no_influence,4,30,10.671381772808784,1.8884939478219631,5.134024839075573,0.7251200000000009,4.650609489093882,0.43666666666666665,3.726541665894121,0.297,0.3590762689764832,0.06053043848709483,4.878716421366572
no_influence,4,31,9.83501607106988,2.0852843643460903,4.912302545159891,0.7255044444444453,4.653438349731857,0.43666666666666665,3.701089153805465,0.292,0.3599623741915241,0.05610750733041755,4.661078779459715
no_influence,4,32,9.526913213399714,2.1736004926761594,4.732780153612871,0.7242755555555564,4.660289144739014,0.44,3.698129787808779,0.299,0.36500571541560833,0.06350844431339787,4.569375724891146
no_influence,4,33,9.045701868959107,2.338338569568689,4.407587264129993,0.726511111111112,4.6476843607109775,0.43,3.7075488980997866,0.327,0.3680954596188894,0.058550330388565684,4.443624609960238
no_influence,4,34,8.560850394644788,2.5149848369623777,4.261488098209966,0.7302555555555563,4.638566438298269,0.43,3.680569942070381,0.2876666666666667,0.36189895368000485,0.0656539782313776,4.317558312605786
no_influence,4,35,8.308677544343915,2.614492559292644,4.100912451838364,0.7308777777777786,4.636576200802921,0.43333333333333335,3.6783402130476057,0.30733333333333335,0.3645859677041832,0.06396882729700067,4.229614794793227
no_influence,4,36,7.8209470909526075,2.779438887417342,3.9065587273982554,0.7290355555555565,4.640169515814148,0.43,3.7159328978065402,0.315,0.3754280208064936,0.0560665552770816,4.086789971402929
no_influence,4,37,7.297594856643852,2.978068228476342,3.6155605592579936,0.7326888888888898,4.632053565597001,0.43666666666666665,3.7193007225135504,0.2816666666666667,0.35976256314025806,0.06363351188428588,3.929322129093545
no_influence,4,38,6.981498869256844,3.1010609963823716,3.458355326312217,0.732162222222223,4.6323227155978,0.44333333333333336,3.6870363014010534,0.2856666666666667,0.3701006841046804,0.06002182744442806,3.8317196748015294
no_influence,4,39,6.641860509580607,3.2529353675583623,3.3266641511884916,0.731491111111112,4.636215794696656,0.44666666666666666,3.6474523589927426,0.30866666666666664,0.3617865350183931,0.07110145115176075,3.715077726282004
no_influence,4,40,6.361424508380149,3.4468950857611738,3.195605571492025,0.7334066666666677,4.63462827538657,0.44666666666666666,3.6037369723959274,0.308,0.36404133795070753,0.06636896571494094,3.624704174386847
no_influence,4,41,6.248947586580112,3.518631003670945,3.1472156888897325,0.7365266666666674,4.625910305946906,0.45,3.63356323235525,0.31266666666666665,0.35974939555517904,0.06536783277495353,3.5736421592997183
no_influence,4,42,6.038312970342506,3.6631830004358736,3.0461454901140588,0.7393933333333342,4.620136091543194,0.45,3.6116990774315316,0.2776666666666667,0.3657282369322896,0.07188486393207756,3.5104136524974554
no_influence,4,43,5.845876716442916,3.800308033547457,3.0045433490315405,0.7441400000000009,4.6046596670928235,0.44333333333333336,3.6136439134870897,0.303,0.35868725854572925,0.07704389335581285,3.433473894219143
no_influence,4,44,5.601760048372868,3.9270152295442156,2.8659807218612876,0.7473133333333342,4.591159870833702,0.43666666666666665,3.6418662018224754,0.2843333333333333,0.35319801072718465,0.07513551191956763,3.350544676129998
no_influence,4,45,5.589358670390817,4.00704511444766,2.8983600087613097,0.7475711111111119,4.5902685633349245,0.43666666666666665,3.686074905996576,0.2826666666666667,0.35528688537464986,0.06266006110046358,3.3383099522398907
no_influence,4,46,5.270695877438853,4.1082952334302,2.610174705330765,0.7494933333333341,4.579555258026905,0.43333333333333335,3.7356412251503563,0.30266666666666664,0.3627148418066175,0.06887500528367402,3.223708063109942
no_influence,4,47,5.134145496181685,4.224444296213699,2.537539406794339,0.7463866666666675,4.5875097103299325,0.43666666666666665,3.734201316577387,0.29733333333333334,0.36234151909300066,0.06828235275216699,3.1944310370285773
no_influence,4,48,4.9354140536705025,4.423941015918357,2.4372614601038727,0.749142222222223,4.577651516782625,0.43,3.6981609366557935,0.30466666666666664,0.35703986078085304,0.07014024030664896,3.1420184738232617
no_influence,4,49,4.767757065904496,4.568090684013618,2.3669381685390887,0.749400000000001,4.574205349430857,0.42333333333333334,3.7583410207508208,0.2966666666666667,0.3670808825429404,0.07210125930714166,3.0922472638617133
no_influence,4,50,4.45311161084345,4.772454432048262,2.217863874684014,0.7535400000000007,4.561432281883792,0.4166666666666667,3.730246023222034,0.32233333333333336,0.3567473266053962,0.07559761331433158,2.9619494061088756
no_influence,4,51,4.376992978157239,4.899009581231577,2.1884959187865367,0.7558733333333341,4.552318816277959,0.41,3.7524124897035933,0.2926666666666667,0.3621128588794709,0.07306716231251835,2.941942212751352
no_influence,4,52,4.071972739738008,5.146065979646277,2.0796128892302446,0.7583844444444452,4.542562240754942,0.41333333333333333,3.760164769111352,0.2793333333333333,0.37124456836250425,0.07604642419270903,2.839092241610409
no_influence,4,53,3.94298780584362,5.233276787862174,1.9853703122421835,0.7605711111111119,4.537025469726066,0.4166666666666667,3.7800949012750142,0.32266666666666666,0.36684194433395084,0.07366876988394017,2.778822316324744
no_influence,4,54,3.8848498566715173,5.33827000317153,1.984212948694562,0.7578466666666673,4.54658887342249,0.42,3.811531320832734,0.2803333333333333,0.35778023999487824,0.07000838414538105,2.754965872823446
no_influence,4,55,3.817950972912162,5.515472083353389,1.9455854672336903,0.762722222222223,4.531639662308221,0.42,3.817360877640564,0.308,0.36085978431587745,0.07662127604078069,2.7366789278120063
no_influence,4,56,3.5673030057236215,5.687385608395618,1.7958908760036547,0.762711111111112,4.530068848847885,0.4166666666666667,3.815690294009813,0.30366666666666664,0.3588349871608563,0.07012917451771941,2.6602151778114496
no_influence,4,57,3.4566673869057434,5.85057464600513,1.7082390391602784,0.7653444444444453,4.522172769681117,0.42,3.84511230031451,0.30533333333333335,0.3569622820390609,0.08080849591298507,2.6228403474538777
no_influence,4,58,3.212706353614814,6.056612018667662,1.5551926963748544,0.7646355555555562,4.525517968194208,0.42,3.85719627794428,0.314,0.36272978199062833,0.08615288850582968,2.530876196050085
no_influence,4,59,2.9974012122870968,6.286535898429401,1.459634988689776,0.7631066666666675,4.532811074026123,0.42,3.89856986741375,0.30866666666666664,0.36421281969884195,0.07357543313812663,2.454567330126544
no_influence,4,60,2.986979203798798,6.370466810125809,1.4821529300155147,0.7617933333333342,4.535281752773927,0.42333333333333334,3.8146086663248875,0.2976666666666667,0.36683151660234126,0.07704539598115448,2.466936035209922
no_influence,4,61,2.850543735142049,6.499699459668187,1.4351452515705236,0.7651311111111119,4.523182506183169,0.4166666666666667,3.8684006002551192,0.29233333333333333,0.36194945788450283,0.07682225611792175,2.39126280557012
no_influence,4,62,2.7199249953025557,6.6561197563970405,1.3879515623671892,0.7683888888888897,4.51158453815562,0.42,3.8625625409953455,0.2886666666666667,0.3578262891194459,0.07874524555252109,2.336947447649072
no_influence,4,63,2.567423580016911,6.809073699908978,1.321513736256143,0.7666755555555562,4.514393548295777,0.42333333333333334,3.907478856882789,0.303,0.35595710696983884,0.07795744388623646,2.2420075482954345
no_influence,4,64,2.5102146117562683,6.943539209677188,1.2761062505112224,0.7661044444444453,4.516686688507947,0.42333333333333334,3.9255429590550732,0.28933333333333333,0.36664426631347125,0.08375050875050874,2.2280851401764727
no_influence,4,65,2.469646993237394,7.1047615401458994,1.254031398061962,0.7657711111111118,4.514522412494539,0.42,3.8984762271601827,0.31333333333333335,0.373059547593452,0.08044590786463851,2.2067906599435787
no_influence,4,66,2.4221073051227813,7.166830491428264,1.2097145947394523,0.7647444444444452,4.515507606250336,0.4166666666666667,3.8792897294601683,0.317,0.37500864108371196,0.0773402239888308,2.176813269611472
no_influence,4,67,2.300027128996039,7.356530313264811,1.1337035663023187,0.7607600000000008,4.530078588216638,0.4166666666666667,3.8869751878656733,0.3,0.370829803019602,0.06956268247289919,2.114673427705632
no_influence,4,68,2.276589680475866,7.4670355676097495,1.1476354460043732,0.7590688888888896,4.532592104274028,0.4166666666666667,3.9247511117945213,0.29433333333333334,0.37234926886788805,0.07658845297003192,2.0926684060513874
no_influence,4,69,2.1811010239606845,7.601691290969365,1.0832451656232953,0.7541400000000008,4.549746554459692,0.4166666666666667,3.9045511676541604,0.3233333333333333,0.3869443001017702,0.07144710609880889,2.056287058229296
no_influence,4,70,2.097954027279768,7.809866899037726,1.0741193026909028,0.7564177777777786,4.541502082787838,0.42,3.8775333380009944,0.308,0.3825219891548129,0.07150773647290674,2.0083963618725935
no_influence,4,71,2.030762859171572,7.906324102334752,1.0413457933815968,0.7636111111111119,4.51913519239001,0.41,3.8651176653717454,0.2823333333333333,0.3654606898234925,0.07466699522814074,1.9736338163571123
no_influence,4,72,1.9708195568112994,7.989138179890538,1.0062387700363147,0.7631311111111119,4.525323328242858,0.4166666666666667,3.8612208552462848,0.311,0.3617431149670152,0.07429264778335987,1.9285855621540804
no_influence,4,73,1.8902219982075539,8.144885231012227,0.946545320790383,0.7613244444444452,4.528037137271004,0.41333333333333333,3.9538366232952966,0.2866666666666667,0.355775781570722,0.07378236629784617,1.8835224294517416
no_influence,4,74,1.7797296067920998,8.389284238141373,0.9434891365846225,0.7572977777777785,4.540070943903446,0.42,3.930500285779392,0.291,0.35729692931698737,0.0777857011409643,1.8386871168458185
no_influence,4,75,1.6901003475481118,8.594559820059612,0.8999419107804474,0.755842222222223,4.544824801080602,0.42,3.92999883528295,0.2833333333333333,0.3611959824216181,0.08300254469759114,1.8027049548324718
no_influence,4,76,1.6191677630692363,8.773980463917276,0.8726221663490072,0.7606688888888896,4.531179704870531,0.41,3.8951860702022123,0.293,0.3527176128879379,0.08166990574498315,1.7546466655243453
no_influence,4,77,1.5304273005486524,9.057666961861836,0.8254042502320034,0.7570822222222229,4.541092086691039,0.41,3.8395099071810455,0.3006666666666667,0.3791478429524348,0.07573531144351577,1.7080617934736102
no_influence,4,78,1.465210173592937,9.196662108828576,0.7766227447046156,0.7619711111111119,4.52321959658383,0.4066666666666667,3.8700095625875095,0.27066666666666667,0.36345515773741416,0.074990688133103,1.6597205177544485
no_influence,4,79,1.4163545243633775,9.476370266648011,0.7661552524980136,0.7578200000000007,4.535168610133271,0.4033333333333333,3.894811800984929,0.318,0.3653516032215147,0.07450693412767716,1.646232842949937
no_influence,4,80,1.367137468784206,9.60701101712496,0.713717655310008,0.7567088888888898,4.539158777732795,0.4,3.9098626546960813,0.31133333333333335,0.37635743458681653,0.08143079458094939,1.6202773915782451
no_influence,4,81,1.3176151920270407,9.770855913067837,0.7086034144700024,0.7560022222222229,4.542803433149279,0.4066666666666667,3.8685112281138085,0.293,0.3713096101704616,0.07609336455311688,1.5860577126022133
no_influence,4,82,1.2342989464664804,9.934233257408923,0.6503801913044218,0.7587200000000007,4.539890510485271,0.41,3.9255832854429156,0.2916666666666667,0.36314114806532805,0.08173536989326462,1.5278370351399666
no_influence,4,83,1.1745300364745588,10.09268049298846,0.6084247136243237,0.7607355555555564,4.534077799634085,0.41333333333333333,3.914032186375482,0.30733333333333335,0.3626176111778545,0.07883465963574324,1.4879356479884314
no_influence,4,84,1.1748990045398529,10.218600307270266,0.5960870139690643,0.7609822222222229,4.53273890220219,0.41333333333333333,3.951488722710419,0.296,0.3667328850010834,0.07925914413530512,1.4823746789418835
no_influence,4,85,1.1210472279423682,10.392929086475633,0.5739353993024489,0.760162222222223,4.537894845386904,0.41333333333333333,3.975666212880052,0.30666666666666664,0.3693935606404317,0.07460408499882185,1.4299166095541225
no_influence,4,86,1.0960674597657631,10.551560201022898,0.5465247992291229,0.761153333333334,4.53138020583413,0.41,3.966079470719573,0.31566666666666665,0.3624703411265004,0.07630724381111378,1.413535859999173
no_influence,4,87,1.0557536233013147,10.72688591157268,0.5381041980271509,0.7580377777777786,4.541619767243295,0.41333333333333333,3.896985306426343,0.286,0.3691732341417109,0.0754976075409512,1.3799664676200623
no_influence,4,88,1.0477154420396861,10.79728685364325,0.5357871450052472,0.757802222222223,4.541405044164478,0.41333333333333333,3.9592487124183724,0.29633333333333334,0.3750737204636062,0.07365899809398262,1.3748184612306689
no_influence,4,89,1.015911289920669,11.005633818884776,0.5081275079302894,0.7589755555555564,4.535965159090499,0.41,3.95507501970301,0.3016666666666667,0.37581950011561155,0.08207438130038748,1.356692168111777
no_influence,4,90,0.9853786169867221,11.156039307707978,0.4886790500172672,0.758822222222223,4.539201382804356,0.41,3.9805508471553215,0.30133333333333334,0.36892881823229007,0.07505886385143351,1.3248410457645805
no_influence,4,91,0.930262611610328,11.402659146217788,0.473672569136012,0.7602511111111119,4.534478688330206,0.41333333333333333,3.972848227216597,0.31133333333333335,0.3634758288046036,0.08711385750472438,1.2809845189174982
no_influence,4,92,0.9224771261373169,11.506885507421055,0.47775080212602095,0.7614800000000007,4.532241413835238,0.41333333333333333,4.021648995893679,0.305,0.3645670469790579,0.07915795332977996,1.269748338662495
no_influence,4,93,0.8839124357364925,11.712565529030899,0.4642717884860259,0.7664644444444451,4.515296354129223,0.4,4.011054477077946,0.3,0.3630464913705335,0.08332614309781493,1.2373212880152764
no_influence,4,94,0.8760976700905398,11.92007253190092,0.475051993356172,0.764722222222223,4.518078376679936,0.4,4.037615906039276,0.311,0.3690826273406297,0.08096881360813249,1.2232763546250085
no_influence,4,95,0.8461194017234177,12.060725985862751,0.44753627851586936,0.7634044444444451,4.516706558276598,0.4,4.077402338826152,0.2836666666666667,0.37021031770484736,0.08333756471140372,1.2026269909702922
no_influence,4,96,0.8017795119178085,12.21784400637994,0.41414853456522666,0.7642666666666673,4.512155434197151,0.4,4.010921596444629,0.3,0.3686951036669541,0.08457418584740566,1.1591397624459576
no_influence,4,97,0.7469145924897456,12.415180081646767,0.37810467275006016,0.7646177777777785,4.506199592084348,0.4033333333333333,3.9649517212055434,0.32066666666666666,0.3762636888690283,0.08025427659715585,1.1121802072254232
no_influence,4,98,0.728430004666745,12.62986621746441,0.3636310172381402,0.7594933333333341,4.520957590344355,0.4033333333333333,3.9700822424765314,0.319,0.3783356860578404,0.0775096323238738,1.0935580990291547
no_influence,4,99,0.716922240307744,12.823013709248823,0.3621111155978429,0.7652555555555562,4.508064271499527,0.4,3.920052347348667,0.2986666666666667,0.37850536135786167,0.09377731172622814,1.0867088968553873
no_influence,5,0,30.523107024606425,0.011161899381983087,13.849391041132527,0.9104711111111113,3.6181512708398276,0.26,3.9625589676455477,0.42433333333333334,0.5119218079234509,0.4052906769586336,8.768571099210911
no_influence,5,1,29.90027596053605,0.03614240080487097,14.407764460426495,0.8597066666666672,4.047324499261684,0.3333333333333333,3.958996823253311,0.38,0.447050034263277,0.2647143658714866,8.71395609641518
no_influence,5,2,29.64910579480449,0.05695591310434123,14.656047955985045,0.8273288888888896,4.246275355029201,0.38666666666666666,4.057118466024467,0.30433333333333334,0.3973476675933171,0.22147278747510948,8.705594562524684
no_influence,5,3,28.98945564360774,0.0840584954994027,14.683175389512188,0.8001111111111118,4.3876848599173535,0.43,4.058315205343933,0.31433333333333335,0.36409072713000284,0.18668056860007323,8.626215008500255
no_influence,5,4,28.015015323008846,0.14069350149902715,15.206601351425697,0.7744844444444452,4.503181004866866,0.4633333333333333,4.104452630886386,0.297,0.34272719336241997,0.14883922564650118,8.52440364099054
no_influence,5,5,27.11603056748227,0.20032632799947198,15.326162214128926,0.741973333333334,4.628203987661187,0.51,4.25168359714902,0.233,0.28446765526616274,0.11207406714372657,8.37328737890464
no_influence,5,6,26.387999208919105,0.2309492553735134,15.419654406588213,0.7214377777777785,4.706271414083437,0.54,4.214443207940063,0.21733333333333332,0.2575994674712291,0.1037465159253085,8.246042374589019
no_influence,5,7,25.740848513795992,0.2710677937942813,15.361934263709912,0.7110222222222231,4.739381420760026,0.5533333333333333,4.278234734845479,0.217,0.2487446807239198,0.09150064460822975,8.13729086446238
no_influence,5,8,25.213047336094608,0.3131564618058818,15.273064989325801,0.6980488888888898,4.78107190932564,0.5766666666666667,4.291660781965406,0.22766666666666666,0.24704181867660835,0.08281550091921609,8.019517818613467
no_influence,5,9,25.06923180596917,0.30087057576682924,15.017115609310393,0.693531111111112,4.797280183514793,0.58,4.3329426344086,0.19033333333333333,0.23237338779941855,0.08253519270547136,7.954493670273564
no_influence,5,10,24.731078046544994,0.337306678792503,14.939975348322694,0.6888555555555567,4.809174287817241,0.58,4.394878415365495,0.208,0.24630829055201942,0.07960658307407532,7.889592865546533
no_influence,5,11,24.425209115424266,0.36370652500229644,14.616324944956894,0.686551111111112,4.821375616882616,0.6033333333333334,4.4259125396857115,0.221,0.2571329569378778,0.0647138239011304,7.821822712516003
no_influence,5,12,23.79108869714832,0.40354301399703674,14.36486052806718,0.6858066666666676,4.818025644912623,0.6033333333333334,4.503095968082933,0.214,0.26298411203176636,0.07563179725331427,7.698813246496471
no_influence,5,13,23.430785473535703,0.4257748232625381,14.340315847455143,0.6740444444444453,4.851168438233024,0.6133333333333333,4.548393070950333,0.23533333333333334,0.2694230773745275,0.06758138905584726,7.612044028149982
no_influence,5,14,22.888160589805604,0.4826027110374358,14.104130359766891,0.6693533333333344,4.857558435895738,0.6066666666666667,4.633989395705974,0.23,0.2591832558538354,0.06879300123108173,7.528098040908702
no_influence,5,15,22.36397896580503,0.5369740592842158,14.092451478149956,0.6606577777777789,4.876633832858813,0.61,4.643335661895353,0.21066666666666667,0.2530064672601132,0.07161408337104931,7.409781545705383
no_influence,5,16,21.999790967573897,0.6065893744535059,14.019743355155747,0.6616444444444454,4.876228386220681,0.62,4.769003231400145,0.19066666666666668,0.24508580221906096,0.06836848279572737,7.351359195430213
no_influence,5,17,21.67555516615351,0.6554273758585543,13.879737418215457,0.6549111111111121,4.891763312497664,0.6166666666666667,4.747010402140806,0.20433333333333334,0.24043802504638667,0.06506081064904594,7.29259223314594
no_influence,5,18,21.27731273791738,0.6880410768289332,13.559974579442715,0.6538111111111122,4.89122167638589,0.63,4.75846061849517,0.18533333333333332,0.22751293789834587,0.06097377997532797,7.227265623664529
no_influence,5,19,21.133001636580683,0.7113596464844292,13.455792067184124,0.6540222222222232,4.894122036732366,0.6366666666666667,4.7402519459226236,0.21266666666666667,0.23769765898522952,0.07128363810252356,7.214472806657253
no_influence,5,20,20.33479864179009,0.8311727355212186,12.985674238585482,0.6447111111111119,4.915054576264593,0.64,4.753819491747125,0.19833333333333333,0.2297083853382794,0.058833460284698685,7.102661870175381
no_influence,5,21,19.94970967313116,0.8520344032446681,12.730102573811577,0.6484355555555565,4.9045882016115065,0.6333333333333333,4.834048837291087,0.22066666666666668,0.24585777446336066,0.06079257028947431,7.053686102773049
no_influence,5,22,19.627007170881132,0.8914793877289786,12.593309102418887,0.6488888888888898,4.901206266073606,0.65,4.930536580458035,0.20733333333333334,0.24311131870288188,0.07050035290360368,7.008254775748284
no_influence,5,23,19.450232879378593,0.938812429755945,12.513004289598467,0.6419933333333342,4.915866202034465,0.6566666666666666,4.961294935014559,0.19233333333333333,0.21785353549528783,0.05880636262602207,6.986053301674414
no_influence,5,24,19.210988804976548,0.9757488648128614,12.412993294997175,0.6500200000000012,4.890936510799705,0.64,5.0182251756124625,0.19166666666666668,0.20344352188997078,0.06481968968424077,6.951107403945066
no_influence,5,25,18.708216515066134,1.016940789389683,12.071360276109608,0.6437933333333342,4.904591751469722,0.64,4.921598609262469,0.185,0.20665238458636384,0.06423344371486787,6.8661139002602285
no_influence,5,26,18.546479989789685,1.0721129263430598,12.032121852848226,0.6423288888888897,4.909371844278811,0.6433333333333333,4.889858912694852,0.19633333333333333,0.21788708541502824,0.06372564297873895,6.843303990773692
no_influence,5,27,18.12281435952322,1.1299477467321044,11.699150922121937,0.6461066666666677,4.898732446293576,0.6466666666666666,4.955088831084925,0.17866666666666667,0.20812652481700464,0.05908292916806848,6.786187458854521
no_influence,5,28,17.69687604648089,1.2091560844775744,11.496264545420052,0.6546555555555565,4.880999987696575,0.65,4.9740743838076344,0.20833333333333334,0.23342173678179287,0.06520193615007856,6.720595074157106
no_influence,5,29,17.04893632890362,1.3111582667774662,11.04390938307494,0.6489155555555566,4.8976213384179115,0.6566666666666666,5.021728096208496,0.212,0.22957253690294227,0.06265755987505213,6.641440596110022
no_influence,5,30,16.871681584367522,1.379608368097923,11.27924334763318,0.6498355555555566,4.901113103306258,0.67,5.024217572551205,0.218,0.25169532180117077,0.059573755278089634,6.579857094497913
no_influence,5,31,16.6503963246711,1.4085803104378032,11.183268832066735,0.6469600000000011,4.9023446819668415,0.6733333333333333,5.122320155749186,0.22866666666666666,0.2635343876189602,0.06943988444762438,6.514716703951282
no_influence,5,32,16.356673393866213,1.519790230477967,10.996868109164392,0.6480622222222234,4.901662778055655,0.6733333333333333,5.138260099914111,0.199,0.2503284661275698,0.062487493872942786,6.5058973000030305
no_influence,5,33,15.840469426977986,1.6111049958222217,10.53457962786778,0.6430066666666678,4.914747418570331,0.68,5.151819616210799,0.20966666666666667,0.2418332847079038,0.05178545282260452,6.476014232230011
no_influence,5,34,15.391472805252846,1.690886660159784,10.151002589160168,0.6423111111111122,4.915929581647903,0.68,5.1236853490840195,0.20866666666666667,0.2388154455262457,0.05885312901179775,6.455863885166255
no_influence,5,35,14.753183276422014,1.8039097114246805,9.73955665252173,0.6386844444444455,4.923565314808763,0.6733333333333333,5.142726776328032,0.21266666666666667,0.24554958368246452,0.06681154873105337,6.387909563840872
no_influence,5,36,14.648353034455653,1.8805376476475022,9.822345759905648,0.6473111111111121,4.901567591438481,0.6766666666666666,5.083934924175966,0.19566666666666666,0.24246561648781925,0.06099773535145052,6.3469251592601665
no_influence,5,37,14.064811277978201,2.0200985603176327,9.324978334467524,0.6514533333333343,4.889504351897011,0.6633333333333333,5.0649840769773045,0.205,0.2318255860957236,0.06441387531170813,6.309607733262118
no_influence,5,38,13.768651020729154,2.118227235397397,9.20477929050513,0.6529755555555563,4.885362462074385,0.6633333333333333,5.139453844376887,0.20833333333333334,0.23757969943452642,0.06083082738268497,6.262675871356915
no_influence,5,39,14.103132697316363,2.128520512799349,9.521517909435424,0.6516555555555565,4.886609092134423,0.67,5.146932965853897,0.20666666666666667,0.24120846554863248,0.06490795467575654,6.2683185130223436
no_influence,5,40,13.964709741388857,2.1529871707763366,9.401797683171967,0.6586777777777787,4.862192927202726,0.67,5.182692618449108,0.20266666666666666,0.24070364360224683,0.0745777787457354,6.250423372102726
no_influence,5,41,14.045612364620938,2.1520364904731886,9.558270087667205,0.6621844444444454,4.862084404787498,0.6766666666666666,5.211634303849475,0.191,0.23889299249458626,0.06736254128281993,6.219289928561083
no_influence,5,42,13.69991068800946,2.320081321744533,9.43656790329102,0.6543022222222232,4.880644086354239,0.6833333333333333,5.244303426412812,0.19066666666666668,0.22890444433543194,0.06179779514144839,6.164425265729808
no_influence,5,43,13.612615792245386,2.349297573388785,9.380191805472787,0.6578977777777787,4.861040706515757,0.66,5.285489439085043,0.20133333333333334,0.22392660571830375,0.06835176805765042,6.135479352939726
no_influence,5,44,13.395529699242113,2.4611171179972717,9.290678572571515,0.6649111111111121,4.850976115510678,0.6566666666666666,5.352474545297486,0.19633333333333333,0.21937761410716092,0.06633273259821247,6.100847998331112
no_influence,5,45,13.411712766761745,2.515403984947564,9.435366672195133,0.6670666666666675,4.842966034170584,0.65,5.334308654603514,0.19433333333333333,0.21520769108500554,0.06692746194294182,6.07319229569357
no_influence,5,46,13.01498038154366,2.601575006889493,9.056337671454513,0.6686955555555565,4.835025392605743,0.6533333333333333,5.427898817664049,0.18333333333333332,0.21620113453311268,0.07149398130822279,6.026250536140246
no_influence,5,47,12.969661961325007,2.6233323488043703,9.167764154651316,0.6703644444444452,4.835288263958295,0.6533333333333333,5.367512815135467,0.189,0.21295590074638043,0.07350033723872734,5.973226221217234
no_influence,5,48,12.746341825111724,2.664488664648069,8.9956546896124,0.676071111111112,4.818537552983559,0.66,5.368672124026742,0.18966666666666668,0.21366272039702272,0.06578137462812386,5.94373164917478
no_influence,5,49,12.372775721411097,2.8055591007045764,8.764563478396845,0.6762288888888898,4.819522459836625,0.6566666666666666,5.426177397543939,0.18966666666666668,0.2064949653662631,0.06382433270204169,5.885632493022382
no_influence,5,50,12.152867050486876,2.869690088983551,8.597628597689825,0.6800822222222229,4.80360858202439,0.6466666666666666,5.440932267059064,0.18733333333333332,0.19974276886944134,0.07565218035032276,5.858018127859204
no_influence,5,51,12.173339490972491,2.8446480451973124,8.703598434624048,0.6676577777777787,4.836678492597809,0.6466666666666666,5.370268352851846,0.193,0.21666673394508024,0.06782880561131335,5.835601348982848
no_influence,5,52,11.899313970519174,2.9652452150158153,8.486716311328482,0.6686533333333342,4.834385657529774,0.6533333333333333,5.354450878005673,0.19833333333333333,0.21465053792074135,0.07180249517710817,5.790538504017429
no_influence,5,53,11.948022169634664,2.9911501898447352,8.610831533548563,0.6714533333333342,4.831805081630076,0.6566666666666666,5.3642251540222405,0.19966666666666666,0.23431835133853,0.07146797990451241,5.789140843368912
no_influence,5,54,11.842288567800582,3.04772086016099,8.577456726496687,0.6719577777777788,4.830031913888391,0.65,5.302545719612611,0.23333333333333334,0.25307464002692126,0.06484271733884737,5.772976919792811
no_influence,5,55,11.532257604229814,3.130191943954689,8.35552672083109,0.6692622222222231,4.83887835319286,0.6633333333333333,5.366223672673703,0.192,0.2474257556585053,0.06354284088804213,5.729412288355282
no_influence,5,56,11.548820317918684,3.135288015675108,8.392998762676475,0.658391111111112,4.871861673172596,0.6766666666666666,5.356628504040847,0.215,0.24061078267761848,0.06345940895476498,5.730351677721292
no_influence,5,57,11.586922696325933,3.150709155747321,8.486797213569098,0.6634822222222232,4.852392044829661,0.6533333333333333,5.322078818122415,0.223,0.2265616034755547,0.06363007663704258,5.709299061504481
no_influence,5,58,10.905611305329515,3.340921290625429,7.965812226739564,0.6687555555555563,4.836776771814462,0.6533333333333333,5.396393233539737,0.19033333333333333,0.22057424006513263,0.06627391757422718,5.638102959466781
no_influence,5,59,11.055659980008022,3.4473728382184814,8.225835158197098,0.6644200000000009,4.852078212632122,0.6466666666666666,5.380744119259014,0.19666666666666666,0.20956192522603606,0.05940656064495073,5.623125710417405
no_influence,5,60,10.703568135240562,3.5150975475308592,7.9134130407693855,0.6766800000000008,4.8140703188201694,0.6466666666666666,5.347580590063493,0.19666666666666666,0.22213405584164117,0.07434645849506531,5.579905165471391
no_influence,5,61,10.77582402057427,3.5154686621445466,7.995316862211193,0.6770866666666675,4.811285935696121,0.63,5.3166558206136365,0.19233333333333333,0.2203559827583652,0.0657646275293334,5.606869576923246
no_influence,5,62,10.12874441191176,3.7678584412639067,7.492571406429898,0.6813533333333343,4.801569075841462,0.6233333333333333,5.328427361144287,0.17233333333333334,0.21796702385313035,0.07089242313700517,5.530017384090527
no_influence,5,63,9.814533056992781,3.8849384408831007,7.269859476713043,0.6821977777777786,4.8007341178329535,0.6233333333333333,5.328633530044243,0.17133333333333334,0.22091760129026927,0.07270416803698537,5.512663584027119
no_influence,5,64,9.44776013237237,4.088419720761658,7.040403694368621,0.6895977777777785,4.775866255462875,0.62,5.39628185208077,0.20566666666666666,0.23870224921927094,0.0742101797984151,5.49362243526203
no_influence,5,65,9.392030615297196,4.180348326070098,7.025784643556408,0.6850200000000009,4.784276659402987,0.63,5.394517776012845,0.19766666666666666,0.23237087747874302,0.07599292978549944,5.485518460935519
no_influence,5,66,9.416061329931301,4.209570757999179,7.0573338100522625,0.6900400000000009,4.771226350401194,0.63,5.436389275517461,0.20233333333333334,0.23336954521964348,0.06983955930550359,5.463328438378022
no_influence,5,67,9.54996714310187,4.304120979681597,7.231132203979865,0.6877022222222232,4.776021256528594,0.6233333333333333,5.441544084027377,0.17666666666666667,0.210518147566783,0.076705313520329,5.47731141429671
no_influence,5,68,9.142883756432738,4.408830972697606,6.935963741014187,0.6914022222222231,4.7703790815594385,0.64,5.433778951140423,0.17566666666666667,0.20124483660672102,0.0687388248146762,5.414422103008161
no_influence,5,69,8.995493177894645,4.503706596051979,6.840692518880299,0.6919400000000009,4.760611454713829,0.6266666666666667,5.462795554584893,0.18666666666666668,0.20946187097241528,0.07572937339578206,5.439422567271506
no_influence,5,70,9.08537370810352,4.522302386238357,6.913004632643642,0.6905844444444454,4.7690465217119264,0.6366666666666667,5.398123264068103,0.189,0.22770774527525053,0.06746325498260482,5.404862915848405
no_influence,5,71,9.292164471384773,4.488794090705202,7.076610120495353,0.693280000000001,4.756036366926497,0.63,5.435528877033868,0.19666666666666666,0.22309053838065482,0.07655558579707188,5.402152494534898
no_influence,5,72,9.269844486973728,4.591768666087646,7.122842251340364,0.6940933333333342,4.75322676785781,0.64,5.492470483557164,0.19233333333333333,0.24091980012961609,0.07527011344348807,5.36738168909753
no_influence,5,73,9.532478502548162,4.586757501600033,7.370270132944138,0.6983488888888898,4.738341960776038,0.6233333333333333,5.527822115589168,0.199,0.23588951555700363,0.0753586880096168,5.347585739477554
no_influence,5,74,9.581128966493443,4.684421197476945,7.484183055392144,0.7028866666666675,4.7203672689655445,0.6133333333333333,5.550945342923319,0.20366666666666666,0.245174522811887,0.07643513320757904,5.32783723021854
no_influence,5,75,9.568646575859306,4.731595535902299,7.538032956365106,0.6974088888888899,4.740832456850432,0.6133333333333333,5.452168597063298,0.20666666666666667,0.23813859681703353,0.08255739272767137,5.298113077563894
no_influence,5,76,9.791594298784247,4.748111701404644,7.802364118256884,0.697971111111112,4.741269371738339,0.6133333333333333,5.490742863307581,0.20933333333333334,0.2345722859516542,0.08061808304068366,5.261768324862392
no_influence,5,77,9.739450343850738,4.820896298878552,7.7714527996110085,0.6972888888888897,4.743951181565058,0.6166666666666667,5.542133598468759,0.181,0.2157516957407105,0.0757402508911797,5.240639940854168
no_influence,5,78,9.573044996181535,5.00985624313814,7.6782758547707015,0.6974800000000008,4.740513309357049,0.63,5.530981378221821,0.17266666666666666,0.20579919860249518,0.07146856268373296,5.218995634027121
no_influence,5,79,9.64719638348446,5.149921250038323,7.788771362080457,0.7097755555555563,4.700197654082858,0.6066666666666667,5.556771417341265,0.183,0.204923094164756,0.10351550209909342,5.222221908668042
no_influence,5,80,9.665980604921918,5.139833925668708,7.859685701833497,0.7164822222222229,4.677076060401262,0.6,5.519799169765806,0.18433333333333332,0.21412433228997382,0.09785734990843349,5.18879781650902
no_influence,5,81,9.60276916044209,5.212930367571685,7.828289636959365,0.715931111111112,4.683463188644266,0.5933333333333334,5.521202837383829,0.18633333333333332,0.20210053988418358,0.09126958925720534,5.144491374224354
no_influence,5,82,9.768974216564985,5.284479799272491,8.040425227605132,0.7126800000000009,4.692931179019141,0.6,5.567318154488523,0.165,0.19798073887623768,0.08833574005400631,5.149485984516189
no_influence,5,83,9.936662076156303,5.318625428129096,8.233477672769084,0.7165311111111119,4.681721522298372,0.6033333333333334,5.50749841824067,0.18333333333333332,0.21137062816355862,0.0910268884881888,5.123473913217026
no_influence,5,84,9.64925757331196,5.40982343832745,8.00151577181664,0.7133000000000008,4.693384697531997,0.6133333333333333,5.49067593398143,0.17733333333333334,0.21337487351025242,0.08039856657503718,5.081598854689179
no_influence,5,85,9.790371310740918,5.49125529056966,8.224949760580902,0.7095133333333343,4.7063796013669865,0.6066666666666667,5.447867066827906,0.186,0.21468383827704116,0.09334517620895331,5.076428966147094
no_influence,5,86,9.75975776563175,5.519699733465505,8.237192394215262,0.7050844444444453,4.724109158515065,0.6033333333333334,5.380770308493595,0.2,0.23056336689997012,0.07842792856724745,5.063780668075149
no_influence,5,87,9.797593137608859,5.5550535621331285,8.26825308009406,0.698662222222223,4.733104054446828,0.59,5.375700565979479,0.17666666666666667,0.22782878485133484,0.08047557462031146,5.047458880274257
no_influence,5,88,9.939838082048558,5.671788226504898,8.442395787637933,0.7055444444444452,4.717559260619859,0.5933333333333334,5.374990996469021,0.216,0.23770726981301862,0.08906744757363953,5.056449001649296
no_influence,5,89,9.841786513497341,5.7743515941730745,8.388714385531642,0.7024555555555565,4.722685271225232,0.5866666666666667,5.408732871331341,0.18966666666666668,0.22950026019822195,0.07875416193140651,5.050412756646388
no_influence,5,90,9.877967932394013,5.844543259281398,8.450556364246307,0.696291111111112,4.742965586484158,0.59,5.39086524862426,0.16933333333333334,0.21130851067632808,0.07917470887672126,5.07425528029044
no_influence,5,91,9.69547009071425,5.978052227247442,8.330184626389725,0.6942000000000008,4.748533008093066,0.5966666666666667,5.408549044795213,0.19166666666666668,0.20843803771911784,0.07891121620610785,5.075460621343024
no_influence,5,92,9.618082259940618,6.112798408292816,8.280405802536432,0.7019444444444453,4.7294762856702075,0.5966666666666667,5.458436196520749,0.18066666666666667,0.2147088753928879,0.09114389953012245,5.076399976386795
no_influence,5,93,9.580192584985175,6.130513203764701,8.269510792343223,0.7040133333333343,4.724922991564236,0.5966666666666667,5.445015021199922,0.18166666666666667,0.21815479727311635,0.08361545746994663,5.042974311443167
no_influence,5,94,9.674736521532203,6.200626249887906,8.418511298680357,0.7032977777777786,4.729251656941577,0.5966666666666667,5.441684951299975,0.189,0.2165829917488711,0.08898643897095909,5.001971279986163
no_influence,5,95,9.77337423327905,6.239768601239744,8.544223135044446,0.7076577777777786,4.712700807878737,0.5833333333333334,5.454117791577371,0.16766666666666666,0.2216853467533369,0.08731935648344318,4.976609051085884
no_influence,5,96,9.676858330896263,6.330772720465406,8.4504072950963,0.7091311111111119,4.708102459370571,0.5866666666666667,5.458265837342461,0.184,0.2279057288807834,0.0849185518070967,4.945856169356522
no_influence,5,97,9.482164369756896,6.447934223223703,8.292190967523187,0.7045888888888896,4.7205548781709865,0.5833333333333334,5.422025253806352,0.18433333333333332,0.21739817815721438,0.08794244025668176,4.939153884174516
no_influence,5,98,9.615697698597813,6.490850132041379,8.469839161054443,0.7078288888888897,4.708916277616501,0.5733333333333334,5.4014156748219975,0.192,0.23006902266792403,0.08963200943077104,4.9141606137472875
no_influence,5,99,9.438530124811477,6.630161630714017,8.299873512478547,0.7053088888888898,4.713542102614633,0.5866666666666667,5.453038197078699,0.18866666666666668,0.21991151672911352,0.09325100853738626,4.910861813193358
no_influence,6,0,30.085153315304606,0.005179078294670791,13.476106266773622,0.8856444444444448,3.8549001988770497,0.2866666666666667,3.3583319548490596,0.44966666666666666,0.5405386852834644,0.4336107713236197,8.722621546899541
no_influence,6,1,29.33480191592468,0.02215074239574577,13.557185291027038,0.8461355555555561,4.13765871833439,0.3433333333333333,3.422427712613374,0.42933333333333334,0.5076168813970675,0.33830797985983746,8.640112766392532
no_influence,6,2,28.786914053412723,0.05902267690298313,14.083972074640007,0.8036866666666673,4.377707767192857,0.4266666666666667,3.5105787531283323,0.396,0.48356673301513536,0.2634934769106596,8.598532399433337
no_influence,6,3,28.604277753003483,0.07757118246497274,13.968819140164523,0.7642955555555564,4.549248480596457,0.4766666666666667,3.479452060205619,0.3546666666666667,0.4568564406494579,0.20859283217642352,8.586049971436886
no_influence,6,4,28.49300951634554,0.08942405320762287,13.80088767648653,0.7451000000000008,4.63260707629283,0.5366666666666666,3.546970971959329,0.35933333333333334,0.4382444643249103,0.20325287500597097,8.578244868520667
no_influence,6,5,28.274072746758062,0.1131646036223175,13.885613140752927,0.7345444444444451,4.673144398432403,0.57,3.5723647010516992,0.36033333333333334,0.4225621922201478,0.1954315521652983,8.558112913836595
no_influence,6,6,27.78819473454965,0.1546711500065981,14.141410804986299,0.7254066666666674,4.7107871535324,0.6066666666666667,3.582059972459874,0.342,0.40838347143390846,0.1621319865205314,8.52129305550018
no_influence,6,7,27.44937359985987,0.16954389166500067,14.10986878529125,0.7306466666666673,4.695321004342419,0.61,3.5729645980768936,0.31833333333333336,0.39763431583172404,0.17826744004762585,8.468849466807098
no_influence,6,8,27.248782168264658,0.195887868641419,14.093918634765279,0.7173933333333342,4.741468176746467,0.64,3.560728125662646,0.34833333333333333,0.39463522631451925,0.15506066703048127,8.429487648862192
no_influence,6,9,26.925761657978796,0.22484340826899502,13.880411723037529,0.7181777777777787,4.739033040082752,0.63,3.585973383874582,0.36133333333333334,0.3987695142877026,0.15551394569196428,8.384897876293754
no_influence,6,10,26.577309734068894,0.27089403037989856,13.943417904490587,0.7257200000000008,4.715357777803638,0.65,3.6625549482608584,0.29133333333333333,0.3630588801929649,0.15217083527068045,8.342227563056477
no_influence,6,11,26.522109931993047,0.2725129686606593,13.824630155864723,0.7346133333333341,4.680294882941645,0.63,3.779434973059781,0.25333333333333335,0.30536725351952726,0.14310694078882932,8.308246722353653
no_influence,6,12,26.01928827151954,0.3222136112863096,13.917408180625845,0.752351111111112,4.614807876532462,0.61,3.822499503563028,0.19133333333333333,0.24281696306319073,0.15095037730873645,8.232553950554106
no_influence,6,13,25.85502603141151,0.3256414904454693,13.661492815355306,0.7738311111111119,4.524964217270554,0.59,3.834333968865382,0.16966666666666666,0.17766158210918168,0.15869097849748004,8.194914702654541
no_influence,6,14,25.77450076525289,0.37154228810878354,13.761133189029144,0.7876688888888896,4.464424686123294,0.5866666666666667,3.7779355425099888,0.114,0.1177894241046493,0.16925072376310765,8.19192781496814
no_influence,6,15,25.293911430004698,0.39381291011544484,13.652207507800561,0.7989577777777785,4.411056470220636,0.5566666666666666,3.7508809979760858,0.08033333333333334,0.08291062340626444,0.17410111732093156,8.11145937270558
no_influence,6,16,25.193858045888323,0.41729899982252905,13.689483861570462,0.8020311111111118,4.395410166069341,0.5666666666666667,3.6759792073759407,0.06633333333333333,0.06456543028171481,0.17461109939825106,8.094483109680125
no_influence,6,17,24.822779121670674,0.4397376101844327,13.621536198816322,0.8013555555555563,4.398581959243874,0.5533333333333333,3.6294719752671076,0.071,0.07310202005515054,0.1571343445569452,8.025538254050373
no_influence,6,18,24.607395918389386,0.47738716096284306,13.56409829489295,0.7993200000000007,4.408637728387365,0.5433333333333333,3.651828600216683,0.06733333333333333,0.0702857416497968,0.1617765917146722,7.99497687145931
no_influence,6,19,24.587741508468575,0.45456888601147427,13.19014071061708,0.796713333333334,4.422745460085836,0.54,3.6582683340612023,0.05566666666666667,0.06140688164198329,0.14477035577654773,7.9729020144715905
no_influence,6,20,24.536014004645118,0.42211863570627184,12.866523176924764,0.7959688888888896,4.426245064773034,0.54,3.6490924097702435,0.07466666666666667,0.08349355718827581,0.15662726592293155,7.944545126310018
no_influence,6,21,24.09256455679691,0.4467696139909285,12.835261164127802,0.7944222222222229,4.432062581468092,0.5333333333333333,3.7366660795468913,0.081,0.09114879485967896,0.1374756475607869,7.868549231871671
no_influence,6,22,23.678216542576195,0.47501567876058837,12.54147112952434,0.789162222222223,4.457327245411162,0.54,3.7624732389121314,0.09133333333333334,0.09682513191522356,0.1516759501821421,7.796315517561088
no_influence,6,23,23.512895929668638,0.5017279787056298,12.217718675184193,0.7874400000000007,4.465132904269277,0.5333333333333333,3.794609642156494,0.105,0.10442052484114413,0.16404745738724066,7.772523725874451
no_influence,6,24,23.38688469092008,0.5298889624028038,12.258042825257975,0.7841088888888896,4.480322347826753,0.54,3.843472682575281,0.08833333333333333,0.10059785007727624,0.15102829503371298,7.751669186534978
no_influence,6,25,22.917868330523056,0.5852818708432362,12.393265505073611,0.7798866666666673,4.5017090832025985,0.58,3.861805367661814,0.10666666666666667,0.10581393641458847,0.14108348179168614,7.664797342523248
no_influence,6,26,22.539687247373003,0.6550288122651782,12.457159371792336,0.7740200000000007,4.5262792071007425,0.5866666666666667,3.8978370097345154,0.10733333333333334,0.10369665499816515,0.12132179124052188,7.6026697702232795
no_influence,6,27,22.270303617321424,0.6293098861736639,12.554746279981435,0.7680533333333341,4.552764092311295,0.6066666666666667,3.876303231340253,0.108,0.11656929860168028,0.124198158795682,7.535093685055842
no_influence,6,28,21.996136707741943,0.6114700518078311,12.29043394116129,0.7657400000000008,4.563618716249547,0.6333333333333333,3.89003785027064,0.115,0.12601309738034824,0.12478381310811651,7.464131557640108
no_influence,6,29,21.64487260288245,0.6162537259906942,11.928696600758856,0.7567511111111119,4.599423546521934,0.6433333333333333,3.956677680987258,0.118,0.1194452323991752,0.11048337283631403,7.397880466830621
no_influence,6,30,21.30549576759831,0.6431690564636936,11.854864217867698,0.7549866666666675,4.603211282141924,0.6366666666666667,3.9446957701353864,0.108,0.11409664238935595,0.12669427135758407,7.326236220943397
no_influence,6,31,20.85753758334026,0.6679014486796322,11.391571487581299,0.7526577777777784,4.615083799876747,0.6566666666666666,3.98475145959248,0.11866666666666667,0.12033695756968281,0.11414942814323618,7.26113651877223
no_influence,6,32,20.497155699635684,0.7142663551109685,11.175809227728008,0.7462177777777785,4.639806781561429,0.6733333333333333,4.045283599817185,0.11466666666666667,0.12530632130304103,0.12020080910947785,7.207386148779807
no_influence,6,33,20.53404296110627,0.6928984997337029,11.187115701705187,0.7509422222222231,4.621027609789898,0.66,4.003001013107575,0.12133333333333333,0.1254454347405855,0.10785683414166386,7.205643284606777
no_influence,6,34,20.271778941758694,0.6885630177012076,10.872750423054413,0.7428377777777786,4.6522974224721905,0.6766666666666666,3.9865321356556054,0.13066666666666665,0.13210742718779533,0.11305797244264736,7.149389783359498
no_influence,6,35,19.841469900012584,0.7515100159158794,10.88048979946248,0.7330866666666676,4.687268273791226,0.6966666666666667,4.023106872996017,0.13566666666666666,0.1280537718497907,0.110400859174079,7.056589301041292
no_influence,6,36,19.338045991570652,0.7596882240133405,10.494759550151127,0.7364155555555564,4.676351804636435,0.6966666666666667,4.048591592277931,0.11366666666666667,0.12870357061515292,0.09819623688431738,6.966523558713779
no_influence,6,37,19.155012396573365,0.7906247016986858,10.311341835413987,0.7325355555555564,4.688806186532595,0.6766666666666666,3.998340932908598,0.132,0.1389759081281567,0.10631576656344459,6.925307415542865
no_influence,6,38,18.985348301167367,0.7940254481770364,10.000594284513095,0.7255733333333341,4.7146611902373365,0.69,4.064911623608826,0.11733333333333333,0.13775682199101813,0.09908013340288882,6.912649751571796
no_influence,6,39,18.701812444630637,0.8813369332867946,9.983914088168552,0.7231955555555563,4.72071773416595,0.6933333333333334,4.074369989077653,0.13066666666666665,0.13970454538030866,0.10394789979542302,6.865549294852658
no_influence,6,40,18.50353398308684,0.8919175067710996,9.854979233739716,0.7222844444444453,4.723363642874735,0.6766666666666666,4.079393082394346,0.13866666666666666,0.13545153726140752,0.08757335142784059,6.81892364800085
no_influence,6,41,18.331279626959518,0.9257352994113677,9.917546086884473,0.712402222222223,4.758021658443678,0.7,4.080796352304217,0.13666666666666666,0.1436935975836539,0.08184906224379908,6.775505285890282
no_influence,6,42,18.078021308421253,0.9499468497246477,9.794162991912925,0.7100088888888897,4.7642615268363855,0.71,4.083781420125603,0.13166666666666665,0.14850647216680946,0.0892572895514072,6.7297952448032055
no_influence,6,43,17.819525879540173,1.0088660971862946,9.578368959283969,0.7120600000000009,4.7577104227987626,0.7,4.127104422593725,0.13666666666666666,0.149062306411823,0.10354389289760808,6.684650816534108
no_influence,6,44,17.676458143155354,1.0411189634111304,9.536744138220852,0.7060733333333341,4.778068765733941,0.71,4.139341678236052,0.12766666666666668,0.13427944705035572,0.08190665744071317,6.658449654972201
no_influence,6,45,17.47235034321199,1.0671061691523513,9.304905638940212,0.7088955555555563,4.768491267981593,0.7066666666666667,4.122489901344682,0.122,0.13319057401536122,0.08320608184385274,6.632010410494723
no_influence,6,46,17.302301303143956,1.1257935641032877,9.519601035663925,0.712013333333334,4.7581334556993795,0.7066666666666667,4.140999475183232,0.13766666666666666,0.13567256872987496,0.0882664719468125,6.561729325521984
no_influence,6,47,17.1620382326385,1.1653354074833966,9.57907783220189,0.7068400000000008,4.778149632392754,0.7233333333333334,4.114437556962106,0.11766666666666667,0.13305142895102168,0.08668627224741776,6.5260671133838235
no_influence,6,48,16.973895950859273,1.2121349392742395,9.519554624341255,0.7027800000000008,4.791705109801866,0.71,4.121255433752498,0.12433333333333334,0.12216978609868706,0.08991227583332846,6.4820698043807
no_influence,6,49,16.95827018450652,1.2862879504654048,9.624192481514918,0.7064666666666675,4.78202734943928,0.7,4.135641940815517,0.10633333333333334,0.12078398529149728,0.08368166663058303,6.488035275681459
no_influence,6,50,16.657529768259305,1.263281343401332,9.442208230874966,0.7059088888888898,4.785241887128221,0.71,4.1609816041735606,0.10266666666666667,0.11763968399313714,0.07512114934715554,6.413521563708865
no_influence,6,51,16.406134979107552,1.3006849594227199,9.386243077844094,0.712971111111112,4.7601013201667755,0.6866666666666666,4.15689758681945,0.099,0.1109196315705497,0.08049248910704018,6.345901902821152
no_influence,6,52,16.061270161401517,1.3530201785714775,9.16170821462409,0.7080777777777787,4.77519180843911,0.6933333333333334,4.1558378196046455,0.11033333333333334,0.10815640004521701,0.08535355382491605,6.284032822424656
no_influence,6,53,16.035423967394475,1.398860669626207,8.98497882302632,0.709931111111112,4.770699472530774,0.6966666666666667,4.203799625202708,0.10933333333333334,0.09640582882208865,0.08134812641778585,6.31844790187759
no_influence,6,54,15.895557749840806,1.4403216432316537,8.752142608707281,0.705982222222223,4.781910628329767,0.6866666666666666,4.233782700200195,0.09266666666666666,0.09192138010167117,0.08255758245309329,6.325643007869836
no_influence,6,55,15.952106976330452,1.4362254802555992,8.810595127153471,0.707622222222223,4.7761432326153095,0.6766666666666666,4.187244555488872,0.09366666666666666,0.08705796149600384,0.07490959519210293,6.353167121446205
no_influence,6,56,15.627508918500173,1.4795476810834742,8.583924044633735,0.7132644444444453,4.75675937496844,0.6766666666666666,4.173436717201724,0.09266666666666666,0.09988196162983903,0.08919721675526629,6.329217349734754
no_influence,6,57,15.364985187075659,1.4899170067486858,8.46353762192653,0.716511111111112,4.747121981751181,0.6833333333333333,4.1075945986352655,0.11733333333333333,0.11391340719667921,0.07482836035080616,6.259249247616515
no_influence,6,58,15.217835760914813,1.474191376391492,8.392154288988998,0.7135244444444453,4.757290242344086,0.6666666666666666,4.12036365747064,0.10233333333333333,0.1050338714059973,0.08434124827700679,6.246524211964124
no_influence,6,59,14.761874144412358,1.5243046795897954,8.07058434479472,0.7113066666666674,4.764908080429789,0.69,4.192090865051605,0.10833333333333334,0.09616273628195979,0.08209760899002386,6.193657355491102
no_influence,6,60,14.893901489886131,1.562091600171256,8.329524547841658,0.709731111111112,4.768277670479437,0.6666666666666666,4.242699823394258,0.09666666666666666,0.09927719348848911,0.07193551847189618,6.178082062934318
no_influence,6,61,14.45124687062449,1.5665549003756083,7.937322194019851,0.7054133333333343,4.784523983703784,0.69,4.171809771577505,0.094,0.10508040731737324,0.08010252332233757,6.155916199741534
no_influence,6,62,14.185159466467958,1.591105439105061,7.588356571126214,0.702031111111112,4.793279254588615,0.6966666666666667,4.178579569813201,0.131,0.11220916010432674,0.08425170589644275,6.173818924655866
no_influence,6,63,14.378445253643987,1.6137180223596688,7.812881054090446,0.6963000000000008,4.81246221859393,0.7133333333333334,4.1929536754172805,0.12333333333333334,0.11883645947979588,0.07938518095251841,6.158046943385613
no_influence,6,64,14.300635769472697,1.6601459386499426,7.976143336124359,0.6936777777777787,4.819972922638456,0.6933333333333334,4.183616572741226,0.10866666666666666,0.1098090714259923,0.07800432510958827,6.10682859496761
no_influence,6,65,14.243119809476397,1.6918017913562746,7.783326992051919,0.6887711111111121,4.837121275477456,0.7,4.190872475151175,0.101,0.10619820550895565,0.06885743828468285,6.1668688264090745
no_influence,6,66,13.899616589693558,1.7312208476429105,7.517801229975802,0.6894200000000009,4.834339215522645,0.7066666666666667,4.158745390362854,0.11833333333333333,0.1140626119604316,0.07900714896844926,6.109524388889661
no_influence,6,67,13.965958685435409,1.7472935345733287,7.535827882454717,0.6840977777777788,4.850504891449373,0.7133333333333334,4.169114579830009,0.09666666666666666,0.11789315899418835,0.06909294667034606,6.090085073945268
no_influence,6,68,13.891460066728719,1.7930028263044657,7.660295374548731,0.6848422222222231,4.850865023485515,0.7233333333333334,4.134472996137305,0.12966666666666668,0.13250383619503367,0.07096437503558246,6.046793374272499
no_influence,6,69,13.505378346654936,1.8471186952537124,7.395005198712129,0.677900000000001,4.871634571191533,0.7466666666666667,4.1403699492933566,0.099,0.1191331391828659,0.0677383188993096,6.005759567600964
no_influence,6,70,13.410384150959079,1.8885049283419546,7.319099135794032,0.6794311111111121,4.864827762728522,0.73,4.101879235929754,0.11566666666666667,0.1286610396745352,0.06445601182443288,6.0235980228673895
no_influence,6,71,13.213586334585973,1.8990282325791297,7.255577783465197,0.6767333333333343,4.873301698392323,0.7433333333333333,4.107959236006515,0.13733333333333334,0.13525287768640187,0.0737175177190657,5.94843261858011
no_influence,6,72,12.791797987117105,1.9804924129154071,6.87791432543324,0.6687133333333342,4.896303665172736,0.7433333333333333,4.18707748129655,0.14966666666666667,0.13524009638849813,0.062335645234252036,5.933511275412502
no_influence,6,73,12.996557157618907,2.0094207894363727,7.110883694251306,0.6702422222222233,4.889498718411888,0.7466666666666667,4.186665315990629,0.13833333333333334,0.14504039019689755,0.0657229943259355,5.916766337796166
no_influence,6,74,12.830346941239762,2.0518220809544454,7.022548205660705,0.668500000000001,4.895803163121059,0.7333333333333333,4.279393206840747,0.12333333333333334,0.13767391930782272,0.07962327261088871,5.894179215689367
no_influence,6,75,12.945757827080236,2.0592611946934687,7.227351191007642,0.6680555555555565,4.897260673909155,0.73,4.2811967269060025,0.12333333333333334,0.11836039037380791,0.06388544633900671,5.886524573008503
no_influence,6,76,12.819325891359252,2.1066863132863194,7.324837834097475,0.6719711111111121,4.885806573281181,0.73,4.306628259969358,0.107,0.11129770888113609,0.06368366554899063,5.878515345901349
no_influence,6,77,12.643676790574442,2.1752808949634335,7.256051917382528,0.6756533333333343,4.876918377434557,0.7566666666666667,4.295189282245854,0.116,0.10773434427237931,0.06910287339079907,5.856386823831925
no_influence,6,78,12.55596162169506,2.2035645758618108,7.196131152759899,0.6767622222222232,4.869884559663173,0.7233333333333334,4.297616089928774,0.11866666666666667,0.11388871892684639,0.06902236251307459,5.834477829497152
no_influence,6,79,12.894001004986338,2.274004355463298,7.377557989979313,0.6771644444444453,4.870265463836,0.74,4.311071180049798,0.11833333333333333,0.11987858031102228,0.06608273520425223,5.929322431488704
no_influence,6,80,12.540012393659383,2.3402950526089517,7.02822135920326,0.678671111111112,4.864196788831467,0.71,4.334117313788045,0.11633333333333333,0.12408654887953764,0.06622625783229497,5.89078513719027
no_influence,6,81,12.354356122864166,2.372065130266889,7.061306479161302,0.6802355555555564,4.859268648272057,0.7166666666666667,4.368103209575631,0.11966666666666667,0.12511384004959494,0.0727778311872739,5.829054835409153
no_influence,6,82,12.305455476825077,2.432010244127927,7.098166231004638,0.6778400000000009,4.865569102528032,0.7066666666666667,4.373752890726482,0.12633333333333333,0.11641569715677202,0.06427616987988505,5.785358559285953
no_influence,6,83,12.080697643744873,2.4551537043261114,6.960005462473285,0.6773044444444454,4.868140861566893,0.7133333333333334,4.411611535315413,0.11466666666666667,0.11961163059050416,0.06281648290936216,5.725085348994859
no_influence,6,84,12.077698111171662,2.4725056896776882,6.939949620718031,0.6768600000000009,4.87044197588957,0.72,4.419621205505783,0.11,0.10943210928280972,0.06195946425435589,5.722928435166921
no_influence,6,85,12.032928890141795,2.473640592704305,6.906338983959392,0.6777577777777786,4.868280991080366,0.71,4.368276710218964,0.111,0.10757501864582605,0.06988497327119618,5.685757525546517
no_influence,6,86,11.774960379100992,2.542670325729064,6.808222379052927,0.6761266666666674,4.872441106155579,0.72,4.372398061096283,0.104,0.09906413813239547,0.06254038817506309,5.612452895495404
no_influence,6,87,11.699602587269602,2.532982805900896,6.658623555953695,0.6750711111111121,4.879606218229747,0.76,4.421335458018437,0.11133333333333334,0.1045075195321611,0.07422024655770786,5.637883758705833
no_influence,6,88,11.348873265195683,2.5827043395032727,6.385018048190865,0.6779800000000009,4.867938770423449,0.7266666666666667,4.398635517491271,0.11633333333333333,0.1053421320183093,0.05860965416305973,5.619612420282249
no_influence,6,89,11.39879449503569,2.5682706283331225,6.382372403399963,0.6758688888888897,4.875092773379524,0.75,4.407835851670703,0.113,0.1055783730963155,0.060728529153451755,5.655659397765729
no_influence,6,90,11.654449022180119,2.5822926734634795,6.635502134252971,0.6723333333333343,4.886414822206163,0.7633333333333333,4.38587874306833,0.103,0.11012491299459536,0.06629111886851825,5.6454471959944925
no_influence,6,91,11.26944243820313,2.6434910321951257,6.316958358025543,0.6749555555555564,4.876932414356293,0.73,4.400785078569516,0.10733333333333334,0.1073001285007153,0.0650786979618249,5.637785593940463
no_influence,6,92,11.176559899890862,2.6892718484569063,6.281800402471633,0.6721644444444452,4.885639189527259,0.7333333333333333,4.429857808478501,0.09966666666666667,0.10061002699303419,0.06332303546699831,5.58946154898203
no_influence,6,93,11.383925080354528,2.6921760021162404,6.448520873888803,0.6766066666666677,4.8727518324070775,0.7233333333333334,4.354920802814176,0.10366666666666667,0.10276322175660157,0.06454778437363577,5.578353324518003
no_influence,6,94,11.095228273030415,2.704276569410758,6.303361367416404,0.6758666666666675,4.8771603581668455,0.74,4.335191401374652,0.10033333333333333,0.11070249824103665,0.06790601655539737,5.516983493097719
no_influence,6,95,11.094677008166332,2.7689006487560492,6.258238505981437,0.6836533333333343,4.852867466145375,0.7166666666666667,4.366116658846647,0.10233333333333333,0.10358829058994319,0.06670449118591533,5.504773301168501
no_influence,6,96,10.89562620031409,2.830539116373314,6.147522813450676,0.6801466666666676,4.865107380200024,0.74,4.370954234925387,0.108,0.11851996340345833,0.07782500695039396,5.423170713506131
no_influence,6,97,10.825226622019846,2.8740951205627496,6.120054785430311,0.6813311111111119,4.860869308614519,0.7366666666666667,4.358495440072428,0.12333333333333334,0.11756216064874378,0.07147744970887385,5.445019311635256
no_influence,6,98,10.494478347951489,2.9412500474428986,5.803726590212878,0.673360000000001,4.884808073319956,0.74,4.383052531520305,0.10633333333333334,0.11315036753102707,0.07306897494203997,5.410561947904857
no_influence,6,99,10.654003195354527,3.018594077829149,5.92684899717617,0.673820000000001,4.882460807294248,0.75,4.378313038382877,0.11533333333333333,0.11853363962073334,0.06669723150373305,5.49699036468462
no_influence,7,0,30.206420094065145,0.010316071236516455,13.769004076256603,0.9605822222222223,2.8060748250939636,0.09666666666666666,2.668208481870494,0.28933333333333333,0.34552005619180565,0.6396927418986242,8.704552419107339
no_influence,7,1,29.86171213363725,0.030574901227331974,13.83612927093657,0.9467733333333335,3.0765956225495144,0.11333333333333333,2.74535702324322,0.28733333333333333,0.3455726809664375,0.5349797799952598,8.681337641149538
no_influence,7,2,29.534882945147817,0.05606564314509277,14.304631476997493,0.9266888888888891,3.402225398274619,0.15,2.7415582120103816,0.27066666666666667,0.34501323400195566,0.4722675234981736,8.67754941751947
no_influence,7,3,29.230569481616953,0.08074659316440524,14.557965589817304,0.9099377777777781,3.605183287236708,0.19666666666666666,2.768233054733137,0.302,0.3462589741106612,0.4184859129518571,8.65859707947975
no_influence,7,4,28.832910200937036,0.1078148860171797,14.836755655210169,0.8985822222222226,3.7150032395003443,0.21,2.7963905896446812,0.26066666666666666,0.34540587503533277,0.4056141625259272,8.641069718174622
no_influence,7,5,28.61633246020432,0.11952138569014026,14.834469814636126,0.8922244444444448,3.7748431914307927,0.23666666666666666,2.810071962882957,0.29133333333333333,0.3454436414237344,0.3861769111807811,8.629600571631853
no_influence,7,6,28.554112888079068,0.13390610654510382,14.688544580093753,0.8851733333333337,3.8360459971785947,0.27,2.851607141385337,0.26566666666666666,0.34261558332823167,0.3674020617325571,8.61222907123313
no_influence,7,7,28.066314154524136,0.14643928000322137,14.10109070061712,0.8771200000000003,3.8890773351611574,0.2833333333333333,2.9314482385206726,0.269,0.3347868748532778,0.36398864179049945,8.548514740043636
no_influence,7,8,27.744013256649453,0.17826931923312606,14.056358501123476,0.8722488888888893,3.9360269032730555,0.3333333333333333,3.067475057170522,0.25166666666666665,0.31502856418170616,0.3340545496814847,8.521227586176112
no_influence,7,9,27.60167628562571,0.1801665551086109,13.930205702434556,0.8689733333333338,3.9634739912498307,0.35,3.2887556908096416,0.24033333333333334,0.28178054705682476,0.3349299934671452,8.501644520876726
no_influence,7,10,27.621181973883317,0.20378745653207725,14.120086836179118,0.8687977777777782,3.968169497786117,0.36,3.398914041185593,0.197,0.24439270573688476,0.3207909060037542,8.524312801223287
no_influence,7,11,27.372164509751805,0.23971347962980272,14.05264780345137,0.8708444444444449,3.959907060298899,0.36666666666666664,3.5000667722046055,0.165,0.19784173085891768,0.32247311354509495,8.528557454311965
no_influence,7,12,27.450958813112464,0.2660126271132839,13.957882314533462,0.8722266666666671,3.954946832691578,0.36333333333333334,3.439253677765052,0.15766666666666668,0.15721038849012017,0.3129579235693787,8.53992963537003
no_influence,7,13,27.26354164120801,0.27636646626918454,13.760621814565262,0.8798333333333337,3.905971598177133,0.3433333333333333,3.3293934422699936,0.10766666666666666,0.1147642704791823,0.3294882332150134,8.52958625159359
no_influence,7,14,26.84236267206583,0.3026862046697999,13.70118173446727,0.8827977777777782,3.885268196942297,0.3333333333333333,3.202405734461422,0.09133333333333334,0.08623643039345057,0.28958309506684116,8.504214746774691
no_influence,7,15,26.475971831872236,0.33813319030523276,13.715567141138754,0.8848444444444449,3.871668413383712,0.33,3.045352300716372,0.073,0.0661635341803854,0.2977351012993428,8.50165001397349
no_influence,7,16,26.715861657576596,0.3215299122758532,13.605405159960114,0.8857266666666671,3.8640299788852146,0.3433333333333333,2.9715011215917304,0.06166666666666667,0.052631659768722146,0.3093506360340726,8.476165328887731
no_influence,7,17,26.20719091282654,0.3941877905773228,13.736444989746465,0.885786666666667,3.858320088008155,0.3233333333333333,2.8515980011349664,0.046,0.041117990354001745,0.2892686288313223,8.452973012231592
no_influence,7,18,26.54371521731411,0.400990043621435,14.19256515334362,0.8849088888888892,3.8644936763616364,0.31333333333333335,2.856482323378121,0.043333333333333335,0.03739395237560766,0.2852694738182354,8.494115827373877
no_influence,7,19,26.721488504575255,0.3862180761807989,14.144013106224923,0.8847955555555559,3.863037759024973,0.3,2.8056648575844694,0.03866666666666667,0.03855868385468727,0.2859384531017658,8.490377723906755
no_influence,7,20,26.231749436690666,0.4014303791539317,13.861161691949057,0.8821200000000005,3.8874929127036286,0.31666666666666665,2.798611560674477,0.051666666666666666,0.047721910131478286,0.2672574975477452,8.471449658655816
no_influence,7,21,26.074239835305864,0.4089364277109284,13.65135525002164,0.8797022222222226,3.9061242401172347,0.31333333333333335,2.781317075671076,0.051333333333333335,0.04378759546707257,0.25470583624608395,8.444293750866228
no_influence,7,22,25.650201308910773,0.4328367524141132,13.487259784959637,0.8767511111111115,3.9309238756632077,0.3333333333333333,2.7835129326675943,0.056666666666666664,0.05221969631461315,0.25543635944951737,8.402736991766245
no_influence,7,23,25.297190706163587,0.43449555703751813,13.26378596493436,0.8730533333333338,3.961396497091227,0.37,2.7980767930236707,0.05533333333333333,0.05761894319616025,0.250897056876159,8.335129453615378
no_influence,7,24,25.031147599467317,0.45093608569256793,13.26641734853169,0.869675555555556,3.9878619061462786,0.37333333333333335,2.8000585222679493,0.06166666666666667,0.05373559197988924,0.23928757015831317,8.292685613168565
no_influence,7,25,25.04964026451715,0.4623216829057362,13.378249450471053,0.8656333333333339,4.018586693826961,0.4033333333333333,2.8007371626838387,0.053,0.05123176940455869,0.24084065000473667,8.29774816894201
no_influence,7,26,24.567134516991764,0.491239108928252,13.440639985221239,0.8644133333333338,4.028440817797512,0.41,2.7831306132191607,0.05733333333333333,0.05175777885704969,0.24052541999910423,8.245014326281742
no_influence,7,27,24.477745201803568,0.4934200449786258,13.11490086166531,0.8604888888888893,4.055356350998508,0.4266666666666667,2.7692846707159577,0.064,0.054339006390597626,0.2342976835972192,8.19972932542012
no_influence,7,28,24.08571272213192,0.5294240045583936,12.832977105762152,0.8562533333333339,4.085738825053802,0.44,2.7890121786615287,0.05533333333333333,0.05460334189853767,0.2161791757147794,8.159570156013727
no_influence,7,29,23.652398032555435,0.5533994092353527,12.547676526033335,0.8561288888888895,4.086313683761451,0.43666666666666665,2.782130498287662,0.058,0.060456424607849314,0.22312684005021466,8.078630675088245
no_influence,7,30,23.14824546615628,0.5954337063003637,12.341706358855989,0.8538422222222227,4.099945630754899,0.44666666666666666,2.7837811307909965,0.06,0.06503686298275457,0.2218002651516583,7.994937174515876
no_influence,7,31,23.226763151460688,0.5704134208994558,12.419154280347145,0.8508311111111116,4.119174134410539,0.46,2.811618952252742,0.064,0.06346511077358795,0.20590323648373185,7.945127231878637
no_influence,7,32,23.484425676681457,0.5903133431186021,12.269020573185301,0.8525288888888893,4.109276680165587,0.43666666666666665,2.8296365095965967,0.058333333333333334,0.07501524928857801,0.19475456589620674,7.994014433817013
no_influence,7,33,23.03929856704049,0.611856394560485,11.979223840619868,0.8511377777777783,4.117893330476748,0.43,2.818527445203415,0.07266666666666667,0.07345464733905878,0.201800655055299,7.8796359324824605
no_influence,7,34,22.680442551499237,0.6371918632051075,11.725076693502725,0.8488577777777784,4.131378408036885,0.41333333333333333,2.8367501213534174,0.064,0.06734074056644197,0.1998702375482561,7.806991276256171
no_influence,7,35,22.483484668667977,0.6649349104491702,11.679098337278317,0.8455088888888894,4.152236953615448,0.44,2.8306939045118127,0.059666666666666666,0.06933662619079886,0.19383945045322754,7.777289163504586
no_influence,7,36,21.94732408421729,0.6786158827134479,11.502780116244054,0.8425511111111117,4.170182506753312,0.4633333333333333,2.8073357828438943,0.06766666666666667,0.06997856385502844,0.19604140871168732,7.653002512335491
no_influence,7,37,22.27921337437249,0.6576793510379941,11.388664390808096,0.8400733333333339,4.18444196161651,0.4766666666666667,2.8012683534572975,0.07133333333333333,0.06787201900234646,0.19765645603106902,7.671559914587962
no_influence,7,38,22.090657009613675,0.6642015733687832,11.188403785061475,0.8389533333333339,4.189650747195289,0.48,2.779325358948376,0.06366666666666666,0.07538322574248423,0.1998795139042817,7.605585147750756
no_influence,7,39,21.506349733185175,0.7006336099930717,10.930115215527243,0.8371755555555561,4.201116113550418,0.49,2.791388767427602,0.06833333333333333,0.07850455897955903,0.18351041445081692,7.519001886948037
no_influence,7,40,21.075498721717643,0.7267288193655532,10.968309731991916,0.8344666666666672,4.215929857125292,0.49,2.7882577976937366,0.06733333333333333,0.07953745549119119,0.18456353960223928,7.4387155921035975
no_influence,7,41,20.735176599604806,0.7486627921576197,10.884460729305154,0.8339288888888895,4.21480615072388,0.4866666666666667,2.794412416888284,0.085,0.08204978399653817,0.18701336689339784,7.388161570170255
no_influence,7,42,20.566425597029156,0.7341320023939422,10.77148583391932,0.8354200000000006,4.204029782859809,0.49,2.8125275141385333,0.07366666666666667,0.09072974442893365,0.17847452155114693,7.344301344134018
no_influence,7,43,20.614417983828524,0.7410279895293268,10.598696361558282,0.8380400000000006,4.191511776358126,0.48333333333333334,2.808887872515022,0.09566666666666666,0.08965683668394227,0.18392289684859342,7.3227911306177385
no_influence,7,44,20.780809815557504,0.7238487537293157,10.316063236901254,0.8372066666666672,4.195887557827589,0.47333333333333333,2.8096179890734168,0.071,0.08624087441917733,0.19128853645494512,7.298812820280495
no_influence,7,45,20.12428181908892,0.7834183602766682,10.139958116595631,0.8344088888888895,4.214137967205172,0.48,2.7938781602135516,0.08333333333333333,0.07973203977301037,0.17939936367954942,7.174623719430543
no_influence,7,46,19.46190342507808,0.8063614830326409,9.901134604014246,0.8317000000000005,4.225589014433613,0.49666666666666665,2.777437225211956,0.09066666666666667,0.08594868331670616,0.17438916361129983,7.058360849207734
no_influence,7,47,19.498158579125622,0.8277720983942816,9.859396680673393,0.8297000000000005,4.238531363695128,0.5066666666666667,2.819346539326792,0.07666666666666666,0.08301335913075714,0.16955851152058582,7.032161197687162
no_influence,7,48,19.380989396072763,0.831819363479749,9.590904781936953,0.830344444444445,4.235918863428861,0.5066666666666667,2.8402217374064964,0.08,0.0815535767850601,0.1687672860621777,6.9786849001703315
no_influence,7,49,19.179146171886025,0.8238500544191947,9.301947301932492,0.8332177777777783,4.218307528254781,0.5066666666666667,2.824596967233684,0.059666666666666666,0.07774543749890528,0.1773868710981714,6.889998948234108
no_influence,7,50,18.94778709713132,0.8168369778187388,9.07754536225781,0.8349066666666672,4.20668268577008,0.52,2.812579583260413,0.07033333333333333,0.07265353943298003,0.18037026756067,6.808948424323167
no_influence,7,51,18.44723377754428,0.8722952818020753,8.95790641175774,0.8351111111111117,4.205917013047797,0.49666666666666665,2.81766572584613,0.06566666666666666,0.07011150965938849,0.17669777061030928,6.715315396386212
no_influence,7,52,18.230286852566962,0.8768668637037362,8.757944204990139,0.8352266666666673,4.207739381189709,0.49,2.8208347544401415,0.055,0.0609460048308927,0.1806119774618227,6.676678985963965
no_influence,7,53,18.325254147367808,0.8747869467148939,8.773018217291211,0.8345533333333339,4.212055997537834,0.5,2.8119797239443054,0.06633333333333333,0.0615877424163267,0.17703329736998466,6.684746713301123
no_influence,7,54,18.192822508175254,0.9039086771296936,8.700528341755655,0.832584444444445,4.226053487174689,0.5166666666666667,2.8214432856894134,0.06066666666666667,0.06182451873993595,0.1648789100762785,6.663648175206382
no_influence,7,55,18.094862895991422,0.9011886365948938,8.598767404911388,0.8355733333333338,4.208522551947329,0.5066666666666667,2.818052456849751,0.06466666666666666,0.0642366171672234,0.16579662754972352,6.660477346570045
no_influence,7,56,17.910620929581597,0.9543625508312079,8.642630673518582,0.8372155555555562,4.198137103847797,0.5033333333333333,2.8070650988992822,0.064,0.06611319083294165,0.17469162502444238,6.627120532695987
no_influence,7,57,18.188011770367453,0.9425246257658997,8.76623382837646,0.8335000000000006,4.219656398288801,0.5066666666666667,2.7993775514500903,0.057,0.06389116114946884,0.1611490992953841,6.633518921034738
no_influence,7,58,17.99299410074014,0.9623988298913293,8.498630755887566,0.834204444444445,4.215285675438237,0.49666666666666665,2.810918472863518,0.058333333333333334,0.0675996021950129,0.15750715902031692,6.618023366532033
no_influence,7,59,17.810875941715242,0.9857334769622719,8.344246955075118,0.8342911111111116,4.213288795819608,0.5033333333333333,2.830913693194567,0.068,0.07444218139384524,0.16658624270466377,6.585715521126777
no_influence,7,60,17.736244147591346,1.012775762329499,8.38694210154084,0.8308955555555562,4.232371748760134,0.5066666666666667,2.8380407394692173,0.075,0.07037724339774568,0.15975465138003836,6.560994799299203
no_influence,7,61,17.355392102145757,0.9916483298000727,8.1049111855553,0.8296111111111117,4.2381324589683285,0.51,2.813477574709495,0.064,0.06254118894825067,0.1645633846717438,6.454789567935798
no_influence,7,62,17.0491017372631,1.011271535604684,7.8185310088934115,0.8329200000000005,4.222370689600478,0.5066666666666667,2.7915996419227613,0.065,0.06316298521197554,0.16281224637648786,6.396554967424819
no_influence,7,63,16.972725765219487,1.0147880678004972,7.917159014994237,0.8317688888888894,4.225410818217548,0.49666666666666665,2.7781676612749395,0.051666666666666666,0.059956806157763415,0.16989112066124448,6.369470671995533
no_influence,7,64,16.779502714450473,1.062212495923211,7.7213886765188375,0.8299933333333339,4.232772343121049,0.5366666666666666,2.8045575928815767,0.06733333333333333,0.06433884431247591,0.16088041129836797,6.324346949756539
no_influence,7,65,16.644617100582163,1.0897747731806433,7.59102743885585,0.8301400000000005,4.235897541102736,0.5333333333333333,2.8235315319403744,0.07,0.0666448629397085,0.150809055638777,6.3187238059622
no_influence,7,66,16.58150519291569,1.128351832724536,7.51764564065575,0.8315088888888895,4.225684922658238,0.52,2.8281604482189384,0.06966666666666667,0.0666475555279415,0.16374104825343214,6.314488311714176
no_influence,7,67,16.257234441554246,1.122924314718204,7.507559210360431,0.8302111111111117,4.233464222190673,0.5333333333333333,2.841977688075737,0.058333333333333334,0.06265760265327322,0.1604720153713962,6.270075155675946
no_influence,7,68,16.044279856300207,1.1810495381970398,7.435826584431569,0.8311155555555562,4.228149919710397,0.5166666666666667,2.8320039511064694,0.06666666666666667,0.0636982630279859,0.16001147273206096,6.221760186459661
no_influence,7,69,16.088479252642802,1.1908140712776398,7.481877035088164,0.8285244444444451,4.242191855680753,0.54,2.8385977405808256,0.06533333333333333,0.06651610801443582,0.14789812125725438,6.2358145934321705
no_influence,7,70,15.8430948394949,1.2109608092927187,7.204595985889273,0.8259377777777783,4.254143230748076,0.5433333333333333,2.8504592684950536,0.07166666666666667,0.0643393920273072,0.15132148553201183,6.1815353707265634
no_influence,7,71,15.792353760674976,1.2240670681938575,7.159680443906555,0.8243711111111117,4.2653314985230155,0.54,2.8566838767471996,0.065,0.06401992193905003,0.14794840092827707,6.160074915477925
no_influence,7,72,15.709563147295853,1.247722086359523,7.119880774359551,0.8305577777777784,4.230608377847576,0.52,2.835249778693404,0.051333333333333335,0.06463537017002559,0.15952993242853925,6.151316005568906
no_influence,7,73,15.67964873025157,1.2774641533332,7.048706447696006,0.8316222222222227,4.224066802081992,0.5233333333333333,2.8423519465057963,0.067,0.0659316572869795,0.1611420702906771,6.1133239599479845
no_influence,7,74,15.60701167133766,1.310316295392136,6.982073535484942,0.8304511111111117,4.231324889144677,0.53,2.84262692034742,0.05566666666666667,0.06542787326544564,0.1628104119822386,6.1077413701985135
no_influence,7,75,15.428271227295115,1.3436310892011534,6.867858021319502,0.831144444444445,4.2272306859918,0.5166666666666667,2.846650935112454,0.058333333333333334,0.06702737125366516,0.15718815440951664,6.066004634522904
no_influence,7,76,15.354057517226973,1.380325592119545,6.99064628349048,0.8296000000000006,4.231924546374424,0.5066666666666667,2.8479762831421334,0.062,0.06752400406491045,0.15276713253493437,6.070177141773143
no_influence,7,77,15.152253669108921,1.3893504576976246,6.891861512342572,0.8309200000000005,4.225684836719043,0.51,2.8496474652056727,0.06766666666666667,0.06896707921241754,0.1627486296526544,6.023550312739097
no_influence,7,78,15.044491457497635,1.4112585709948613,6.802471030934899,0.8301155555555562,4.232886740529235,0.5,2.829646730018261,0.06533333333333333,0.06565490254201867,0.16276815375886583,5.997379364971053
no_influence,7,79,14.677097996228078,1.443256332248425,6.7211256007635045,0.8260800000000006,4.252213886791794,0.5266666666666666,2.814224564304665,0.07266666666666667,0.06865581552367783,0.15578747505218093,5.905281874401848
no_influence,7,80,14.521006274582712,1.4940391912925333,6.599583127130252,0.8232355555555562,4.266268059533295,0.55,2.823900608054956,0.06533333333333333,0.06573397072058244,0.15700302506804054,5.867495656424059
no_influence,7,81,14.469628119257955,1.4826091607040253,6.641220801976687,0.8222288888888896,4.271644954763632,0.5533333333333333,2.8361517816321236,0.06866666666666667,0.062214348286734944,0.15786320104044563,5.846367211297593
no_influence,7,82,14.334338244996493,1.5326326475259866,6.5734101255980715,0.8249088888888895,4.257087305954336,0.5433333333333333,2.8297526065582783,0.06933333333333333,0.07330051957892252,0.15853516667371156,5.798717766618303
no_influence,7,83,14.245286357101891,1.556176211323863,6.669959630369622,0.8221666666666673,4.270744424061339,0.5366666666666666,2.840409708949485,0.09033333333333333,0.07467154801204309,0.15392791576615106,5.792269983535328
no_influence,7,84,14.260049674533818,1.5541484420095562,6.521690602294423,0.8226977777777784,4.267634613903466,0.53,2.830276340547523,0.07766666666666666,0.07563337061560459,0.1451616486368808,5.789037442117292
no_influence,7,85,13.755709260442526,1.6144243032660226,6.439840577634751,0.8198511111111118,4.282619907219588,0.5466666666666666,2.8322164742797145,0.07466666666666667,0.07586138978945284,0.14606476111894068,5.7006214754472175
no_influence,7,86,13.56290644513849,1.638022786896836,6.386085405180902,0.8185066666666673,4.283979708726479,0.5366666666666666,2.8304836230538375,0.07733333333333334,0.07284507181540777,0.14116648916958516,5.644990287669846
no_influence,7,87,13.279558093210142,1.6270409733772904,6.124026395682769,0.8221866666666673,4.265450193639898,0.54,2.848177760994813,0.07666666666666666,0.07736593642822326,0.15671841316578158,5.574996029115226
no_influence,7,88,12.90542037553809,1.7082287229877635,6.071128809406003,0.8188688888888895,4.284589740822903,0.55,2.8616432157417533,0.06866666666666667,0.07376062123979174,0.1557112588420638,5.499708145518045
no_influence,7,89,12.645249732457414,1.7551139635567905,6.079615196766703,0.816433333333334,4.294132265575703,0.5533333333333333,2.8594407359600194,0.06433333333333334,0.0713972921135093,0.14763209442776007,5.429446611788236
no_influence,7,90,12.493601910453478,1.7735026171078099,5.897453833774286,0.8210844444444451,4.275377090647582,0.54,2.8248323982078327,0.06566666666666666,0.06006541831243232,0.15501394016486897,5.400267768497397
no_influence,7,91,12.532506649734072,1.7985162963137316,5.903236339106767,0.8235311111111117,4.2640452389117165,0.53,2.8335517074333216,0.05533333333333333,0.05523528070230218,0.14962090326254412,5.4360759196800394
no_influence,7,92,12.347798867871706,1.8164526726832109,5.74742394556127,0.8255222222222228,4.257448768916392,0.52,2.84426843117809,0.06233333333333333,0.061910174338727655,0.1506971790679221,5.410329041131017
no_influence,7,93,12.215124267781043,1.8733315309505851,5.790896630976794,0.8282755555555561,4.241516624005085,0.49666666666666665,2.849898511255319,0.07,0.07084319225321672,0.16014687811901435,5.404498359879418
no_influence,7,94,12.260685213686202,1.9062433792930653,5.730892061567057,0.8285355555555561,4.241016119762676,0.49666666666666665,2.851032236340833,0.075,0.0681204234588426,0.15315350284390533,5.415663016699324
no_influence,7,95,11.993650703563645,1.9455547877814001,5.710122150760282,0.830053333333334,4.2318516305971015,0.4866666666666667,2.8762641476231874,0.06633333333333333,0.06887198012291984,0.1501327867465638,5.350697121774491
no_influence,7,96,11.91901922895659,1.9652086517835592,5.621017611496448,0.8318822222222229,4.224502580445649,0.49666666666666665,2.832489113118313,0.05366666666666667,0.05846703415395715,0.15514407691265275,5.312857223138141
no_influence,7,97,11.755176449639075,1.9978445090041395,5.646079484440554,0.8330511111111117,4.21956652852304,0.4866666666666667,2.8055750607250562,0.05566666666666667,0.052484703301312545,0.1482181342049763,5.258504131402588
no_influence,7,98,11.54580920981937,2.035599592003835,5.608205555539768,0.8300155555555562,4.2347793391714115,0.49333333333333335,2.801584657128047,0.04933333333333333,0.055190066808578964,0.1534682651942714,5.219885708550376
no_influence,7,99,11.39869168247443,2.0427138777431595,5.676815988504292,0.8291911111111117,4.2400610522190485,0.51,2.7929316467755236,0.058333333333333334,0.05234955001283201,0.15299003026557206,5.188284402531463
