part,seen_filter,seed,mode,t,tr_xi,logdet_xi,topeig_xi
A,True,0,closed_loop,0,3.8330437081052886,-7.641814217154574,0.983856700469484
A,True,0,closed_loop,1,4.026078951922241,-6.50960016852293,0.9386802764395078
A,True,0,closed_loop,2,4.279420714087563,-5.963187237619752,1.0093669115971864
A,True,0,closed_loop,3,4.338550473143342,-5.719363069326764,1.017519301817307
A,True,0,closed_loop,4,4.416814461219776,-5.542444858912117,1.0144713389957707
A,True,0,closed_loop,5,4.472465550749123,-5.422430200641529,0.9976642411867568
A,True,0,closed_loop,6,4.439309282577556,-5.494134114753773,0.9911286041957155
A,True,0,closed_loop,7,4.5549992961765,-5.335775022668622,1.0720910029800792
A,True,0,closed_loop,8,4.700788091265563,-5.098446300889968,1.0948089067275164
A,True,0,closed_loop,9,4.848231915701528,-4.721776532209451,1.068954028283991
A,True,0,closed_loop,10,9.098703332146451,-1.4908657424921603,3.300108694603072
A,True,0,closed_loop,11,16.213898969802795,0.2866938000961265,7.172105685712823
A,True,0,closed_loop,12,22.16887169739412,1.2506265654258615,10.685316791494584
A,True,0,closed_loop,13,24.756402093386587,1.3308646545557707,13.208652529270495
A,True,0,closed_loop,14,25.516552173852972,1.3091294666383042,14.943420688421954
A,True,0,closed_loop,15,25.543887601033465,1.2079203278212356,15.88199301165811
A,True,0,closed_loop,16,25.201764457663703,0.9669008997100373,16.906702191932833
A,True,0,closed_loop,17,24.984027439809292,0.9176733644523569,17.18311926103438
A,True,0,closed_loop,18,24.624818023408796,0.83285710367934,17.54327878739689
A,True,0,closed_loop,19,24.482971999731983,0.6487707987310736,17.743991321712425
A,True,0,closed_loop,20,24.52292932713325,0.7190095158411269,17.864885978699157
A,True,0,closed_loop,21,23.820795678871296,0.773228445361374,17.17734372106895
A,True,0,closed_loop,22,24.0287652675937,0.7221453465231237,17.479962260330556
A,True,0,closed_loop,23,24.110032141787872,0.6938339843088913,17.60045616924015
A,True,0,closed_loop,24,24.02417058320417,0.6326204002349872,17.486481395341862
A,True,0,closed_loop,25,24.1198945637146,0.6316858978656877,17.476192668441303
A,True,0,closed_loop,26,23.88252731590103,0.5988831779453878,17.17013042266852
A,True,0,closed_loop,27,23.391823291360357,0.5345540732192228,16.577685721133708
A,True,0,closed_loop,28,22.94871545916328,0.676909630901144,16.131086379757548
A,True,0,closed_loop,29,23.19223190514228,0.890000366103744,15.915094578632901
A,True,0,closed_loop,30,22.474212032422674,0.5774157946862807,15.740695111450867
A,True,0,closed_loop,31,22.026207479787406,0.6098678669718566,15.298572351804069
A,True,0,closed_loop,32,22.50808968404189,0.6842896304442897,15.730397051410334
A,True,0,closed_loop,33,22.424447171949975,0.6036503266481891,15.959515443671927
A,True,0,closed_loop,34,22.51613788019301,0.35544974728426054,16.374868194664202
A,True,0,closed_loop,35,22.98079062538928,0.5647397827404993,16.681689555386992
A,True,0,closed_loop,36,23.030745796112086,0.3528292921712217,16.997863234580823
A,True,0,closed_loop,37,23.45843211510818,0.46882166456848734,17.416294058541478
A,True,0,closed_loop,38,23.712789256742713,0.49921722242886596,17.661299999566136
A,True,0,closed_loop,39,23.81991885616397,0.348896526625235,18.118365266334255
A,True,0,closed_loop,40,24.31131338352867,0.44409302831535075,18.19961215998511
A,True,0,closed_loop,41,24.81988400872055,0.37270890066810586,18.807155325271495
A,True,0,closed_loop,42,25.12326899438168,0.3219780658076665,19.07896565295141
A,True,0,closed_loop,43,24.98023946381822,0.38426006499029924,19.046446481040398
A,True,0,closed_loop,44,25.43359443644636,0.6130771431693383,18.81080072698757
A,True,0,closed_loop,45,25.52216782790626,0.5371058679392625,18.770587322446417
A,True,0,closed_loop,46,25.77334774263646,0.49893036917371236,18.63511851105026
A,True,0,closed_loop,47,27.232697837286377,1.0556104114886604,18.009290424011734
A,True,0,closed_loop,48,26.992136828452246,0.958234079947736,16.7519923446491
A,True,0,closed_loop,49,27.766208173513018,1.4580877017551188,15.638510109625633
A,True,0,closed_loop,50,27.479326202479537,1.6222731080756863,15.10720082348917
A,True,0,closed_loop,51,27.234987177943434,1.6245819718582164,15.885433803597962
A,True,0,closed_loop,52,25.293652537586524,1.349735645677163,15.696290261581339
A,True,0,closed_loop,53,23.741021404811658,1.1090892258173408,14.873652936383536
A,True,0,closed_loop,54,22.183058733636216,1.0423808591000896,13.600718587929165
A,True,0,closed_loop,55,21.542431974531677,0.8914372500171103,13.663021904997409
A,True,0,closed_loop,56,22.12965887964788,0.9767270147188242,13.841840926336536
A,True,0,closed_loop,57,22.682488779191022,1.146010758329149,13.769761745247147
A,True,0,closed_loop,58,23.076156257723937,1.0993244306687362,13.797785181238032
A,True,0,closed_loop,59,23.214480174444066,1.2074744797798644,13.86521518752402
A,True,0,closed_loop,60,23.9932718598473,1.2854310549430672,14.06485234289048
A,True,0,closed_loop,61,24.7943982240979,1.3476053245588389,14.238256533972027
A,True,0,closed_loop,62,25.476491918649668,1.4956122419792548,13.962874259628036
A,True,0,closed_loop,63,25.913570158958922,1.5881217734661284,14.036847557855099
A,True,0,closed_loop,64,25.9837355552377,1.6022370501198624,13.809377846767939
A,True,0,closed_loop,65,26.003183622666665,1.515754284756465,14.15514775356626
A,True,0,closed_loop,66,26.181786629262493,1.703999111975457,13.981662522316645
A,True,0,closed_loop,67,26.4943495296079,1.7524702436159945,14.256041510894851
A,True,0,closed_loop,68,26.88908164043562,1.762006878803045,14.509569408545147
A,True,0,closed_loop,69,27.3732218210192,1.7964436342968264,14.8868849002144
A,True,0,closed_loop,70,27.373972465387975,1.8234183503271337,15.207904484508234
A,True,0,closed_loop,71,33.33089032636918,1.6197348213508382,19.719516168157746
A,True,0,closed_loop,72,31.15544986952078,1.8464434165886907,18.020449145267605
A,True,0,closed_loop,73,29.790826964374997,1.8921717830314915,16.726502271580117
A,True,0,closed_loop,74,28.953858787078246,1.8702045482139564,16.141209794153713
A,True,0,closed_loop,75,27.433597763812724,1.7763060842891545,15.864387135963982
A,True,0,closed_loop,76,26.490133375807208,1.6406974422063267,15.213248772506512
A,True,0,closed_loop,77,26.42539255578029,1.72335172960725,15.064541191392882
A,True,0,closed_loop,78,25.967377414450564,1.74769670521106,14.652766472441607
A,True,0,closed_loop,79,25.8179137798996,1.721283157011938,14.488723937904046
A,True,0,closed_loop,80,26.255896459920134,1.7449798614156602,14.746253873823122
A,True,0,closed_loop,81,32.606727874098766,1.7737976528508066,18.598594950549288
A,True,0,closed_loop,82,30.521779256519878,1.8331592515216453,16.91523742103627
A,True,0,closed_loop,83,30.107750421755686,1.8838004569090137,16.078810106728437
A,True,0,closed_loop,84,29.95579557454991,1.9243646048335297,15.88414945019129
A,True,0,closed_loop,85,29.726909106570762,1.8811517959058495,15.568326549509507
A,True,0,closed_loop,86,29.1922768730072,1.9705782930140279,15.66414935353165
A,True,0,closed_loop,87,29.06456352454133,1.7511728319626332,15.642409198214926
A,True,0,closed_loop,88,28.361966906856054,1.6888500306009948,15.372130117102516
A,True,0,closed_loop,89,28.199071943909757,1.7533501059683374,14.924422227094029
A,True,0,closed_loop,90,27.250995657960612,1.5934192299580403,15.698535764412327
A,True,0,closed_loop,91,30.6262544755766,1.831695170013785,18.255167397533295
A,True,0,closed_loop,92,29.12864910138772,1.7635896152635995,16.766096619876063
A,True,0,closed_loop,93,27.41769053183995,1.600930335008215,16.0813936743855
A,True,0,closed_loop,94,26.794833923242724,1.4977085831382642,15.14831853499277
A,True,0,closed_loop,95,26.1421079353341,1.4846447217337984,14.710414631678239
A,True,0,closed_loop,96,26.828017328662074,1.5649685705658285,14.671111335777105
A,True,0,closed_loop,97,27.092068085564417,1.5402691156815171,14.794177431112502
A,True,0,closed_loop,98,26.604812122340096,1.519585574948333,14.833464555877745
A,True,0,closed_loop,99,26.918040830121956,1.581797753761691,15.29027176613485
A,True,0,static,0,3.8330437081052886,-7.641814217154574,0.983856700469484
A,True,0,static,1,4.023564658644262,-6.5787325174159585,0.9734310085438205
A,True,0,static,2,4.270451084487135,-6.022952599419909,1.0184178208799068
A,True,0,static,3,4.338956228719958,-5.770524178617106,1.0039216292577964
A,True,0,static,4,4.38775213113592,-5.627231846852311,0.9824712994920265
A,True,0,static,5,4.445533628381152,-5.510528955504383,0.9803512630096526
A,True,0,static,6,4.440885827657387,-5.540761644437804,1.0050209682946618
A,True,0,static,7,4.4667878793616795,-5.491595354098895,1.0296882919031773
A,True,0,static,8,4.627832076392475,-5.21885421839211,1.0553865105326992
A,True,0,static,9,4.785995226992846,-4.862947188640426,1.0639421701234653
A,True,0,static,10,9.070794346917038,-1.579410371857336,3.0698360380217298
A,True,0,static,11,16.222655670760776,0.15736956150192855,7.330885764724943
A,True,0,static,12,21.74919027320305,1.074056958878604,10.421261084896756
A,True,0,static,13,25.068095302675616,1.3242078261513806,13.397602795810222
A,True,0,static,14,25.63387389600487,1.2387735468652608,15.290101991312154
A,True,0,static,15,25.86416027312821,1.1860751973050332,16.349447304286684
A,True,0,static,16,25.486379205137183,0.8919007876851234,17.473827517324462
A,True,0,static,17,25.13070156567083,0.9084400883218157,17.386239279128134
A,True,0,static,18,24.732044946170138,0.7734256554682837,17.432819823503618
A,True,0,static,19,24.893843505419017,0.6842664525311903,17.976247122032774
A,True,0,static,20,24.657024397993965,0.729692955868121,17.915098233658433
A,True,0,static,21,24.804091154188935,0.8145355670869859,17.93814258550185
A,True,0,static,22,24.691050749706434,0.7774194423888385,17.893976225409695
A,True,0,static,23,24.320253725757293,0.7131587850284683,17.528716855754553
A,True,0,static,24,24.20572132691107,0.7513748739217085,17.34825781137003
A,True,0,static,25,23.96664050977631,0.5730939714880465,17.22047645579497
A,True,0,static,26,23.6054479398596,0.6754035221413169,16.70466848596932
A,True,0,static,27,23.64785012592743,0.7496074834226268,16.342237819453263
A,True,0,static,28,23.72460898519961,0.8158101615241112,16.436586209571775
A,True,0,static,29,23.90785429467161,0.940652215970573,16.413917933088115
A,True,0,static,30,23.328980218078325,0.715476613991183,16.34088936272517
A,True,0,static,31,23.303199817750325,0.7655254004025448,16.236900043491
A,True,0,static,32,23.375790217213705,0.6392797017199215,16.463731785955748
A,True,0,static,33,23.455935848011038,0.572311647354521,16.68919967679216
A,True,0,static,34,23.256196187666703,0.3071633132499097,16.890418075472304
A,True,0,static,35,23.889115330462932,0.5518653596865423,17.286524503991313
A,True,0,static,36,23.728654547369064,0.4208948625448572,17.436090678503902
A,True,0,static,37,23.819569717290904,0.498995861033016,17.69631287030101
A,True,0,static,38,23.819002120345846,0.37380612097091026,17.84804193825371
A,True,0,static,39,23.966966126248035,0.2913964475216809,17.946546087720794
A,True,0,static,40,24.18093047791933,0.634723945016117,17.791274897317255
A,True,0,static,41,24.137722974886007,0.6294077877567349,17.636388238508733
A,True,0,static,42,24.36721766647219,0.5546969873373032,18.0015954734632
A,True,0,static,43,24.375809432555005,0.5716568518016095,17.713472997435645
A,True,0,static,44,24.518490730056087,0.5947553854464336,17.61766863464665
A,True,0,static,45,24.793063385406175,0.7872489034029811,17.089764967968932
A,True,0,static,46,25.338612753764604,0.9639239876572622,16.429752107091055
A,True,0,static,47,24.98633981465132,0.9087012809055267,15.564561615913314
A,True,0,static,48,26.66108538586522,1.0259512509789461,14.869917795341308
A,True,0,static,49,28.092996801507027,1.3365289993549023,14.749657909887135
A,True,0,static,50,28.291423088894415,1.3826927759731735,14.39377102490259
A,True,0,static,51,28.019852251131585,1.4045825810279011,14.774607738392488
A,True,0,static,52,27.25229508051554,1.3348186177073176,14.638295351906564
A,True,0,static,53,27.233334935384693,1.4120623844170659,14.372018893192559
A,True,0,static,54,26.24888090005699,1.3955807425680045,14.155094165800728
A,True,0,static,55,26.278155205358132,1.4917131336525025,14.854943768538597
A,True,0,static,56,25.579221152932266,1.4869281581634783,14.538966412594144
A,True,0,static,57,26.104978769069522,1.4542958437458875,14.845659588350868
A,True,0,static,58,26.29296895504109,1.3711237432301215,14.548080019409062
A,True,0,static,59,26.740091948599368,1.6421417218027587,14.539034835046456
A,True,0,static,60,26.99373599218899,1.7213010987837025,14.394930678534335
A,True,0,static,61,27.103674463226454,1.7077139142812794,14.491912714720392
A,True,0,static,62,27.481022195673475,1.8528451423400212,14.392094444737374
A,True,0,static,63,27.73523597712179,1.7693921649698146,14.403558660171939
A,True,0,static,64,28.122997034032835,1.8595497942605872,14.253912085150946
A,True,0,static,65,28.50037007523966,1.9725818777496291,14.322181841405959
A,True,0,static,66,28.420055528273064,2.018909995934992,13.864670730462427
A,True,0,static,67,28.33636587038485,1.9318213772258475,13.704884957186414
A,True,0,static,68,28.641421600017612,1.948665201522563,13.723150892096237
A,True,0,static,69,28.86287251379137,1.985265159499221,13.949419508720908
A,True,0,static,70,28.71971975457375,1.9850094564295055,13.929291447882298
A,True,0,static,71,29.01720546525894,1.8648108997170476,14.573820885422686
A,True,0,static,72,29.14694942931779,1.9837665401245232,14.576448786487234
A,True,0,static,73,28.947156458209275,1.9615922006104487,15.069748318957787
A,True,0,static,74,28.30965984494865,1.8910668804726616,15.549256249584786
A,True,0,static,75,28.23082323765608,1.960910257276993,15.576414654750204
A,True,0,static,76,28.286666024696956,2.0007516946441988,15.100892006072618
A,True,0,static,77,28.226624998681775,1.9799761185040559,15.030941587952968
A,True,0,static,78,27.995335502026848,1.881887925681325,15.393705804044282
A,True,0,static,79,28.100943174728645,1.8542109328339549,15.366106132897377
A,True,0,static,80,27.977856758399223,1.913306193350963,14.561094381383185
A,True,0,static,81,28.188864004081967,1.8934759021465861,14.171969893097184
A,True,0,static,82,28.173614429752078,1.9264491241528117,14.364997147728886
A,True,0,static,83,28.062018977287504,1.8924344605216146,13.891869218598623
A,True,0,static,84,28.026764992058634,1.790406585118412,13.953468712935567
A,True,0,static,85,28.02649369077226,1.8008058286493007,14.215477224918951
A,True,0,static,86,28.031869072983923,1.855276466941459,14.241294248609869
A,True,0,static,87,28.178508128361177,1.9491966256309048,14.250910801575474
A,True,0,static,88,28.136849254386025,1.9885461408649323,14.420939421225947
A,True,0,static,89,28.061647038210605,1.9634890118969774,14.418600528621445
A,True,0,static,90,28.15984952041319,1.9759546368228431,14.448570484874873
A,True,0,static,91,28.06608872068645,1.8374640464493321,14.668385551331488
A,True,0,static,92,28.205077550403846,1.9659701826572664,14.605396758421945
A,True,0,static,93,27.91087774097717,1.886221682355857,14.802608684466703
A,True,0,static,94,27.82720202939804,1.8176246344557871,14.672709370902295
A,True,0,static,95,28.166681273834538,1.8274019829928665,15.023543316667661
A,True,0,static,96,28.362299207798454,1.7146178729715054,15.052778567828584
A,True,0,static,97,28.530541657340763,1.7939294754859472,15.01189158112824
A,True,0,static,98,28.442625861463956,1.7461628239768878,15.1421874692878
A,True,0,static,99,28.41309395979529,1.8080971002680375,14.964947523309283
A,True,1,closed_loop,0,3.932125324760958,-7.879426512916475,1.223443393344108
A,True,1,closed_loop,1,3.925121753713927,-6.889347591454091,0.9987543495885681
A,True,1,closed_loop,2,4.064186535272788,-6.573345389345789,1.002445239516528
A,True,1,closed_loop,3,4.252364014369172,-6.14872915650258,1.0650214637208237
A,True,1,closed_loop,4,4.436851258400451,-5.727947145394697,1.0309020098884496
A,True,1,closed_loop,5,4.539145673098889,-5.391996057415693,1.0289033370713194
A,True,1,closed_loop,6,4.544706135650374,-5.270237882843876,0.9736397106098039
A,True,1,closed_loop,7,4.580803683726529,-5.150404256709435,0.9446689829961216
A,True,1,closed_loop,8,4.714825291294718,-4.813286129094558,0.9448573957723078
A,True,1,closed_loop,9,4.835739328882333,-4.496978845793188,0.945885261922134
A,True,1,closed_loop,10,9.898784276239034,-1.1858083469217162,3.8382703074787194
A,True,1,closed_loop,11,16.581108772776272,0.14693547975549767,7.6181960553911265
A,True,1,closed_loop,12,22.464974891021857,1.0018257249742408,10.725944833359165
A,True,1,closed_loop,13,24.94360737517899,1.2475607283161818,12.947383358882627
A,True,1,closed_loop,14,26.37465941036945,1.3908320407647485,15.36457139993992
A,True,1,closed_loop,15,26.72520471951164,1.295213904784396,16.77818282595489
A,True,1,closed_loop,16,26.59896635373093,1.1960965136079964,17.441711158196757
A,True,1,closed_loop,17,26.522775710989325,1.1839582572391922,18.052975759369627
A,True,1,closed_loop,18,26.505411468876925,1.1643583888324471,18.50299031021815
A,True,1,closed_loop,19,26.630859841226027,1.1608271528237395,18.833193941746757
A,True,1,closed_loop,20,26.48343038818319,1.0740178994836609,19.054508359134825
A,True,1,closed_loop,21,25.061203426538764,0.8743211026779071,17.91013878707525
A,True,1,closed_loop,22,25.330959697140923,0.9076472415795945,18.212508218167148
A,True,1,closed_loop,23,25.34368870190205,0.8980889583926915,18.372770883559326
A,True,1,closed_loop,24,25.32968489288677,0.9246190885713331,18.164461264634575
A,True,1,closed_loop,25,24.62652258665571,0.7326033261689139,17.76623915764431
A,True,1,closed_loop,26,24.34946079186116,0.8385294809712809,17.22671134965918
A,True,1,closed_loop,27,23.945860885490216,0.8265807634297003,16.811614463046606
A,True,1,closed_loop,28,23.731639822117838,0.8870770318390067,16.46777853934014
A,True,1,closed_loop,29,23.754464298342153,1.0243105410319258,16.283191068653846
A,True,1,closed_loop,30,23.340913363595988,0.9910952705079271,15.95190722225252
A,True,1,closed_loop,31,21.816982506164152,0.4945416021419775,15.552314896765836
A,True,1,closed_loop,32,22.43246857764636,0.6021619525699015,15.933378819333337
A,True,1,closed_loop,33,22.96111002902371,0.588024372162688,16.449812284388432
A,True,1,closed_loop,34,23.039496918418234,0.574751997785798,16.65331503887258
A,True,1,closed_loop,35,23.157539868163322,0.49100735489508834,17.00596164884048
A,True,1,closed_loop,36,23.536086928733763,0.3998132039340548,17.55249288141346
A,True,1,closed_loop,37,23.788121150608728,0.42441040712855305,17.942271292233567
A,True,1,closed_loop,38,24.250020441069022,0.3514540006521158,18.233449245623703
A,True,1,closed_loop,39,24.97166167706752,0.6761032863162884,18.69594628437604
A,True,1,closed_loop,40,25.271672189437727,0.6026961647712014,19.21062233874842
A,True,1,closed_loop,41,25.68656686260591,0.16271754802123337,19.950627983674412
A,True,1,closed_loop,42,25.692978549962003,0.24101520825592268,20.12519483889453
A,True,1,closed_loop,43,25.896081870029676,0.31248555191648303,20.171922421138213
A,True,1,closed_loop,44,26.7189320585244,0.6684068233819639,20.14454825324921
A,True,1,closed_loop,45,27.359128093843765,0.8139745280676962,20.004684016694288
A,True,1,closed_loop,46,27.35412122620359,0.6632015550750946,19.87178018700951
A,True,1,closed_loop,47,28.355139186592712,0.9652223023084416,19.435276058277832
A,True,1,closed_loop,48,29.76608444369582,1.2240654024508526,18.927450616555273
A,True,1,closed_loop,49,30.07291516395348,1.6191306492215658,17.53131993769752
A,True,1,closed_loop,50,29.482393901047317,1.6899674537741578,16.250214925566947
A,True,1,closed_loop,51,29.934964936244928,1.9567251746795513,16.542045189543256
A,True,1,closed_loop,52,27.43264997967768,1.6372778782334467,14.742607185216771
A,True,1,closed_loop,53,26.178740959487047,1.577375558355264,14.040091310049107
A,True,1,closed_loop,54,25.123684277352098,1.4219685017237034,13.883999802614868
A,True,1,closed_loop,55,24.420717733793282,1.4089297292279603,13.579388091117076
A,True,1,closed_loop,56,24.146613834880753,1.25690847606415,13.570791292899964
A,True,1,closed_loop,57,24.455365908708504,1.2637172651190307,13.911179480962078
A,True,1,closed_loop,58,24.593514331438154,1.381961502553892,13.763435528902683
A,True,1,closed_loop,59,24.93088444966895,1.399417334439758,14.06655898805272
A,True,1,closed_loop,60,25.474053718012673,1.3573356651275443,14.34945788121182
A,True,1,closed_loop,61,26.58368326796413,1.535638308949984,14.736422085487126
A,True,1,closed_loop,62,26.680280061668213,1.5779348076480233,14.790910633226567
A,True,1,closed_loop,63,26.639147971987715,1.510841944128913,14.66883450612963
A,True,1,closed_loop,64,27.242022296561526,1.6577772586221802,15.158416049863874
A,True,1,closed_loop,65,26.894906627099406,1.6201435156318311,14.95839838838667
A,True,1,closed_loop,66,27.307832097094476,1.645084245350037,15.24188631194653
A,True,1,closed_loop,67,27.722874290211717,1.721898961717849,15.38789230788982
A,True,1,closed_loop,68,27.58727382117384,1.7626574850727568,15.064451458917636
A,True,1,closed_loop,69,28.058609948830263,1.7841953155628054,15.166093964048201
A,True,1,closed_loop,70,28.237831826528673,1.8804555301848078,14.664217625264607
A,True,1,closed_loop,71,35.307572987107356,2.169519305947116,19.512007604864937
A,True,1,closed_loop,72,32.77778756345803,2.1029682432737324,17.51213456105645
A,True,1,closed_loop,73,31.58205198269198,2.073474361734552,16.429986347808224
A,True,1,closed_loop,74,30.679521621968643,2.0247737612617946,15.576664575591353
A,True,1,closed_loop,75,30.17972899459458,2.009652486050585,15.293092122690345
A,True,1,closed_loop,76,29.60718577015358,2.0458167459796246,14.852732727760404
A,True,1,closed_loop,77,29.371445969345643,2.026509931649471,14.60845255491878
A,True,1,closed_loop,78,28.9672073158504,1.9750273931218363,14.709343407101501
A,True,1,closed_loop,79,28.891711974702915,1.926622685064718,14.734787404629772
A,True,1,closed_loop,80,28.491961281064757,1.877158989809115,14.779668870014035
A,True,1,closed_loop,81,34.940645535036005,2.101272038044102,18.5843391881835
A,True,1,closed_loop,82,32.628217482503466,1.9968825115561895,17.148950921640463
A,True,1,closed_loop,83,31.158940520734035,1.9912047906452557,16.229256796437227
A,True,1,closed_loop,84,31.211158952099424,2.0718215855940234,16.068450962419487
A,True,1,closed_loop,85,30.718269288586736,2.039515599469951,16.16861271076272
A,True,1,closed_loop,86,29.970079382417637,1.9609513263575105,15.924292320475482
A,True,1,closed_loop,87,29.727870552686355,1.888103311157157,16.142384911354572
A,True,1,closed_loop,88,29.437658828727546,1.79520726581967,16.03397938114651
A,True,1,closed_loop,89,29.24566326984404,1.878641080799022,15.753765348118222
A,True,1,closed_loop,90,29.1154303983374,1.8535293380083762,15.729766412973268
A,True,1,closed_loop,91,31.083507487929428,1.7539460290367928,17.118415561400607
A,True,1,closed_loop,92,29.508993283648635,1.8037229745023524,16.295242692623827
A,True,1,closed_loop,93,28.954404188844958,1.857021959010334,15.976101172208734
A,True,1,closed_loop,94,28.184103468566416,1.7948494920025266,15.496459391789765
A,True,1,closed_loop,95,28.159532764815754,1.9032755696573265,15.517784107786825
A,True,1,closed_loop,96,28.388608925487166,1.881604818319975,15.297487253539023
A,True,1,closed_loop,97,28.565426084856682,1.949579278280554,15.580198798396781
A,True,1,closed_loop,98,28.07682381156819,1.892884894622026,15.852411699662213
A,True,1,closed_loop,99,27.900200051414632,1.7581977184115143,15.292930788308311
A,True,1,static,0,3.932125324760958,-7.879426512916475,1.223443393344108
A,True,1,static,1,3.964571642163976,-6.860399408000578,0.9984420296584995
A,True,1,static,2,4.036443273316665,-6.618255507105154,0.9697339614336927
A,True,1,static,3,4.263500553206218,-6.190798029833196,1.0907523112130952
A,True,1,static,4,4.4220838540850105,-5.789480406058082,1.046958871604765
A,True,1,static,5,4.517737484714698,-5.525755596630479,1.0318646498345567
A,True,1,static,6,4.605800084514882,-5.209321260355008,0.9896681309879867
A,True,1,static,7,4.5930079390986664,-5.161467041348165,0.9839778008511785
A,True,1,static,8,4.630964139167953,-4.9736559690012445,0.9166589275733196
A,True,1,static,9,4.772510202266415,-4.614973729447938,0.9710763287881524
A,True,1,static,10,10.054754467035666,-1.1580785940309781,3.8326833761749115
A,True,1,static,11,16.581446892094096,0.19957607114586662,7.264670549365989
A,True,1,static,12,22.57316352013247,0.9105010799158965,10.917477054445646
A,True,1,static,13,25.471141155139218,1.288122457020645,13.784134097540898
A,True,1,static,14,26.872173010323305,1.4200989470779077,15.793698653583855
A,True,1,static,15,27.199937965177984,1.4004082901761992,17.007840228860918
A,True,1,static,16,27.247000629398155,1.321493787486874,18.107794849779996
A,True,1,static,17,27.26160435082134,1.2418582928301105,18.82457303412779
A,True,1,static,18,26.960212034183048,1.1807809798578153,18.885772776855305
A,True,1,static,19,26.83250335693006,1.2116455315820707,18.904375868619557
A,True,1,static,20,26.66707380224167,1.1479649299904924,18.97552008205178
A,True,1,static,21,26.77609421932371,1.1513447969847355,19.0198936965582
A,True,1,static,22,26.450617354976018,1.1754444808416598,18.835507256257667
A,True,1,static,23,26.019982000769783,1.0608483472987884,18.691754869398807
A,True,1,static,24,25.524217709370152,0.9990240465016725,18.129560609553113
A,True,1,static,25,24.81881123403129,0.6328644215288957,17.807112568424927
A,True,1,static,26,24.57927157646003,0.8761032473371296,17.173892303672556
A,True,1,static,27,24.062503710779186,0.9437270445693847,16.66326120116285
A,True,1,static,28,23.783468491448804,1.0078516366090564,16.128508674968582
A,True,1,static,29,23.807732823076773,1.0439357881544844,16.077649501451674
A,True,1,static,30,24.212417850493534,1.062200632279661,16.556757534219795
A,True,1,static,31,24.06015314347559,0.8866635546366856,17.173722188687194
A,True,1,static,32,24.492444187999453,1.0194862925667223,17.298708485709895
A,True,1,static,33,24.836274942585717,0.8038217030930275,17.842784581355257
A,True,1,static,34,24.93087497272012,0.8138386635345912,18.234951389403907
A,True,1,static,35,25.246692715947045,0.6820167579759234,18.61962729967917
A,True,1,static,36,25.46014703256094,0.6254790702479087,18.81127045687717
A,True,1,static,37,25.694024281395425,0.6247541932632605,18.920022672995515
A,True,1,static,38,25.32656309529943,0.46025691813641206,19.08681987577452
A,True,1,static,39,25.4268259295812,0.5230580313428472,19.008398377754112
A,True,1,static,40,24.928727687689854,0.29580845528270644,19.069688980929396
A,True,1,static,41,25.307987129607465,0.3609750428681304,18.904842413392398
A,True,1,static,42,25.17317949137505,0.5729911599308172,18.516527574950928
A,True,1,static,43,24.72828799438064,0.5091010665257684,18.230500664103268
A,True,1,static,44,24.8945161782159,0.43973431380724576,18.065388039807146
A,True,1,static,45,25.031210803841237,0.5826740278335345,17.93277002921312
A,True,1,static,46,25.468742715838783,0.7242339942605426,17.759545401670845
A,True,1,static,47,25.819880479717668,1.025289269064883,17.306771659686117
A,True,1,static,48,27.080113141466637,1.323246225818087,16.19209253356189
A,True,1,static,49,28.633045716288848,1.7378749470341042,14.829705621061697
A,True,1,static,50,29.186394359283796,1.8444288051601554,13.85135146142977
A,True,1,static,51,29.310737832579388,1.8367200996977113,15.100669027163255
A,True,1,static,52,28.309406868101362,1.6460888559884985,15.078419916932253
A,True,1,static,53,27.573054053607013,1.4030800314624692,14.587780893498886
A,True,1,static,54,26.27732316397042,1.3835564688980775,13.834777778002268
A,True,1,static,55,26.27777197929031,1.4548342118072328,13.595835443707102
A,True,1,static,56,26.72590726405845,1.4328707451966978,14.120302774293584
A,True,1,static,57,26.644544112765875,1.6438280377245773,13.9951319227379
A,True,1,static,58,26.91695943117324,1.6566683112605451,13.981620102789757
A,True,1,static,59,27.54057589875096,1.7492693276326123,14.098680890895816
A,True,1,static,60,27.864034320813587,1.7534708983073557,14.159851932684214
A,True,1,static,61,27.803002106131775,1.9268982715048424,14.103728645213735
A,True,1,static,62,28.213886592242982,1.944019339804985,14.44803738871133
A,True,1,static,63,27.932783622299723,1.8956512499331073,14.127847496274725
A,True,1,static,64,28.328778587835142,1.8901033773346574,14.114508556180889
A,True,1,static,65,28.53758851942996,1.9041415599402427,14.184207764513097
A,True,1,static,66,28.883580054662122,1.8881270118037892,14.436275720195953
A,True,1,static,67,29.02583068892319,1.9730813225874027,14.442480934431986
A,True,1,static,68,29.423496958024952,2.049967715225783,14.70508900429089
A,True,1,static,69,29.35821870910321,2.026693210315584,14.75211476079991
A,True,1,static,70,29.38156907932435,2.0328568678133756,14.458118846388068
A,True,1,static,71,29.46138086866942,2.1201709047884485,14.702192205523511
A,True,1,static,72,29.781246594152233,2.0749333729319583,14.472302082825395
A,True,1,static,73,29.601768221229147,2.0263522747310994,14.420899431183946
A,True,1,static,74,29.47876027615763,2.038202634444588,14.658328960500304
A,True,1,static,75,29.61649527816314,2.05716476363101,14.175372913838126
A,True,1,static,76,29.454954582254143,2.0128794480580066,14.27664954071079
A,True,1,static,77,29.418598497834747,2.031972653623242,14.23117480902892
A,True,1,static,78,29.225806844076768,2.0832810231905357,14.43401691425845
A,True,1,static,79,28.951719550538296,1.9419023596960792,14.682537477732629
A,True,1,static,80,29.0130920162331,2.00617239829552,14.621814475024957
A,True,1,static,81,29.33493881484216,2.132489179957765,14.554871999054564
A,True,1,static,82,29.363699506122543,2.116625731431371,14.878664667779574
A,True,1,static,83,29.3146574346563,2.13073026984321,14.617720541225253
A,True,1,static,84,29.55810514950329,2.102608037547816,14.384344140688333
A,True,1,static,85,29.503682244284963,2.0443263308210575,14.308878343261895
A,True,1,static,86,29.532381040851362,2.066192396271145,14.152173481686932
A,True,1,static,87,29.426811277185937,2.0299667177515097,14.229920666511978
A,True,1,static,88,29.55516502730914,2.042838874520754,13.954640872059398
A,True,1,static,89,29.36014749576616,2.039722366418923,13.919045385187038
A,True,1,static,90,29.257761051812555,2.055338568724556,14.196742066265386
A,True,1,static,91,29.504384956962422,2.038755952068867,14.442729937636075
A,True,1,static,92,29.045538992286833,2.0069861799515447,14.639258348216003
A,True,1,static,93,29.056852597794677,2.0860061311329336,14.707476737876986
A,True,1,static,94,29.216210654437038,2.096519484817645,14.59423635712419
A,True,1,static,95,29.158802719781374,2.1087661588853224,14.483080243678442
A,True,1,static,96,29.121923107763013,2.049890404892112,14.538156201618783
A,True,1,static,97,28.91973501250645,1.8576530077885067,15.060428050284065
A,True,1,static,98,29.009545426696288,1.9241331524272915,15.059371379448338
A,True,1,static,99,28.86945829263301,1.7895736658409545,15.67933567388606
A,True,2,closed_loop,0,4.5101155728946685,-6.615090652249516,1.2424150523030635
A,True,2,closed_loop,1,4.361467784072232,-6.161404536046883,1.0594696470407872
A,True,2,closed_loop,2,4.39315315917507,-6.060114837169469,1.0082659320177456
A,True,2,closed_loop,3,4.5423430713019926,-5.774360147594382,1.0097831570885865
A,True,2,closed_loop,4,4.747856583541892,-5.183631834774637,1.048652509610996
A,True,2,closed_loop,5,4.759668642200178,-4.9588804502882295,0.9881994743425659
A,True,2,closed_loop,6,4.875393859809585,-4.675875523387842,1.0273989786300881
A,True,2,closed_loop,7,4.9292881638842525,-4.582101658965269,1.0564683420571306
A,True,2,closed_loop,8,4.903993461648014,-4.600360842224047,1.0454177930026194
A,True,2,closed_loop,9,5.151028384085104,-4.195375245944052,1.0948527112599287
A,True,2,closed_loop,10,8.623207828324597,-1.502068855931161,3.158721798235249
A,True,2,closed_loop,11,15.252581186896888,0.4442709492758674,7.246629996306311
A,True,2,closed_loop,12,21.203043357732557,1.4457515712105737,10.460181544775681
A,True,2,closed_loop,13,24.406851194550995,1.751325341856582,13.125896147845337
A,True,2,closed_loop,14,25.634181786056626,1.6651843199080567,15.232064621040832
A,True,2,closed_loop,15,25.372603226822832,1.6710958124601094,15.63606570231356
A,True,2,closed_loop,16,25.075383601299325,1.5063019161534072,16.12303634107873
A,True,2,closed_loop,17,24.74187754430912,1.3820051476309887,16.517330455536086
A,True,2,closed_loop,18,24.013802398022836,1.1408945470400724,16.417486190020064
A,True,2,closed_loop,19,24.1343495007483,1.2576428251127199,16.63760801490529
A,True,2,closed_loop,20,23.60291334870992,1.0886838973229733,16.39251553990307
A,True,2,closed_loop,21,22.369802412693872,0.9472136127043962,15.53485227626057
A,True,2,closed_loop,22,22.59887184764661,0.8650342585284369,15.751294225595032
A,True,2,closed_loop,23,22.618462259869943,0.9538851871660068,15.616433647713194
A,True,2,closed_loop,24,22.32174216882923,1.0373659815425487,15.261782587745488
A,True,2,closed_loop,25,22.295342522051758,0.9858987790114178,15.187924675452464
A,True,2,closed_loop,26,22.094091732728998,1.1880142061557557,14.844200528612193
A,True,2,closed_loop,27,22.101069202625116,1.201809727522808,14.84562112000701
A,True,2,closed_loop,28,21.894262056064935,1.279070069211735,14.581313998413691
A,True,2,closed_loop,29,22.26195517286401,1.2918856379491979,14.986608191746205
A,True,2,closed_loop,30,22.343942608255414,1.0060273397294806,15.359872308588015
A,True,2,closed_loop,31,22.117310217880785,1.002694242072227,15.302587499703781
A,True,2,closed_loop,32,22.18123592470738,0.8447018825937,15.580129205914703
A,True,2,closed_loop,33,22.27414199014134,0.8820155633079795,15.65271996628895
A,True,2,closed_loop,34,22.244512304931195,0.6960753464995005,15.70395953927004
A,True,2,closed_loop,35,22.068521220830178,0.7230852520876524,15.704820046180714
A,True,2,closed_loop,36,21.900935503885407,0.6008850328216865,15.559860240144545
A,True,2,closed_loop,37,22.1091655052436,0.6508249407583616,15.774096136259972
A,True,2,closed_loop,38,21.982155751752384,0.5643924925677611,15.731489427108928
A,True,2,closed_loop,39,22.335560782761707,0.5999173879379187,16.01233980176086
A,True,2,closed_loop,40,22.747070049235315,0.6553167372996391,16.475814415388854
A,True,2,closed_loop,41,23.677944634568604,0.9503067847905909,16.98592535142904
A,True,2,closed_loop,42,23.78176440502537,0.9556474363581052,16.819152704239094
A,True,2,closed_loop,43,23.895074479471173,0.9429480288476167,16.733941623382368
A,True,2,closed_loop,44,24.65680822197976,1.2240519070682077,17.01430575159333
A,True,2,closed_loop,45,25.852636807128686,1.3060162785721365,17.71910360274003
A,True,2,closed_loop,46,27.17210006871058,1.6020948770392378,17.957035779243004
A,True,2,closed_loop,47,27.81051724747013,1.6654115986449216,18.28934641810986
A,True,2,closed_loop,48,28.322091700763806,1.7825181855533654,18.950368510496904
A,True,2,closed_loop,49,28.40357517967161,1.959714061678559,18.635465764215326
A,True,2,closed_loop,50,28.203471194460874,2.1214901839337332,17.467502880199117
A,True,2,closed_loop,51,28.701335872628828,2.1504324672265915,16.825052207325935
A,True,2,closed_loop,52,26.92833245457223,1.9654797606072567,15.776562104312411
A,True,2,closed_loop,53,24.76065477382387,1.6901684267816897,15.055798934953666
A,True,2,closed_loop,54,23.079196588742107,1.2811450643828535,14.118930622961997
A,True,2,closed_loop,55,23.179140723839918,1.4665446091357799,14.235121891995453
A,True,2,closed_loop,56,23.806290313349944,1.6771537840462558,14.51210473158888
A,True,2,closed_loop,57,24.512420795442296,1.9546256639890256,14.652527550263935
A,True,2,closed_loop,58,24.73244162917958,1.8961907043601303,14.571978120088852
A,True,2,closed_loop,59,25.25578280940645,1.9663720991530897,14.857996303569607
A,True,2,closed_loop,60,25.572611847402044,2.108918721576961,14.796247122558412
A,True,2,closed_loop,61,26.36810757252528,2.069193030793149,15.458912838161927
A,True,2,closed_loop,62,26.400006120749016,2.146288572628002,15.146984644418069
A,True,2,closed_loop,63,26.36549207798845,2.1524648122064485,15.007733695528982
A,True,2,closed_loop,64,26.792918722648153,2.219890857087473,15.150882653841803
A,True,2,closed_loop,65,26.69792512000774,2.198212190717394,15.02655571669046
A,True,2,closed_loop,66,26.794796997698867,2.126815681155209,14.898795991930413
A,True,2,closed_loop,67,27.19608616899168,2.1634542096191036,15.06401497179717
A,True,2,closed_loop,68,27.659601442358422,2.215751561145232,15.031017798895904
A,True,2,closed_loop,69,27.810162337149936,2.237992604664334,15.058568997186848
A,True,2,closed_loop,70,27.822239797166997,2.3586755463668965,14.93774144190008
A,True,2,closed_loop,71,34.66652596111077,2.9849355460526596,19.775035156417974
A,True,2,closed_loop,72,32.216313413422164,2.836527435521818,17.863845304552395
A,True,2,closed_loop,73,30.24877507631247,2.541064311853121,16.88374692712128
A,True,2,closed_loop,74,29.096208654526027,2.5131576419135846,15.953368300778541
A,True,2,closed_loop,75,28.942477494986406,2.4943380399024844,15.459118057067768
A,True,2,closed_loop,76,28.622360915441632,2.37075499952537,15.372413324425642
A,True,2,closed_loop,77,28.209765009363096,2.3662381415122677,15.276026184829272
A,True,2,closed_loop,78,28.44464296916421,2.3973262966753883,15.27439885613767
A,True,2,closed_loop,79,28.61059509184638,2.3418348896982164,15.536552865375198
A,True,2,closed_loop,80,28.747138248645143,2.3168649007740476,15.134564464982406
A,True,2,closed_loop,81,34.95200081164159,2.787735050560807,18.614273485177574
A,True,2,closed_loop,82,32.88043460625183,2.616929377666013,17.176706691177426
A,True,2,closed_loop,83,31.54844879304211,2.4106257309375234,15.955327178142403
A,True,2,closed_loop,84,30.733096602793847,2.3866751045469203,15.007607397039004
A,True,2,closed_loop,85,29.71640262525726,2.2394340122550327,15.12285718741955
A,True,2,closed_loop,86,29.57595166045967,2.3737580638566205,14.934014420540336
A,True,2,closed_loop,87,29.05036683812743,2.330150493787705,15.364315026295683
A,True,2,closed_loop,88,28.249884110088264,2.116256049217856,15.311738811972397
A,True,2,closed_loop,89,28.015822130375753,2.2092218797640406,14.743179464218471
A,True,2,closed_loop,90,27.948434227170193,2.153654774124339,14.895094716728797
A,True,2,closed_loop,91,30.780647861521064,2.098256401289261,16.730772472642645
A,True,2,closed_loop,92,29.27694199957915,2.0717706081642095,15.504915739819658
A,True,2,closed_loop,93,28.82914155873868,2.0236711864204784,15.117596469775272
A,True,2,closed_loop,94,28.742578852036957,2.002942330430105,14.884648175259514
A,True,2,closed_loop,95,28.3917293133195,2.1355427740791977,14.790834502084905
A,True,2,closed_loop,96,28.69084881509218,2.299468396788526,14.572466689634256
A,True,2,closed_loop,97,28.18852864113808,2.209770841959251,14.243013088882625
A,True,2,closed_loop,98,28.8143534114589,2.2345383776624703,14.07947734062391
A,True,2,closed_loop,99,28.728052782713323,2.292593253721907,14.072744214034891
A,True,2,static,0,4.5101155728946685,-6.615090652249516,1.2424150523030635
A,True,2,static,1,4.394296037038847,-6.10307578610175,1.0629060085356918
A,True,2,static,2,4.4469743853264285,-6.017198117637338,1.0375224392328428
A,True,2,static,3,4.489411487448173,-5.8741913656602724,1.0015680644236644
A,True,2,static,4,4.728757580926827,-5.197524939729816,1.0245585057347582
A,True,2,static,5,4.726023019536765,-5.043656532002763,0.9990504096694807
A,True,2,static,6,4.848873987175822,-4.750734979204199,1.0308935929920275
A,True,2,static,7,4.881665413728993,-4.671683084971217,1.0264148575302565
A,True,2,static,8,4.915758874412902,-4.625680851610117,1.048653408893802
A,True,2,static,9,5.108478893382851,-4.253668661337546,1.0847855616232205
A,True,2,static,10,8.634649119223226,-1.504181262360729,3.1649929125275187
A,True,2,static,11,15.602804812690115,0.6282976366345615,7.183246332099478
A,True,2,static,12,21.55046813629441,1.4927517917052662,10.443503343703783
A,True,2,static,13,24.97512364814014,1.8509436726062622,13.432519367347021
A,True,2,static,14,26.123859495544696,1.7682316845978967,15.586737289940315
A,True,2,static,15,25.885521749817183,1.662792293216708,16.074894632933276
A,True,2,static,16,25.473764173497226,1.4429111732270175,16.44680161606864
A,True,2,static,17,25.77852540927333,1.4726018436689172,17.432547644417344
A,True,2,static,18,25.224930718940772,1.2969848478140122,17.41660686165621
A,True,2,static,19,25.255221976428327,1.3111611903904097,17.537812418776472
A,True,2,static,20,24.53545932825696,1.2015116689197145,17.219156062992727
A,True,2,static,21,24.182129359677788,1.1438483864237095,17.051012635040653
A,True,2,static,22,23.806472469097073,0.979141042402561,16.776572805315713
A,True,2,static,23,23.623143950247982,1.074410804247251,16.393313556513693
A,True,2,static,24,23.18122144582539,1.1560337304685555,15.786023391614266
A,True,2,static,25,22.92515798591799,1.2624782084708697,15.503550934311932
A,True,2,static,26,22.650527643535998,1.2297496117745046,15.270935835278634
A,True,2,static,27,22.618905392630722,1.301414921908872,15.123015460960518
A,True,2,static,28,22.685645416864677,1.3937765901419865,15.100343887961165
A,True,2,static,29,23.123467971550486,1.3473835425052159,15.65867873854827
A,True,2,static,30,23.594902233522433,1.2457994668047379,16.296878265702706
A,True,2,static,31,23.521747805342102,1.168605459894568,16.52050297699698
A,True,2,static,32,23.712166906438398,0.9837688535105631,16.817876844066745
A,True,2,static,33,23.870269563133906,1.0029866819953728,16.978808298171106
A,True,2,static,34,23.742726313531122,0.7194159441556988,16.994211440677617
A,True,2,static,35,23.681916980059842,0.8482048072493411,17.05461243424335
A,True,2,static,36,23.620575234868358,0.657519594975789,17.042477815554
A,True,2,static,37,23.450961756163547,0.6453103988152739,16.980660607480235
A,True,2,static,38,23.23301259436089,0.6858455211935257,16.665763224585316
A,True,2,static,39,23.39251784675856,0.8651222507058697,16.662851909026255
A,True,2,static,40,23.892323707184186,0.9238702339697819,16.90128083916021
A,True,2,static,41,23.63421779324587,0.956294587564625,16.60092902917361
A,True,2,static,42,23.82586577203824,0.9965159428498612,16.62787453824664
A,True,2,static,43,23.9172417304454,1.085684244097391,16.584741993489086
A,True,2,static,44,23.991397646406025,1.1673912038575838,16.482469120293043
A,True,2,static,45,24.289790125787693,1.2323028829448293,16.516233866606765
A,True,2,static,46,24.35943518174314,0.7445433635180146,16.204874507822115
A,True,2,static,47,26.399984547431,1.7624273925545355,15.801477642292733
A,True,2,static,48,27.9357363632905,2.034181978780636,15.736682068285239
A,True,2,static,49,28.91096407891872,2.1542281454148373,15.61331910302816
A,True,2,static,50,29.10898833640421,2.3072786599629063,14.730422838622411
A,True,2,static,51,28.44220109723982,2.244882092103851,15.122733761980625
A,True,2,static,52,26.533748682988413,1.9353698621807363,14.381697535365783
A,True,2,static,53,25.55275047898499,1.913570444373444,14.082959029294457
A,True,2,static,54,23.478765205914385,1.6035840238458923,12.926985891799298
A,True,2,static,55,23.239014883584876,1.6640339502508035,12.745296473043354
A,True,2,static,56,22.5273480713184,1.5683972760865175,12.123922861541876
A,True,2,static,57,22.761237479854653,1.5653110744369423,12.44451518099217
A,True,2,static,58,23.90980131425485,1.7369929749113264,13.1384743202595
A,True,2,static,59,24.219344491620816,1.7905210625700458,13.30138699345838
A,True,2,static,60,24.81237476995032,1.8000776092407331,13.656523608323006
A,True,2,static,61,24.598206867870317,1.7836589753087388,13.501648057640816
A,True,2,static,62,24.45838409455922,1.6552240082516747,13.57914797668347
A,True,2,static,63,25.09591894189043,1.9575437589968068,13.637942951624936
A,True,2,static,64,25.66307273150078,1.9813910583639247,13.748442305187503
A,True,2,static,65,25.51513190051371,2.036637818531404,13.621866312172111
A,True,2,static,66,25.668780954737553,1.9389007891347632,13.724189502811598
A,True,2,static,67,26.141243990590414,2.099518849875159,14.083589912628
A,True,2,static,68,26.365956314522695,1.9908686583507926,14.395010323694978
A,True,2,static,69,27.276184688651842,2.1093649729427884,14.70464283827576
A,True,2,static,70,26.930390435426872,1.9824888017472582,14.837595961570775
A,True,2,static,71,27.312161198401743,2.103084246362788,14.988152091039673
A,True,2,static,72,27.82555705168316,2.181160957644844,15.003752701804757
A,True,2,static,73,27.94227556100745,2.2047816869854557,15.047239115846516
A,True,2,static,74,28.302995466715576,2.2059019515638174,14.858861688473908
A,True,2,static,75,27.85418022751638,2.1249747468704334,14.519127217402799
A,True,2,static,76,28.277056903187844,2.1352059378760604,14.6620340972813
A,True,2,static,77,27.95976908091933,2.1526408974906652,14.659842339565472
A,True,2,static,78,27.96938234180278,2.0960366362442984,14.58672471204421
A,True,2,static,79,28.206360203792368,2.2045192489776935,14.372914200904743
A,True,2,static,80,28.099128820951382,2.11956102877153,14.383778100592707
A,True,2,static,81,27.69308645830211,2.193102809612392,14.691024466626962
A,True,2,static,82,27.700826724486735,2.185985262808682,14.594514200747524
A,True,2,static,83,27.186948823608258,2.0391008209333052,14.641555231770246
A,True,2,static,84,27.052060141545994,2.0799655637113967,14.915873394877954
A,True,2,static,85,26.89791300467064,2.0311607120525856,15.063875549134005
A,True,2,static,86,26.850783098658336,2.094253042776943,15.075814512033224
A,True,2,static,87,26.593692694822817,2.177866134127791,14.718257258300591
A,True,2,static,88,26.939363457672773,2.058161118799045,15.02860415713438
A,True,2,static,89,26.331089451910117,2.018881238443683,15.015929460111314
A,True,2,static,90,26.47836996757211,2.033155729913094,15.148965594992697
A,True,2,static,91,26.728549261531708,2.1010370292164446,15.038484798394222
A,True,2,static,92,26.801443610797545,2.0449292330866853,15.013776478820303
A,True,2,static,93,27.105547133834893,2.196467514552656,14.889382527994917
A,True,2,static,94,27.40436716161629,2.194556045458677,14.968989517103642
A,True,2,static,95,27.4827435971103,2.0003281571485836,15.096410378122224
A,True,2,static,96,27.491788229188018,2.0943825738200523,15.104315775513525
A,True,2,static,97,27.729746702249148,2.1368847773161814,15.225368453564377
A,True,2,static,98,27.493427399477866,2.0215707329231574,15.538748512137298
A,True,2,static,99,27.730952331514853,2.1186991277144966,15.839741931067215
A,True,3,closed_loop,0,3.721900646558067,-8.585865857852257,1.0550790266392889
A,True,3,closed_loop,1,4.185868792017195,-6.526350682714512,1.1030506618612144
A,True,3,closed_loop,2,4.1469087765368835,-6.628643790631364,1.0550749780561801
A,True,3,closed_loop,3,4.147721486142341,-6.600391725023069,0.9569740721919144
A,True,3,closed_loop,4,4.234499901494609,-6.283429288024917,0.927077077959369
A,True,3,closed_loop,5,4.2315385692606045,-6.152780195367953,0.9838673683241846
A,True,3,closed_loop,6,4.375792243173566,-5.800381276484753,1.0082502160560758
A,True,3,closed_loop,7,4.559824741886513,-5.551223598698679,1.0666530834114951
A,True,3,closed_loop,8,4.759344733247543,-4.993155110689982,1.099405938494247
A,True,3,closed_loop,9,4.974502013604354,-4.553260906239082,1.184805744965501
A,True,3,closed_loop,10,9.826316834758682,-1.310026475493211,3.538512245120611
A,True,3,closed_loop,11,16.11138131002454,0.16377756441756075,6.978395847774031
A,True,3,closed_loop,12,21.25095738592789,0.8933880812672795,9.863804268804886
A,True,3,closed_loop,13,24.522841769644973,1.1247430273678498,13.031356008982705
A,True,3,closed_loop,14,26.38305499718057,1.1827288690071915,15.863135236474044
A,True,3,closed_loop,15,27.197729512891016,1.2512472568421436,17.395242912983807
A,True,3,closed_loop,16,27.051223442540117,1.1103862105439106,18.492469711801707
A,True,3,closed_loop,17,27.26207571219599,1.0734079100778369,19.13077459865607
A,True,3,closed_loop,18,27.19815521239113,0.9995528977512494,19.346021845077697
A,True,3,closed_loop,19,27.43067342771016,1.1424295949351062,19.52087662827529
A,True,3,closed_loop,20,27.32687193882627,1.0131283397656012,19.668750434751335
A,True,3,closed_loop,21,26.054026543611723,0.9325850386867266,18.727116623524825
A,True,3,closed_loop,22,26.48979650840575,1.0585164768574078,19.097740476497226
A,True,3,closed_loop,23,26.257086578228748,0.9655468672395212,18.936998251749774
A,True,3,closed_loop,24,25.97735369183241,0.9941519081046208,18.720193186093336
A,True,3,closed_loop,25,25.610522311152277,1.0733456958432475,18.221410678365555
A,True,3,closed_loop,26,25.028128800259093,0.9341993393174866,17.769492247858825
A,True,3,closed_loop,27,24.34799319295742,0.8193981491200693,17.166030739348273
A,True,3,closed_loop,28,24.049550113201747,0.8444035112771142,16.887823804345327
A,True,3,closed_loop,29,23.579611393422596,0.8367741919793857,16.426348490730962
A,True,3,closed_loop,30,23.44457347304957,0.8425922683979774,16.23416571519399
A,True,3,closed_loop,31,22.211556012288032,0.5772942522688701,15.639316531926744
A,True,3,closed_loop,32,22.74912792071566,0.5236130673343541,16.428156670747942
A,True,3,closed_loop,33,23.183872389075322,0.52416392935835,16.76869593290769
A,True,3,closed_loop,34,23.466272389354334,0.4413199366587917,17.086463548509304
A,True,3,closed_loop,35,23.518337721685878,0.40712541538013136,17.417505054853468
A,True,3,closed_loop,36,23.877423825655296,0.45513018820235107,17.818874743394403
A,True,3,closed_loop,37,24.34609306667792,0.5190079370227395,18.07150865695631
A,True,3,closed_loop,38,24.461674554826832,0.38111918772009323,18.428756502014036
A,True,3,closed_loop,39,24.681197031933475,0.3650427364695483,18.60550374497012
A,True,3,closed_loop,40,25.00289986329764,0.3221750494955987,18.876463696838844
A,True,3,closed_loop,41,25.450189369519595,0.08992389781868892,19.729974715577267
A,True,3,closed_loop,42,25.92114407845754,0.1428682373491924,19.72691130345008
A,True,3,closed_loop,43,26.237162914878358,0.38556951542131007,19.624761965891334
A,True,3,closed_loop,44,26.252956550323205,0.4846693369216369,19.462788793987556
A,True,3,closed_loop,45,26.589709751490233,0.6093279922635625,19.329894451741644
A,True,3,closed_loop,46,27.107276576686413,0.6631663573192642,18.900496238314243
A,True,3,closed_loop,47,28.086468827880267,0.8811549973889582,18.526223073302074
A,True,3,closed_loop,48,28.454318244747185,1.1556546953822917,17.420012980317342
A,True,3,closed_loop,49,29.80518195572044,1.456157713131227,16.21461550104509
A,True,3,closed_loop,50,29.95996366517531,1.6626881771699076,15.338599984569102
A,True,3,closed_loop,51,31.2334014010635,1.8742761495337696,15.892174410046621
A,True,3,closed_loop,52,29.394964969323137,1.828293428221108,15.787620126443642
A,True,3,closed_loop,53,27.730801480925265,1.743985538963966,15.619015435629919
A,True,3,closed_loop,54,27.069515422186655,1.4860830483623826,15.932288336809465
A,True,3,closed_loop,55,25.10209178117951,1.2739727650326933,15.044900167153083
A,True,3,closed_loop,56,25.885247415778988,1.3127152580535408,14.971933728464625
A,True,3,closed_loop,57,25.79012935851189,1.2201087600146134,14.887700982723779
A,True,3,closed_loop,58,26.01877725117051,1.366751014552073,14.658285195659309
A,True,3,closed_loop,59,26.297016025120982,1.4758622371453018,14.852717592979234
A,True,3,closed_loop,60,27.32526942654035,1.6811159808480207,15.320846126919761
A,True,3,closed_loop,61,27.402321214194856,1.6543669653277504,15.042490677013447
A,True,3,closed_loop,62,27.684589541961675,1.6334908433820023,15.001034507467613
A,True,3,closed_loop,63,28.194106676228177,1.727742397471162,15.219322987651902
A,True,3,closed_loop,64,28.198320548027453,1.8006154117261277,15.249826057662972
A,True,3,closed_loop,65,28.24237333562768,1.7855085587399782,15.33912570349563
A,True,3,closed_loop,66,28.40340771001041,1.8944105407099414,15.403294249710832
A,True,3,closed_loop,67,28.08985633045442,1.8225052960121635,15.610926128680305
A,True,3,closed_loop,68,27.941569628009336,1.863249953885033,15.840580257313865
A,True,3,closed_loop,69,27.823546695770123,1.8933242347773298,16.08524280061897
A,True,3,closed_loop,70,28.03882779779521,1.8658355208028947,15.78712492064704
A,True,3,closed_loop,71,34.06254761060679,1.9902304675403597,20.425552249766465
A,True,3,closed_loop,72,32.08638815415498,2.0460317480052495,19.016881310249737
A,True,3,closed_loop,73,31.13883236731462,2.142507530771442,17.37458365349065
A,True,3,closed_loop,74,30.061563732291404,2.125856200875159,16.621723970794957
A,True,3,closed_loop,75,30.163858809722665,2.1083448667163287,15.943812666034361
A,True,3,closed_loop,76,30.168187002529432,2.1655549824545615,15.73839652042662
A,True,3,closed_loop,77,30.210336445500072,2.110900816882705,15.323784720026282
A,True,3,closed_loop,78,30.03570864964604,2.0804595955682745,15.543689454888954
A,True,3,closed_loop,79,29.49311317798731,2.0475337517312706,15.429007826132292
A,True,3,closed_loop,80,29.24694220761755,1.891074140877209,15.540140598395764
A,True,3,closed_loop,81,33.65376231545216,2.2429488566339617,18.27763667817583
A,True,3,closed_loop,82,31.87607701614496,2.093910642225925,17.374554729022993
A,True,3,closed_loop,83,31.51854548985995,2.1485745507322,16.99008101065655
A,True,3,closed_loop,84,31.356739750107096,2.1341103059719866,16.468801419848482
A,True,3,closed_loop,85,30.960242127284335,2.168293429647885,16.007918191673085
A,True,3,closed_loop,86,30.574863773947914,2.120138969989519,15.430236259111027
A,True,3,closed_loop,87,30.245230008112525,2.137948627600462,15.48287184125119
A,True,3,closed_loop,88,29.905437077190896,1.9115779730868419,15.470681822362755
A,True,3,closed_loop,89,30.08495033522499,1.9359824552623666,15.387604016429853
A,True,3,closed_loop,90,29.87042879107184,1.9444992983605776,15.611829369491282
A,True,3,closed_loop,91,31.561102103954465,1.9794077240062895,16.472711208567958
A,True,3,closed_loop,92,30.00447528890025,1.8539001098915187,15.896210614453096
A,True,3,closed_loop,93,29.5420202545602,1.7744757321700622,16.197327676642825
A,True,3,closed_loop,94,29.417303983763656,1.8892777981426516,15.848955133347479
A,True,3,closed_loop,95,29.499492756432716,1.8726016640806575,16.268585458307566
A,True,3,closed_loop,96,29.14824009761124,1.89815939114542,15.925006714169337
A,True,3,closed_loop,97,29.523196179959086,1.7498976732126472,15.708365237477322
A,True,3,closed_loop,98,28.829300529308863,1.7687383551162064,15.276503228503183
A,True,3,closed_loop,99,28.824288777510862,1.7219170175780683,15.410072205712131
A,True,3,static,0,3.721900646558067,-8.585865857852257,1.0550790266392889
A,True,3,static,1,4.154977629571101,-6.589587700282851,1.087572593890683
A,True,3,static,2,4.1544977871878,-6.638669260369816,1.056262929868591
A,True,3,static,3,4.188175660029357,-6.501016827657978,0.9515873899973283
A,True,3,static,4,4.25214499039381,-6.289448880851196,0.9598781148180896
A,True,3,static,5,4.266207377579949,-6.114379296095497,0.9877979402219871
A,True,3,static,6,4.408077018741234,-5.792666965002337,1.0374744179227646
A,True,3,static,7,4.58041229323624,-5.607560080534245,1.0946955293600111
A,True,3,static,8,4.723226760137775,-5.076207728570377,1.082307413166118
A,True,3,static,9,4.975511366839371,-4.560172234212242,1.183526385686756
A,True,3,static,10,9.7994487253435,-1.3258439588204072,3.4224466617386518
A,True,3,static,11,16.225391264507646,0.16726203040232832,6.747871906427487
A,True,3,static,12,21.317171866439057,0.86862045482017,9.895314977188486
A,True,3,static,13,24.927015338017455,1.1464630448199242,13.400354638526073
A,True,3,static,14,26.757567303475387,1.2296128385318446,16.19275556454335
A,True,3,static,15,27.567263404968127,1.3215430838043851,17.70420799578166
A,True,3,static,16,27.490379190763445,1.2440788483579264,18.84262622633409
A,True,3,static,17,27.559697723078358,1.1368027194549828,19.303340006177923
A,True,3,static,18,27.537485031237082,1.0327869775000735,19.469806364958114
A,True,3,static,19,27.74994084735775,1.145818676101797,19.698045322055837
A,True,3,static,20,27.819865914398928,1.1109004318024842,19.941490647808507
A,True,3,static,21,27.5807637037326,1.1803326171360526,19.83447934618811
A,True,3,static,22,27.337316915164283,1.1983971663867907,19.578339007643006
A,True,3,static,23,26.718129860588522,1.0960769372423742,19.058188593364086
A,True,3,static,24,26.026862284423785,0.8893819225347857,18.563273729068207
A,True,3,static,25,25.507418861071304,0.9886259002548415,17.970315485199777
A,True,3,static,26,24.602707176450405,0.9658252507123654,17.064365156500866
A,True,3,static,27,24.224605231816806,0.858965262963106,16.86595139911196
A,True,3,static,28,24.087043187146055,0.8756543423100718,16.66462009859681
A,True,3,static,29,24.122919301131216,0.9921354278066273,16.644437158189554
A,True,3,static,30,24.74206610784968,1.0830417683031888,17.109232975254173
A,True,3,static,31,24.807617445387596,0.9548938273212207,17.69198046680571
A,True,3,static,32,24.867247737651166,0.8118689502591901,18.06562496125918
A,True,3,static,33,25.08357672790886,0.7341021752405875,18.170557391009584
A,True,3,static,34,25.449748033280667,0.7601371222044616,18.54459025990477
A,True,3,static,35,25.33932975802591,0.5090692296698167,18.88886640811172
A,True,3,static,36,25.348940380160013,0.49343714403934763,19.12086513324159
A,True,3,static,37,25.587319858491743,0.6441845841377828,18.82676441841641
A,True,3,static,38,25.25380269411039,0.4234431633680346,18.846227889938326
A,True,3,static,39,25.02892441140851,0.26021725808051466,18.467807336718234
A,True,3,static,40,25.059033916290115,0.24381112288695528,18.37749236952139
A,True,3,static,41,24.755910237591298,0.4358920807024227,18.048992805213253
A,True,3,static,42,24.55690915212992,0.2819269098231209,18.021401253182134
A,True,3,static,43,23.94560913288949,0.14579207436420916,17.99113669177267
A,True,3,static,44,23.80733811537607,0.33002392132113495,17.49562066195853
A,True,3,static,45,24.551197480887378,0.4493857081032468,16.953046395513
A,True,3,static,46,24.659396309911045,0.5480830881570894,16.52677927886023
A,True,3,static,47,26.165778051436344,1.1357060224865814,16.063045371133445
A,True,3,static,48,27.45419374617214,1.3420640550273302,15.970111076690143
A,True,3,static,49,28.16024791017216,1.4782297755456808,16.60977317289971
A,True,3,static,50,29.167649315938377,1.4977712161026442,17.529864869511673
A,True,3,static,51,28.914425377900756,1.5581796514519155,17.76426722857521
A,True,3,static,52,26.916738365738286,1.2511252738100271,17.296643056304735
A,True,3,static,53,25.501350203888126,1.1887240403963066,16.112140430722537
A,True,3,static,54,23.951459301804636,1.0432601768548815,14.574035546585487
A,True,3,static,55,24.175445597774242,0.9584518042232629,15.014432194175498
A,True,3,static,56,22.117823203006086,0.6502724309768654,13.709537220014786
A,True,3,static,57,22.788848437294288,0.38280773818623853,13.947369069448632
A,True,3,static,58,23.28683162733017,0.5285971363776838,13.98706676902828
A,True,3,static,59,23.78723041259019,0.4663058509892756,14.411868527092658
A,True,3,static,60,24.65354894774009,0.7078412319735866,14.9796080201807
A,True,3,static,61,24.380428253665738,0.6731129473447822,14.679369740270312
A,True,3,static,62,24.95407494718499,1.0945186893399426,14.682407901724781
A,True,3,static,63,25.18710635759986,1.0567563868893093,14.746887514303387
A,True,3,static,64,25.869040901106548,1.3227962753348657,14.694421954061319
A,True,3,static,65,26.554061757132427,1.466613009511993,15.024696839057796
A,True,3,static,66,27.383178180551653,1.5527609809979328,14.983016494661543
A,True,3,static,67,28.070962814181456,1.7473986605309906,15.285871133822875
A,True,3,static,68,28.358160837439797,1.760410889426358,15.262140843089412
A,True,3,static,69,28.537956810908238,1.8028861357017032,15.65587983004388
A,True,3,static,70,29.14044443886172,1.9668711214733368,15.849709734428961
A,True,3,static,71,28.981483840613546,1.9415367053158041,15.223287345733558
A,True,3,static,72,29.10333044341149,1.994803436540498,15.204020684297861
A,True,3,static,73,28.976721798966974,1.9582499850001671,14.81341529908373
A,True,3,static,74,29.24084655343677,1.9582567289859458,14.854096225660824
A,True,3,static,75,29.09500694486391,2.0058741760369334,14.643366673081104
A,True,3,static,76,29.220348450966622,2.0564016319942575,14.50482651578397
A,True,3,static,77,29.37582667602545,2.1026357862595577,14.916589618362798
A,True,3,static,78,29.299109997058036,2.014725733223902,14.822705688806785
A,True,3,static,79,29.113493270188787,2.028189509988271,15.169611027974268
A,True,3,static,80,28.999600269124148,1.907829927279576,15.336915618766374
A,True,3,static,81,29.009241801081703,2.03398297731263,15.176250916814434
A,True,3,static,82,29.23896235498849,1.8992307452759878,15.300270488654611
A,True,3,static,83,28.867840926210846,1.885122134064068,15.167580467894458
A,True,3,static,84,29.311308311151247,2.060688003910769,14.948705405062393
A,True,3,static,85,29.142165817090017,1.9300006132021281,15.626047532297497
A,True,3,static,86,28.958149960304024,1.887935993470661,14.832131090983609
A,True,3,static,87,29.32798386052166,1.9298974506331226,14.868376632664136
A,True,3,static,88,29.0962188450203,1.914962210718948,14.863088624792681
A,True,3,static,89,29.17382384631424,1.9562373795225714,15.04929644776673
A,True,3,static,90,28.868394817395266,1.9358436332687654,14.857030415506722
A,True,3,static,91,28.260957115019774,1.8954066240280252,14.516456177797304
A,True,3,static,92,28.105622515955776,1.791749403258655,15.019921965349177
A,True,3,static,93,28.133207383590417,1.8024737837870815,15.357890489381822
A,True,3,static,94,28.03008871600174,1.6713465049147258,15.40711196402855
A,True,3,static,95,27.76835080772231,1.6540102773743761,15.514407106251475
A,True,3,static,96,27.926159889493693,1.6432363237086556,15.606063546885315
A,True,3,static,97,28.103217306441405,1.679162823631649,15.671903492742963
A,True,3,static,98,28.739721516009553,1.791653351340195,15.666845623665317
A,True,3,static,99,28.581439522254197,1.879216059632767,15.68571886397443
A,True,4,closed_loop,0,3.989166696445153,-8.574871947803045,1.213297476772891
A,True,4,closed_loop,1,4.213970273892282,-6.787662824822873,1.0556489362865884
A,True,4,closed_loop,2,4.474620566658058,-6.1118837286185945,1.1233244110464702
A,True,4,closed_loop,3,4.606015974098236,-5.734745033866889,1.1413133668301947
A,True,4,closed_loop,4,4.776083378253291,-5.393414888108732,1.1980748177017453
A,True,4,closed_loop,5,4.801241213485562,-5.09195760777007,1.058869442685743
A,True,4,closed_loop,6,4.822461496279975,-4.9622334527770455,0.9322229961636226
A,True,4,closed_loop,7,5.03551052410129,-4.587910605177064,0.9702937421071539
A,True,4,closed_loop,8,5.291999157099215,-4.301796769625955,1.1790858629604442
A,True,4,closed_loop,9,5.226052976993281,-4.282059063950701,1.1697014933223409
A,True,4,closed_loop,10,9.591884511145556,-0.952057860185683,3.003981115390355
A,True,4,closed_loop,11,16.784232934774654,0.44939634881642637,7.457722074187146
A,True,4,closed_loop,12,22.372989898502038,1.1133202339190402,10.890196448771187
A,True,4,closed_loop,13,25.529851129078995,1.3814977772755757,14.13274593889796
A,True,4,closed_loop,14,27.00303387526007,1.5834510074587997,16.05382526409506
A,True,4,closed_loop,15,27.617022979904373,1.724272412287391,17.70135247169254
A,True,4,closed_loop,16,27.353654237274565,1.6711444399989779,18.474978458899237
A,True,4,closed_loop,17,26.963456066887726,1.6079286327761626,18.765668808564683
A,True,4,closed_loop,18,27.122377634057433,1.7598606272772648,19.022308112949563
A,True,4,closed_loop,19,26.82561194265763,1.8424390627661864,18.735650389233673
A,True,4,closed_loop,20,26.495000331802967,1.6707172311903618,18.66284552467097
A,True,4,closed_loop,21,25.153506431216496,1.4257407180931667,17.59326562321003
A,True,4,closed_loop,22,25.32943205717396,1.4832916600665838,17.84019168854572
A,True,4,closed_loop,23,24.907947295518497,1.4651174019570077,17.465383984789735
A,True,4,closed_loop,24,24.56157386549451,1.3115255906505798,17.13012285242291
A,True,4,closed_loop,25,23.92758499765411,0.9534262962176109,16.719261439039403
A,True,4,closed_loop,26,23.510117339708874,1.2884545147532858,15.99197475423103
A,True,4,closed_loop,27,23.24682409543559,1.243810689757979,15.893547865634966
A,True,4,closed_loop,28,23.179326404024234,1.2683092025272058,16.03890738450166
A,True,4,closed_loop,29,23.4514404461042,1.4707824819166884,16.13379973877989
A,True,4,closed_loop,30,23.3352800300466,1.3707627112521983,16.104844678777635
A,True,4,closed_loop,31,22.735219596260908,1.2743087616666404,15.617224942908075
A,True,4,closed_loop,32,23.267065949013098,1.2385250430345371,16.243505149127106
A,True,4,closed_loop,33,23.477115370086683,1.1846744154989224,16.64086036133173
A,True,4,closed_loop,34,23.631567449966763,0.9872447329526103,16.97501039552317
A,True,4,closed_loop,35,23.761834742992903,0.8832604069077372,17.221711545372425
A,True,4,closed_loop,36,24.026833870399454,0.8870213996219789,17.665341277856054
A,True,4,closed_loop,37,24.19956536319741,0.8270816054923632,17.7213463462128
A,True,4,closed_loop,38,24.01802404602763,0.8244370828881219,17.57173972538673
A,True,4,closed_loop,39,23.992439170904902,0.7157981915260015,17.775920503570067
A,True,4,closed_loop,40,24.165864366500827,1.0125332594969885,17.50917767628208
A,True,4,closed_loop,41,25.037554117426424,0.9280083107619014,18.147004665724797
A,True,4,closed_loop,42,24.829032682271357,1.2310238158164173,17.920451079575376
A,True,4,closed_loop,43,25.078490198906824,1.175337999798783,17.875185758115105
A,True,4,closed_loop,44,26.020438283930417,1.4224716304696603,18.25145675035375
A,True,4,closed_loop,45,26.041703799119176,1.5201520779353455,18.246936592714192
A,True,4,closed_loop,46,26.064749594837547,1.3996814513352247,18.1267109533896
A,True,4,closed_loop,47,27.128473652751513,1.7970989712980545,17.737637135628887
A,True,4,closed_loop,48,27.677739782221305,1.9180205038595861,17.57567046898845
A,True,4,closed_loop,49,28.024347247014745,1.9854107680665187,18.249963417142215
A,True,4,closed_loop,50,28.59864856465897,2.280210117305254,18.161927803258934
A,True,4,closed_loop,51,28.53785077695817,2.127973824417435,18.1773983128613
A,True,4,closed_loop,52,26.522496230031564,1.8615861428222786,16.381884275456255
A,True,4,closed_loop,53,24.786747775441288,1.5955046924377057,15.552893184913637
A,True,4,closed_loop,54,23.908940474670057,1.3640328105196087,15.221671044097226
A,True,4,closed_loop,55,23.014151633244342,1.2383172760840055,15.179481969040452
A,True,4,closed_loop,56,22.37032024455694,1.074037776177165,14.94215217436043
A,True,4,closed_loop,57,21.96588191977284,0.9988209889615267,14.762211916926839
A,True,4,closed_loop,58,21.725806892215047,0.6290335245043615,15.143719083629241
A,True,4,closed_loop,59,22.450394391531614,1.0038196309786065,15.65830104399928
A,True,4,closed_loop,60,22.709887068699803,1.1900665549107157,15.414005809825136
A,True,4,closed_loop,61,23.35825371378213,1.4294505371242823,15.757654096962504
A,True,4,closed_loop,62,24.09331501146814,1.6206130299060728,15.748599367658954
A,True,4,closed_loop,63,24.150464892277824,1.7399747435504722,15.380931441602394
A,True,4,closed_loop,64,24.689169481184894,1.767085711590422,16.03478934642648
A,True,4,closed_loop,65,25.12359190883811,1.9443671382572694,16.0658996968548
A,True,4,closed_loop,66,25.462464016615808,2.0338714940943894,16.335260894900184
A,True,4,closed_loop,67,25.911521239321903,2.056749934335164,16.254923403660904
A,True,4,closed_loop,68,26.056944994134266,2.116404066335857,15.838557550880461
A,True,4,closed_loop,69,26.496891417172886,2.1645908723875382,16.111554508076377
A,True,4,closed_loop,70,27.38621506720663,2.4013547358905245,16.30846214483381
A,True,4,closed_loop,71,32.74419266434343,2.723919830538973,20.515314326881043
A,True,4,closed_loop,72,31.204997187987868,2.7316500626186113,19.142781771989817
A,True,4,closed_loop,73,30.062924335728486,2.5099414106675435,18.153618075501267
A,True,4,closed_loop,74,29.617832484225854,2.475095801156877,17.474400246977698
A,True,4,closed_loop,75,28.720186909694934,2.4585821986666136,16.954268763435607
A,True,4,closed_loop,76,27.90549691935507,2.458810852962675,16.00428160518382
A,True,4,closed_loop,77,27.362665098791428,2.400709024450924,15.568134419904643
A,True,4,closed_loop,78,27.43753159640056,2.464074158525363,15.112946122570063
A,True,4,closed_loop,79,27.176405880713364,2.4696333560740373,14.626109188043307
A,True,4,closed_loop,80,27.672544804026572,2.6240751847103723,14.46191843098915
A,True,4,closed_loop,81,33.32329461153841,2.945189611887324,17.57562600683678
A,True,4,closed_loop,82,31.659895390213777,2.848838159519224,17.142480553947486
A,True,4,closed_loop,83,30.371593796325385,2.8132333086590595,16.390860420313757
A,True,4,closed_loop,84,29.977241902091738,2.6907995694993025,15.761439423636048
A,True,4,closed_loop,85,29.926409345244537,2.556211377815808,15.658645090079851
A,True,4,closed_loop,86,29.543787767974305,2.4346006590616525,16.164078137934293
A,True,4,closed_loop,87,28.651035492319618,2.3172529404132476,16.174423914834264
A,True,4,closed_loop,88,27.993595095978275,2.3076647217298016,15.796782210582863
A,True,4,closed_loop,89,27.45680476721356,2.278822096215911,15.944344311941805
A,True,4,closed_loop,90,27.23737226870467,2.2323399610619394,15.73487789271566
A,True,4,closed_loop,91,29.0968783420029,2.0944526226774007,17.687082734898897
A,True,4,closed_loop,92,26.605932896548605,1.9777981615398972,16.11521375440576
A,True,4,closed_loop,93,25.36691281675351,1.9125073024773638,15.196181627367968
A,True,4,closed_loop,94,24.11761901885899,1.739971717675953,14.220579950522314
A,True,4,closed_loop,95,23.353297410495657,1.7679072123648698,13.518782653997286
A,True,4,closed_loop,96,23.83635708769008,1.7991790139772281,13.330273763369973
A,True,4,closed_loop,97,24.567979448107476,1.8185663766829485,13.893743148988003
A,True,4,closed_loop,98,24.325404282006776,1.783953558815843,14.119167177942998
A,True,4,closed_loop,99,24.732430588664243,1.8669177876939502,14.323247767327741
A,True,4,static,0,3.989166696445153,-8.574871947803045,1.213297476772891
A,True,4,static,1,4.2522450897813995,-6.758341418251979,1.0564367157220305
A,True,4,static,2,4.411794490982788,-6.1695430566437635,1.066586182716426
A,True,4,static,3,4.620474313428084,-5.6547234179809385,1.1064658214972196
A,True,4,static,4,4.721114782784762,-5.492191995011719,1.1733634454137647
A,True,4,static,5,4.793567224175946,-5.11026142758059,1.0670530973109162
A,True,4,static,6,4.913816696212357,-4.843328587601577,0.9835734557643071
A,True,4,static,7,5.068597122590282,-4.553875974873523,1.0107265676133712
A,True,4,static,8,5.251578416517294,-4.354005712963901,1.1558535592155144
A,True,4,static,9,5.23121292602752,-4.280099467195383,1.1720079553644231
A,True,4,static,10,9.86322509520736,-1.0048666684072334,3.6114975339548354
A,True,4,static,11,16.704552762295233,0.5645199838724286,7.449166323337504
A,True,4,static,12,22.42874819627274,1.146525286358178,10.698364274976418
A,True,4,static,13,26.073030197417122,1.4587222495043335,14.314247017994612
A,True,4,static,14,27.365769202804373,1.7147660638364393,16.18203251098816
A,True,4,static,15,28.082087036562864,1.6994420197875353,18.16426857126959
A,True,4,static,16,27.933439518811298,1.7272127467972285,18.898982374194148
A,True,4,static,17,27.81943537942949,1.7450827486107006,19.516966470211585
A,True,4,static,18,27.949631953894777,1.7747108882213365,19.984385279784632
A,True,4,static,19,27.662014334003754,1.79771310673365,19.773019093579062
A,True,4,static,20,27.259444102656015,1.8094774695112648,19.4126892999265
A,True,4,static,21,26.826966204759145,1.6614688435575873,19.093279227068198
A,True,4,static,22,26.395083805796702,1.719497922230384,18.74509188533151
A,True,4,static,23,26.074043565211678,1.5846160905078701,18.53279153827081
A,True,4,static,24,25.499438033090115,1.482722383508131,17.88589766182949
A,True,4,static,25,24.70894893166341,1.181313559050772,17.26164614491066
A,True,4,static,26,24.220625137415876,1.4927104156036088,16.46118043566184
A,True,4,static,27,23.872917956535435,1.4991898623770883,16.184266670491386
A,True,4,static,28,23.56888090578055,1.4286180179924255,16.106563349958996
A,True,4,static,29,24.058563652755833,1.6817149366249915,16.30216031121145
A,True,4,static,30,24.560214285605653,1.595627091136074,16.797387557217892
A,True,4,static,31,24.881733013432633,1.5824770111189805,17.20561830054676
A,True,4,static,32,24.945579057511225,1.4309077348689598,17.790550544605296
A,True,4,static,33,25.09307824785687,1.2078708881374665,18.132128795371454
A,True,4,static,34,25.354737272042147,1.2498868911939576,18.207994718522
A,True,4,static,35,25.052282222827454,1.0542115125874367,18.4151009535686
A,True,4,static,36,25.21616944243017,0.9835387671776091,18.553796685644084
A,True,4,static,37,25.096582512143016,0.9458116560065889,18.436533006536173
A,True,4,static,38,25.177255654086537,1.0250122187796489,18.183303531960718
A,True,4,static,39,24.77579089471921,0.7903109657793018,18.314003048419277
A,True,4,static,40,24.67051742122517,0.5955782575741465,18.454770652029307
A,True,4,static,41,24.915372619844053,0.8932760084580466,17.80396808793428
A,True,4,static,42,24.486710414811427,0.8750154430166299,17.829762019277354
A,True,4,static,43,24.656612783937746,0.8724218579508035,17.699125964116757
A,True,4,static,44,25.00030129091726,0.8998075017385144,17.745195598726884
A,True,4,static,45,24.948016018921027,1.0293956694183022,17.525663533801723
A,True,4,static,46,25.284665489213733,1.111406810933701,17.44116602731827
A,True,4,static,47,26.806730390155625,1.5978187105545227,16.67004773715288
A,True,4,static,48,27.863849426569985,1.9898205823233062,15.83971137685807
A,True,4,static,49,29.357018715593558,2.1962903365701285,15.31949223924732
A,True,4,static,50,29.775842007254216,2.2275276358153207,16.482029935973376
A,True,4,static,51,29.80015867836582,2.5059566201969337,16.973086512345624
A,True,4,static,52,29.264846727651616,2.5489362826153674,16.54123811676514
A,True,4,static,53,28.282275273035584,2.3763633604930514,15.808096071939495
A,True,4,static,54,27.969846671364678,2.1559034806106308,14.746037770559946
A,True,4,static,55,26.762378520773755,2.115925235304553,14.285383814026439
A,True,4,static,56,26.447581544953604,2.0781301657660096,14.234911775030492
A,True,4,static,57,25.470763891436665,2.0248855072884733,13.503765707296276
A,True,4,static,58,25.44586934123356,2.007345060848183,13.276607799767374
A,True,4,static,59,26.373556873264928,2.1578283869833634,13.632496173979249
A,True,4,static,60,26.746409855001854,2.1650939590737583,13.762864549576355
A,True,4,static,61,27.340290091597954,2.367180291491561,13.718747729059364
A,True,4,static,62,27.93105890683094,2.3970768545126346,14.120245474432515
A,True,4,static,63,28.023693536303032,2.432803512616699,14.383857274318174
A,True,4,static,64,28.486418567223865,2.432284091423238,14.71441342608638
A,True,4,static,65,28.553493957473062,2.3970613637760674,14.656534577068632
A,True,4,static,66,28.908792089480556,2.506806615946425,14.840117515478092
A,True,4,static,67,28.894174372193287,2.5507717450232934,15.057674856703628
A,True,4,static,68,28.491860896089253,2.4541649983054996,15.187556076824547
A,True,4,static,69,28.53257248122455,2.4076795711820083,15.515808528701577
A,True,4,static,70,29.057912852468593,2.5229936877095516,15.472233714903629
A,True,4,static,71,29.38714141413284,2.5819113882790474,15.32301833170517
A,True,4,static,72,29.261249317893895,2.5942025519444516,15.001764507088806
A,True,4,static,73,29.164554669240697,2.543577530508496,14.874524569366578
A,True,4,static,74,29.505826295033227,2.6753161075308043,15.10428583904629
A,True,4,static,75,29.05358586354264,2.560715418537699,15.010327925863969
A,True,4,static,76,28.96365291187355,2.6832577687262056,14.887402476488738
A,True,4,static,77,29.691899206434545,2.767874164781208,15.068087333217486
A,True,4,static,78,29.540937148978312,2.7384205798793886,15.119811049280699
A,True,4,static,79,29.701686685808024,2.7092694825669117,15.008973597518578
A,True,4,static,80,29.876039658726636,2.752170178321189,14.643515371520278
A,True,4,static,81,29.77577132797749,2.655151940948143,14.56531821999931
A,True,4,static,82,29.720114069901708,2.6948212005688816,14.242998188533926
A,True,4,static,83,29.715271320360944,2.6611976066184,14.444292217379235
A,True,4,static,84,29.838097877240653,2.694452695609621,14.332682721213745
A,True,4,static,85,29.646305784393444,2.663262271232437,14.351859461424398
A,True,4,static,86,29.880772074587707,2.6238415550356784,14.579546368808797
A,True,4,static,87,29.89652569521833,2.676296367109065,14.587312062662926
A,True,4,static,88,29.627004491111077,2.7393698599544654,14.599550480028531
A,True,4,static,89,29.530764266397245,2.7876627376237733,14.346889532981196
A,True,4,static,90,29.25149795441537,2.668133247684352,14.91430495812444
A,True,4,static,91,29.065103569322062,2.6002714515328695,14.638613425060319
A,True,4,static,92,28.249060405712925,2.468029519352082,14.900540324892935
A,True,4,static,93,28.701618602446786,2.6702559095796485,15.016571604840976
A,True,4,static,94,28.847064572480416,2.638555211971211,15.320059352713647
A,True,4,static,95,29.21799053297499,2.679517844729792,15.479243901149731
A,True,4,static,96,28.990334351942504,2.643294828737918,15.251759148931157
A,True,4,static,97,28.592073591627685,2.639504983092829,15.538410465100085
A,True,4,static,98,28.435561233032203,2.4699457142954926,15.664536965407068
A,True,4,static,99,28.520843599854445,2.4935415056655508,15.728084171374789
A,True,5,closed_loop,0,3.971541228086242,-7.77787446909547,1.0823754870749838
A,True,5,closed_loop,1,4.080657067142289,-6.741064006641415,0.9771984014153307
A,True,5,closed_loop,2,4.064181302512626,-6.53617754188652,0.9398304491520252
A,True,5,closed_loop,3,4.159833225139926,-6.182500143435349,0.9138918945002783
A,True,5,closed_loop,4,4.241613203762001,-5.9966758211376145,0.9393343467193213
A,True,5,closed_loop,5,4.415741286771474,-5.612663291593958,0.95005431408293
A,True,5,closed_loop,6,4.584467245178103,-5.285169567706184,1.0230591845929522
A,True,5,closed_loop,7,4.85366409293403,-4.852124554928852,1.0722557892378994
A,True,5,closed_loop,8,4.8620011439181425,-4.7167705456707685,1.0841007579113906
A,True,5,closed_loop,9,5.026136710520296,-4.388985112762097,1.0821020171585165
A,True,5,closed_loop,10,10.039138105257924,-1.0241253079845578,3.9644625131159295
A,True,5,closed_loop,11,15.324775255610097,0.15638413463279155,6.79585042033671
A,True,5,closed_loop,12,21.123236813783564,0.9851657460991902,10.259087914068873
A,True,5,closed_loop,13,24.156372924266662,1.1837266610940251,12.886445040456275
A,True,5,closed_loop,14,25.909062823866133,1.2677807787759903,15.41864097599157
A,True,5,closed_loop,15,26.477887995305736,1.3229847161991133,16.840668234355125
A,True,5,closed_loop,16,26.907589157963866,1.2427739551206194,18.105045957066835
A,True,5,closed_loop,17,26.543167286272947,1.0369362443333034,18.921646800686066
A,True,5,closed_loop,18,26.52832261138209,1.153025189437874,19.187790469180925
A,True,5,closed_loop,19,26.458258463882938,1.098318616269295,19.383396073678806
A,True,5,closed_loop,20,26.276764960241973,0.9042965098486171,19.354876871878343
A,True,5,closed_loop,21,25.103067684641406,0.8100669296574049,18.401984678938273
A,True,5,closed_loop,22,25.07600136158612,0.7879152916510318,18.496365207427168
A,True,5,closed_loop,23,24.870458859958834,0.841983685770372,18.174146483160452
A,True,5,closed_loop,24,24.72761311664392,0.8884316241704594,17.930582000348974
A,True,5,closed_loop,25,24.65625271043217,0.973527157203525,17.673150883725274
A,True,5,closed_loop,26,24.14108550072588,0.9054593505347386,17.167880877654223
A,True,5,closed_loop,27,23.733497010474867,0.8994255128149531,16.752332907112557
A,True,5,closed_loop,28,23.555947788299832,0.8834261266923377,16.540352423152033
A,True,5,closed_loop,29,23.156068436867695,0.8872541734150543,16.020477558568704
A,True,5,closed_loop,30,22.95968610614482,0.6944786812359415,16.360951275886332
A,True,5,closed_loop,31,22.10206976938973,0.5005061415518255,15.37463261967506
A,True,5,closed_loop,32,22.387456192588683,0.4836804722379872,15.86432339680396
A,True,5,closed_loop,33,22.75110831423342,0.4687074543040843,16.308644441597217
A,True,5,closed_loop,34,23.056641979805132,0.5768081127052521,16.580171671796055
A,True,5,closed_loop,35,23.331427586565365,0.5255851101196649,17.181441907836952
A,True,5,closed_loop,36,23.8040007554582,0.5218423950864405,17.783300511307843
A,True,5,closed_loop,37,24.0511110721401,0.5404064712834332,17.90104441373422
A,True,5,closed_loop,38,24.66377803204689,0.6389754047580621,18.28829366129246
A,True,5,closed_loop,39,24.93715478387685,0.6543827890927812,18.68337923355861
A,True,5,closed_loop,40,25.260490209483276,0.6294964638027547,19.068964233920536
A,True,5,closed_loop,41,25.616830270789375,0.256808725833193,19.753832930781154
A,True,5,closed_loop,42,26.20072246710828,0.49727446668526976,20.11457823093013
A,True,5,closed_loop,43,26.530911305270582,0.49699171627790895,20.18367691066946
A,True,5,closed_loop,44,26.64033479576919,0.5732476762681865,20.187522858878207
A,True,5,closed_loop,45,27.257966001052125,0.7856463423101235,20.13437090517455
A,True,5,closed_loop,46,27.731789176037125,0.5841635871325144,20.051833103225274
A,True,5,closed_loop,47,28.140875280848046,0.8183889532529228,19.701220127319093
A,True,5,closed_loop,48,27.942330085085455,0.9303913393503986,18.2172773630692
A,True,5,closed_loop,49,27.94294038346507,1.0109978144432143,16.808964484378937
A,True,5,closed_loop,50,28.60061341284837,1.6766752582037932,15.355393382583065
A,True,5,closed_loop,51,28.271551320261377,1.4412690714763168,15.7033050489132
A,True,5,closed_loop,52,25.898109343257772,1.2302909936626725,14.547450613945164
A,True,5,closed_loop,53,24.765388958683502,1.1917849665818643,14.599520516385368
A,True,5,closed_loop,54,24.195557528026786,1.15205260463725,14.02944401437057
A,True,5,closed_loop,55,22.70620619356667,0.9320159862770279,13.345356228901599
A,True,5,closed_loop,56,22.79678192390701,1.056399957761433,13.35177253047165
A,True,5,closed_loop,57,22.698156645917805,0.9730802182253123,13.263633226432491
A,True,5,closed_loop,58,22.803341144690688,1.0993169669507663,13.460383516881913
A,True,5,closed_loop,59,23.587141109282555,1.1628103272500632,13.87832677931904
A,True,5,closed_loop,60,24.135640579160736,1.2823350093674535,14.278408697848178
A,True,5,closed_loop,61,25.337241882412005,1.3984048740526909,14.755847312556057
A,True,5,closed_loop,62,25.354335397619238,1.4917269972008096,14.782911898332918
A,True,5,closed_loop,63,25.971854946861356,1.5960014605721247,15.048028652784632
A,True,5,closed_loop,64,26.20829324113809,1.6391868787786361,15.043543293269032
A,True,5,closed_loop,65,26.114556550244046,1.5590727232681119,14.935312796659481
A,True,5,closed_loop,66,26.63878638428967,1.566708362655732,15.156199909787182
A,True,5,closed_loop,67,27.0410407537789,1.5296795655409332,15.663909389566513
A,True,5,closed_loop,68,27.045022657791165,1.4858345006840465,16.03835225319418
A,True,5,closed_loop,69,27.864022887052116,1.775188400649179,15.961959289649789
A,True,5,closed_loop,70,27.857493843894606,1.7829244035016114,16.122805435234685
A,True,5,closed_loop,71,33.9465495828315,1.8215894211729629,20.58761392438245
A,True,5,closed_loop,72,31.167772047384336,1.8264395205732942,18.7144672285476
A,True,5,closed_loop,73,28.945455327247558,1.5779806382062402,17.232341957939408
A,True,5,closed_loop,74,27.84845242214398,1.6221474046429762,16.02509623492829
A,True,5,closed_loop,75,26.78024718660107,1.4185064009136978,15.824291153604882
A,True,5,closed_loop,76,26.231345191752293,1.266972533236329,15.948722102216328
A,True,5,closed_loop,77,25.63013576557542,1.2596000712531383,15.48217403741377
A,True,5,closed_loop,78,24.386836415295324,1.0434732378259381,14.913249077261108
A,True,5,closed_loop,79,23.678641759326158,0.9371148106773634,14.709317254600613
A,True,5,closed_loop,80,24.016405061193428,1.056431599627359,15.10286017298308
A,True,5,closed_loop,81,30.539122770614387,1.7716151343622315,18.95226560084049
A,True,5,closed_loop,82,29.39667831850018,1.8346675493459352,17.65219762403755
A,True,5,closed_loop,83,30.526612624789436,1.9505291046593023,17.11217492580036
A,True,5,closed_loop,84,31.36351103279725,1.9910295497983188,17.195256538052416
A,True,5,closed_loop,85,30.989099198669592,2.00456490243074,17.17333474426991
A,True,5,closed_loop,86,30.64262836661749,2.0007696348699873,16.75249491593736
A,True,5,closed_loop,87,30.267571667133154,2.0055421425960405,16.46544909383274
A,True,5,closed_loop,88,29.85429510369521,2.0175505280071264,15.700459147411635
A,True,5,closed_loop,89,28.867193767535287,1.9480193488319575,15.643064916985287
A,True,5,closed_loop,90,28.27405120580488,1.994492461832799,15.40196685725076
A,True,5,closed_loop,91,29.959285171625936,1.9622199812484358,16.07810030270656
A,True,5,closed_loop,92,27.752595582110605,1.8256923165312366,15.575124013226322
A,True,5,closed_loop,93,26.439015277393313,1.7508497052308403,14.669167909506534
A,True,5,closed_loop,94,24.752568469936893,1.6003218207183176,13.974762875460195
A,True,5,closed_loop,95,24.949518534398834,1.6981923968625248,14.366443509876717
A,True,5,closed_loop,96,24.13288224565166,1.649487936250092,13.246813501539487
A,True,5,closed_loop,97,23.29258898388782,1.5640747100328525,13.307014653245671
A,True,5,closed_loop,98,23.140506261010717,1.5104834721489073,12.825421814771182
A,True,5,closed_loop,99,23.661800094529625,1.5585179596067382,13.440198295108361
A,True,5,static,0,3.971541228086242,-7.77787446909547,1.0823754870749838
A,True,5,static,1,4.125252487568106,-6.736189750104189,1.0129997748033122
A,True,5,static,2,4.096232271197821,-6.480646392924179,0.9493125168351866
A,True,5,static,3,4.151250692378771,-6.229983423360423,0.9167645437015727
A,True,5,static,4,4.242273350800041,-5.999880027683891,0.9200757330846138
A,True,5,static,5,4.38990469042691,-5.699199446340141,0.9336909958209177
A,True,5,static,6,4.566043579153854,-5.350982329756769,1.0071153465325724
A,True,5,static,7,4.784339033002222,-4.975713310353149,1.070285803299307
A,True,5,static,8,4.8048426486700855,-4.8326185609702454,1.0602860842811361
A,True,5,static,9,4.992473879883358,-4.475680082871777,1.0850340664279912
A,True,5,static,10,9.782565864833161,-1.044714508366586,3.7267836586042704
A,True,5,static,11,15.26135639563797,0.12175202827744862,6.667059382759653
A,True,5,static,12,21.194282136085977,0.9538333166406683,10.067406081787007
A,True,5,static,13,24.297584412193505,1.2820882296265832,12.754248308437363
A,True,5,static,14,26.02238599175134,1.2767507141205428,15.545597743020098
A,True,5,static,15,26.451362722250362,1.3687955537874814,16.71489057524881
A,True,5,static,16,26.58398085257292,1.2697181242081526,17.90861584052137
A,True,5,static,17,26.39332553831353,1.0486806260481296,18.92593110315401
A,True,5,static,18,26.958610462753985,1.1166743975122861,19.5515392104964
A,True,5,static,19,26.756759756178624,1.0403455529868781,19.64942803760725
A,True,5,static,20,26.498242921924202,0.8781549907988616,19.451369243946704
A,True,5,static,21,26.11322303407783,0.8690225971044692,19.107808456674316
A,True,5,static,22,25.60734362889514,0.901047821296395,18.670465980351025
A,True,5,static,23,25.261400936121884,0.7991990985444731,18.357698129847048
A,True,5,static,24,24.919906801703462,0.8641686331160279,17.818454159154616
A,True,5,static,25,24.453035880666615,0.9305245461740711,17.26126352883594
A,True,5,static,26,24.081826539783197,1.017067731993409,16.81184943389457
A,True,5,static,27,24.026104396480804,0.9743356740190662,16.765349417676255
A,True,5,static,28,23.91552150543642,1.0131969922040056,16.795227489327864
A,True,5,static,29,24.006430719927078,0.9714136682962572,16.70018055564718
A,True,5,static,30,23.970216360109315,0.9010227149310363,17.038269888629028
A,True,5,static,31,23.977783571955523,0.814673844872536,17.08766727007426
A,True,5,static,32,24.139859728771665,0.7792761364940736,17.231169569370675
A,True,5,static,33,24.20978356149904,0.694175328370488,17.462192738008568
A,True,5,static,34,24.523069318607906,0.6217746872684023,17.618746420708646
A,True,5,static,35,24.632781261363345,0.5125237212288466,18.073145074892967
A,True,5,static,36,24.943870402618767,0.5512728340608963,18.48181222401328
A,True,5,static,37,25.148824260934195,0.48463998109749573,18.66588266805206
A,True,5,static,38,25.50308559683063,0.7295136065958738,18.749373799568616
A,True,5,static,39,25.135156137062268,0.6372367634086871,18.65975315523803
A,True,5,static,40,25.00620607262846,0.5205284678599217,18.575178869234314
A,True,5,static,41,25.001770923568785,0.495948039858729,18.793875907263544
A,True,5,static,42,25.187940062831796,0.571458174921994,18.756639444028753
A,True,5,static,43,25.416349220802633,0.6829075241988557,18.533404673293894
A,True,5,static,44,24.9687158710568,0.5500419866063976,18.44011750733731
A,True,5,static,45,24.55269735445576,0.36207657297367213,18.124259951061504
A,True,5,static,46,24.995951918742634,0.588953612277007,17.40389964262562
A,True,5,static,47,25.931836617634946,0.8401874565022723,16.98861435468358
A,True,5,static,48,27.005633363537203,1.0319240767970477,16.53152856936899
A,True,5,static,49,28.89165450335744,1.2197080887212064,15.733964315912845
A,True,5,static,50,30.26248978654455,1.5355525204765657,15.546838788717395
A,True,5,static,51,29.822576030182756,1.648322179581375,16.14591804893848
A,True,5,static,52,28.943617421131588,1.7860941889242223,15.174291640891118
A,True,5,static,53,27.370441224204303,1.4819882609135344,14.724673471015826
A,True,5,static,54,26.166439210440444,1.2978568364894008,14.628313621298398
A,True,5,static,55,25.751149773762602,1.268452830510705,14.148774346104867
A,True,5,static,56,24.788590205548946,1.3039705557372165,13.511403743713705
A,True,5,static,57,24.965889782500977,1.3374137556404928,13.873549937914426
A,True,5,static,58,25.281869283228303,1.5081965399706299,13.82219554850711
A,True,5,static,59,25.261917747787724,1.5469217827492454,13.974313240246554
A,True,5,static,60,25.44874041805808,1.589173472943794,14.297273271083801
A,True,5,static,61,25.47215111947266,1.5645635431561935,14.034233228695102
A,True,5,static,62,24.86267188498513,1.5430268913374245,13.8453566726128
A,True,5,static,63,25.413525912944,1.560337229229339,14.282294655009254
A,True,5,static,64,25.23568728439609,1.6225804994130788,13.979036439448485
A,True,5,static,65,25.4632720427946,1.550308850134526,14.018753210040453
A,True,5,static,66,25.940083396315018,1.6348726240922418,14.17380246949316
A,True,5,static,67,26.599624340788637,1.7727435210275573,14.483030240339302
A,True,5,static,68,26.85270841676628,1.8095094187033443,14.73030102733579
A,True,5,static,69,27.08413777730088,1.912128177771729,14.453411822061364
A,True,5,static,70,27.1525647361119,1.8724482334183954,14.760143770567785
A,True,5,static,71,27.96034358957813,2.006821001882186,15.277620097113072
A,True,5,static,72,27.83084719920204,1.9743947857169146,15.297122220041247
A,True,5,static,73,27.866135357569465,2.053417544038346,14.84078684423175
A,True,5,static,74,28.314230341825304,2.0882143846092287,15.14481691777708
A,True,5,static,75,28.145650716816615,2.111236900504184,14.621116034351706
A,True,5,static,76,28.353891031822656,2.00509400596806,14.881663486903102
A,True,5,static,77,28.335362308350202,2.0545004632846964,14.41917092686347
A,True,5,static,78,28.65005106066235,2.0221391379360965,14.510702376763177
A,True,5,static,79,28.859852010763856,2.063686756499488,14.500351499733101
A,True,5,static,80,29.14044634184701,2.0838330949151,14.43494669908027
A,True,5,static,81,29.10182207064831,1.9978059114432671,14.63789160251469
A,True,5,static,82,29.36471851060229,2.068202882178569,14.987594746624941
A,True,5,static,83,29.136934204129123,2.0472821780931425,14.838317618705304
A,True,5,static,84,29.33111465866104,1.9173430552837605,15.271964451008019
A,True,5,static,85,29.248816045283665,2.062681509857707,15.014916125509728
A,True,5,static,86,29.153316460512112,2.0880208266971034,15.024326275679499
A,True,5,static,87,28.59723030084123,1.9589015781375378,14.760462500200333
A,True,5,static,88,28.82844695275321,2.023223710065631,15.015323717849236
A,True,5,static,89,28.559625668779876,2.0432861337538513,15.409734481257098
A,True,5,static,90,28.309872442970065,2.1128857830677683,14.991058821263836
A,True,5,static,91,27.6145763563803,1.9926709863668464,15.316014332903245
A,True,5,static,92,27.566088582684714,1.9270871030674332,15.059770125609385
A,True,5,static,93,26.83308043074256,1.6612997455694007,15.559163342117477
A,True,5,static,94,26.605140785691162,1.617290275800281,15.534653601171529
A,True,5,static,95,26.612120063926408,1.5147044142407882,15.876521234726342
A,True,5,static,96,27.113089800884467,1.6640487153892671,16.294013421093076
A,True,5,static,97,27.21351708939331,1.6895609364412507,16.185661301863856
A,True,5,static,98,26.77021128776801,1.4555592937741995,16.826042662711153
A,True,5,static,99,27.60712912589531,1.5828422984709434,16.688483232390215
A,True,6,closed_loop,0,4.269410108043203,-6.802942208656289,1.1683486748373053
A,True,6,closed_loop,1,4.105270050472448,-6.287511853185346,0.9419362177258153
A,True,6,closed_loop,2,4.0821188945668245,-6.3052027097146315,0.9068728366429545
A,True,6,closed_loop,3,4.17006838323404,-5.994474332103643,0.8847668135786909
A,True,6,closed_loop,4,4.3295115227625525,-5.658606392155075,0.8757025025080539
A,True,6,closed_loop,5,4.473381155461137,-5.287399687528879,0.8868520462356236
A,True,6,closed_loop,6,4.633240740003139,-5.00866816465327,0.9556683640400788
A,True,6,closed_loop,7,4.776930668321373,-4.767705726606471,0.9965580679708461
A,True,6,closed_loop,8,4.939027559382784,-4.497900638154886,0.9938604795619054
A,True,6,closed_loop,9,5.042412404893443,-4.3588220835229725,1.0072969260009665
A,True,6,closed_loop,10,8.68121815131209,-1.4607210689525079,2.7381589301586717
A,True,6,closed_loop,11,16.35024567050421,0.4913648653853757,7.468240298509746
A,True,6,closed_loop,12,21.986578038409842,1.2714215903854844,10.850215139929896
A,True,6,closed_loop,13,24.946145728554825,1.590779673964373,13.612161529952155
A,True,6,closed_loop,14,26.043431205953414,1.4554813097938473,15.846744535840301
A,True,6,closed_loop,15,25.830065511314046,1.2890180208429058,16.958707802379447
A,True,6,closed_loop,16,25.712452258471743,1.065816069094642,17.92642308366138
A,True,6,closed_loop,17,25.013039757285497,0.6976307613994566,18.36645959907915
A,True,6,closed_loop,18,25.107966700105596,0.5065065642388088,18.761653184531163
A,True,6,closed_loop,19,24.63688825406093,0.22881579576636837,18.475743259200943
A,True,6,closed_loop,20,24.32744356955571,0.32694429304931266,18.329113202382256
A,True,6,closed_loop,21,22.88891977716425,0.21052730797580796,16.929581310482032
A,True,6,closed_loop,22,23.145080801705358,0.2525733785129481,17.042823288232885
A,True,6,closed_loop,23,23.163416155341682,0.46245957165035056,17.018799872981507
A,True,6,closed_loop,24,22.95016726988693,0.3664335879151008,16.825835592342766
A,True,6,closed_loop,25,23.196110951131534,0.6267057447609843,16.777454543759816
A,True,6,closed_loop,26,23.153557321279717,0.7393912496710064,16.540632944291897
A,True,6,closed_loop,27,22.63875580673175,0.6141629501194047,16.089112217773177
A,True,6,closed_loop,28,22.52176987733462,0.8138478452782377,15.862661520173583
A,True,6,closed_loop,29,22.389186446841233,0.8393377439959034,15.57963493744041
A,True,6,closed_loop,30,22.127255758213867,0.7711294441300224,15.55785452559318
A,True,6,closed_loop,31,21.9540711268301,0.7626407596724953,15.443729900265387
A,True,6,closed_loop,32,22.416953015265182,0.7326361105399353,16.13389894924131
A,True,6,closed_loop,33,22.21425300306358,0.6133180882742364,15.913925997812157
A,True,6,closed_loop,34,22.077361182133245,0.5756940553279865,16.06184323831468
A,True,6,closed_loop,35,21.735313250577406,0.4102726856568326,15.95752195021087
A,True,6,closed_loop,36,22.234470671150806,0.34009797004339665,16.468206026490517
A,True,6,closed_loop,37,22.3988054568289,0.3404254179456327,16.655088303304634
A,True,6,closed_loop,38,22.50128914864253,0.3819298386798033,16.769845850334246
A,True,6,closed_loop,39,22.955702845072068,0.3320620605622326,17.101102057228
A,True,6,closed_loop,40,23.087083915069133,0.2759675513459037,17.45555961303269
A,True,6,closed_loop,41,24.139569169773598,0.4351167363984619,18.282470942938506
A,True,6,closed_loop,42,24.261982133432795,0.4279346452971509,18.42962716205813
A,True,6,closed_loop,43,24.411816464931842,0.4282952586403683,18.253500549004745
A,True,6,closed_loop,44,24.20609607863538,0.379827516991831,18.35923284866328
A,True,6,closed_loop,45,24.481998515187097,0.4558411231940617,17.994849719512374
A,True,6,closed_loop,46,25.57196481261504,0.721319304478183,17.91669028578529
A,True,6,closed_loop,47,25.933095145035967,0.7650092500317931,17.43702671766422
A,True,6,closed_loop,48,26.29424961114367,0.580788972430991,17.311729920050272
A,True,6,closed_loop,49,26.34429052464438,1.1127099850428976,16.269698823286834
A,True,6,closed_loop,50,25.32346286603504,1.00433768245424,16.14963146257085
A,True,6,closed_loop,51,24.13184730559566,0.5077410339391041,15.738764822599334
A,True,6,closed_loop,52,21.306268485913154,0.4148876480584948,12.625243845987965
A,True,6,closed_loop,53,20.01433603965037,0.43158054515323174,11.333363883198585
A,True,6,closed_loop,54,19.105785113876745,0.34704972849527643,10.383087780125416
A,True,6,closed_loop,55,18.941344738374028,0.5467908624540595,10.197964403784644
A,True,6,closed_loop,56,19.378500245778262,0.587223717993437,10.669472534701507
A,True,6,closed_loop,57,19.387974275369412,0.4534883057740689,10.925707594479013
A,True,6,closed_loop,58,19.795615117104187,0.7166962018083941,10.927257425734274
A,True,6,closed_loop,59,21.242649668043274,1.0460093661714216,11.55856256633667
A,True,6,closed_loop,60,22.083638298343818,1.0832475662201846,12.019912716399569
A,True,6,closed_loop,61,23.559492559956094,1.1980755458571024,13.086763032370746
A,True,6,closed_loop,62,23.36029604213971,1.378161638475796,12.828261600155253
A,True,6,closed_loop,63,23.808949683844634,1.4970934818504855,12.889162859497844
A,True,6,closed_loop,64,24.775948168810825,1.5712435519710688,13.584343097360579
A,True,6,closed_loop,65,24.978219582089228,1.5809136258176337,13.9494165601548
A,True,6,closed_loop,66,25.291117106443654,1.7140402371131362,13.959846505343657
A,True,6,closed_loop,67,25.9088625280778,1.7807960580678255,14.52437379824534
A,True,6,closed_loop,68,26.093817238428432,1.7579040523478933,14.396982416982768
A,True,6,closed_loop,69,26.560484603502942,1.7653853177377126,15.006067291618793
A,True,6,closed_loop,70,27.189441218906385,1.7284542841405652,15.208487931981457
A,True,6,closed_loop,71,32.38266222215125,1.9723437657308505,18.464624924224896
A,True,6,closed_loop,72,30.748370447151103,2.04401978337464,17.57434076965191
A,True,6,closed_loop,73,29.84040774660052,2.0111954154985408,17.06120337972838
A,True,6,closed_loop,74,29.048622628873762,1.9379196042923235,16.526220125142725
A,True,6,closed_loop,75,28.513081810006895,1.7804602664765834,16.42225565462988
A,True,6,closed_loop,76,27.991651268501972,1.8347871811797976,16.566846944179876
A,True,6,closed_loop,77,27.7789923462086,1.7853333138554097,16.588430421334092
A,True,6,closed_loop,78,27.038068159547496,1.7133549445889324,16.028674976300938
A,True,6,closed_loop,79,26.78074663900605,1.862532735028118,15.59008102002509
A,True,6,closed_loop,80,26.71904177563709,1.8885698390916754,15.266974130363517
A,True,6,closed_loop,81,32.80740950818768,2.1553065127753293,19.281187929256344
A,True,6,closed_loop,82,31.122325537674218,2.012585003653031,17.96504684855392
A,True,6,closed_loop,83,30.343212950331353,2.0092000531303302,16.865860305654838
A,True,6,closed_loop,84,29.963370998611413,1.8778715749692225,16.262052647610442
A,True,6,closed_loop,85,29.7417453531428,2.0199325005032898,15.783942802203336
A,True,6,closed_loop,86,29.800817784165346,2.008152123194574,15.472538007903841
A,True,6,closed_loop,87,29.172556285672357,1.9714272872575966,15.192393017575574
A,True,6,closed_loop,88,28.450221264952305,1.8660730878451233,15.458167168081486
A,True,6,closed_loop,89,27.990218107196842,1.836213675044621,15.02578460711194
A,True,6,closed_loop,90,27.75745373672741,1.8748991425358987,15.253102145595479
A,True,6,closed_loop,91,29.525018599364355,2.1019846403231957,16.011174135387673
A,True,6,closed_loop,92,28.205836305851822,1.988221075866001,15.368000045647994
A,True,6,closed_loop,93,26.583926235768473,1.6544711950565398,15.21558124661346
A,True,6,closed_loop,94,25.800358855194983,1.6330045372089133,14.79323149612901
A,True,6,closed_loop,95,25.870740878001758,1.6248602766712168,14.566570979774676
A,True,6,closed_loop,96,25.484271251309764,1.5850895327291823,14.885836584067507
A,True,6,closed_loop,97,24.81900539371874,1.5400657943771858,13.846803623779715
A,True,6,closed_loop,98,25.14764432595963,1.5600276281624808,14.341981522295733
A,True,6,closed_loop,99,25.95279342567797,1.6160838410859817,14.205642525025743
A,True,6,static,0,4.269410108043203,-6.802942208656289,1.1683486748373053
A,True,6,static,1,4.134167862644735,-6.302518398311894,0.9728877962430177
A,True,6,static,2,4.138178069114301,-6.237275606363415,0.9279245768640041
A,True,6,static,3,4.146703702798352,-6.10192072898982,0.8746483808852156
A,True,6,static,4,4.312231647594249,-5.7288493511148815,0.901702685956951
A,True,6,static,5,4.485572143722156,-5.324836825574437,0.9092462710025356
A,True,6,static,6,4.5833547509098445,-5.08622714658166,0.9300884303146181
A,True,6,static,7,4.76458579299262,-4.810093889358315,0.9699016031450455
A,True,6,static,8,4.819138633336547,-4.695090782040935,0.965282694907506
A,True,6,static,9,5.104297306610436,-4.267774063444542,1.0473754957055976
A,True,6,static,10,8.393795839976281,-1.6147664654418168,2.4920266042273567
A,True,6,static,11,15.948601156677432,0.42156058140483516,6.7592175123122535
A,True,6,static,12,22.187074121515952,1.268549456733217,10.860161541016067
A,True,6,static,13,25.523295192397143,1.5692848060123652,14.343945061817237
A,True,6,static,14,26.654013053971823,1.5614411911373132,16.836882874428643
A,True,6,static,15,26.373667786587287,1.2262599486743622,17.948331761736274
A,True,6,static,16,26.32102304688026,1.0694472564766848,18.780350685995067
A,True,6,static,17,25.926078091275727,0.8097333728727767,19.220761992334737
A,True,6,static,18,25.663632950121393,0.5637772093039498,19.212898301056686
A,True,6,static,19,25.26109780738984,0.36499041668559834,18.886887281064375
A,True,6,static,20,25.063344112068844,0.4650215543201805,18.738449507075366
A,True,6,static,21,24.649364057088217,0.4403772618401282,18.31392434723864
A,True,6,static,22,24.477137628525025,0.4095051560541692,18.06884363332429
A,True,6,static,23,24.42397526520271,0.6238553863490834,17.932587629658222
A,True,6,static,24,24.162989280507876,0.621834275151795,17.619768768412317
A,True,6,static,25,23.729534911945635,0.6685915139118027,17.073464364897795
A,True,6,static,26,23.415696223483337,0.8303485591390904,16.566620099601398
A,True,6,static,27,23.293633996460972,0.856332564652094,16.327346452206275
A,True,6,static,28,23.03374611014365,0.9556169203741387,16.07651274393194
A,True,6,static,29,23.381520275044732,1.0224578621699651,16.25903593924555
A,True,6,static,30,22.931144624001448,0.9290689986078723,16.149507374353863
A,True,6,static,31,22.874559383686204,0.8811342771803322,16.15129233606419
A,True,6,static,32,22.876351176375806,0.6861302458548529,16.480559655907058
A,True,6,static,33,22.81797259137271,0.6031365339731861,16.36705928346242
A,True,6,static,34,23.176713506086106,0.5001964361007847,17.01201304068749
A,True,6,static,35,23.013027017262857,0.3072250784312535,17.137096426488643
A,True,6,static,36,23.314911771858846,0.22185791885955405,17.31919982477341
A,True,6,static,37,23.477428776018016,0.3152605688224856,17.51343439319454
A,True,6,static,38,23.619995218519204,0.3356893892266471,17.816431911013776
A,True,6,static,39,24.082188775550957,0.4805914987645899,17.891828482131658
A,True,6,static,40,24.36216961390701,0.5823400592142098,17.923426665902202
A,True,6,static,41,24.486932787413192,0.44083723884787634,18.211157871469194
A,True,6,static,42,24.670828576261787,0.5046181895354271,18.351475920088408
A,True,6,static,43,24.67440616398225,0.39478468820002294,18.13236221743195
A,True,6,static,44,24.53434159568829,0.3992110435561848,18.27483625191947
A,True,6,static,45,25.808777575059512,0.7152851888695574,18.314555979678545
A,True,6,static,46,26.18170064158228,0.8146850266645957,18.03409239873797
A,True,6,static,47,26.24389244521024,0.6816983270680478,17.243508262014895
A,True,6,static,48,28.026094152903653,1.2007767795535635,16.429480674039617
A,True,6,static,49,28.8292502089222,1.2893256207744797,16.432777620926753
A,True,6,static,50,28.532740188748576,1.4335175166594614,16.132124648695882
A,True,6,static,51,26.651939884209735,1.3749319959532456,15.335224672036446
A,True,6,static,52,23.51243828492366,0.9583226398497543,13.540354610727144
A,True,6,static,53,20.923692039604184,0.4405012212012867,12.009297111194478
A,True,6,static,54,19.39786417988837,0.22757515962835054,10.968286433900474
A,True,6,static,55,19.299051071318562,0.42994181628018363,10.848710012732761
A,True,6,static,56,19.640717992758088,0.5017104992484779,11.180053383762619
A,True,6,static,57,20.06659424259512,0.6074056949144541,11.355711994558453
A,True,6,static,58,20.84832304190486,0.9253090429312366,11.599491194189328
A,True,6,static,59,21.284255752790404,0.8859945332195888,12.028725229660411
A,True,6,static,60,22.506458965476927,1.1038635776447323,12.63555146687177
A,True,6,static,61,23.3984479704916,1.3042007699886147,13.15343920233309
A,True,6,static,62,23.329378485368995,1.304825628438844,13.012080368957015
A,True,6,static,63,24.180102721048257,1.4909492731756753,13.54213203685388
A,True,6,static,64,24.543292011441537,1.5378280059377942,13.41507127191628
A,True,6,static,65,25.34972015318918,1.6951673083317012,13.620342667848107
A,True,6,static,66,25.86651035211953,1.7525839077878451,13.463450556868212
A,True,6,static,67,26.365347214036195,1.7670731288903088,13.813437935854452
A,True,6,static,68,26.893216979298757,1.9364923580394777,13.778602679951577
A,True,6,static,69,27.6322990622434,2.0251037868938737,13.686241591112449
A,True,6,static,70,28.1353695907935,1.9635283093515852,13.877016022384742
A,True,6,static,71,28.45930133470632,2.016465804329376,14.163326330045136
A,True,6,static,72,28.960469442367668,2.109303596594088,14.065930912554881
A,True,6,static,73,28.752969817077553,2.0963604123944966,13.647252591762951
A,True,6,static,74,29.157789615789444,2.3091705087631467,13.798606502053175
A,True,6,static,75,29.274479606501256,2.1342303760631283,14.226902630626403
A,True,6,static,76,29.067360460545306,2.0814463990675187,14.856019239126015
A,True,6,static,77,28.93569372804293,2.0143152247310234,15.073866049938283
A,True,6,static,78,28.695131666430424,2.0383086386582265,15.33779614899307
A,True,6,static,79,28.31882088198213,2.000858045123024,15.339817184702056
A,True,6,static,80,28.272529808537012,1.8724108598895084,15.641949950616857
A,True,6,static,81,27.63522977840182,1.8256213664395153,15.526523501579419
A,True,6,static,82,27.289868424009214,1.8170094985173642,15.692928641046981
A,True,6,static,83,27.276471847785874,1.7989468295629631,15.413311318026095
A,True,6,static,84,27.24013963889895,1.8266029310877665,15.462153746140936
A,True,6,static,85,27.158779729064605,1.7970121971830242,15.215308224533098
A,True,6,static,86,27.344635766224936,1.8437140573157549,14.968412858021054
A,True,6,static,87,27.260529583309136,1.6935964342820586,15.36068650997621
A,True,6,static,88,27.393386981661425,1.6858885430333406,15.006219581392594
A,True,6,static,89,27.31353273857876,1.6359403460410205,15.174725053416813
A,True,6,static,90,27.654974032323896,1.8378382577361443,15.283062243180593
A,True,6,static,91,27.20570814618685,1.754269789125077,15.42427125506057
A,True,6,static,92,27.32728086954978,1.7845403986734347,15.57142109281367
A,True,6,static,93,27.082857970748645,1.72506009651322,15.632395170547062
A,True,6,static,94,26.823046675475656,1.626974399556649,15.401901996538692
A,True,6,static,95,27.026837799479768,1.6239559787676654,15.680683369829046
A,True,6,static,96,27.225739014763395,1.694809997405337,15.913177670871681
A,True,6,static,97,27.91809694230587,1.8479244748735308,15.889501962471376
A,True,6,static,98,27.42340325619457,1.6480317416437966,15.843396549355717
A,True,6,static,99,27.497959425364304,1.6352348454439818,16.08970178487863
A,True,7,closed_loop,0,3.9274862795765464,-7.4148177779276105,1.0268504354843382
A,True,7,closed_loop,1,4.103397019987909,-6.374410032829206,0.917939618566788
A,True,7,closed_loop,2,4.343150740504014,-5.901511480016953,1.0154096792367833
A,True,7,closed_loop,3,4.467565610009049,-5.591137779374496,1.057236971511142
A,True,7,closed_loop,4,4.492228681106732,-5.431775760250535,0.9470476150681191
A,True,7,closed_loop,5,4.593261218708301,-5.190512320993288,0.9483050472942637
A,True,7,closed_loop,6,4.566228416806118,-5.208342260926639,0.9418073361887783
A,True,7,closed_loop,7,4.534683882006849,-5.218815815007207,0.9402065939129262
A,True,7,closed_loop,8,4.612873417083532,-5.034815386286891,0.9351702404469077
A,True,7,closed_loop,9,4.830330690850736,-4.717854905947303,1.0040493360363245
A,True,7,closed_loop,10,9.590561899664124,-1.452012360186125,4.107735245957456
A,True,7,closed_loop,11,15.82518342646651,-0.021052489513457506,8.134949261573324
A,True,7,closed_loop,12,20.195444401296786,0.538275600216593,10.995562599774638
A,True,7,closed_loop,13,22.562926738557348,0.718060588189079,12.565835785314826
A,True,7,closed_loop,14,23.009342213922377,0.7250554555168806,13.549000757969159
A,True,7,closed_loop,15,22.674552559683786,0.682351140959443,13.984444595952567
A,True,7,closed_loop,16,22.29771463143079,0.6807541973489281,14.285394131571758
A,True,7,closed_loop,17,21.749396085828863,0.4648385107621072,14.322603772034086
A,True,7,closed_loop,18,21.830002287122827,0.7083447872140697,14.71080251780941
A,True,7,closed_loop,19,20.966271930874537,0.43131075939371305,14.19960145902106
A,True,7,closed_loop,20,20.88065763748523,0.5404454697509209,14.282616302422573
A,True,7,closed_loop,21,19.560986558878483,0.16339229457303048,13.408311395672456
A,True,7,closed_loop,22,19.63085533377973,0.21253801632845284,13.255859644777914
A,True,7,closed_loop,23,19.80013213021283,0.22162827119578074,13.592034985983071
A,True,7,closed_loop,24,19.531896589393494,0.327010851074425,13.050560046480308
A,True,7,closed_loop,25,19.737501241132325,0.18176354737147613,13.203938714995331
A,True,7,closed_loop,26,20.209641845545534,0.34472968391222186,13.827825012800565
A,True,7,closed_loop,27,21.27557647336305,0.6173027790427079,14.604792483993435
A,True,7,closed_loop,28,21.9939756366185,0.47744748688204613,15.569666249254588
A,True,7,closed_loop,29,22.717682680694082,0.561966233377546,16.2130356298041
A,True,7,closed_loop,30,22.60854572895809,0.4822475534517447,16.2237884541135
A,True,7,closed_loop,31,21.812962857590776,0.26071232882400647,15.873230814187435
A,True,7,closed_loop,32,21.499975817884167,0.12569256155204567,15.672885608810473
A,True,7,closed_loop,33,21.016741826306117,0.11960315213823902,15.041372689399532
A,True,7,closed_loop,34,20.39200586408211,0.041408858411100834,14.398030112028174
A,True,7,closed_loop,35,20.030331657015676,-0.12275521537277419,14.313508404874938
A,True,7,closed_loop,36,19.82627599109362,0.10459006478284442,13.824131354901526
A,True,7,closed_loop,37,19.426756241240312,-0.2046448605818373,13.851385689674217
A,True,7,closed_loop,38,19.266302389561794,0.09346385567794924,13.430302341097034
A,True,7,closed_loop,39,19.55402879250518,0.2245339036177769,13.660808719282263
A,True,7,closed_loop,40,19.26847917116564,-0.012889642256625478,13.631258373373091
A,True,7,closed_loop,41,20.066200914946396,0.08125715093579493,14.07253478038686
A,True,7,closed_loop,42,20.013180192905875,0.1583528445860516,13.750249000317732
A,True,7,closed_loop,43,20.112352362886522,0.062305121869794866,14.331049778426548
A,True,7,closed_loop,44,20.56761113789736,0.32466812786579335,14.479770990999095
A,True,7,closed_loop,45,20.840293136799282,0.17254114161745293,13.908002713376838
A,True,7,closed_loop,46,21.54366368768608,0.4441040130490333,14.665272836909429
A,True,7,closed_loop,47,21.8622689149463,0.2489199345015709,13.533514327336666
A,True,7,closed_loop,48,22.11212031836568,0.4248422234082221,12.934977655659756
A,True,7,closed_loop,49,22.772699318862962,0.567869326169081,12.961007177534611
A,True,7,closed_loop,50,21.47543369512473,0.4424542569404055,12.400063128495752
A,True,7,closed_loop,51,23.82578231037318,0.8145830235557403,13.986129235995895
A,True,7,closed_loop,52,21.316304130754474,0.7703862470075501,12.361051672076487
A,True,7,closed_loop,53,20.021920150086668,0.46671183352703594,11.87128780784588
A,True,7,closed_loop,54,19.689523043993432,0.3977169274354308,11.690880477614584
A,True,7,closed_loop,55,18.45999084972991,0.30779586602565945,10.61597450957511
A,True,7,closed_loop,56,18.29307456676647,0.34984753719836253,10.0452101000633
A,True,7,closed_loop,57,18.64398209829974,0.513251425167025,10.08244356509613
A,True,7,closed_loop,58,19.300699050518386,0.6687567462018932,10.234084848884143
A,True,7,closed_loop,59,20.231026879056355,0.8783461809267435,10.762819860986975
A,True,7,closed_loop,60,20.69899723853625,0.9024840321328614,10.780269199916459
A,True,7,closed_loop,61,21.24483167760249,1.072021144438098,11.189780621806674
A,True,7,closed_loop,62,21.69369497521541,1.129856609697795,11.198145663430438
A,True,7,closed_loop,63,22.75592999723339,1.2726987344460323,11.900019134437422
A,True,7,closed_loop,64,23.62986670608854,1.3222542465780698,12.24837895387956
A,True,7,closed_loop,65,24.441550609402526,1.5013722317316824,12.828805115172363
A,True,7,closed_loop,66,24.80028383752891,1.5006224551143983,13.104131816617823
A,True,7,closed_loop,67,25.581529274547805,1.5641182739919748,13.685668710360853
A,True,7,closed_loop,68,26.38587887632903,1.6867732277808447,14.008112094444764
A,True,7,closed_loop,69,27.03047596363658,1.8005137251182048,14.370994207897509
A,True,7,closed_loop,70,27.776291558847557,1.8958761991086373,15.096331643007808
A,True,7,closed_loop,71,33.967571085393,2.0617952079818687,19.583498609833228
A,True,7,closed_loop,72,32.2760831170962,2.042302043119959,18.464154174520917
A,True,7,closed_loop,73,30.877708570332867,2.02705432321203,17.27708767000829
A,True,7,closed_loop,74,30.083171406161558,1.9167681312996236,16.71474350743057
A,True,7,closed_loop,75,29.334398439870586,1.9752365708771464,16.153817013449046
A,True,7,closed_loop,76,28.56844805323887,1.926114966118042,15.753603643342652
A,True,7,closed_loop,77,28.14433772755937,1.788974916266331,15.429771285601518
A,True,7,closed_loop,78,27.475603993325205,1.7287528026703838,15.039330140158315
A,True,7,closed_loop,79,27.212949673203223,1.680999989401357,14.458394522779969
A,True,7,closed_loop,80,26.79004463063923,1.5271982025518962,14.305889873854392
A,True,7,closed_loop,81,32.2226146648537,1.8624383259223005,18.144704930807645
A,True,7,closed_loop,82,31.52318599762894,2.0460328804161647,17.13055470192925
A,True,7,closed_loop,83,30.08245754743388,1.8785423813353839,16.985583142428073
A,True,7,closed_loop,84,29.500552436758138,1.8477616972031055,16.96153597854121
A,True,7,closed_loop,85,29.142084677478618,1.690430426271192,17.06913294344009
A,True,7,closed_loop,86,28.62978480897364,1.6608363850788077,17.107006881460375
A,True,7,closed_loop,87,28.164940810772517,1.6364353754796432,16.861832455271728
A,True,7,closed_loop,88,28.13356961451836,1.6394332155133302,16.658128119097587
A,True,7,closed_loop,89,27.43753598626498,1.5496265029087688,16.785422836009484
A,True,7,closed_loop,90,26.955572150315064,1.5431563943104791,16.180051784798362
A,True,7,closed_loop,91,29.86509669445839,1.6126013275326774,18.08125893887785
A,True,7,closed_loop,92,28.054152201412535,1.3948105291810382,16.69116355738905
A,True,7,closed_loop,93,26.931525877453613,1.3723044227086474,15.691826882973936
A,True,7,closed_loop,94,27.410986936812552,1.5727858373640693,16.206467659489068
A,True,7,closed_loop,95,26.757421976493735,1.5173642105037455,15.879753414356806
A,True,7,closed_loop,96,25.856785516719658,1.4573458772620655,15.188483260802684
A,True,7,closed_loop,97,25.875143872296263,1.5932182872761063,15.071044989938438
A,True,7,closed_loop,98,26.164035363075516,1.5871623720884422,14.897636882001281
A,True,7,closed_loop,99,27.112635093618007,1.8306204462037396,14.821691403959221
A,True,7,static,0,3.9274862795765464,-7.4148177779276105,1.0268504354843382
A,True,7,static,1,4.137402956900515,-6.398045025767945,0.9334201569262038
A,True,7,static,2,4.362531308804269,-5.965697841567665,1.0145659205826023
A,True,7,static,3,4.4595255938257345,-5.614573235608802,1.0190970016718823
A,True,7,static,4,4.4995715418566755,-5.420213523990757,0.9552746617989211
A,True,7,static,5,4.548389894348304,-5.280842173914305,0.9214754434149746
A,True,7,static,6,4.551259949459619,-5.2481091038789485,0.9496376811219308
A,True,7,static,7,4.552160701008208,-5.217852956251291,0.9634057013799197
A,True,7,static,8,4.604519211453128,-5.076802883998301,0.9238993165069943
A,True,7,static,9,4.778560519049596,-4.791870469393204,0.9859738198998097
A,True,7,static,10,8.786111960628844,-1.6723509892524362,3.150293564501769
A,True,7,static,11,16.205883550012086,0.04782287639903815,7.880207848035046
A,True,7,static,12,20.84713897362008,0.6947850956329445,11.043139760647671
A,True,7,static,13,23.53177691846685,0.9009096375100606,12.903908293765769
A,True,7,static,14,24.2452860597341,0.9201976460813821,14.052752180576254
A,True,7,static,15,24.44951117173755,0.943782234568986,15.130650617136288
A,True,7,static,16,24.86602309348321,1.0075280575849768,16.169693131240024
A,True,7,static,17,24.463399354534886,0.8780131835466434,16.425696052376136
A,True,7,static,18,24.625757069078464,1.030110104349,16.95430894096925
A,True,7,static,19,24.163560005967454,0.8457479560084002,17.180605924521895
A,True,7,static,20,23.82352441117467,0.8577721511377275,16.988969360326735
A,True,7,static,21,23.769038799681823,0.8100397895824109,16.894314118000974
A,True,7,static,22,23.57474667406302,0.8678151919884399,16.581339614334922
A,True,7,static,23,23.282238248111664,0.7465659259322818,16.308915559379432
A,True,7,static,24,22.786105829317677,0.7914417986706864,15.9201307470086
A,True,7,static,25,22.787810553838824,0.576239338289799,15.696255879499745
A,True,7,static,26,22.803372939503998,0.7073925359865719,15.817602308479692
A,True,7,static,27,23.2656759219141,0.8947371378536916,16.121810400582124
A,True,7,static,28,23.426447715954424,0.7791318212611159,16.550984537689786
A,True,7,static,29,23.66104474270361,0.8859519766377019,16.565612177547983
A,True,7,static,30,23.602512983875158,0.8289402393698674,16.609035417711535
A,True,7,static,31,23.480086012183506,0.7768869842146087,16.619733849964785
A,True,7,static,32,23.326612586393562,0.7101148055201163,16.758301284424263
A,True,7,static,33,22.995336565856324,0.6028959211846606,16.15406741696212
A,True,7,static,34,22.70400775229871,0.4689666192998432,16.108933839901994
A,True,7,static,35,22.901944835534707,0.29409173416993123,16.53512596388444
A,True,7,static,36,23.066067039307864,0.5192972058143367,16.378144562649315
A,True,7,static,37,22.946393491851023,0.16032769403647903,17.002981607105173
A,True,7,static,38,22.97459619503813,0.33726282462050783,16.716045777843394
A,True,7,static,39,22.85812397207837,0.44610503471234303,16.3639105510236
A,True,7,static,40,22.901771875644474,0.3206301979558879,16.35969690917214
A,True,7,static,41,22.861989904770372,0.37269356179696017,16.318780264289824
A,True,7,static,42,22.505072995932704,0.37964570647425305,15.938923999578435
A,True,7,static,43,22.111260514506395,0.387855173922496,15.725281575572518
A,True,7,static,44,22.33018238288611,0.5721993022911307,15.418807169444749
A,True,7,static,45,22.648338958785292,0.5910857598768157,15.399447729627921
A,True,7,static,46,22.30433192822079,0.7999091901841738,14.623699808339301
A,True,7,static,47,23.631580790005007,0.927197109655502,14.588068491290764
A,True,7,static,48,24.137519602064362,1.055695820425153,14.417211516808772
A,True,7,static,49,24.900121014468084,1.2532389971281885,14.133701750032102
A,True,7,static,50,25.511496852954405,1.3949808282852105,13.71134743602667
A,True,7,static,51,26.512779909135304,1.4489723420523788,15.082647527393524
A,True,7,static,52,26.729451290708784,1.4954108401035089,15.007480778299696
A,True,7,static,53,25.973151904303332,1.3115085955748012,15.167029115101457
A,True,7,static,54,24.399920283692598,1.3130391540293886,14.25384567665933
A,True,7,static,55,24.032879829427703,1.150422738094264,14.313266731533973
A,True,7,static,56,24.226451707826385,1.1635392031919987,15.036284832617406
A,True,7,static,57,24.0772314329888,1.1617574391039078,15.24086675444054
A,True,7,static,58,24.258230026876095,1.126242921492106,15.413759092747094
A,True,7,static,59,24.1776927979565,1.129335789096074,15.218435459174708
A,True,7,static,60,24.993289885050174,1.1658020811681704,15.53384168147862
A,True,7,static,61,25.508795134933035,1.295461138668363,15.719345871243112
A,True,7,static,62,25.625916152146022,1.3142758509910397,15.746914251412429
A,True,7,static,63,25.924456331946885,1.3424862543680118,15.570780472288424
A,True,7,static,64,26.55373031064831,1.5400782255844259,15.748976843886906
A,True,7,static,65,27.13794491581776,1.5642817901217618,15.580270323286413
A,True,7,static,66,27.46481265640188,1.7632775292110079,15.649363160773765
A,True,7,static,67,27.48170505918416,1.8604276039790824,15.419185605395782
A,True,7,static,68,27.83741566192853,1.8274887578464634,15.27074065179599
A,True,7,static,69,28.018404272541876,1.89984833704122,14.869723489900034
A,True,7,static,70,28.269317623249208,1.9501890720302972,14.944070569311137
A,True,7,static,71,28.560498749974894,1.9467942886244007,14.882311340638454
A,True,7,static,72,28.30345131808204,1.9779714634516157,14.928339414518637
A,True,7,static,73,28.768649120890373,2.0505797897775193,14.699015086253603
A,True,7,static,74,28.6985154498592,2.1179957447150897,14.322295544261088
A,True,7,static,75,28.723790511879287,2.123295588099647,14.060869753793092
A,True,7,static,76,28.357648904113244,2.0553821406812935,14.291699018148725
A,True,7,static,77,28.787165860700018,2.0934591654620553,14.392402027659935
A,True,7,static,78,28.894590914814,2.0037202726964463,14.544367699978112
A,True,7,static,79,29.0822247093663,1.9663366854991946,15.017804350864518
A,True,7,static,80,29.59799966813922,2.0941246012209707,14.983759404724685
A,True,7,static,81,29.41989265718318,2.077226952822834,14.993765224963909
A,True,7,static,82,29.359004068307495,2.025390195161717,14.601133196499454
A,True,7,static,83,29.501122191341626,2.058229718613409,15.011175014439976
A,True,7,static,84,29.313965616002843,2.038836894465417,14.473426743829267
A,True,7,static,85,29.178590446464355,2.063545382209853,14.231811615394454
A,True,7,static,86,29.199817982904978,2.060848097754337,14.410654567713655
A,True,7,static,87,29.227866225845023,1.9560251983932602,14.323303598782934
A,True,7,static,88,29.374993614470338,2.0693335689631978,14.31820163823464
A,True,7,static,89,29.18355716450559,2.0255930528180364,14.346414413469738
A,True,7,static,90,29.069376465371246,2.011365760024189,14.309657328387255
A,True,7,static,91,29.213942733917364,2.075117581547635,14.634246122994307
A,True,7,static,92,28.89462870714603,2.015963947540835,14.45214068464344
A,True,7,static,93,28.797891202038716,1.9645135293679328,14.352349752573593
A,True,7,static,94,28.772582314105687,1.9424079656779547,15.05369994601186
A,True,7,static,95,28.404882238299773,1.8800520640603677,14.958007910318907
A,True,7,static,96,28.22603320507825,1.9023806785228625,14.872085837070706
A,True,7,static,97,27.762901913055003,1.794029598101169,14.722871391811703
A,True,7,static,98,27.613815349341806,1.725429230466612,14.381666493008131
A,True,7,static,99,27.607944114964013,1.7335965874181205,14.754520675156229
A,True,8,closed_loop,0,3.950584430192096,-8.394667813647198,1.2622297822335617
A,True,8,closed_loop,1,4.080258446728855,-7.170667200757033,1.1600284645200167
A,True,8,closed_loop,2,4.169601786875192,-6.608768082837176,1.0245165919755461
A,True,8,closed_loop,3,4.246725809530118,-6.317013219131058,0.9965777099940247
A,True,8,closed_loop,4,4.348890524661126,-6.0176411912994245,1.04816390891736
A,True,8,closed_loop,5,4.4675546790957315,-5.626173119383435,1.0528096619623186
A,True,8,closed_loop,6,4.736723449976777,-5.020226247455602,1.0497197690707736
A,True,8,closed_loop,7,4.7663368922987885,-4.901596632959373,0.9751896282110883
A,True,8,closed_loop,8,4.912019897301993,-4.55300607757052,0.999604475588492
A,True,8,closed_loop,9,4.95613928279933,-4.522142649766166,1.0102657232700454
A,True,8,closed_loop,10,9.63073936074973,-1.1954642614801363,3.740020742827109
A,True,8,closed_loop,11,16.46544259126173,0.27839024284981145,7.629439589002469
A,True,8,closed_loop,12,22.621073966671943,0.9521234412777869,11.06047393819683
A,True,8,closed_loop,13,25.358461348473202,1.060241246555741,14.274402457357311
A,True,8,closed_loop,14,26.83667588026755,1.2257293516246612,16.495376802099194
A,True,8,closed_loop,15,27.04449300331704,1.1599780330377076,18.228073049431703
A,True,8,closed_loop,16,27.2367651815189,1.1437439412611325,19.15253528832086
A,True,8,closed_loop,17,27.419446873951497,1.3009569967456673,19.538552104597702
A,True,8,closed_loop,18,26.80941204893033,1.1495432941408994,19.472075214544258
A,True,8,closed_loop,19,26.64834461039067,1.1085283697601749,19.326655054175884
A,True,8,closed_loop,20,26.91719340529838,1.2715362961009293,19.400956484753408
A,True,8,closed_loop,21,25.36550138385053,1.146545466830627,18.043165093751853
A,True,8,closed_loop,22,25.365443998993232,1.0479478466616756,18.10634348455795
A,True,8,closed_loop,23,25.330198204869177,1.2333854066465426,17.859864081043806
A,True,8,closed_loop,24,24.799169525535323,0.9678592039401965,17.569931069733425
A,True,8,closed_loop,25,24.589059225184887,0.937551807305412,17.31978656350095
A,True,8,closed_loop,26,24.091105481977962,0.9408350710710013,16.808480547936927
A,True,8,closed_loop,27,23.73294210993529,0.867907570871973,16.385870847451134
A,True,8,closed_loop,28,23.43335296921082,0.8854228243222974,16.383868004085368
A,True,8,closed_loop,29,23.48432242198139,0.9834889857167682,16.35167853266287
A,True,8,closed_loop,30,23.367469109944498,0.9519167344505538,16.185495488659694
A,True,8,closed_loop,31,22.504526988271536,0.8354382593910228,15.746065168567817
A,True,8,closed_loop,32,22.67835376994533,0.6096794132743846,16.456527700244944
A,True,8,closed_loop,33,22.88787381574277,0.5544791251654265,16.802014150103076
A,True,8,closed_loop,34,23.371514367451947,0.6834130414424608,17.051378955797624
A,True,8,closed_loop,35,23.531844469853713,0.7044963957896266,17.33828457845875
A,True,8,closed_loop,36,23.695186088892115,0.5936951235060878,17.59643501112167
A,True,8,closed_loop,37,23.81934988888523,0.5816083752672349,17.67922808525437
A,True,8,closed_loop,38,23.927361947777456,0.5811039999411772,17.919388737434176
A,True,8,closed_loop,39,24.328984906349916,0.6715565428452613,18.121809162483327
A,True,8,closed_loop,40,24.733231660290226,0.5863571702944793,18.596155072957938
A,True,8,closed_loop,41,25.257023619539154,0.23810787515383425,19.49811357347089
A,True,8,closed_loop,42,25.519407881653407,0.519722539068185,19.338060454662607
A,True,8,closed_loop,43,25.19963947343321,0.385241556889044,19.305418970439913
A,True,8,closed_loop,44,25.6236548499533,0.4599112451022019,19.12181274793011
A,True,8,closed_loop,45,25.83502121007011,0.4679935149238379,19.30941067331175
A,True,8,closed_loop,46,26.004295500002428,0.6953037712009382,19.393307637335276
A,True,8,closed_loop,47,25.896640994561494,0.8087767015062587,19.231886789998207
A,True,8,closed_loop,48,28.01626212912932,1.2686153845382104,18.47307712789925
A,True,8,closed_loop,49,29.035262679406397,1.611931146306932,17.054409535221208
A,True,8,closed_loop,50,29.105744441918137,1.607719336599651,15.8848871864587
A,True,8,closed_loop,51,30.004948802637387,2.0140218664660057,15.499127237230637
A,True,8,closed_loop,52,28.37821044979898,1.7827559810036542,15.237817896651999
A,True,8,closed_loop,53,27.0792894590131,1.6677125668603001,15.461118725867335
A,True,8,closed_loop,54,25.532436574672698,1.5911409710854623,15.258720465066455
A,True,8,closed_loop,55,23.96078271249497,1.1738535285994798,14.65369437730286
A,True,8,closed_loop,56,24.09895344614488,1.1852633085897317,14.511855003609298
A,True,8,closed_loop,57,23.762140220766142,1.1896412219411552,14.184078160043205
A,True,8,closed_loop,58,23.92150703957122,1.4145738374912769,13.999526585451422
A,True,8,closed_loop,59,24.356501242920938,1.5166947059678708,13.738313181611025
A,True,8,closed_loop,60,24.730315919371268,1.554788899052234,13.928586607646652
A,True,8,closed_loop,61,25.318117975521158,1.6053562086015891,14.105869342008447
A,True,8,closed_loop,62,25.49066003305934,1.8098955443589364,14.057463491798151
A,True,8,closed_loop,63,25.612389584510748,1.8622940812545927,13.704540791566364
A,True,8,closed_loop,64,26.042403156321612,1.8226845632853184,14.140962839026782
A,True,8,closed_loop,65,26.320576998253348,1.9281882480395494,14.098617646221271
A,True,8,closed_loop,66,26.672197284966725,1.9681930967904073,14.085024365452476
A,True,8,closed_loop,67,27.067328816296506,1.992727634954802,14.215305227948235
A,True,8,closed_loop,68,27.732911476132017,2.0656306973839,14.257684354654515
A,True,8,closed_loop,69,27.908951832085723,2.18067336975126,14.229015551830203
A,True,8,closed_loop,70,28.42955716416353,2.1619575087901493,14.35023691334856
A,True,8,closed_loop,71,34.726313979438295,2.438605619887834,18.74761241625032
A,True,8,closed_loop,72,32.829041973692405,2.409676688361684,17.625652554386782
A,True,8,closed_loop,73,31.3893301871541,2.19473735942612,16.77278069983154
A,True,8,closed_loop,74,30.31638442605043,2.2423172645270766,16.048357489744404
A,True,8,closed_loop,75,29.080661151507485,2.1285623831895393,15.796248735493455
A,True,8,closed_loop,76,28.092969783114672,2.044492899609423,15.273813105976979
A,True,8,closed_loop,77,27.481035053771336,2.09934170691913,15.058880614443138
A,True,8,closed_loop,78,27.23365759952458,2.104219566527649,15.048870721842533
A,True,8,closed_loop,79,26.85075682421048,2.0241063027409596,14.514000249649579
A,True,8,closed_loop,80,26.76828405696028,1.9765788252017487,14.264940040830348
A,True,8,closed_loop,81,29.926904557424677,1.6754888014543603,16.545499009931273
A,True,8,closed_loop,82,29.4064896445454,1.9379229719303126,15.838323266140726
A,True,8,closed_loop,83,29.28034854542675,1.9338753763722778,15.730163964595127
A,True,8,closed_loop,84,29.414048847085166,1.9347470401339386,15.988948126970513
A,True,8,closed_loop,85,29.537996192412717,1.9965625820799229,15.712184884567113
A,True,8,closed_loop,86,29.117963049838057,1.8975552538993068,15.976281244126438
A,True,8,closed_loop,87,28.77662652686216,1.976562555585397,15.795359549312215
A,True,8,closed_loop,88,28.447966495541937,2.058767571510247,15.55072227350002
A,True,8,closed_loop,89,27.988261350924688,1.931847631304615,15.393773032657586
A,True,8,closed_loop,90,27.727285071950345,1.9461286994919291,14.842680565750564
A,True,8,closed_loop,91,30.51261015238012,2.022399249772071,16.28519692720661
A,True,8,closed_loop,92,28.928557395310094,2.1361005080281537,15.529497871412156
A,True,8,closed_loop,93,28.421490449735398,1.9215492866659634,15.674476766628457
A,True,8,closed_loop,94,27.80769655161974,1.9055408828610476,15.218074015201303
A,True,8,closed_loop,95,27.35716881406161,1.8119507243590245,15.275567629707401
A,True,8,closed_loop,96,27.149234293373244,1.81732582852715,15.169687648158222
A,True,8,closed_loop,97,26.597372326968813,1.7040881741084277,15.247496874431937
A,True,8,closed_loop,98,27.143473404353163,1.7575550114483922,15.848384678818874
A,True,8,closed_loop,99,27.584202208619853,1.8552160719905466,15.973818609099093
A,True,8,static,0,3.950584430192096,-8.394667813647198,1.2622297822335617
A,True,8,static,1,4.081727915645389,-7.170669169212847,1.1485576444785401
A,True,8,static,2,4.158350378509801,-6.665831883478094,1.0277847267619062
A,True,8,static,3,4.245904295958186,-6.312948841986465,1.0045267812037786
A,True,8,static,4,4.368473049571044,-6.051652531718219,1.0568857848716389
A,True,8,static,5,4.495478383467693,-5.667518022055979,1.0899783230715288
A,True,8,static,6,4.685508498863213,-5.16870514884386,1.0789427419004363
A,True,8,static,7,4.774114565987506,-4.9289637287385775,1.0013281469862514
A,True,8,static,8,4.8857746217173705,-4.636271830250667,0.9994143202739248
A,True,8,static,9,4.9790620616442824,-4.5035289166405335,1.0098844301145722
A,True,8,static,10,8.915392797370052,-1.4450011808070753,3.050720499210502
A,True,8,static,11,15.963249845487747,0.16129529903721687,6.709380863023459
A,True,8,static,12,22.707445076689037,0.7968576420941013,11.047436050966644
A,True,8,static,13,26.101257629001797,1.030197036100563,15.245081430533618
A,True,8,static,14,27.30239519709016,1.2506850362511333,17.21385243700087
A,True,8,static,15,27.450957935036744,1.3097468885285648,18.377380961627676
A,True,8,static,16,27.6481612616757,1.2158125431165718,19.250459062549936
A,True,8,static,17,27.571529558541087,1.1551384312234,19.638314317659614
A,True,8,static,18,27.4562613964835,1.1121035591661987,19.843861596273054
A,True,8,static,19,26.997762388226352,1.1181616441632602,19.37188341956178
A,True,8,static,20,27.137920141236453,1.3202195841768383,19.230232645999045
A,True,8,static,21,26.639410108585043,1.2786336745112492,18.86762642259462
A,True,8,static,22,26.173304307408547,1.2521732525557363,18.425457533124064
A,True,8,static,23,25.791834015347714,1.362809580637285,17.97113965204504
A,True,8,static,24,25.19349017410512,1.015424762339854,17.669415331641275
A,True,8,static,25,24.508667644941728,1.0685901955691894,16.85966158365619
A,True,8,static,26,23.84341747289007,1.1217983927455712,16.190006164579298
A,True,8,static,27,23.458596932355395,1.16318905710148,15.674761643926976
A,True,8,static,28,23.50727349164219,1.0542273494009653,16.256114025352
A,True,8,static,29,23.82438653258834,0.9678020857708387,16.457989544039688
A,True,8,static,30,24.374491760853328,0.9843737485229944,16.901372985291257
A,True,8,static,31,24.460938746310813,0.86614435423265,17.437973361823577
A,True,8,static,32,24.613197723927268,0.6198199990441338,18.09082092819642
A,True,8,static,33,24.86759565246194,0.4891941295566,18.301427847835953
A,True,8,static,34,25.177041409786302,0.6237945580720848,18.39089573520671
A,True,8,static,35,24.9819388398631,0.5047686709424891,18.461385999482673
A,True,8,static,36,25.03045698772529,0.5717038501104303,18.391291041874076
A,True,8,static,37,25.053259674400053,0.4461765475597786,18.320880781571127
A,True,8,static,38,24.51625188802973,0.3318598050151705,18.253025975076174
A,True,8,static,39,24.7255050440688,0.5721343575860193,18.0654634576875
A,True,8,static,40,24.58661898730699,0.5313646177443013,17.865575608457327
A,True,8,static,41,24.858472324440147,0.6756019390438769,18.015313882007597
A,True,8,static,42,24.90311642785964,0.7892430923133853,17.834490697778985
A,True,8,static,43,24.70833084460132,0.7905040868678396,17.361138834184874
A,True,8,static,44,24.73037150809135,0.8240749602943019,17.32538709916442
A,True,8,static,45,25.098597562128422,0.8557952467846017,17.297224469918138
A,True,8,static,46,25.112478696849823,0.9089872505368021,17.03708572822209
A,True,8,static,47,26.04854323453758,1.4118570957711658,16.546081749274496
A,True,8,static,48,27.558690511897215,1.691966753391971,15.894418263176467
A,True,8,static,49,28.884602044069794,1.925433431470423,15.182637807183392
A,True,8,static,50,29.57143844394916,1.9845364217831305,14.92341175700111
A,True,8,static,51,30.204036154283358,1.9405207533467912,15.182079623280478
A,True,8,static,52,28.83823017031489,1.8247142811344157,16.452596044787416
A,True,8,static,53,28.470588150472086,1.689721429489559,16.896217170273534
A,True,8,static,54,27.93811605414993,1.4722852890829552,16.153639119732137
A,True,8,static,55,27.59555808571341,1.4623282830915532,15.653722087642935
A,True,8,static,56,27.6809117467258,1.3995846493918667,15.580413190440952
A,True,8,static,57,27.750518606365194,1.4429183168278008,15.702236976439423
A,True,8,static,58,28.294250279909928,1.5580631613446692,15.10948703416488
A,True,8,static,59,28.40424317177752,1.6768913208643905,14.900822230922685
A,True,8,static,60,27.748528413305223,1.6077603690636189,14.50515044535144
A,True,8,static,61,28.31574864629724,1.8442752914607177,14.414984225657852
A,True,8,static,62,28.26697511279917,1.859273603526029,14.489775237686153
A,True,8,static,63,28.060916504072996,1.969749951361831,14.443855071180153
A,True,8,static,64,28.357863655501035,2.040364285915968,14.597611807995188
A,True,8,static,65,28.335865292239586,1.9461201609818228,14.594016581719352
A,True,8,static,66,28.343986943904536,2.061984443858419,14.398137834469503
A,True,8,static,67,28.778706438977945,2.10408050340724,14.538144819840511
A,True,8,static,68,29.031257493447317,2.153972542233664,14.752941718202175
A,True,8,static,69,28.91549381713247,2.138908839097971,14.902960195986507
A,True,8,static,70,28.84025315308165,2.1193529830272952,14.725767528424191
A,True,8,static,71,28.821369251730022,2.1705826449122174,14.729632718191326
A,True,8,static,72,29.47130011450351,2.303146598577658,14.92457720116841
A,True,8,static,73,28.87929183881799,2.1735673420448975,14.744155349449828
A,True,8,static,74,28.972373548035375,2.2017312103344158,15.046905102914513
A,True,8,static,75,28.67280828537855,2.186328553158182,14.955041643337054
A,True,8,static,76,28.765631997754213,2.2243621548965926,14.892027119924643
A,True,8,static,77,29.265319250060525,2.209507737169275,14.733595275452279
A,True,8,static,78,29.300430419682286,2.2567931221504627,14.970088624335283
A,True,8,static,79,29.5317019872213,2.3063785385046915,14.782022045048727
A,True,8,static,80,29.552452231346404,2.2177758226719346,14.44338874076473
A,True,8,static,81,29.011087702413946,1.9836355410820037,14.46485299531277
A,True,8,static,82,29.221548708457238,2.1182508688613124,14.807365641762681
A,True,8,static,83,29.071308117343307,2.212045242741953,14.855834953112327
A,True,8,static,84,28.79226011986994,2.1731467373393065,14.64168228507365
A,True,8,static,85,29.266082621300075,2.164500814834018,14.589320588764556
A,True,8,static,86,29.21456126025245,2.1725981063852964,14.574147067205415
A,True,8,static,87,29.054356350821262,2.199978016514141,14.331054133136854
A,True,8,static,88,28.980322210597908,2.290763849094491,14.45360548854182
A,True,8,static,89,29.20887575141892,2.3017959157702976,14.801095739614553
A,True,8,static,90,29.115454095885443,2.1750734004731576,15.200587723341222
A,True,8,static,91,29.212611697653667,2.2449159153512666,15.219681210279424
A,True,8,static,92,28.981415286798143,2.1783473889036107,15.468992075370414
A,True,8,static,93,29.13461175004996,2.159737408037705,15.553568297069916
A,True,8,static,94,29.27219932410887,2.161490197709256,15.60075604208707
A,True,8,static,95,28.730078645921385,2.1600222801644455,16.134608311847142
A,True,8,static,96,28.41163424537419,1.9828012073117731,15.85370632791025
A,True,8,static,97,27.98756898555043,1.816852602212095,16.314230809873504
A,True,8,static,98,27.65426754437513,1.7540099706321064,16.08256061414512
A,True,8,static,99,27.652073005215286,1.7867023419494636,16.35527847279298
A,True,9,closed_loop,0,3.8545547417614667,-7.669144173369471,1.1012520082198523
A,True,9,closed_loop,1,3.930916629062802,-6.900487644266408,0.9390016155434825
A,True,9,closed_loop,2,4.08126632026629,-6.331525258328303,0.8878809289774039
A,True,9,closed_loop,3,4.120679383961963,-6.227170685321101,0.8832486737137751
A,True,9,closed_loop,4,4.187156066367362,-6.001420601583521,0.9120024870142392
A,True,9,closed_loop,5,4.347750040723391,-5.658687507715636,0.9614422899741585
A,True,9,closed_loop,6,4.476935622504269,-5.341123358142828,0.9618443930916332
A,True,9,closed_loop,7,4.624994276621854,-5.159308457408675,0.962046293107174
A,True,9,closed_loop,8,4.6504216406231835,-5.002353775614023,0.9384351935668231
A,True,9,closed_loop,9,4.962319581201303,-4.468379929403818,1.0118087997269405
A,True,9,closed_loop,10,9.440772023547163,-0.9548686697029005,3.387326256910382
A,True,9,closed_loop,11,17.201214955852656,0.7094626114609158,7.87265168295406
A,True,9,closed_loop,12,22.626824111208293,1.3395519239467342,11.065031173077614
A,True,9,closed_loop,13,25.50724022181345,1.4670817106370133,13.671086850126125
A,True,9,closed_loop,14,26.342648269470505,1.3377436911587237,16.102432755894718
A,True,9,closed_loop,15,26.494553290238798,1.1751731544929722,17.113389858738447
A,True,9,closed_loop,16,25.78920325734802,0.8971096002543789,17.55197097153037
A,True,9,closed_loop,17,25.47889807260971,0.7978070721644949,17.835772512761917
A,True,9,closed_loop,18,25.753077405710318,0.9500254773845098,18.2286796897248
A,True,9,closed_loop,19,25.799023224026524,1.0028572614480797,18.312857207694808
A,True,9,closed_loop,20,25.664020692167977,0.9270221627516633,18.398927735753002
A,True,9,closed_loop,21,24.324905527284354,0.7876390145321291,17.294378912356688
A,True,9,closed_loop,22,24.632478783731713,0.8205086387988203,17.726638853475265
A,True,9,closed_loop,23,24.572201662654162,0.7371734443355997,17.65301926998121
A,True,9,closed_loop,24,24.69404326084025,0.7342748016388073,17.77487716230792
A,True,9,closed_loop,25,24.7818492174251,0.7450978106872492,17.86018017375113
A,True,9,closed_loop,26,24.38448072939089,0.7848319623760754,17.33670551321975
A,True,9,closed_loop,27,24.164215803551045,0.871013295796049,17.108420200557948
A,True,9,closed_loop,28,23.91130782123715,0.7782746327064171,16.95526961401001
A,True,9,closed_loop,29,23.857401526298315,0.9662072061721885,16.656498206093314
A,True,9,closed_loop,30,23.93836624727622,0.8917465950189859,16.82642759174858
A,True,9,closed_loop,31,23.058838618457894,0.779195994968689,16.183365252092273
A,True,9,closed_loop,32,22.76674217826472,0.5725374107673086,16.38801847761101
A,True,9,closed_loop,33,22.761412325373765,0.45170916783363646,16.431229586049444
A,True,9,closed_loop,34,22.6307104713147,0.32639255224852753,16.540372859949432
A,True,9,closed_loop,35,22.597073711362594,0.08056916028307022,16.853293676006686
A,True,9,closed_loop,36,23.30459763779002,0.463841880109217,17.075314513117114
A,True,9,closed_loop,37,23.22114281051765,0.29714182738230943,17.366249804615634
A,True,9,closed_loop,38,23.59969882651804,0.252698345742805,17.76717076531286
A,True,9,closed_loop,39,24.20367897433773,0.5749260284482469,17.965591828011885
A,True,9,closed_loop,40,24.452485360573164,0.479458876536987,18.313527091922026
A,True,9,closed_loop,41,24.888413281552744,0.7103250939281427,18.7955518498217
A,True,9,closed_loop,42,25.101152565482963,0.5967291315617255,18.976403015769208
A,True,9,closed_loop,43,25.754099479558068,0.8362114813198338,19.069771530431225
A,True,9,closed_loop,44,26.05455102736236,0.9137081032641472,19.19693931456244
A,True,9,closed_loop,45,26.690124376131845,1.0294564987697996,19.149966012368584
A,True,9,closed_loop,46,27.26655043849122,1.1155940846216743,19.120989888123358
A,True,9,closed_loop,47,28.094122295667546,1.2634186303839179,18.822578652345587
A,True,9,closed_loop,48,28.218928855264853,1.5350387258115885,16.930675728185605
A,True,9,closed_loop,49,28.89990224163988,1.641187176841397,15.511007689704444
A,True,9,closed_loop,50,28.354630683694722,1.6655499775016211,14.907769706480522
A,True,9,closed_loop,51,27.363367258921684,1.4024566157818563,14.875755300656998
A,True,9,closed_loop,52,26.119771082823956,1.385627078616016,14.189356188439882
A,True,9,closed_loop,53,24.08489596401151,1.06593574614461,13.44337472391359
A,True,9,closed_loop,54,22.80700176682903,1.0096986843445483,13.283835363902083
A,True,9,closed_loop,55,22.33312145656878,0.936954317854279,12.883017701236014
A,True,9,closed_loop,56,22.73015402185315,0.8909233348663174,12.864438372977716
A,True,9,closed_loop,57,24.032660148773214,1.2036674921744106,13.489818657918903
A,True,9,closed_loop,58,24.277164604865515,1.2954299476211855,13.694935385176109
A,True,9,closed_loop,59,24.930887930242324,1.4363165964205233,13.85695843483802
A,True,9,closed_loop,60,24.788006190462415,1.4801578865214775,13.962257756893237
A,True,9,closed_loop,61,25.36951015500917,1.5899460626158144,14.46267424447941
A,True,9,closed_loop,62,25.978615386311308,1.6688536098744144,14.553510760527741
A,True,9,closed_loop,63,26.20239402864819,1.7115206708089186,14.575687461082518
A,True,9,closed_loop,64,26.041691847204802,1.7986278992231572,14.225823384048377
A,True,9,closed_loop,65,26.31259515770822,1.856048103730643,13.820774718711883
A,True,9,closed_loop,66,26.47984234753424,1.9248820688334156,13.882028186629293
A,True,9,closed_loop,67,26.992513380916392,1.9989447235241207,14.066993337036074
A,True,9,closed_loop,68,27.203215419139713,1.9614449630350954,14.10410661602833
A,True,9,closed_loop,69,27.5723663724939,1.987828234369404,14.142851649013364
A,True,9,closed_loop,70,27.879501474073198,1.9407921699193214,14.41036002313461
A,True,9,closed_loop,71,35.72130668106735,2.120768530775576,19.25299818121396
A,True,9,closed_loop,72,33.2677096052797,2.2465489870592563,17.566409813078366
A,True,9,closed_loop,73,32.00545061887241,2.227399045816615,17.050073198978527
A,True,9,closed_loop,74,30.960294357974657,2.1821402419789124,16.582544030625794
A,True,9,closed_loop,75,30.14237620199124,2.1148108998351867,15.808525638903731
A,True,9,closed_loop,76,30.140959272019312,2.22152071686851,15.683105135785153
A,True,9,closed_loop,77,29.93511030894133,2.1785785106571,15.335542094303285
A,True,9,closed_loop,78,30.09918216643725,2.2103204783749866,15.239756255545407
A,True,9,closed_loop,79,29.86884139070709,2.1366727606017455,15.22045191305053
A,True,9,closed_loop,80,29.944110718634022,2.0239384556886164,14.812720891367386
A,True,9,closed_loop,81,36.08428200777508,2.3498713779601546,18.365258680940048
A,True,9,closed_loop,82,34.00600258451209,2.278578659193455,16.85193205224627
A,True,9,closed_loop,83,33.02221727087477,2.3670205341615365,16.389686220043167
A,True,9,closed_loop,84,32.03987435287477,2.2210910543410076,15.85019423673094
A,True,9,closed_loop,85,31.468754564713123,2.185338782705652,16.04532809441523
A,True,9,closed_loop,86,30.57809627325442,2.1406323897575223,15.5840868574443
A,True,9,closed_loop,87,29.661000825494895,2.090600931587233,15.486935411648851
A,True,9,closed_loop,88,29.334137319582016,1.9535139084363289,15.381475945828257
A,True,9,closed_loop,89,29.477505173479983,1.9660995809214912,15.515707897343844
A,True,9,closed_loop,90,28.646641927633226,1.8555322058567725,15.678956857806321
A,True,9,closed_loop,91,30.484241333957215,2.019837536328587,17.097451374078606
A,True,9,closed_loop,92,29.471389403781405,1.9946417224986615,16.273810689309997
A,True,9,closed_loop,93,28.679534045969962,1.7773450739461538,16.63456816220399
A,True,9,closed_loop,94,28.165895957447404,1.6783562360350919,16.60525896290545
A,True,9,closed_loop,95,27.733146576148055,1.630841487519838,16.492530249839106
A,True,9,closed_loop,96,28.0132288983266,1.714906167795409,16.208837003767147
A,True,9,closed_loop,97,27.86631711477196,1.8371672199004083,15.663676212214648
A,True,9,closed_loop,98,27.798910452329512,1.6944487044929477,16.119989675515477
A,True,9,closed_loop,99,28.132103684415103,1.5382656823301863,16.245655100797162
A,True,9,static,0,3.8545547417614667,-7.669144173369471,1.1012520082198523
A,True,9,static,1,3.970886615832397,-6.883869475821464,0.9551436799844426
A,True,9,static,2,4.039165570303627,-6.463870165409726,0.8996864726599094
A,True,9,static,3,4.114213092743619,-6.2347362694858575,0.877763597084105
A,True,9,static,4,4.184985979370653,-6.054962943209916,0.9072180622449588
A,True,9,static,5,4.371120741281126,-5.652509009271964,0.9923924156598201
A,True,9,static,6,4.432287610257276,-5.473845849766639,0.9612877900777274
A,True,9,static,7,4.627789278174493,-5.170930338992522,0.9774036676833738
A,True,9,static,8,4.6521236306702605,-4.995596113088737,0.9473221610767301
A,True,9,static,9,4.928795339591226,-4.5249628732899785,1.005288124470751
A,True,9,static,10,9.454458086524863,-0.950844831756554,3.3685299913442
A,True,9,static,11,16.916267117287322,0.6728951770311297,7.501911744930851
A,True,9,static,12,22.80083169045169,1.3983739843066256,11.081002890993213
A,True,9,static,13,25.825062832697068,1.5104431243173675,13.994316633196783
A,True,9,static,14,26.783898187235536,1.4084063161745781,16.5515744788047
A,True,9,static,15,26.92685015049319,1.2485141837905525,17.44585924427166
A,True,9,static,16,26.410527784847527,1.061511547462805,18.006521038626072
A,True,9,static,17,26.192875331651294,0.8886725749943395,18.265205045941503
A,True,9,static,18,26.14315320693991,1.008779982151188,18.373666665316343
A,True,9,static,19,26.11186690556828,1.002579735465991,18.546063961635696
A,True,9,static,20,25.92985731515361,0.8929103562382762,18.60395860723592
A,True,9,static,21,25.560472111425383,0.8880086594066762,18.358146095096576
A,True,9,static,22,25.415321334110214,0.9668731103086202,18.261536205084564
A,True,9,static,23,24.923056638738064,0.7110228522295579,17.9368846083045
A,True,9,static,24,24.66487399538094,0.7097673514991891,17.66002061297647
A,True,9,static,25,24.636455292221967,0.6775667914375396,17.61073297332173
A,True,9,static,26,24.376749638208754,0.8913042650319124,17.023981055060712
A,True,9,static,27,24.426696675423752,1.0453770822873183,16.982612283717586
A,True,9,static,28,24.426939911980472,1.0281599181760233,17.105762449152238
A,True,9,static,29,24.435275974607737,1.0420675689981913,17.126109651327408
A,True,9,static,30,24.626442816007316,1.1345918107348991,17.310013452962625
A,True,9,static,31,24.81497540068152,1.0892962805877227,17.651069328446642
A,True,9,static,32,24.41045600845207,0.7409548589305653,17.846124415016824
A,True,9,static,33,24.299616339050278,0.6527494268945765,17.650118137627747
A,True,9,static,34,24.031019338496602,0.4015902331768635,17.875518033427813
A,True,9,static,35,23.76107760399039,0.256420641848005,17.76467417875939
A,True,9,static,36,24.27729381393119,0.523167960114983,17.828386113465474
A,True,9,static,37,23.95003490765931,0.3833426561031839,17.836634634309092
A,True,9,static,38,24.115636104447688,0.238433557358427,17.849396343113316
A,True,9,static,39,24.207918740334645,0.4532419858745787,18.013891966679257
A,True,9,static,40,24.37355482708456,0.5660249135970141,18.188951682950414
A,True,9,static,41,24.160862030926324,0.4545334621292805,18.278855693787982
A,True,9,static,42,24.5926524158522,0.617339052309852,18.114356911653474
A,True,9,static,43,24.81702078569326,0.5910120870597454,18.380945005161728
A,True,9,static,44,25.179116623804465,0.7493761375476122,18.030713171210486
A,True,9,static,45,26.07505518516682,1.0972548894089218,17.969837301797938
A,True,9,static,46,26.748859778638593,1.1222823372200825,17.82071544380499
A,True,9,static,47,27.553681059510808,1.268739808363567,17.78766260424466
A,True,9,static,48,28.433791135843688,1.5863453165233217,17.31677591802423
A,True,9,static,49,29.56369574310442,1.9176161840643633,16.556739306742095
A,True,9,static,50,30.335448535418806,1.8249972543949584,15.138191851810191
A,True,9,static,51,30.506018237402884,1.7511321477446422,15.711380669522777
A,True,9,static,52,29.104832667346415,1.3828997724220304,16.322623066741226
A,True,9,static,53,27.1231315551244,1.0628283084743673,16.274623835025604
A,True,9,static,54,25.56785435305885,0.8326398650933302,15.323637254135335
A,True,9,static,55,25.148601222056886,0.8553632542963697,15.587731775832589
A,True,9,static,56,24.927318744164342,0.8119441589177606,15.450495117335926
A,True,9,static,57,24.61593904885379,0.5805504727945151,15.354807829937068
A,True,9,static,58,24.54096898317054,0.8283610201511373,14.804801341261514
A,True,9,static,59,24.622343826005476,1.0863695874008035,14.387343671401533
A,True,9,static,60,25.08983014828591,1.1306339094644526,14.451922947103876
A,True,9,static,61,25.281863959455098,1.328265633690982,14.651165083567086
A,True,9,static,62,26.15615948779835,1.4676767945156601,15.060940597286951
A,True,9,static,63,26.148948047705783,1.5380280824571735,14.961797327148
A,True,9,static,64,26.492838766319398,1.6925817580486626,14.709908720668174
A,True,9,static,65,26.439424387814757,1.7408349789405857,14.439587219278351
A,True,9,static,66,26.575318443702827,1.7067925265370967,14.707534022875942
A,True,9,static,67,26.78583601214333,1.712990415460592,15.108053173160938
A,True,9,static,68,27.429478042027682,1.7793627223533417,15.402300088435696
A,True,9,static,69,27.659942778095395,1.7941333048647,15.722643706829745
A,True,9,static,70,28.053098168680922,1.7683737369233652,15.390016893799656
A,True,9,static,71,28.203348475515607,1.8521440247852103,15.273154236127384
A,True,9,static,72,28.358168444418634,1.8748227024476352,15.308907276905728
A,True,9,static,73,28.353089132257725,1.951389779159299,15.303609273856175
A,True,9,static,74,28.49469086201097,2.0215648914976563,15.279820698616334
A,True,9,static,75,28.594634633765082,1.9219254487603028,15.551536447694327
A,True,9,static,76,28.499552751067373,1.9176812008687663,15.521379940665065
A,True,9,static,77,28.566908909085083,2.098091587122631,15.283952787543106
A,True,9,static,78,28.805705759935535,2.0621988633193693,15.746908319229261
A,True,9,static,79,28.959363309607216,2.0935654076854733,15.658761213441261
A,True,9,static,80,28.794894496215907,2.029032137682327,15.485213642381908
A,True,9,static,81,29.013370889564495,2.173506849284553,15.117826802772711
A,True,9,static,82,29.307498072106608,2.2425330738686093,14.66449281568331
A,True,9,static,83,29.380758470794984,2.223096248070424,14.668516496205612
A,True,9,static,84,29.232049276092635,2.166272411992654,14.52432555135301
A,True,9,static,85,29.22498343370275,2.183511951900049,14.354990566840053
A,True,9,static,86,28.357876954818007,2.120814602464284,13.977188903166768
A,True,9,static,87,28.455329685949277,2.0729573005288144,14.555356821493811
A,True,9,static,88,28.163159626327044,2.0392756679841244,14.623205101790887
A,True,9,static,89,27.76030172376664,1.9529220753605294,14.437011826727565
A,True,9,static,90,27.646644456603017,1.9404368835312955,15.046879385944917
A,True,9,static,91,27.688834109887026,1.929521240846895,14.760743683473265
A,True,9,static,92,27.245584884186318,1.8188973861225504,14.74432849184113
A,True,9,static,93,27.580669612912853,1.9260774288568712,14.686928604334083
A,True,9,static,94,28.167940667187935,1.803217760117003,15.002263666621536
A,True,9,static,95,27.86809220677716,1.7925107391813626,15.34874479485098
A,True,9,static,96,27.822535504069098,1.849636849444139,14.835077880705812
A,True,9,static,97,27.32686263075736,1.8232606749110651,14.669416364415149
A,True,9,static,98,27.129169059049378,1.8319281739407673,14.692754791053195
A,True,9,static,99,27.237548962037295,1.862329791828337,14.850534320024606
A,True,10,closed_loop,0,3.725028074936952,-8.498201649551794,1.1394807044660495
A,True,10,closed_loop,1,3.8713181268688452,-7.232206262751201,1.0241288281861858
A,True,10,closed_loop,2,4.018417293642513,-6.6169120870090365,0.9027153368211464
A,True,10,closed_loop,3,4.156466665831263,-6.161697413307697,0.8896369917381156
A,True,10,closed_loop,4,4.165386779656554,-6.073215885822577,0.9020006214835528
A,True,10,closed_loop,5,4.327612800576648,-5.7573933703193125,0.9573830119700721
A,True,10,closed_loop,6,4.5229074499082085,-5.302800577232689,1.0035067565076818
A,True,10,closed_loop,7,4.782165314561635,-4.797075114325399,1.0027101130373437
A,True,10,closed_loop,8,4.969244442375345,-4.520484509146642,1.0286172170336625
A,True,10,closed_loop,9,5.22289332875719,-4.066634445166506,1.087946734992741
A,True,10,closed_loop,10,8.51135857739819,-1.3826363717945072,2.596856573839928
A,True,10,closed_loop,11,15.103233784715323,0.3637601838551591,6.645685810174087
A,True,10,closed_loop,12,20.682319499740018,1.0209028181242712,10.111450424003733
A,True,10,closed_loop,13,23.830525715482548,1.3385851689892203,13.00997203169329
A,True,10,closed_loop,14,24.796606717038927,1.2746655616754763,14.89651508354992
A,True,10,closed_loop,15,24.993799067511407,1.194577914700935,16.203373832473883
A,True,10,closed_loop,16,24.964896937375176,1.0892491022242472,16.728440933631735
A,True,10,closed_loop,17,24.708874400950506,0.8596606714885263,17.218983691523768
A,True,10,closed_loop,18,24.58161465721643,0.7600175227328458,17.630792377954993
A,True,10,closed_loop,19,24.368860603278208,0.5970543062306974,17.75039764845272
A,True,10,closed_loop,20,24.511795412418852,0.5970655171788142,17.891219834824494
A,True,10,closed_loop,21,23.390422698291104,0.5076327234964237,16.959197670458632
A,True,10,closed_loop,22,23.715083464364387,0.46264317014870987,17.334143773075727
A,True,10,closed_loop,23,23.78959765849684,0.37491414276574436,17.26716762351697
A,True,10,closed_loop,24,23.67625701945624,0.471084794535698,17.250374354347567
A,True,10,closed_loop,25,23.77328728870893,0.7764758491856765,16.933275593220724
A,True,10,closed_loop,26,23.852253901279465,0.8187984875264611,16.958695876417817
A,True,10,closed_loop,27,23.694775770189608,0.9038757081655137,16.761562269218306
A,True,10,closed_loop,28,23.64235156716009,1.0661090029536098,16.44786646062353
A,True,10,closed_loop,29,23.428963960606975,0.9572347591217681,16.44539348208743
A,True,10,closed_loop,30,23.21351911124583,1.0200841816514892,16.12502437479483
A,True,10,closed_loop,31,21.98620749849349,0.830440223142214,15.281834252987863
A,True,10,closed_loop,32,22.15783673822878,0.7625248239953605,15.564883677483609
A,True,10,closed_loop,33,22.097301363283133,0.5277606746229093,15.758708011058404
A,True,10,closed_loop,34,21.927601423237263,0.1320051619546608,16.04546388840966
A,True,10,closed_loop,35,22.159500592871666,0.3125444442958923,16.163384196707828
A,True,10,closed_loop,36,21.81729584036727,0.010329761254227724,16.2265361371426
A,True,10,closed_loop,37,22.29342805770985,0.2055817867881414,16.290824356140508
A,True,10,closed_loop,38,22.396170134380952,0.23383889640790875,16.564277838425806
A,True,10,closed_loop,39,22.92537264356029,0.30092561977543725,16.982486875167275
A,True,10,closed_loop,40,23.19743743458189,0.20860232663152548,17.404741418923482
A,True,10,closed_loop,41,24.419889931475087,0.034129095582757306,18.786905909195394
A,True,10,closed_loop,42,24.475478906198507,0.3198641701885069,18.47250310278734
A,True,10,closed_loop,43,24.875412849837705,0.3769957855746548,18.519225141661217
A,True,10,closed_loop,44,24.727264700178637,0.3806535981375032,18.128756139764906
A,True,10,closed_loop,45,25.392162446402626,0.6289542328795492,18.112071633709302
A,True,10,closed_loop,46,25.890457228999463,0.782529185464039,18.175895136460227
A,True,10,closed_loop,47,26.496003455431733,0.8195713712163721,17.88176918086784
A,True,10,closed_loop,48,26.85289314099725,0.8998307580986818,17.33247204853148
A,True,10,closed_loop,49,27.992416554451097,1.3646403085887222,15.961606666321558
A,True,10,closed_loop,50,28.071762392467093,1.722062180650225,15.319313261937088
A,True,10,closed_loop,51,29.035621711189517,1.9781160374710078,16.369077665641377
A,True,10,closed_loop,52,26.20214546777692,1.8132732507849736,15.346592222378568
A,True,10,closed_loop,53,24.906703546280937,1.318678495933559,15.04838080377894
A,True,10,closed_loop,54,24.11528693067801,1.3144282053533014,15.097338077650706
A,True,10,closed_loop,55,23.34683233939613,0.9946019345658467,14.979746282074798
A,True,10,closed_loop,56,23.467697270886504,0.7078595987880854,15.509908390844023
A,True,10,closed_loop,57,23.677130379061424,1.0000973384613052,15.66309338711649
A,True,10,closed_loop,58,24.126579824622706,0.9419283696306348,16.067963884353322
A,True,10,closed_loop,59,24.199688117105406,1.1089294965806986,16.075615935381972
A,True,10,closed_loop,60,24.86832788955701,1.2015506264458884,16.49009052831143
A,True,10,closed_loop,61,25.354464491310285,1.1142932388798963,16.86973552367056
A,True,10,closed_loop,62,25.458853720112185,1.323216620788649,16.62621218567344
A,True,10,closed_loop,63,25.186461637970684,1.3519676929791873,16.272592843768667
A,True,10,closed_loop,64,25.49730555622121,1.2635210981318086,16.35534081900934
A,True,10,closed_loop,65,25.740712548173217,1.396241531409873,16.507939271116644
A,True,10,closed_loop,66,26.020922627564627,1.4480784849783988,16.430373506020178
A,True,10,closed_loop,67,26.08711714097646,1.5246628410924161,16.108863778160032
A,True,10,closed_loop,68,26.239487158943522,1.5465073481093228,16.38093386267621
A,True,10,closed_loop,69,26.40375808466141,1.5860858104031186,16.24971720670951
A,True,10,closed_loop,70,26.815053934098994,1.759452390600498,16.18843483157625
A,True,10,closed_loop,71,32.532623608871056,2.11281105779398,20.426576728286012
A,True,10,closed_loop,72,30.317901232811327,1.9482891354747232,18.508736691871036
A,True,10,closed_loop,73,29.559734689155828,1.929824709082573,17.79041128595688
A,True,10,closed_loop,74,28.77130303509004,2.02214245145224,16.943869821148443
A,True,10,closed_loop,75,28.756688754562816,2.0829115726070584,16.394692863573578
A,True,10,closed_loop,76,28.52353728658278,2.1684586927888536,15.96036814528749
A,True,10,closed_loop,77,27.935879156705806,2.0851598351676395,15.643297852764832
A,True,10,closed_loop,78,28.487404621353857,2.197131721187024,15.49182719778348
A,True,10,closed_loop,79,28.52716671958431,2.2108587875738643,15.407190657710496
A,True,10,closed_loop,80,28.999772214666873,2.131228372471148,14.890830045631644
A,True,10,closed_loop,81,35.4185413650092,2.4745771424480703,17.945752388689748
A,True,10,closed_loop,82,33.16469667049791,2.365530605724603,16.208925679560107
A,True,10,closed_loop,83,31.719745081363858,2.2509692116466264,15.260055860139358
A,True,10,closed_loop,84,30.95570101866186,2.1195693801625275,15.063324760874716
A,True,10,closed_loop,85,30.22556869959561,1.9863187961334237,15.294137445593336
A,True,10,closed_loop,86,29.372797273850576,1.8943385043851286,14.957797364823135
A,True,10,closed_loop,87,28.578162997074745,1.9159726893094333,14.330890048418071
A,True,10,closed_loop,88,27.65962310066561,1.8387176689589404,14.322189292196066
A,True,10,closed_loop,89,27.079200367926784,1.8669757608391944,14.00312332577304
A,True,10,closed_loop,90,26.235559926274817,1.8000708182580063,13.695907142813718
A,True,10,closed_loop,91,28.870471776884113,1.7202857241085656,15.453761147462403
A,True,10,closed_loop,92,27.044666127981714,1.6972140424160596,13.90600938175048
A,True,10,closed_loop,93,25.901537434638055,1.5201925099924745,13.460487093753601
A,True,10,closed_loop,94,25.27274633171891,1.649331933395873,12.983877565640322
A,True,10,closed_loop,95,24.76894473586674,1.4922882909954829,13.075075826165424
A,True,10,closed_loop,96,24.48545951498758,1.5419290901492169,12.838421223475883
A,True,10,closed_loop,97,25.14191967644229,1.5987277029491231,13.13532030358615
A,True,10,closed_loop,98,25.952561946186034,1.631956384012346,13.616752203802264
A,True,10,closed_loop,99,27.06069160623042,1.7492075696592242,14.40998586242312
A,True,10,static,0,3.725028074936952,-8.498201649551794,1.1394807044660495
A,True,10,static,1,3.9030774311837066,-7.160444836738986,1.029531364993912
A,True,10,static,2,4.016206586717492,-6.670591761595962,0.9084415737076608
A,True,10,static,3,4.17828307437778,-6.149342323957261,0.8753083418804654
A,True,10,static,4,4.177059581372305,-6.118301949267327,0.9190352198877645
A,True,10,static,5,4.333804503280356,-5.754132366677748,0.9408047330541393
A,True,10,static,6,4.558246862121238,-5.25998612748005,0.999685026596555
A,True,10,static,7,4.755004444692202,-4.860385547216015,0.9906059171489301
A,True,10,static,8,4.929445236099947,-4.51534233109138,1.0158719304435049
A,True,10,static,9,5.25351157876895,-4.031857309718603,1.08902039422518
A,True,10,static,10,9.11706896784077,-1.2012604050756808,3.232241638747286
A,True,10,static,11,14.997048181186855,0.3509529279269783,6.421789700051797
A,True,10,static,12,20.91199655262911,1.2495582729343322,10.19523734304243
A,True,10,static,13,24.350469629773645,1.4203688012707365,13.304743578186482
A,True,10,static,14,25.312913205396843,1.4988879586875832,15.035236922814724
A,True,10,static,15,25.831564672281516,1.3101408969447113,16.75823059580021
A,True,10,static,16,25.81107777681125,1.161593796067874,17.655267670674828
A,True,10,static,17,25.861431046317623,1.041038515080791,18.18128587387783
A,True,10,static,18,25.64479513848845,0.9332354088635225,18.533342138167793
A,True,10,static,19,25.40832973745427,0.7414221681780111,18.52869408360316
A,True,10,static,20,25.30692553854162,0.6800846646516897,18.49478562077769
A,True,10,static,21,25.2304181298511,0.5550575469038525,18.53311393334143
A,True,10,static,22,25.18146656522514,0.5859361097526394,18.43993845045372
A,True,10,static,23,25.124165625388212,0.49996943621396633,18.27632373187787
A,True,10,static,24,24.672368304374515,0.6305069956062012,17.871387603825053
A,True,10,static,25,24.550181421108864,0.840567707933804,17.461900764923673
A,True,10,static,26,24.052482166511833,0.9599711602160753,16.903068878722653
A,True,10,static,27,23.84658129913592,1.0185808952922868,16.598583869003352
A,True,10,static,28,24.032602937277307,1.2744584184673626,16.426398731882273
A,True,10,static,29,23.737217790301205,1.1560293090391986,16.41135531531943
A,True,10,static,30,23.672515688412947,1.0561694390142728,16.30330224232687
A,True,10,static,31,23.79687263629832,1.012470135850267,16.862117048322432
A,True,10,static,32,23.746742864963682,0.7087990695559432,17.010160208496227
A,True,10,static,33,23.820352625139847,0.5219482752468506,17.17432212173108
A,True,10,static,34,23.68819370567498,0.20947799293509317,17.59099908652823
A,True,10,static,35,24.055932690370316,0.162019274822933,17.88910878419733
A,True,10,static,36,24.087018019287694,0.11597230253010127,18.029150301205174
A,True,10,static,37,23.646819241394525,0.1423612799774541,17.616682386608357
A,True,10,static,38,24.084750740810335,-0.016745610148541108,17.71070858156622
A,True,10,static,39,23.99622723707833,0.3950861548847609,17.622896766553662
A,True,10,static,40,23.884198845516167,0.5642340144989373,17.55743542309322
A,True,10,static,41,24.041297838082738,0.5274211822817275,17.574556196650125
A,True,10,static,42,24.060253629545468,0.6899391701564132,17.433021431446264
A,True,10,static,43,24.419756287439878,0.7467190362787881,17.617687203461077
A,True,10,static,44,24.626945597574217,0.7869394624682778,17.264171726245742
A,True,10,static,45,24.390615430167916,0.9091802398275508,16.788484656657847
A,True,10,static,46,25.0608603948814,0.9657447763568654,16.540020556734547
A,True,10,static,47,25.848139250121836,0.9810891499084281,16.084553724684177
A,True,10,static,48,26.609477755818716,1.1027454620216746,15.63359875405152
A,True,10,static,49,27.817390415497098,1.2660454471769744,14.557204948479557
A,True,10,static,50,29.471562569787285,1.560099152209168,15.326886078355953
A,True,10,static,51,29.43384504674675,1.3529629225184052,15.963415830563155
A,True,10,static,52,27.94362327355131,1.2249946886257117,16.193851413608055
A,True,10,static,53,26.702417790795526,0.9794359354522769,15.705679853181772
A,True,10,static,54,25.17307190471824,0.9163906052154774,14.497622368904997
A,True,10,static,55,24.02425911474406,1.010978225013251,14.074904703982275
A,True,10,static,56,23.178062623868215,0.8897695662703565,13.846858534383562
A,True,10,static,57,22.581193568258485,0.785776336633143,13.62121683549565
A,True,10,static,58,22.704623460874757,0.8943788989164743,13.724245228784289
A,True,10,static,59,22.993480174437952,0.9556539695639884,13.85255344734641
A,True,10,static,60,23.392265995692213,1.186694697501415,13.811566985443696
A,True,10,static,61,23.288187311086293,1.198292805713313,13.5732214431173
A,True,10,static,62,23.781154592962068,1.1974037374295656,13.79755591196124
A,True,10,static,63,24.364058990125102,1.4555938038498468,14.015314590135754
A,True,10,static,64,24.619767516055134,1.4310582258838522,13.896802555575684
A,True,10,static,65,25.042399083644373,1.5289970822365708,13.94749240014327
A,True,10,static,66,25.596236636391424,1.6463654919219994,14.204884503522834
A,True,10,static,67,25.993607885813574,1.6725602329272704,13.96956997260665
A,True,10,static,68,26.202801820360975,1.7857361525658806,13.796951206020637
A,True,10,static,69,26.691407212273962,1.8310287770125429,14.124945083664327
A,True,10,static,70,26.936356553226034,1.8614830790166899,14.083976351830481
A,True,10,static,71,26.659843800551172,1.7674491510433725,13.848666294894878
A,True,10,static,72,27.260804961624704,1.9507553129374564,13.853253009299836
A,True,10,static,73,27.721673119523743,2.0528571243596985,13.878197130862356
A,True,10,static,74,27.730521982064243,2.1016299807379517,13.955584314673304
A,True,10,static,75,28.08850555461657,2.10622602905619,14.432093915197663
A,True,10,static,76,28.45059840981479,2.1602029182795044,15.000340046518511
A,True,10,static,77,28.50612937004158,2.204365705483181,15.056626967028146
A,True,10,static,78,28.357422784989406,2.1862260615216726,14.845653644850964
A,True,10,static,79,28.296369905280546,2.134421358320845,14.965604408566591
A,True,10,static,80,28.303199377865155,2.0482027702863497,14.759326057616045
A,True,10,static,81,28.237914184683444,2.1227478957896633,14.397742637231017
A,True,10,static,82,28.154064692100548,2.068429342908301,14.220639768894701
A,True,10,static,83,27.84883773682765,1.951110934679847,14.035282887030087
A,True,10,static,84,27.743925385424337,1.8923507867972411,14.254640437023545
A,True,10,static,85,27.695116943508594,1.8564760492410344,14.501711285381093
A,True,10,static,86,27.415831738439497,1.7712013320407543,14.813783020720079
A,True,10,static,87,27.227050176179294,1.8642482037856531,15.271096521418572
A,True,10,static,88,27.061005718535885,1.8928215203418512,15.187247604032292
A,True,10,static,89,26.89485037262543,1.8178760079463547,15.181253291420013
A,True,10,static,90,26.95163292531286,1.8477792876200212,15.438265331638652
A,True,10,static,91,26.30057306846062,1.7656166824871606,15.086738710910405
A,True,10,static,92,26.26897115505192,1.6257673815492069,15.306881915489505
A,True,10,static,93,26.24313656809569,1.5407043077957585,15.357055567937353
A,True,10,static,94,26.086682557354525,1.5524185803428658,15.501503095826388
A,True,10,static,95,26.219627440649287,1.5482099294944645,15.830224548422441
A,True,10,static,96,27.04612774107453,1.672299435000076,15.844279912253597
A,True,10,static,97,26.601620842082767,1.4866443866664698,15.855281781103946
A,True,10,static,98,26.958284800536024,1.5895061191477786,16.01753254355118
A,True,10,static,99,27.310351880830936,1.695670148751991,15.851335878625347
A,True,11,closed_loop,0,4.365302831758086,-6.9223786346277265,1.2273592026126436
A,True,11,closed_loop,1,4.412687241632662,-6.302553929363441,1.1135945274116972
A,True,11,closed_loop,2,4.4388286633186915,-6.101214501879579,1.0838472293975159
A,True,11,closed_loop,3,4.521563254218425,-5.820158946891226,1.0732077683558445
A,True,11,closed_loop,4,4.655848520710491,-5.3328563670386195,1.00288536385713
A,True,11,closed_loop,5,4.683142066433035,-5.17453503117146,0.9557266466618658
A,True,11,closed_loop,6,4.764996044909617,-4.920060946358323,0.9817531801378486
A,True,11,closed_loop,7,4.838529460871489,-4.747772491128848,1.0015939931560036
A,True,11,closed_loop,8,4.9052161575053335,-4.5038210211252085,1.0111180017357138
A,True,11,closed_loop,9,4.970951584621466,-4.4582712780585405,1.0500112961183585
A,True,11,closed_loop,10,9.973443043708878,-1.2685279384542691,4.3898775767294085
A,True,11,closed_loop,11,16.152863760531826,0.11588313659194686,8.761528794388107
A,True,11,closed_loop,12,21.356912032914874,0.8940576736399856,11.973160142546666
A,True,11,closed_loop,13,23.076155032853894,1.0387311503873689,12.769926428965553
A,True,11,closed_loop,14,23.488940923203817,1.1832513799189555,13.5024760062377
A,True,11,closed_loop,15,23.176955220577565,1.1181795400752994,14.139397370920847
A,True,11,closed_loop,16,22.85411599903343,1.064383705704694,14.674505696644601
A,True,11,closed_loop,17,22.5669607865575,1.0758247886030528,14.609524915320664
A,True,11,closed_loop,18,21.74925641971893,0.8629019487139408,14.179334073973541
A,True,11,closed_loop,19,21.524304266321924,0.759134789340851,14.307602660279336
A,True,11,closed_loop,20,21.45893765194172,0.8415313289539439,14.360080222053647
A,True,11,closed_loop,21,19.964684096071434,0.5694769348909017,13.157226928986853
A,True,11,closed_loop,22,20.27213024383582,0.7248065010555687,13.367382078459286
A,True,11,closed_loop,23,20.302838851229254,0.7771674977566677,13.516229315594751
A,True,11,closed_loop,24,20.460389978337517,0.8775050298375401,13.570781550673518
A,True,11,closed_loop,25,20.603671083865567,0.8216469252355069,13.56874427254455
A,True,11,closed_loop,26,21.4935847071869,0.8099888505977916,14.483295275470526
A,True,11,closed_loop,27,22.462712994519833,0.945188920651079,15.316206133657303
A,True,11,closed_loop,28,23.34203442355893,0.838107849749716,16.015616669899256
A,True,11,closed_loop,29,23.14977685183797,0.6852126966410244,16.66631118120017
A,True,11,closed_loop,30,23.76879588019484,0.7183182024710777,16.824551325681554
A,True,11,closed_loop,31,23.03469121954204,0.519766157427875,16.23305186456142
A,True,11,closed_loop,32,22.571769419245225,0.4983808337195354,15.953767457515454
A,True,11,closed_loop,33,21.8378396696116,0.33312355325646686,15.369164104986732
A,True,11,closed_loop,34,21.44188971228887,0.2949295776589754,15.032776738269979
A,True,11,closed_loop,35,21.153012361372873,-0.05400348030926357,14.874790986582132
A,True,11,closed_loop,36,21.216832822300205,0.48154460796032844,14.670570545879025
A,True,11,closed_loop,37,20.598365259954377,0.45720176537198615,14.205944463507217
A,True,11,closed_loop,38,20.927178117639535,0.5354667965553132,14.671003394018635
A,True,11,closed_loop,39,20.440441830183932,0.6078232298171681,13.86831430822715
A,True,11,closed_loop,40,20.951159450197043,0.741093808467569,14.35238201045702
A,True,11,closed_loop,41,21.10012614267031,0.6056130279665655,14.163815868608973
A,True,11,closed_loop,42,21.471165944992233,0.6110721479295186,14.976740186445497
A,True,11,closed_loop,43,21.27091699805747,0.7451107905821225,14.602338018621815
A,True,11,closed_loop,44,21.448118417924103,0.6409205198701946,15.064955649841046
A,True,11,closed_loop,45,21.468749167686244,0.5849298250189445,15.013678890626764
A,True,11,closed_loop,46,22.371969180754636,0.4841045707809493,15.13701587540391
A,True,11,closed_loop,47,23.555508291514183,0.9332966528351302,15.419191353300903
A,True,11,closed_loop,48,24.923559730095104,1.2192471064748862,15.45382008438888
A,True,11,closed_loop,49,26.51770997672359,1.2472268909300475,16.05219948755739
A,True,11,closed_loop,50,26.941203744400465,1.4271780588439602,16.076795663474403
A,True,11,closed_loop,51,27.56548514717767,1.3971493467806424,17.13383623717289
A,True,11,closed_loop,52,26.451686583010314,1.2446356657849897,16.74964894985859
A,True,11,closed_loop,53,24.908937460388454,1.0275859720741818,16.08468642672
A,True,11,closed_loop,54,24.626318212246286,0.8015480246321826,16.401657589975084
A,True,11,closed_loop,55,24.550104996946164,0.810685939191532,16.576880729485865
A,True,11,closed_loop,56,24.61146247391441,0.7844269454987787,16.681389015341363
A,True,11,closed_loop,57,24.6901233008541,0.9416328921782932,16.243921889467792
A,True,11,closed_loop,58,24.617774741200122,1.1619298018216362,15.905173077933213
A,True,11,closed_loop,59,24.918050820235674,1.2506342441457576,16.03179852984671
A,True,11,closed_loop,60,25.132420730831523,1.276333002066514,15.927318621731002
A,True,11,closed_loop,61,25.736010176983797,1.3079807291316323,16.604675542442617
A,True,11,closed_loop,62,25.54508884009717,1.4564495396450639,15.629703649989006
A,True,11,closed_loop,63,24.86430046074861,1.1502813741078635,15.410877186995954
A,True,11,closed_loop,64,24.910947248246682,1.2361868736779813,15.353318292474817
A,True,11,closed_loop,65,25.03720463810014,1.4027286195996496,14.998510343824526
A,True,11,closed_loop,66,25.528591555493367,1.4482648417640658,15.052283479088743
A,True,11,closed_loop,67,25.843427741916884,1.511287318355432,14.833082324134146
A,True,11,closed_loop,68,26.19502202904326,1.6113204070027816,14.504933589788541
A,True,11,closed_loop,69,26.20463112264874,1.6602249569161973,14.362251570390924
A,True,11,closed_loop,70,26.815485636792573,1.734665329545253,14.56427024425623
A,True,11,closed_loop,71,32.80782437555013,1.5848535639423258,18.929364714717796
A,True,11,closed_loop,72,31.01560491666488,1.9453356701017392,17.702418152121222
A,True,11,closed_loop,73,30.364344650655877,2.1141674017138925,16.82274263715183
A,True,11,closed_loop,74,29.810008651308426,2.0251624812627997,16.49356500536076
A,True,11,closed_loop,75,30.131927543028826,2.235987910365061,16.40426220127313
A,True,11,closed_loop,76,30.061945147978964,2.184565846883617,16.199677628637772
A,True,11,closed_loop,77,29.814132401839178,2.1338374859378413,16.47228714800615
A,True,11,closed_loop,78,29.8638933863722,2.267243999509328,15.910459316401315
A,True,11,closed_loop,79,29.740579347690055,2.2194541570515933,15.887882172411357
A,True,11,closed_loop,80,29.774382232889522,2.19497563454586,16.191632169314087
A,True,11,closed_loop,81,34.19607887926643,2.4556867227690025,19.193680909377843
A,True,11,closed_loop,82,32.66110601810377,2.4616737114298326,17.68001070067365
A,True,11,closed_loop,83,31.51337510491211,2.259933987483395,16.522296628302257
A,True,11,closed_loop,84,30.912315054948266,2.312455564350213,15.740801881866707
A,True,11,closed_loop,85,30.612010675768772,2.439752470454786,15.900319927572523
A,True,11,closed_loop,86,30.410523235888927,2.429849959714771,16.045854343814238
A,True,11,closed_loop,87,29.730735007418318,2.3493405919100527,16.368266024504
A,True,11,closed_loop,88,29.173920085028936,2.3711806237288147,15.957089045820732
A,True,11,closed_loop,89,28.421932497387797,2.3377779409022827,15.971418942024627
A,True,11,closed_loop,90,27.943697000135227,2.1897147119692426,15.702839122286628
A,True,11,closed_loop,91,30.662511724971562,2.3827021200053324,17.87140255172301
A,True,11,closed_loop,92,29.244839964304475,2.2555682501439627,17.07650850820679
A,True,11,closed_loop,93,28.137836526144383,2.2881940546711474,16.21416305199786
A,True,11,closed_loop,94,27.427825411807984,2.264003824270731,15.647198241292537
A,True,11,closed_loop,95,27.740778971535192,2.2389185023772544,15.970333737221614
A,True,11,closed_loop,96,27.13263058506428,2.2284726672392643,15.334108722294937
A,True,11,closed_loop,97,27.682708073939164,2.361210701267284,15.250856368441823
A,True,11,closed_loop,98,28.601665742044634,2.4334165515567685,15.169812120421375
A,True,11,closed_loop,99,29.118829845137384,2.4654545715774634,14.878748596119223
A,True,11,static,0,4.365302831758086,-6.9223786346277265,1.2273592026126436
A,True,11,static,1,4.457125518852019,-6.25687226486536,1.1438337563176726
A,True,11,static,2,4.436607546277606,-6.096656248643018,1.0609251644515594
A,True,11,static,3,4.5337751570160485,-5.7776214546987825,1.0505191202929238
A,True,11,static,4,4.616457242882293,-5.438446218946918,1.017377120755407
A,True,11,static,5,4.650504344452361,-5.2108009701480436,0.9216286887383035
A,True,11,static,6,4.769694327933666,-4.961440159885416,0.9800414299929868
A,True,11,static,7,4.778629840273665,-4.853640571506073,0.9655602034361358
A,True,11,static,8,4.854527671421352,-4.617648467626907,1.0147769573050986
A,True,11,static,9,4.959740822770041,-4.503530942647637,1.058150208512748
A,True,11,static,10,9.97463894175378,-1.2333008944450896,4.118220124563087
A,True,11,static,11,16.86312381190582,0.2952287587400258,8.605841128742044
A,True,11,static,12,22.440746842384343,1.0445920391369767,11.980826156698143
A,True,11,static,13,24.449686845228314,1.2450599637290631,13.576669775446923
A,True,11,static,14,24.84115827192129,1.3058906532213657,14.489795887543275
A,True,11,static,15,24.796414195342763,1.2741078768215617,15.547952078952248
A,True,11,static,16,24.50803006043903,1.1985766320632134,16.124757834246683
A,True,11,static,17,23.80574408239649,1.1244008249103474,15.834552806935037
A,True,11,static,18,23.238264664965104,1.0556068221708632,15.58665071702548
A,True,11,static,19,23.155369135463346,1.038640507745727,15.775760996998969
A,True,11,static,20,23.27571149475769,1.121080016581297,15.965702632309295
A,True,11,static,21,23.359153433797328,1.2113599853377142,16.062324280526763
A,True,11,static,22,23.15854084004773,1.2093683376240343,15.858357797108367
A,True,11,static,23,22.660617249114306,1.047660239586259,15.628071521575572
A,True,11,static,24,22.557027018400635,1.0278784260864795,15.516852192324249
A,True,11,static,25,22.643134994654897,1.0585655742673934,15.348180344221674
A,True,11,static,26,23.184150976826448,0.9854516642498504,15.933256454530863
A,True,11,static,27,24.16350236748671,1.0830108580332296,16.780502105054108
A,True,11,static,28,24.870677553567827,0.9416892130835546,17.389198978281822
A,True,11,static,29,24.647439599040116,0.963763912144012,17.70056503828532
A,True,11,static,30,24.83797622584756,0.9655245113795919,17.517115792172266
A,True,11,static,31,24.717630223295686,0.9542270562333915,17.361774863203696
A,True,11,static,32,23.986446964554492,0.9971736423415939,16.869423380576713
A,True,11,static,33,23.638017762161976,0.7495457097873662,16.594964451514162
A,True,11,static,34,23.436144234203955,0.7550249952588448,16.373379613744564
A,True,11,static,35,23.375979858678324,0.6074334698436078,16.50974644587406
A,True,11,static,36,23.244618992716184,0.6825130253905147,16.461624141966396
A,True,11,static,37,22.756017794567416,0.6061207084544779,16.409001570333615
A,True,11,static,38,23.177828408848683,0.7362076291573136,16.534645928330843
A,True,11,static,39,22.807446970114018,0.6006524190546548,15.895887792653708
A,True,11,static,40,22.950496846599208,0.8303970510708814,16.024721448497584
A,True,11,static,41,22.738653292906733,0.8474332844476274,15.775817782931474
A,True,11,static,42,22.849344464699517,0.8682357222907795,15.532906270792239
A,True,11,static,43,22.623006142871123,0.9364233817883969,15.608320929608526
A,True,11,static,44,23.449017731008563,1.1509813447224333,15.408032383902807
A,True,11,static,45,23.39254180718557,1.0958453964081787,15.54401403730373
A,True,11,static,46,22.811380436026212,1.013553676425111,14.712798736593045
A,True,11,static,47,24.26930117255256,1.2297243474280788,14.158200822831537
A,True,11,static,48,25.628464655584775,1.2803239648004932,13.37382432220521
A,True,11,static,49,27.05174395679964,1.3985134476561243,13.538007820209643
A,True,11,static,50,28.063603566778152,1.608445561187117,14.898970824768307
A,True,11,static,51,27.457832036878163,1.5122381710083086,15.91197848573249
A,True,11,static,52,27.00338118538227,1.5613648783550476,16.475907245256362
A,True,11,static,53,26.53887964308963,1.4793832360237877,16.239300487118566
A,True,11,static,54,26.293259160126667,1.2288826335393057,16.412396292013234
A,True,11,static,55,26.3072113416516,1.2632103080734554,16.477942269937447
A,True,11,static,56,26.856053854441203,1.4355823499369673,16.873349889765255
A,True,11,static,57,26.05438180483195,1.3723571320446546,16.99081829837807
A,True,11,static,58,26.34271028705543,1.4628684519695305,17.340613354499954
A,True,11,static,59,26.2702925695055,1.3902592637121742,17.23743862149957
A,True,11,static,60,26.477484642971504,1.384488171722257,17.10542064883735
A,True,11,static,61,27.260653972840213,1.6603764364295988,17.17140262868199
A,True,11,static,62,27.750039311324176,1.6505367677554599,16.76713654438328
A,True,11,static,63,28.154901639782654,1.824648268527438,16.486317164934988
A,True,11,static,64,28.11067326140123,1.7695964326199254,16.122129355892287
A,True,11,static,65,28.13233929774425,1.9892393713318262,15.906336353500057
A,True,11,static,66,28.34057277388182,2.092973898487616,16.045732552469957
A,True,11,static,67,28.686773757032814,2.139616866295045,16.032869982350636
A,True,11,static,68,28.719061715682596,2.0657839186667584,15.998867114609418
A,True,11,static,69,28.874171972315633,2.0920993666226213,15.655010453155903
A,True,11,static,70,28.948132231230662,2.092537594911439,15.273445687255858
A,True,11,static,71,29.32782595436763,2.2326801732830313,15.04152947177758
A,True,11,static,72,29.633899018037994,2.3622395997330536,15.007578975965197
A,True,11,static,73,29.52179634138629,2.303057441956369,14.558612749833188
A,True,11,static,74,29.725510346887432,2.3199823714572347,14.571623873769475
A,True,11,static,75,29.95142704194588,2.4279277008142794,14.48497007686342
A,True,11,static,76,29.764104448633745,2.535755236641959,13.850935374112746
A,True,11,static,77,30.052893104961544,2.5579475667850087,14.20447323504392
A,True,11,static,78,30.138522621927155,2.5015017481045523,14.18235167216711
A,True,11,static,79,29.764629873237777,2.3735759348310723,14.398273633598604
A,True,11,static,80,29.698720550526165,2.378336922192379,14.873606549800236
A,True,11,static,81,29.404876285201905,2.31685184018839,15.042920569047185
A,True,11,static,82,29.395510403242515,2.3712256205866193,14.914926747482893
A,True,11,static,83,28.88480685542063,2.3284712804508634,15.008978624176287
A,True,11,static,84,28.919180986351602,2.3792957132515706,15.255374637171835
A,True,11,static,85,28.7264724227007,2.2691974587546304,15.317677459594607
A,True,11,static,86,28.93479806351637,2.371972960370153,15.18456821654739
A,True,11,static,87,28.923718633349,2.3335766895064918,15.067934733267236
A,True,11,static,88,28.671957656511793,2.324236644335923,15.629074574232911
A,True,11,static,89,28.67405153803446,2.242711815317122,15.441020016168915
A,True,11,static,90,28.582187510890094,2.2783286395335884,15.24590310522396
A,True,11,static,91,28.683553181076828,2.1859324083449483,15.620528318523176
A,True,11,static,92,28.773508855833686,2.268061198749963,15.1827793644035
A,True,11,static,93,28.730378751914817,2.3277467179414897,15.207180629366038
A,True,11,static,94,28.332443032779555,2.162369472400241,15.901131279098864
A,True,11,static,95,29.055525209976384,2.238838851292465,15.349367260891057
A,True,11,static,96,28.78263039776468,2.1937806507246718,15.660367316180194
A,True,11,static,97,29.52910298863206,2.313005793254551,15.190877355115722
A,True,11,static,98,29.529754114776978,2.373179165917109,15.116790816247493
A,True,11,static,99,29.48487321224233,2.391311463528845,15.260147571590347
A,True,12,closed_loop,0,4.212288653153355,-7.480367255492912,1.3227043031280352
A,True,12,closed_loop,1,4.201701781301622,-6.622262481660413,1.0378737377253502
A,True,12,closed_loop,2,4.2301212754710145,-6.233092858314191,0.9649615627793758
A,True,12,closed_loop,3,4.221683959296109,-6.114024167776129,0.8835729743533757
A,True,12,closed_loop,4,4.302863664097882,-5.944909314954927,0.9360285696516035
A,True,12,closed_loop,5,4.425847905565109,-5.559007954785817,0.9503358583250646
A,True,12,closed_loop,6,4.503490772458861,-5.341382014035767,0.9044935389087935
A,True,12,closed_loop,7,4.653239633248655,-5.075844000318388,0.9292329060975537
A,True,12,closed_loop,8,4.8082892869040395,-4.832596664302694,0.9872704792819852
A,True,12,closed_loop,9,4.827102947365549,-4.69840505230789,0.988605025462021
A,True,12,closed_loop,10,8.439162412481316,-1.8407154588875567,2.9356920782648506
A,True,12,closed_loop,11,15.351971250637135,-0.03223739839555917,7.080098959407178
A,True,12,closed_loop,12,21.124796840329804,0.8385428635361639,10.622628957944046
A,True,12,closed_loop,13,23.813521719476366,1.2459942571153675,13.092589366797965
A,True,12,closed_loop,14,25.091435615992737,1.5586765260251265,14.522498620873675
A,True,12,closed_loop,15,25.085364740617564,1.3785464924101083,15.451185022545838
A,True,12,closed_loop,16,24.6630513669902,1.1541522096386867,15.84746596797799
A,True,12,closed_loop,17,24.291821581333796,0.920398310019895,16.44908346117558
A,True,12,closed_loop,18,23.93207209944643,0.7911258298679912,16.580196156817937
A,True,12,closed_loop,19,24.156334777183673,0.8548647272006186,17.00273986721132
A,True,12,closed_loop,20,23.949523272654105,0.5582615046588569,17.096622009059626
A,True,12,closed_loop,21,22.236829531099986,0.3080686815621814,15.762826491433893
A,True,12,closed_loop,22,22.303639222239344,0.3291775182432621,15.750149830073417
A,True,12,closed_loop,23,22.614165981582484,0.37352443750712677,15.786149650449866
A,True,12,closed_loop,24,22.81578838948693,0.7719932275994182,15.95241228673067
A,True,12,closed_loop,25,22.418230708235996,0.7234296279776582,15.577173606962182
A,True,12,closed_loop,26,22.820868957024896,1.0283290182691132,15.823210420474974
A,True,12,closed_loop,27,22.408776187724815,0.9179592189635333,15.470159269283407
A,True,12,closed_loop,28,22.377505259139102,0.8661189592835754,15.522756650164164
A,True,12,closed_loop,29,22.763963649972705,0.9782182669817566,15.724749089303467
A,True,12,closed_loop,30,22.589182111457948,0.816780746370819,15.728221323601181
A,True,12,closed_loop,31,21.892993329388133,0.6024933482169538,15.316118701379565
A,True,12,closed_loop,32,21.957055930714834,0.46872921717909893,15.520035039597667
A,True,12,closed_loop,33,21.700091029396475,-0.009310562108040895,15.458573333132847
A,True,12,closed_loop,34,21.44571861820401,0.11250026484812292,15.329395694962
A,True,12,closed_loop,35,21.212845065830862,0.05636735880526685,15.117340174975586
A,True,12,closed_loop,36,21.02634060350138,0.05689370588782572,15.045996449333279
A,True,12,closed_loop,37,20.888075239781212,-0.07745649916521442,15.2854617062872
A,True,12,closed_loop,38,21.538641679214255,0.21419949436107164,15.196021400362904
A,True,12,closed_loop,39,21.95006797209416,0.3038473455169199,15.792536215027484
A,True,12,closed_loop,40,22.414802248514434,0.435649691513611,16.102106810454725
A,True,12,closed_loop,41,22.851866300624867,0.4295386877097307,16.868333442938447
A,True,12,closed_loop,42,23.523374510752053,0.7525117992038384,17.06847415992861
A,True,12,closed_loop,43,23.42524238583071,0.649278236335331,16.508474543408028
A,True,12,closed_loop,44,23.056768155383313,0.39605487449668025,16.706614990360197
A,True,12,closed_loop,45,23.47121495658166,0.702823172913681,17.308201170321208
A,True,12,closed_loop,46,24.357216388747236,0.8821217555768287,17.106973722413716
A,True,12,closed_loop,47,24.675268482397275,1.2045072885678643,16.64810422423509
A,True,12,closed_loop,48,25.47560339007369,1.2596616271830083,16.929851115739034
A,True,12,closed_loop,49,26.35053741546851,1.2911267393056607,17.238739686087182
A,True,12,closed_loop,50,26.040143938411305,0.8309587723999526,17.23091911473499
A,True,12,closed_loop,51,25.995756768471683,1.3090891232824207,16.687716907495574
A,True,12,closed_loop,52,24.56922256248953,0.9947245313283002,15.194628644840813
A,True,12,closed_loop,53,24.182122455466402,0.9631092992189815,14.114535179347563
A,True,12,closed_loop,54,22.515592421121898,0.9666660263277745,13.037465768718356
A,True,12,closed_loop,55,21.342648244782083,0.7395555696778301,12.017193919460055
A,True,12,closed_loop,56,20.91673575322876,0.7818246670257155,11.566411291766578
A,True,12,closed_loop,57,21.756621808517405,0.8566866745736176,12.147645262397646
A,True,12,closed_loop,58,21.796011767174218,0.9453659980257624,11.956348858857181
A,True,12,closed_loop,59,22.285226250278196,1.0011117310513704,12.650204604577683
A,True,12,closed_loop,60,22.050552558166064,1.010548243281536,12.2006513737809
A,True,12,closed_loop,61,23.396344638992286,1.251331593039373,12.8483302188291
A,True,12,closed_loop,62,24.00805525598629,1.4444647626301093,12.848994983207577
A,True,12,closed_loop,63,24.632743369639694,1.6331742207865003,13.350217239473627
A,True,12,closed_loop,64,25.324011485724174,1.6687780553855287,13.531488587932364
A,True,12,closed_loop,65,25.75125775989562,1.8095077679875884,13.64900729316369
A,True,12,closed_loop,66,26.09821124851267,1.8016345373595388,13.953373037816895
A,True,12,closed_loop,67,26.579578767112505,1.8777423052729112,14.243715617029187
A,True,12,closed_loop,68,26.657060923751214,1.9424887142937368,14.290321536802159
A,True,12,closed_loop,69,26.857734072038763,1.896840607721716,14.37975375132982
A,True,12,closed_loop,70,27.34701007796056,2.041692472426534,14.510997941249785
A,True,12,closed_loop,71,34.01489124730997,2.7656605343048466,18.06420160729125
A,True,12,closed_loop,72,31.815387325837992,2.4364944423710813,16.34194281121288
A,True,12,closed_loop,73,30.734410792646838,2.3621620145358,15.64460042109875
A,True,12,closed_loop,74,30.240211698366313,2.4185394143551853,15.456428085115741
A,True,12,closed_loop,75,29.620750105516446,2.3258432580012545,15.538267701048413
A,True,12,closed_loop,76,29.479471292847467,2.3144049086355936,15.198796863431696
A,True,12,closed_loop,77,29.345940147432582,2.4068629067615377,15.874060235291964
A,True,12,closed_loop,78,28.9768816177366,2.459770003394229,15.685853981925112
A,True,12,closed_loop,79,28.451419692575573,2.23394232189862,15.413349621524532
A,True,12,closed_loop,80,28.605654548953655,2.2179395745535486,15.75794477679761
A,True,12,closed_loop,81,34.243816269359485,2.9521860664734234,19.62228666057382
A,True,12,closed_loop,82,31.94268246892094,2.5695211643633074,17.798510772722253
A,True,12,closed_loop,83,31.110175265297187,2.4508070005743026,16.722432941707936
A,True,12,closed_loop,84,29.979971057446267,2.316784177837219,16.046058091457514
A,True,12,closed_loop,85,29.81960959983222,2.306236601114938,16.26844650683731
A,True,12,closed_loop,86,29.382259076074217,2.267996194839348,16.288650097457676
A,True,12,closed_loop,87,29.580802034443394,2.25944160037854,16.090059936723364
A,True,12,closed_loop,88,29.12622809278901,2.164435738052111,16.283752329070268
A,True,12,closed_loop,89,28.442335460777898,1.9620166789214213,16.37884082673821
A,True,12,closed_loop,90,28.431093257160267,1.9750468215748356,16.243441723406477
A,True,12,closed_loop,91,31.307035800994324,2.1766527362027595,18.806339492447822
A,True,12,closed_loop,92,30.639346242795153,2.3164683494760534,17.389301206981067
A,True,12,closed_loop,93,29.476378069634567,2.1593685963715297,16.99747641559838
A,True,12,closed_loop,94,29.1759555887426,2.226344721917672,16.962895263163702
A,True,12,closed_loop,95,28.263752135517322,2.0318024653715336,16.28735393181866
A,True,12,closed_loop,96,27.943110786064782,2.0033491912418704,16.110395478537782
A,True,12,closed_loop,97,28.54836783111901,1.9540707860169568,15.941518239187417
A,True,12,closed_loop,98,28.610912505561384,1.9638736149513247,15.507313449492832
A,True,12,closed_loop,99,29.580482344877325,2.133757326924424,15.499777368798377
A,True,12,static,0,4.212288653153355,-7.480367255492912,1.3227043031280352
A,True,12,static,1,4.251862201932458,-6.563484203127437,1.0706682868108552
A,True,12,static,2,4.2242014799050684,-6.275882933081178,0.9730334956525709
A,True,12,static,3,4.235347846676841,-6.1134068040074,0.8926645701929173
A,True,12,static,4,4.317468854368139,-5.905673539678324,0.9388779349763468
A,True,12,static,5,4.401406276511593,-5.592107546280719,0.9506754482231079
A,True,12,static,6,4.547265143194552,-5.260149864288348,0.9112163703438229
A,True,12,static,7,4.730420512982038,-4.999707867489833,0.9549212060062483
A,True,12,static,8,4.704825786211858,-4.9462497668652,0.9744603528740065
A,True,12,static,9,4.830295092129427,-4.650062151831874,0.9767980801771031
A,True,12,static,10,8.71783061895991,-1.8131326780811594,3.27595141677938
A,True,12,static,11,16.127834696480566,0.0535917268680822,7.845343439835463
A,True,12,static,12,21.223939324462652,0.8288605904483717,10.80793556530292
A,True,12,static,13,23.938512737839904,1.2239372863170686,13.271888416497879
A,True,12,static,14,25.441060945791108,1.5118476456838577,15.405608333574799
A,True,12,static,15,25.386528490551314,1.504986426957501,16.200850889564492
A,True,12,static,16,25.30144939246334,1.3755661181499115,16.451291735008393
A,True,12,static,17,25.095964962259277,1.1788343457268862,16.8696129633465
A,True,12,static,18,24.864961485170785,1.1286166307657561,16.833602103747424
A,True,12,static,19,24.969141779597987,1.0034935441674167,17.33131935535435
A,True,12,static,20,24.492783124124355,0.6901170899477623,17.354962822958928
A,True,12,static,21,24.16511044940455,0.7819400275617411,17.14503757153259
A,True,12,static,22,23.951340688761956,0.6979183332337143,16.945460818348366
A,True,12,static,23,23.677364302914572,0.7424047074256693,16.42729971567845
A,True,12,static,24,23.286709678506515,0.9174856863305024,16.117065583453154
A,True,12,static,25,22.69701750759529,0.6939335367704742,15.768016033326878
A,True,12,static,26,23.068853743165416,0.926490083279632,15.996915172778726
A,True,12,static,27,23.13428569385753,0.9063551629429988,16.1025370363506
A,True,12,static,28,23.071452920541702,0.831280581739296,16.149951569776444
A,True,12,static,29,23.45082663540226,1.0143658866947556,16.144678955368303
A,True,12,static,30,23.221745191642356,0.8636060024303216,16.04044930493375
A,True,12,static,31,22.897915262118516,0.7783792467763893,15.938775412022602
A,True,12,static,32,22.432464648842984,0.7904761839012848,15.571221548990062
A,True,12,static,33,22.164733704630176,0.43680526482337284,15.210109831206472
A,True,12,static,34,22.175940523469254,0.5013481893803312,15.629135579114324
A,True,12,static,35,22.396026441183142,0.420720752543291,15.965052255533932
A,True,12,static,36,23.021254974860103,0.3852129189099229,16.25815736182899
A,True,12,static,37,22.636110654361868,0.2704569473480447,16.320709212895686
A,True,12,static,38,22.68123282760676,0.3129889418229255,16.32667492533061
A,True,12,static,39,23.234945393113577,0.47463417199772867,16.722340256077196
A,True,12,static,40,22.956368451007588,0.34764830079460696,16.49164007961683
A,True,12,static,41,23.37498712149561,0.4497719999659196,16.563726380078524
A,True,12,static,42,23.34838691150851,0.5841527471088085,16.719291858378682
A,True,12,static,43,23.82790146048264,0.7803313996312197,17.01280200430969
A,True,12,static,44,23.909092794127048,0.719527086755943,17.057991280828116
A,True,12,static,45,23.909940523237978,0.6646321860070531,17.348406357361217
A,True,12,static,46,25.55193346950014,1.0637968412499326,17.63309339390488
A,True,12,static,47,26.464525985316055,1.2764339297511038,17.349894763431855
A,True,12,static,48,27.761330933973536,1.6211059464749404,16.905189505014267
A,True,12,static,49,28.496503530727637,1.7460046502602478,16.202435895906124
A,True,12,static,50,28.506588429424166,1.7149296384954384,16.695571005483735
A,True,12,static,51,28.61186227795807,1.8016267858538475,16.950161114154877
A,True,12,static,52,28.222658906439847,1.5998211451016042,17.52414796544269
A,True,12,static,53,27.35695251562551,1.291572304155134,17.599424548771168
A,True,12,static,54,26.90870380616128,1.2864035246688426,17.894689129526718
A,True,12,static,55,26.708762849027632,1.2401182788315255,18.31297474333675
A,True,12,static,56,25.590286660067715,0.8139883167959377,18.315614750144128
A,True,12,static,57,25.834850706616688,0.9775063162499803,18.57534973718101
A,True,12,static,58,25.954676559127055,1.0558901447615225,18.41793210638716
A,True,12,static,59,25.66132186857321,0.9237265273450564,18.363254213253203
A,True,12,static,60,25.859713021688208,1.050678847854159,18.332807851448838
A,True,12,static,61,25.6817838786581,1.1151824794023655,18.129681414663324
A,True,12,static,62,25.90925318010785,1.31088446710144,17.875111565995045
A,True,12,static,63,25.976028925704423,1.321046589244216,17.178655018728254
A,True,12,static,64,26.47643453938761,1.4136432096742029,17.342207156375682
A,True,12,static,65,26.76830542857731,1.5868261115284235,17.21231953971615
A,True,12,static,66,26.76164049554843,1.7487203031529122,16.959210080518385
A,True,12,static,67,26.693185739711748,1.6980619522668519,16.942583468655304
A,True,12,static,68,26.720975378163217,1.81268034115621,16.48158738150506
A,True,12,static,69,27.896137736235307,1.917741333544802,16.47337500275215
A,True,12,static,70,27.987653966529123,1.9417581231894665,15.911624007415476
A,True,12,static,71,28.623897324838662,2.037513866769619,15.384071370121566
A,True,12,static,72,28.619026875066698,1.9708179658172866,14.982352003444083
A,True,12,static,73,29.103705002679323,2.1302083876271336,14.88997602609525
A,True,12,static,74,29.080451064676367,2.146367344762902,14.557096668269672
A,True,12,static,75,29.347720915381473,2.162791448644585,14.398384017886814
A,True,12,static,76,29.404598708424942,2.2325255933454895,14.341308676497377
A,True,12,static,77,29.372574092326413,2.278510504340423,14.558491862031254
A,True,12,static,78,29.446548286110357,2.2885946559913357,14.56497769280544
A,True,12,static,79,29.489738656373657,2.301739534420711,15.079759078527514
A,True,12,static,80,29.754092352846655,2.36025646737411,15.15700137811677
A,True,12,static,81,29.34210143254235,2.3553836181505052,14.941652083071254
A,True,12,static,82,28.464268888431103,2.1036647997737528,15.13880208772044
A,True,12,static,83,28.639043488596425,2.029064008623677,15.394348338610733
A,True,12,static,84,28.598587719596136,2.0361740690121044,15.254462092439775
A,True,12,static,85,28.514504254189564,2.1202864019620216,15.357259836250327
A,True,12,static,86,28.559653730513713,2.072379564100254,15.385405812006589
A,True,12,static,87,28.32516842339452,1.9944661918484685,15.237619929435928
A,True,12,static,88,28.386809792512476,2.111833681859281,14.867278877919517
A,True,12,static,89,27.916309675173622,1.9944202081494644,14.908410702000557
A,True,12,static,90,27.379336794020954,1.8973458687250082,14.94984441248223
A,True,12,static,91,27.3258130358825,1.8246599105084773,14.99249357856327
A,True,12,static,92,27.209824697430758,1.7991848030063686,15.027789657759968
A,True,12,static,93,27.94299392666039,1.9127084559741228,15.454290135239164
A,True,12,static,94,27.477283084760646,1.8799941162852056,15.480414009080354
A,True,12,static,95,27.753115975443535,1.8306672463571576,15.229564669369845
A,True,12,static,96,27.96719321255698,1.9800108231400466,14.77527537343112
A,True,12,static,97,28.155133609054236,2.089897934193061,14.752083866687236
A,True,12,static,98,28.318275172008416,2.119811246234763,14.771338034557312
A,True,12,static,99,28.702548081524686,2.0296242612613096,14.46856725539891
A,True,13,closed_loop,0,4.279325132569599,-7.415692118455934,1.413943557114554
A,True,13,closed_loop,1,4.143500018082972,-6.638731221524097,0.984389965587714
A,True,13,closed_loop,2,4.14066247481258,-6.420130083722008,0.8757724936858379
A,True,13,closed_loop,3,4.236702919426853,-6.27368029446908,0.9919608688411435
A,True,13,closed_loop,4,4.246445643582808,-6.163788481026434,0.982321533781522
A,True,13,closed_loop,5,4.2598030343433635,-5.98435297092497,0.9467644450779238
A,True,13,closed_loop,6,4.488551057337186,-5.646330968818323,1.044578928680154
A,True,13,closed_loop,7,4.817186804658327,-5.2001845083128995,1.1198356378223882
A,True,13,closed_loop,8,5.141793612809951,-4.5950229152644795,1.1849872491408997
A,True,13,closed_loop,9,5.1620891930208685,-4.343968709848691,1.0726269892058304
A,True,13,closed_loop,10,9.881339326601745,-0.9987836837157217,3.5513380551769367
A,True,13,closed_loop,11,17.48054303112058,0.5424154951370282,7.923943370872457
A,True,13,closed_loop,12,21.93253871873834,1.1292854703948705,11.083803515522412
A,True,13,closed_loop,13,24.572763934663,1.4561283425260498,13.58127443147896
A,True,13,closed_loop,14,25.504218476086795,1.5464194611559894,15.152185686517909
A,True,13,closed_loop,15,25.67350611441619,1.4701042399071698,16.1738436334625
A,True,13,closed_loop,16,25.578310250814223,1.2610944388391003,16.967618928814847
A,True,13,closed_loop,17,25.034286488619355,0.9640382115205838,17.389385140361046
A,True,13,closed_loop,18,24.888272078650775,0.9421850714912967,17.57204388687128
A,True,13,closed_loop,19,24.59472387521298,0.8675943232330429,17.62812424879583
A,True,13,closed_loop,20,24.86100651930585,1.0547104036753032,17.760286570719007
A,True,13,closed_loop,21,23.615962387127382,0.8040405394499568,16.837526915353582
A,True,13,closed_loop,22,23.79137623125203,0.8543723525441292,17.032868356796794
A,True,13,closed_loop,23,23.681177538569894,1.0292970977918827,16.776122109547103
A,True,13,closed_loop,24,23.498323655525155,0.9626062907516214,16.668354977149676
A,True,13,closed_loop,25,23.278055453504027,1.023403796207645,16.330839841309885
A,True,13,closed_loop,26,23.29346512405991,1.105170279043782,16.049569759771533
A,True,13,closed_loop,27,23.559519780473423,1.086586165360553,16.240509476092353
A,True,13,closed_loop,28,23.8526775375891,1.2222306603527708,16.65890031887602
A,True,13,closed_loop,29,23.95696265954628,1.2350821870744688,16.60342915507006
A,True,13,closed_loop,30,23.814992909266433,1.086800728759617,16.632389228969657
A,True,13,closed_loop,31,22.660346659881615,0.7745268013442993,15.873498202309646
A,True,13,closed_loop,32,22.621353388844778,0.7768760801508355,15.88138962376737
A,True,13,closed_loop,33,22.093635096252086,0.8668916077520595,15.315942251703765
A,True,13,closed_loop,34,21.872405652674914,0.7402217824419183,15.39023728434852
A,True,13,closed_loop,35,22.041358156431638,0.7241059377815148,15.48152079773333
A,True,13,closed_loop,36,22.24770329587871,0.7485969732676238,15.71342070466227
A,True,13,closed_loop,37,22.63984737989888,0.609318839071524,16.12515927031207
A,True,13,closed_loop,38,23.22307402816538,0.7374329425178187,16.6935441245281
A,True,13,closed_loop,39,23.532317465278137,0.609148792728917,17.229711068293373
A,True,13,closed_loop,40,23.920118268974615,0.6817599691251971,17.28735436493174
A,True,13,closed_loop,41,25.008079358193694,0.4234381655763375,18.534406146170863
A,True,13,closed_loop,42,24.88463063493151,0.6358698196388031,18.223714353816522
A,True,13,closed_loop,43,24.958620653463015,0.5986991063269472,17.981579035193494
A,True,13,closed_loop,44,25.377470074913955,0.7052839638809513,18.260423042169965
A,True,13,closed_loop,45,26.0718841855315,0.9530376904301973,18.47673063266461
A,True,13,closed_loop,46,24.821030310424536,0.4384156592456107,18.356610962987425
A,True,13,closed_loop,47,25.393619905685934,0.759340654884301,17.787058451242547
A,True,13,closed_loop,48,26.052844047907172,1.094997292400144,17.324883830118058
A,True,13,closed_loop,49,25.57881111103035,1.1625024458400628,16.476954052317442
A,True,13,closed_loop,50,26.15050245074258,1.601971120139113,14.782811345699855
A,True,13,closed_loop,51,27.2457725109426,1.5807604586095338,15.439600392026994
A,True,13,closed_loop,52,25.713737128261844,1.3362600916329697,15.132083873898042
A,True,13,closed_loop,53,25.684913784472347,1.4897467866724596,14.669737885703753
A,True,13,closed_loop,54,25.029293687847204,1.3785332931511682,14.502135859170716
A,True,13,closed_loop,55,24.09156565301423,1.391586314965312,13.929612181207716
A,True,13,closed_loop,56,24.76644947741097,1.4920884011551256,14.560506809674214
A,True,13,closed_loop,57,24.42206964765771,1.3950877917221403,14.014535757201266
A,True,13,closed_loop,58,24.171456688776242,1.5300959240926304,13.890161313748175
A,True,13,closed_loop,59,24.30955181953468,1.4281898401149669,13.94219279134227
A,True,13,closed_loop,60,24.835560675786382,1.6925397307927514,14.276609674339008
A,True,13,closed_loop,61,25.964233485205018,1.5865447275433648,14.94484845196972
A,True,13,closed_loop,62,25.143635827298766,1.5878450942479432,14.477469957852795
A,True,13,closed_loop,63,25.25154234898373,1.6789380105425007,14.500323608887129
A,True,13,closed_loop,64,25.260875699425103,1.6527933930229235,14.315525530648978
A,True,13,closed_loop,65,25.61388074498113,1.7362063642536227,14.284580131156483
A,True,13,closed_loop,66,25.723564960425815,1.7666096408266814,14.327273920896621
A,True,13,closed_loop,67,25.942056198749697,1.7389954342660119,14.497073996599562
A,True,13,closed_loop,68,26.316945984712532,1.750149835911084,14.814279113038197
A,True,13,closed_loop,69,26.284238230668354,1.7464868937697553,14.950870245037594
A,True,13,closed_loop,70,27.054295579554122,1.8162582529091529,15.22342388746892
A,True,13,closed_loop,71,32.498223815784165,1.5870913740589876,19.16441732179879
A,True,13,closed_loop,72,30.968053369557882,1.7572969521869812,17.956258538736577
A,True,13,closed_loop,73,29.985699682954607,1.9072441365162902,16.828543456612717
A,True,13,closed_loop,74,29.215175966609127,2.062151295688236,16.055821028466422
A,True,13,closed_loop,75,28.780071605790482,2.1875819847271294,15.88800017066904
A,True,13,closed_loop,76,28.333772643023135,2.286158480940994,15.747801687370314
A,True,13,closed_loop,77,28.129158951364616,2.4446860502815206,15.232938540224227
A,True,13,closed_loop,78,27.646850641176815,2.3280385555366623,14.826012989581072
A,True,13,closed_loop,79,27.788008348407818,2.3478008760322475,14.539931382303195
A,True,13,closed_loop,80,27.571590579022583,2.2993911130999494,14.248461820670345
A,True,13,closed_loop,81,32.05096916931468,2.5711052598779607,16.395154434163754
A,True,13,closed_loop,82,31.123409425624445,2.493925345630529,15.669632700789785
A,True,13,closed_loop,83,30.176485027270733,2.581220251714193,14.988723437787163
A,True,13,closed_loop,84,30.445256216747527,2.599879968524318,14.93922708469085
A,True,13,closed_loop,85,30.458114342938973,2.5190800837514296,15.446206453337682
A,True,13,closed_loop,86,29.78974993211284,2.3519611732547907,15.715584371277572
A,True,13,closed_loop,87,29.368416983069974,2.3103149024901097,15.488473119538334
A,True,13,closed_loop,88,29.183729217008175,2.3231818922411858,15.335489239681644
A,True,13,closed_loop,89,28.31375575995457,2.156309372062397,15.532030644910568
A,True,13,closed_loop,90,27.54556847696352,2.0586202640008433,15.164086661599356
A,True,13,closed_loop,91,30.12443656136558,1.8608483272148468,17.625523252465356
A,True,13,closed_loop,92,28.096142864542912,1.834803013295236,16.00763873286611
A,True,13,closed_loop,93,26.661809580942744,1.7345630208676635,15.22087389993998
A,True,13,closed_loop,94,26.151333202108834,1.7079392647968863,14.817368589905248
A,True,13,closed_loop,95,25.308744933785132,1.5946020282724973,14.47861106097769
A,True,13,closed_loop,96,25.357213940319827,1.7523966555127661,14.179964544191057
A,True,13,closed_loop,97,25.73339201588279,1.8769382743183478,14.43184937017682
A,True,13,closed_loop,98,26.704120022965213,1.9949267336818355,14.77247551209602
A,True,13,closed_loop,99,27.157879194688935,1.9233571313992133,15.083000144169715
A,True,13,static,0,4.279325132569599,-7.415692118455934,1.413943557114554
A,True,13,static,1,4.123024256636764,-6.694462181757156,0.9884578520472167
A,True,13,static,2,4.200334820157696,-6.354082818737173,0.875085037490309
A,True,13,static,3,4.240542909373246,-6.284599062447949,0.9903793439161954
A,True,13,static,4,4.242789254087435,-6.166365031943463,0.9930709924734668
A,True,13,static,5,4.238918842901865,-6.110973252556184,0.9634447037746631
A,True,13,static,6,4.521994621439151,-5.620993838794163,1.049306432152375
A,True,13,static,7,4.801531056325122,-5.2442065643382065,1.1261415363012794
A,True,13,static,8,5.07169347846373,-4.699548633764617,1.1799861329827834
A,True,13,static,9,5.1549377364652065,-4.395768986635268,1.0765196590432373
A,True,13,static,10,9.935707596878968,-0.9990149830119112,3.5699829253307502
A,True,13,static,11,17.96489206544767,0.6619724397936665,8.122449468633631
A,True,13,static,12,22.40378583651022,1.148875445197094,11.468202048826027
A,True,13,static,13,25.150689085127286,1.5568701103877636,14.037489365655354
A,True,13,static,14,25.99297520652198,1.627670102162142,15.598885001912608
A,True,13,static,15,25.925177979487632,1.4627255282391705,16.37251450266942
A,True,13,static,16,25.593810507401347,1.2862058756681816,16.902208517688575
A,True,13,static,17,25.372455266572512,1.1712585069681032,17.46417495877106
A,True,13,static,18,25.13237400963818,1.1480784810551492,17.568098571987658
A,True,13,static,19,24.834102205273307,0.9790071653322249,17.626109117273696
A,True,13,static,20,25.004622729216802,1.0563491724878997,17.796692636242803
A,True,13,static,21,24.7459464533442,1.0493349684077213,17.59724032143229
A,True,13,static,22,24.586471630678364,1.121219002832486,17.43105485369194
A,True,13,static,23,24.114733687658653,1.0701620023522647,16.931779938477074
A,True,13,static,24,23.938576730949837,1.0616829800333105,16.775362567862047
A,True,13,static,25,23.82954927486294,1.1261812803537088,16.472353683457268
A,True,13,static,26,23.60134432062856,1.1497798463739928,15.854514226997487
A,True,13,static,27,24.02192210684267,1.3449456255052448,16.126796844671045
A,True,13,static,28,24.259842240849434,1.4020652614065103,16.432313104828964
A,True,13,static,29,24.430227616775593,1.51211740585641,16.45363861229419
A,True,13,static,30,24.499946377881287,1.4102330967371095,16.57369097982458
A,True,13,static,31,24.25696719346602,1.4320874544610371,16.609520966537584
A,True,13,static,32,24.28507752631018,1.2396607158076485,16.83804599328074
A,True,13,static,33,23.774406087973635,1.192708001001009,16.415394432151253
A,True,13,static,34,23.674355005171137,0.9801566370766528,16.695970275386625
A,True,13,static,35,23.281839930075837,0.8084452166746668,16.365273141114944
A,True,13,static,36,23.700315462813347,0.92049398859714,16.484525361269434
A,True,13,static,37,23.64332666078008,0.6636360543838775,16.810038033967263
A,True,13,static,38,23.631193995822002,0.7370122248788711,16.918615748259665
A,True,13,static,39,23.66637641016314,0.6357687713609144,17.009372770763694
A,True,13,static,40,23.610715084560155,0.6120853619166784,16.86014697204789
A,True,13,static,41,23.25231551854351,0.490235956605497,16.659886175787552
A,True,13,static,42,23.240164141374958,0.43665964305653154,16.711454818074603
A,True,13,static,43,23.58567098804527,0.5937315075261606,16.79098410407824
A,True,13,static,44,23.615762880270854,0.4346193458834591,16.920141575445353
A,True,13,static,45,24.05769413240799,0.5841805084963111,16.889446979081985
A,True,13,static,46,24.674103323274085,0.6806679692551031,16.72898350172269
A,True,13,static,47,26.489089463091705,1.224034800972021,16.6660879706069
A,True,13,static,48,27.96507443752107,1.564095736815719,16.049269620661754
A,True,13,static,49,28.841118783970163,1.788281440095134,14.981771618420183
A,True,13,static,50,29.148186375861275,2.0481128188038284,15.029721399342913
A,True,13,static,51,28.568897937793547,1.9928797249999748,15.389811649555512
A,True,13,static,52,28.360786419854488,2.0949131729427215,15.80513240098693
A,True,13,static,53,27.74468450178777,1.9253535257401175,15.102368801738827
A,True,13,static,54,27.800191206918015,1.9813199599456253,15.186268402935072
A,True,13,static,55,27.40753418366916,1.8810071989411767,14.783910031728963
A,True,13,static,56,27.35842778309635,1.929537170333404,15.130357256247079
A,True,13,static,57,27.311955680733305,1.8159311798137798,15.313265021644641
A,True,13,static,58,27.04006791650204,1.8457294208736965,15.493329512396315
A,True,13,static,59,26.401025112148773,1.8484774070712067,14.534306382988085
A,True,13,static,60,26.683802671012586,1.956897831509858,14.320213892603403
A,True,13,static,61,26.715961719879857,1.8963235841740758,14.587609436594542
A,True,13,static,62,27.07598467248656,1.916935318213629,15.070815482367413
A,True,13,static,63,27.270407447253515,1.9158536320454929,15.26206419723774
A,True,13,static,64,27.834270114833433,1.9193736339934908,15.493304084652776
A,True,13,static,65,27.634479780555854,2.027765309065644,15.002963895852595
A,True,13,static,66,28.142959947931576,2.0228569869776405,15.236567884275956
A,True,13,static,67,28.216765433771084,2.132727693552798,15.021195470787566
A,True,13,static,68,28.338097360278496,2.2431877334286465,14.928354933419158
A,True,13,static,69,28.57976237151094,2.1161241768381114,15.231972972773884
A,True,13,static,70,28.452654943263582,2.092081346455576,15.063933534779837
A,True,13,static,71,28.41733842812981,2.0405405092115845,14.880230880664286
A,True,13,static,72,28.89077849897212,2.2411650489848234,14.748558063830616
A,True,13,static,73,28.777706298133584,2.3113765902655885,14.276125848915973
A,True,13,static,74,28.866023400172356,2.363298605172489,13.682152507109924
A,True,13,static,75,28.95114462674532,2.350248123387326,14.119856890422556
A,True,13,static,76,29.112091716220316,2.439293400796206,14.11565435960923
A,True,13,static,77,28.783204055790694,2.4935983059279807,14.183727481147244
A,True,13,static,78,28.907910585161943,2.523319537466344,14.277409098487519
A,True,13,static,79,28.99238537895395,2.4323889650346446,13.956140482626177
A,True,13,static,80,29.132324115678944,2.448810094580591,13.785682543674866
A,True,13,static,81,29.38366161222453,2.4409221050724033,14.192513714727943
A,True,13,static,82,29.583029387873296,2.4099763537237515,14.202803205858444
A,True,13,static,83,29.497002594776244,2.2791989453406645,14.568940656846877
A,True,13,static,84,29.869944106966283,2.3603026308017037,14.862650320738496
A,True,13,static,85,29.833465369637963,2.3771830858313137,15.041480749877914
A,True,13,static,86,29.706766301647992,2.2754807409573954,15.0207741178397
A,True,13,static,87,29.582122061600085,2.293137486101975,15.117317355195146
A,True,13,static,88,29.51591141819664,2.259402205468625,14.956693971776374
A,True,13,static,89,29.3030316158881,2.2257288168643523,14.812736203416954
A,True,13,static,90,29.707149046944036,2.4646423837479983,15.111616051884587
A,True,13,static,91,29.608968345463467,2.484495640249682,14.778842588916858
A,True,13,static,92,29.214437110241025,2.4487645853122246,15.130655170151547
A,True,13,static,93,29.183773929335825,2.466517516122304,14.948708766187528
A,True,13,static,94,28.603060811659088,2.371877849508575,15.227042731376526
A,True,13,static,95,28.560115199436556,2.327743033672415,14.912257370264006
A,True,13,static,96,28.302826989399406,2.1971756359556296,15.158937716849868
A,True,13,static,97,28.541144661183242,2.1046151517574248,15.30625471888586
A,True,13,static,98,28.652316210812973,2.1556502093946257,15.228094137807721
A,True,13,static,99,28.595624681676515,2.1077940043429373,15.027905827951342
A,True,14,closed_loop,0,4.187832948329175,-6.905564905237806,1.0787924260660509
A,True,14,closed_loop,1,4.095906825145181,-6.24814946302466,0.8426945258580357
A,True,14,closed_loop,2,4.267993929589252,-6.059417215150279,0.871580205017738
A,True,14,closed_loop,3,4.442893853248914,-5.755589063371052,0.9839381235677677
A,True,14,closed_loop,4,4.442486027633745,-5.691425410995831,0.9920614775931651
A,True,14,closed_loop,5,4.5817055368614,-5.511961235715635,1.119802424958025
A,True,14,closed_loop,6,4.619818725385838,-5.353928765802493,1.0390429647599657
A,True,14,closed_loop,7,4.78945753147779,-4.874958485648585,1.018921584553229
A,True,14,closed_loop,8,4.831933216997272,-4.649900583201333,0.9723691354291004
A,True,14,closed_loop,9,4.973103509364045,-4.374929930889493,0.9778883150046975
A,True,14,closed_loop,10,8.858363820986602,-1.5219045923494132,3.317733300191843
A,True,14,closed_loop,11,15.749756205876997,0.12087429511341803,8.002766150037951
A,True,14,closed_loop,12,21.071968736572174,0.9917783292105385,11.228500485604792
A,True,14,closed_loop,13,23.87797434893045,1.3265925397459044,13.248332031581866
A,True,14,closed_loop,14,24.290336561553882,1.3109798703247617,14.583922833011476
A,True,14,closed_loop,15,24.387560922021077,1.2803145433098582,15.4322313121684
A,True,14,closed_loop,16,24.08944241096572,1.0632459550225621,16.276045168838056
A,True,14,closed_loop,17,23.90927761446709,1.0720217568739672,16.40663353620295
A,True,14,closed_loop,18,23.634739492691796,1.0860494921619834,16.499364245994588
A,True,14,closed_loop,19,23.555465768469745,0.8727584181351812,16.77881179167109
A,True,14,closed_loop,20,23.402650643641607,1.0219785681899258,16.50778879760743
A,True,14,closed_loop,21,22.090488642083915,0.9419608168107874,15.416170948963568
A,True,14,closed_loop,22,21.994771176089042,0.9615304268351288,15.352474497943826
A,True,14,closed_loop,23,21.942428134413163,0.8970592626482857,15.268366569871736
A,True,14,closed_loop,24,21.99619658637268,0.7259985234022436,15.371065175918147
A,True,14,closed_loop,25,22.129838050336115,0.798901395755216,15.43967755738656
A,True,14,closed_loop,26,22.231097617235424,0.892490024796611,15.384263341301528
A,True,14,closed_loop,27,22.574559157362756,0.8758866058382728,15.734579119634446
A,True,14,closed_loop,28,22.658349131139786,0.7857662320509912,15.80970341011897
A,True,14,closed_loop,29,22.53178238014453,0.7009820837212546,16.09717950706303
A,True,14,closed_loop,30,22.665612392996668,0.7060170173426257,16.264982063390153
A,True,14,closed_loop,31,21.852581662270165,0.5494174692243646,15.560766806828918
A,True,14,closed_loop,32,21.748567023268382,0.4419357988432313,15.46356297690126
A,True,14,closed_loop,33,21.51865320291044,0.5286890728805611,15.276074300778587
A,True,14,closed_loop,34,21.35331978027797,0.46384556606122224,15.11771854937154
A,True,14,closed_loop,35,21.08947281722759,0.32483011645287,15.067354603746507
A,True,14,closed_loop,36,21.192385759160633,0.2722376082002045,15.31128694289088
A,True,14,closed_loop,37,21.530032051699177,0.42543677290779036,15.468573333238927
A,True,14,closed_loop,38,21.86196650148427,0.4868792407521461,15.581793571590785
A,True,14,closed_loop,39,21.842647498241124,0.5271695675839028,15.740959963627366
A,True,14,closed_loop,40,22.31347422919508,0.6915780686768197,15.84221563761065
A,True,14,closed_loop,41,22.936594413933307,0.514064421029461,16.80879024827422
A,True,14,closed_loop,42,22.809836282641825,0.621950345736055,16.45110844578281
A,True,14,closed_loop,43,22.41278443254646,0.42663656681057427,16.223570112068117
A,True,14,closed_loop,44,22.128890994372608,0.4001387404918899,15.635946741512987
A,True,14,closed_loop,45,22.14610320745213,0.5068438146849348,15.563955536033426
A,True,14,closed_loop,46,22.411905997235824,0.32815823945709954,15.393183586329478
A,True,14,closed_loop,47,24.811641224872115,0.6261538500260498,16.17297757253218
A,True,14,closed_loop,48,25.93431093845126,0.9783543698072301,15.93785070870399
A,True,14,closed_loop,49,27.5006047831358,0.9604591020478468,16.325359104221015
A,True,14,closed_loop,50,27.377184352488467,1.2994318495507284,16.749368149781855
A,True,14,closed_loop,51,27.5139741614355,1.482083455865731,16.977387990297142
A,True,14,closed_loop,52,25.6305304272601,1.4445916081061234,15.434249170107568
A,True,14,closed_loop,53,23.73534059470676,1.1663239410348714,14.780239624441286
A,True,14,closed_loop,54,23.076262257831644,1.1889108713283698,14.216426630947831
A,True,14,closed_loop,55,22.162906379832872,1.1335400212419542,13.25782169253664
A,True,14,closed_loop,56,22.16540424218262,1.1529736609004897,13.162895387307296
A,True,14,closed_loop,57,22.019619201881216,1.3193839137272572,12.961863783965091
A,True,14,closed_loop,58,22.814236576355686,1.4057086486347483,13.429523927858858
A,True,14,closed_loop,59,23.53480647516875,1.4419679124781062,13.682624366775856
A,True,14,closed_loop,60,23.972747908747106,1.4927036161323626,13.780654267261832
A,True,14,closed_loop,61,25.24427361784646,1.7300451309750746,14.615941990647029
A,True,14,closed_loop,62,25.37027053657823,1.763609674994564,14.389634098333582
A,True,14,closed_loop,63,25.935467540458266,1.8406210343802627,14.279482287048845
A,True,14,closed_loop,64,26.20430942513264,1.8986624652218487,14.637936486839472
A,True,14,closed_loop,65,26.757938448301683,2.0841830403583415,14.735573676637081
A,True,14,closed_loop,66,26.971546925537936,2.0155483320123753,14.461494665449463
A,True,14,closed_loop,67,26.933273768478273,2.038869215540963,14.447281824390101
A,True,14,closed_loop,68,27.158299008726733,2.0768050720091513,14.377961883483637
A,True,14,closed_loop,69,27.820890914126817,2.174219516346182,14.870416231711665
A,True,14,closed_loop,70,27.906750367411306,2.269358727219086,14.738572970102409
A,True,14,closed_loop,71,33.46816108128975,2.4338999746452643,17.964459166245273
A,True,14,closed_loop,72,31.11989051594578,2.4705278281310807,16.752966423052783
A,True,14,closed_loop,73,30.1817169397715,2.3745396074478142,15.59851236514502
A,True,14,closed_loop,74,29.20299562791854,2.2724820330717144,15.680701052738423
A,True,14,closed_loop,75,28.63907890365056,2.18727965482421,15.422790466875457
A,True,14,closed_loop,76,28.401477009637645,2.1438623783693407,15.525404889558478
A,True,14,closed_loop,77,28.314778186905553,2.1533024036670403,15.504474079489768
A,True,14,closed_loop,78,28.40320556950529,2.1901245723470453,15.70946679024778
A,True,14,closed_loop,79,28.394235915654676,2.2010403789491564,15.203887864670882
A,True,14,closed_loop,80,28.131283123142367,2.1785945561686506,15.449053222853392
A,True,14,closed_loop,81,32.91696370594976,2.1400804178028863,18.78141777715632
A,True,14,closed_loop,82,31.158991249919865,2.235478878002557,16.67921472972889
A,True,14,closed_loop,83,29.555837528820813,2.066514159602258,16.31949481704953
A,True,14,closed_loop,84,29.08784729540963,2.0404268506366257,15.298318275297541
A,True,14,closed_loop,85,28.470382773386074,1.9691194391675697,15.511074572259176
A,True,14,closed_loop,86,28.232949370004008,1.9738885297801343,15.621138362491193
A,True,14,closed_loop,87,27.690862850833142,1.940036882096745,15.656876882182706
A,True,14,closed_loop,88,27.655942288061556,1.9588408425551218,15.513037119882362
A,True,14,closed_loop,89,27.591197732390413,1.9573901914811558,15.25887548041534
A,True,14,closed_loop,90,27.500936790929206,2.0040390929856122,15.131232066670115
A,True,14,closed_loop,91,29.84541867227614,1.6955667118268076,17.479803522204865
A,True,14,closed_loop,92,28.447177327419467,1.7620527095508514,16.526121135737235
A,True,14,closed_loop,93,27.306407275749034,1.6691469412985127,16.208915251422006
A,True,14,closed_loop,94,27.082496788394327,1.724457693625505,15.52699959495226
A,True,14,closed_loop,95,27.37026078362359,1.9169402768102473,15.0707802987922
A,True,14,closed_loop,96,27.46923535792868,1.947475226680403,15.443762559598248
A,True,14,closed_loop,97,27.05830238689975,1.840616068231908,15.125324297313142
A,True,14,closed_loop,98,27.43298167884559,1.8979441735780445,14.794901108604591
A,True,14,closed_loop,99,27.423894211596647,1.8543191884543504,14.654662925485907
A,True,14,static,0,4.187832948329175,-6.905564905237806,1.0787924260660509
A,True,14,static,1,4.071119251950846,-6.333929561084841,0.8466042166511816
A,True,14,static,2,4.257406835204759,-6.080948898993629,0.8489939790917687
A,True,14,static,3,4.4117028009265065,-5.794965366048145,0.9610319914693511
A,True,14,static,4,4.438764865487713,-5.720713665717063,0.9958802240582406
A,True,14,static,5,4.541681158445793,-5.572805063852126,1.0881621786244315
A,True,14,static,6,4.6983134637383195,-5.27677070931284,1.1053496383047963
A,True,14,static,7,4.7371296088403945,-4.935738137106343,0.9763596743241897
A,True,14,static,8,4.827531943291756,-4.662548642721609,0.9630870321712405
A,True,14,static,9,4.951388328272116,-4.438933570772262,0.9916970790854037
A,True,14,static,10,9.169557573593535,-1.338126555672454,3.4771037216358405
A,True,14,static,11,15.624708773858638,0.10580750272940063,7.703215966018221
A,True,14,static,12,21.226493528608042,1.018477320237109,11.17137642677917
A,True,14,static,13,23.787678773241257,1.2141967760445178,13.278178483702378
A,True,14,static,14,24.510281620481496,1.2557983546544678,14.786993574321308
A,True,14,static,15,25.044844949821144,1.2622293438926917,16.097169522506036
A,True,14,static,16,24.75642429120867,1.09677487799685,16.96678693190774
A,True,14,static,17,24.398745481374874,1.0494396979908656,17.005985444716284
A,True,14,static,18,24.205144976595136,1.1655605977120518,16.967475066056537
A,True,14,static,19,23.964664872797012,0.9633379497266858,17.047687177757506
A,True,14,static,20,24.093174592082807,1.1681131163922767,16.94136398033235
A,True,14,static,21,23.775216103681032,1.1866813743108207,16.74559230350066
A,True,14,static,22,23.66406065171184,1.1144662138195558,16.725135439727822
A,True,14,static,23,23.388338257864408,1.0918698507961622,16.41374884804876
A,True,14,static,24,23.280638911142788,0.9634700428849712,16.243343124450078
A,True,14,static,25,23.22661813172606,0.9805713253664584,16.220010221723104
A,True,14,static,26,23.426910907909246,1.0417700809730024,16.24018592397213
A,True,14,static,27,23.519449776141446,1.112942535583713,16.34135293274625
A,True,14,static,28,23.564806195737972,1.0528769197269774,16.369845958164444
A,True,14,static,29,23.554433242603498,1.0199620143918753,16.62459385919735
A,True,14,static,30,23.578303428518186,0.9280122103180202,16.780689742413674
A,True,14,static,31,23.618055382553155,0.8709673744676024,16.840947588063255
A,True,14,static,32,23.552895500729775,0.7291818644378777,16.81266311270367
A,True,14,static,33,23.34018085901654,0.82867591347053,16.719326634318378
A,True,14,static,34,22.74156795435842,0.7254669820748058,16.03497558645692
A,True,14,static,35,22.67629117793349,0.5760899411795833,16.14867686859696
A,True,14,static,36,22.789768377002158,0.5314353957789122,16.54768810957911
A,True,14,static,37,22.83822881908877,0.6643147857354877,16.34671803320644
A,True,14,static,38,23.310002711595228,0.6905718292807445,16.589115856111906
A,True,14,static,39,23.140632727158465,0.7678583099705437,16.385610155201036
A,True,14,static,40,23.00316278746779,0.6776405719310167,16.256991697226876
A,True,14,static,41,22.87884721068472,0.6754893881397154,16.15523521986228
A,True,14,static,42,23.3221472264725,0.7360778564328712,16.345298154194538
A,True,14,static,43,22.795470686073816,0.5826310223041217,16.12370105029032
A,True,14,static,44,23.165003005367936,0.660830763207592,16.039119297011563
A,True,14,static,45,23.298133666200503,0.7653912619726938,15.49971858552073
A,True,14,static,46,23.44782491770833,0.7223629788755638,15.110129597174016
A,True,14,static,47,23.694527697997398,0.8381682496429588,15.108780497858982
A,True,14,static,48,24.823268598794183,1.0962177746909774,14.927144762759943
A,True,14,static,49,25.78647280478606,1.344895507890022,14.286701659118151
A,True,14,static,50,27.184609654925477,1.502323092606441,15.662881656452901
A,True,14,static,51,28.25092477724846,1.7537998235721857,15.664733625411548
A,True,14,static,52,28.095954849802,1.833552111138184,16.07965188291729
A,True,14,static,53,26.859964433444286,1.5517853373776893,16.539009592237132
A,True,14,static,54,26.08271397584028,1.538608584412214,16.437069726256492
A,True,14,static,55,26.314880572817597,1.6349015534967675,16.436715334740402
A,True,14,static,56,25.861002977385358,1.4499450966009284,16.787012648298457
A,True,14,static,57,25.958097833406327,1.566836326580401,16.564780505156197
A,True,14,static,58,25.930100698815576,1.7135464297655207,16.606182756405357
A,True,14,static,59,26.10965281518385,1.5489033163931885,16.92254309259212
A,True,14,static,60,26.60135677245566,1.6953741236933724,16.88946337647494
A,True,14,static,61,26.971861531557792,1.8023726854399607,16.96045113662176
A,True,14,static,62,27.225574816131598,1.9002028976264504,16.725182844040347
A,True,14,static,63,27.42549436983404,1.9492502320875815,16.69930977117966
A,True,14,static,64,27.41566268501011,2.0198381235352825,16.255485773507694
A,True,14,static,65,27.29997403645199,1.9211704703189134,16.006596931875606
A,True,14,static,66,27.452134987137786,1.8861817524569904,15.955837726804665
A,True,14,static,67,27.53459149233161,1.7869104497136048,16.387798867160345
A,True,14,static,68,27.559545629996276,1.8380461973644202,15.889364782727958
A,True,14,static,69,27.759388544370083,1.9530725644740903,15.507740415046849
A,True,14,static,70,27.998231286312148,2.0347328048538347,15.449588052849391
A,True,14,static,71,28.266327544416935,2.1218994481511024,14.923733879948514
A,True,14,static,72,28.760382673926426,2.166530245406145,14.697625268859248
A,True,14,static,73,28.94310184999596,2.0983745535655784,14.175828895211325
A,True,14,static,74,29.2159245051693,2.1849718454278464,14.275898970094582
A,True,14,static,75,29.52464735012583,2.247978372545667,14.242115209906357
A,True,14,static,76,29.342242092259195,2.331793332778244,14.000685150846843
A,True,14,static,77,29.22970431984527,2.23136198042333,13.711843313745732
A,True,14,static,78,29.114687947841883,2.321449435307677,13.704049485813812
A,True,14,static,79,28.9481130421175,2.372281493246635,13.934304086559534
A,True,14,static,80,28.678088054333,2.329773747173288,13.99569976208498
A,True,14,static,81,28.58003014423956,2.2715505463402548,14.002939854421923
A,True,14,static,82,28.25276301199709,2.267360665188743,13.991192816615188
A,True,14,static,83,27.855467891775163,2.1776755625200344,13.878727568929179
A,True,14,static,84,27.831101361568923,2.2741584837512883,13.65332564075027
A,True,14,static,85,27.910997372308984,2.3195829639398924,13.755429144938981
A,True,14,static,86,28.061590483727873,2.317163622046139,13.85557093695025
A,True,14,static,87,28.118207276209358,2.2760339027150533,13.780927614593828
A,True,14,static,88,27.72009071879262,2.332503738519493,13.79132969271622
A,True,14,static,89,27.719989177909593,2.293917827071842,13.94851512544065
A,True,14,static,90,27.482495436125664,2.247572024851633,14.025495492751814
A,True,14,static,91,26.927807566759977,2.1318026223596216,14.561187419037275
A,True,14,static,92,26.896423447147374,2.04876959029806,14.33216640605857
A,True,14,static,93,27.249508427269603,2.045554798082352,14.480010534770791
A,True,14,static,94,27.474418978705344,2.072319655654341,14.606911908210739
A,True,14,static,95,28.022483570917007,2.192913510102633,14.937437530574533
A,True,14,static,96,28.403219608289717,2.1179687267710396,14.871971800076865
A,True,14,static,97,27.807906394682988,2.0163530712082864,14.773746737937254
A,True,14,static,98,28.244235036512723,2.035811083789966,14.941432484077502
A,True,14,static,99,28.20454125929712,1.986600612039675,14.91594427886191
A,False,0,closed_loop,0,3.8330437081052886,-7.641814217154574,0.983856700469484
A,False,0,closed_loop,1,3.807372271967848,-7.6298872223803835,0.976520330536701
A,False,0,closed_loop,2,3.78274783949596,-7.779346584218476,0.9907396358094975
A,False,0,closed_loop,3,3.775463768044631,-7.835859189154007,0.9896274470727158
A,False,0,closed_loop,4,3.7532896246658054,-7.92860337719886,0.9951240200804575
A,False,0,closed_loop,5,3.714717673625899,-8.086165694992074,0.9966911718947022
A,False,0,closed_loop,6,3.722040171476349,-8.043034837988024,0.9870267151451939
A,False,0,closed_loop,7,3.7061931864455766,-8.099020556889796,0.9893037791227588
A,False,0,closed_loop,8,3.693613788882152,-8.154456014563582,0.9916398965575253
A,False,0,closed_loop,9,3.6748197712379125,-8.232153934911075,0.9959597943906152
A,False,0,closed_loop,10,3.675481527569777,-8.304906730013311,0.9983190488030605
A,False,0,closed_loop,11,3.6560161032355083,-8.358540187228057,0.9972827531131356
A,False,0,closed_loop,12,3.654901511755462,-8.374433439130039,0.9994257067725019
A,False,0,closed_loop,13,3.6187205625570127,-8.532414190613663,1.0029034820704334
A,False,0,closed_loop,14,3.6128682399242424,-8.616690673239246,1.0134146918349558
A,False,0,closed_loop,15,3.5963155960397395,-8.700024570324814,1.0140634804278836
A,False,0,closed_loop,16,3.5643802125534685,-8.797365325498538,1.0047215351980128
A,False,0,closed_loop,17,3.557173073305252,-8.906485800903857,1.0104989999078227
A,False,0,closed_loop,18,3.5564621644202354,-8.969978091388993,1.0141408102046525
A,False,0,closed_loop,19,3.541337820488181,-9.09692804808786,1.0130931997849646
A,False,0,closed_loop,20,3.518454623906756,-9.22430388161651,1.013732635163903
A,False,0,closed_loop,21,3.5141386379116413,-9.259523880153429,1.0193804202083667
A,False,0,closed_loop,22,3.493978109250666,-9.3943311226214,1.0183379109595732
A,False,0,closed_loop,23,3.4820685327865526,-9.548231681260944,1.0241834858368772
A,False,0,closed_loop,24,3.4601459202707523,-9.71572760536264,1.0264551067422238
A,False,0,closed_loop,25,3.4508413500890556,-9.765276046941436,1.0292567351277537
A,False,0,closed_loop,26,3.4304861739649826,-9.950471372040012,1.0317163302555932
A,False,0,closed_loop,27,3.4140666623489673,-10.074421325802804,1.0326261627650208
A,False,0,closed_loop,28,3.4216965880648247,-10.164929207557444,1.0343165024182521
A,False,0,closed_loop,29,3.416852339559353,-10.182560799227659,1.0360158494988838
A,False,0,closed_loop,30,3.407441413103998,-10.276437860426496,1.041640664153227
A,False,0,closed_loop,31,3.417982719019257,-10.292027325349526,1.0500235334911436
A,False,0,closed_loop,32,3.418089912185193,-10.33959435562399,1.057522552221213
A,False,0,closed_loop,33,3.4115153072763813,-10.410077659015705,1.0586465182024134
A,False,0,closed_loop,34,3.4143447691735287,-10.438539675320277,1.0640827201791876
A,False,0,closed_loop,35,3.40050209122119,-10.529590645810325,1.0587169597215276
A,False,0,closed_loop,36,3.3891204657926033,-10.56532489600625,1.0561800666873151
A,False,0,closed_loop,37,3.4138931009854043,-10.576713581182927,1.0706480166775398
A,False,0,closed_loop,38,3.403710238964594,-10.569300633612501,1.0671686861747036
A,False,0,closed_loop,39,3.404398583404761,-10.604058803946018,1.0745757649836454
A,False,0,closed_loop,40,3.3985580077135715,-10.626432162700363,1.0773783430250452
A,False,0,closed_loop,41,3.3968528238881053,-10.7099529864357,1.0759859314834148
A,False,0,closed_loop,42,3.3783179654173225,-10.845518576270807,1.074824832161745
A,False,0,closed_loop,43,3.403970005889585,-10.83776824433402,1.085091973875304
A,False,0,closed_loop,44,3.3946674118811475,-10.861211324642829,1.0807542947113504
A,False,0,closed_loop,45,3.391866057428548,-10.844363571613789,1.0862498327909678
A,False,0,closed_loop,46,3.4053862647460704,-10.884197861231158,1.090634589153472
A,False,0,closed_loop,47,3.38561976038759,-10.947020462284046,1.0888302566169041
A,False,0,closed_loop,48,3.3997795849292713,-10.928712978312646,1.086516934769535
A,False,0,closed_loop,49,3.3866948669329466,-10.961049853498453,1.080206922879335
A,False,0,closed_loop,50,3.375193961076904,-11.011927499655433,1.0839993291438255
A,False,0,closed_loop,51,3.3752360594325617,-11.072592709945113,1.0835917897383118
A,False,0,closed_loop,52,3.3714225911050977,-11.08644859242463,1.0880414917820194
A,False,0,closed_loop,53,3.36549184947402,-11.086844775937003,1.0868907714637805
A,False,0,closed_loop,54,3.376595477240254,-11.13015780394116,1.0966533489193462
A,False,0,closed_loop,55,3.363700109497735,-11.199485617530465,1.0961543176067872
A,False,0,closed_loop,56,3.377497554145665,-11.183773468567132,1.0949419322568046
A,False,0,closed_loop,57,3.3759005459737836,-11.166993772326407,1.0939719567098292
A,False,0,closed_loop,58,3.372609361090839,-11.212835754343834,1.0973339076923796
A,False,0,closed_loop,59,3.37628582322044,-11.205594003354017,1.0971438199169101
A,False,0,closed_loop,60,3.391523227603854,-11.173144583197578,1.1025546794657097
A,False,0,closed_loop,61,3.3808287255315386,-11.185409897647792,1.1041906777603452
A,False,0,closed_loop,62,3.3794792165213905,-11.232451322088336,1.1071637469150868
A,False,0,closed_loop,63,3.3804696178410736,-11.261436172534085,1.1058272059717893
A,False,0,closed_loop,64,3.3665883640109535,-11.338161311601667,1.1028823730922293
A,False,0,closed_loop,65,3.3575823202227504,-11.361806731628247,1.1032412037632973
A,False,0,closed_loop,66,3.367430860089378,-11.370330384619207,1.1068764537120093
A,False,0,closed_loop,67,3.370736586468054,-11.365535593057437,1.1074441961324337
A,False,0,closed_loop,68,3.3698398008216857,-11.407213670728384,1.1143044568529155
A,False,0,closed_loop,69,3.355274688769866,-11.473186858829772,1.111860945894647
A,False,0,closed_loop,70,3.3653360487199273,-11.472034637681324,1.1231725766066087
A,False,0,closed_loop,71,3.3767670181811194,-11.47006340666258,1.132165731590085
A,False,0,closed_loop,72,3.380449102237202,-11.466199990403496,1.1297246211961671
A,False,0,closed_loop,73,3.3693781617665564,-11.528164621830015,1.1324697979573113
A,False,0,closed_loop,74,3.369072810999915,-11.534097905237301,1.1285097533627089
A,False,0,closed_loop,75,3.3718754545381473,-11.481657230884702,1.1262493095301054
A,False,0,closed_loop,76,3.3763747942219773,-11.51352927664779,1.1366924382620707
A,False,0,closed_loop,77,3.3707353841958123,-11.541160240046677,1.127156366254882
A,False,0,closed_loop,78,3.3803980536809797,-11.480715745729405,1.1301171622886788
A,False,0,closed_loop,79,3.3739827774515447,-11.509531926338127,1.1276606534501636
A,False,0,closed_loop,80,3.361940977691488,-11.57868639291487,1.1293738145655101
A,False,0,closed_loop,81,3.3844203879439227,-11.548502092202556,1.1387091443685164
A,False,0,closed_loop,82,3.3688015578369175,-11.602222532713986,1.1387748697044142
A,False,0,closed_loop,83,3.369871966610558,-11.672810370118496,1.1383619937634628
A,False,0,closed_loop,84,3.3804590225630555,-11.631479864533384,1.139506306675587
A,False,0,closed_loop,85,3.370139467252983,-11.705214803360292,1.1428165837847606
A,False,0,closed_loop,86,3.3766456656501482,-11.739241290776706,1.150440798228401
A,False,0,closed_loop,87,3.3734450283682254,-11.750958800356878,1.1495657488660767
A,False,0,closed_loop,88,3.383372205714787,-11.755117798213613,1.1548412954240181
A,False,0,closed_loop,89,3.3815586093698045,-11.772563641898486,1.150555537034131
A,False,0,closed_loop,90,3.3749182798203083,-11.753445368561339,1.1399867441108313
A,False,0,closed_loop,91,3.3668826603418243,-11.830001023860724,1.1466823703771225
A,False,0,closed_loop,92,3.3619757719224785,-11.852222035548051,1.1436127100200184
A,False,0,closed_loop,93,3.371970067054781,-11.861149382172039,1.148326734251441
A,False,0,closed_loop,94,3.365928113771039,-11.880101129502057,1.1440283808543035
A,False,0,closed_loop,95,3.3672154839037187,-11.903827922528151,1.1478583056258513
A,False,0,closed_loop,96,3.3691145532668703,-11.915985046674114,1.147954052429874
A,False,0,closed_loop,97,3.3821288906363822,-11.87726990528729,1.15419484696346
A,False,0,closed_loop,98,3.3690192425839327,-11.955524089993512,1.158972935055701
A,False,0,closed_loop,99,3.3672913141798095,-11.94164399872927,1.152605454770199
A,False,0,static,0,3.8330437081052886,-7.641814217154574,0.983856700469484
A,False,0,static,1,3.774860206529239,-7.809723000516361,0.9815029652732932
A,False,0,static,2,3.7274048634180326,-7.976736811867582,0.9833094433381068
A,False,0,static,3,3.7226305009510754,-8.057556345024045,0.9853694839162902
A,False,0,static,4,3.7111834367761234,-8.118307415277174,0.9893610558366844
A,False,0,static,5,3.6910316576953086,-8.234027551781478,0.996436704254795
A,False,0,static,6,3.670136717968642,-8.338941869293786,0.9935624530699464
A,False,0,static,7,3.649476831854399,-8.40218106929951,0.9896208903526773
A,False,0,static,8,3.6496581685764107,-8.405618942499583,0.9948480279017571
A,False,0,static,9,3.632073083942077,-8.478689379854082,0.9957457314863823
A,False,0,static,10,3.6273306930934837,-8.589344860663205,1.0026948945555991
A,False,0,static,11,3.5966391395717925,-8.70111565732038,1.008450440147401
A,False,0,static,12,3.594063959811671,-8.773030268658662,1.0152408348325428
A,False,0,static,13,3.58020986841505,-8.851126064044836,1.0120377507238452
A,False,0,static,14,3.5743280839824503,-8.930144363430621,1.026731981321315
A,False,0,static,15,3.5563442798356455,-9.109541068250477,1.032622102413721
A,False,0,static,16,3.5248524491152935,-9.21433890107791,1.0271163263372916
A,False,0,static,17,3.519511146978484,-9.279705390607631,1.0275404678398665
A,False,0,static,18,3.5183654166338463,-9.325565472026959,1.0269732040437896
A,False,0,static,19,3.5137376461522716,-9.480010603879949,1.0357476318741587
A,False,0,static,20,3.501920890422088,-9.519958518065854,1.036634323052129
A,False,0,static,21,3.5004564224777823,-9.570164146982725,1.0451582197550522
A,False,0,static,22,3.4823695367959266,-9.685488626135397,1.0470580540002334
A,False,0,static,23,3.4822666806530145,-9.758539786444828,1.048089030538638
A,False,0,static,24,3.459657359924261,-9.853344754847607,1.0425158419248317
A,False,0,static,25,3.459868936881582,-9.914907133989454,1.0503232731298888
A,False,0,static,26,3.446686848874448,-10.048743685912623,1.0543766578088054
A,False,0,static,27,3.456661974374408,-10.061113952006433,1.058340886467459
A,False,0,static,28,3.446789055186278,-10.148209544102228,1.0603795384217123
A,False,0,static,29,3.4402412941131177,-10.203590160034656,1.0685067482248838
A,False,0,static,30,3.4106170242956773,-10.416812212431402,1.0670934809598251
A,False,0,static,31,3.408941880434359,-10.452567404664954,1.0690645000740675
A,False,0,static,32,3.4124439642699396,-10.470853928036862,1.074206739631749
A,False,0,static,33,3.411049038796449,-10.487588889490732,1.071161211758435
A,False,0,static,34,3.40925854233682,-10.537315728095836,1.077123210095151
A,False,0,static,35,3.4075872262342,-10.629269447328276,1.0890083229402767
A,False,0,static,36,3.394581346456065,-10.65943842177378,1.0891572935760718
A,False,0,static,37,3.4003051711470094,-10.724878913441358,1.0895134462119505
A,False,0,static,38,3.3911846800269867,-10.771925178428345,1.0980117049288582
A,False,0,static,39,3.385518654126397,-10.813689877214722,1.0993177045866147
A,False,0,static,40,3.3868058301495316,-10.859850935491608,1.1022773966991128
A,False,0,static,41,3.3748315630183936,-10.919460869667915,1.1008389851494857
A,False,0,static,42,3.3705066653306655,-10.986947931577555,1.1101802710217676
A,False,0,static,43,3.3859570680914337,-10.978963732292685,1.1100482432487517
A,False,0,static,44,3.3659526223037344,-11.073556098639159,1.106638049635187
A,False,0,static,45,3.368448830158338,-11.052609546173045,1.114967507771871
A,False,0,static,46,3.3692171102847888,-11.102540631835373,1.1109517237363304
A,False,0,static,47,3.3520347460253284,-11.140346795459498,1.111538117195768
A,False,0,static,48,3.3721509522164848,-11.147707010902147,1.1140902257844347
A,False,0,static,49,3.374441469116005,-11.14202105710523,1.1153212425214118
A,False,0,static,50,3.3670938921004563,-11.227597375081428,1.1220862894299513
A,False,0,static,51,3.3624728748140384,-11.259750418772095,1.1241270626591506
A,False,0,static,52,3.3594270400553463,-11.292203955001563,1.1267981889230674
A,False,0,static,53,3.3546891529151317,-11.273023027424065,1.1267173424057122
A,False,0,static,54,3.349488745724166,-11.347280320329743,1.1269015460523832
A,False,0,static,55,3.336417488730391,-11.41176892771559,1.1320297018430538
A,False,0,static,56,3.3536874706393776,-11.394392097905959,1.1375592982867182
A,False,0,static,57,3.351376596178375,-11.398157944631654,1.137640122546763
A,False,0,static,58,3.3471290207761233,-11.456057514151368,1.1405457176568776
A,False,0,static,59,3.3583819147899177,-11.432431385149485,1.143056672042788
A,False,0,static,60,3.365506949627948,-11.422086844291401,1.143748113875226
A,False,0,static,61,3.3603611045123647,-11.443216870387866,1.1473404868034212
A,False,0,static,62,3.3529831490874713,-11.494827771755828,1.1508489026677855
A,False,0,static,63,3.353945515910095,-11.566686714525114,1.156209856566955
A,False,0,static,64,3.3521177210546873,-11.558871208480804,1.1567468966638572
A,False,0,static,65,3.345019328895375,-11.589227559077193,1.1593774654532774
A,False,0,static,66,3.336540556651378,-11.66141448226076,1.1561911243291056
A,False,0,static,67,3.346742342317794,-11.670518598677324,1.1619136789389002
A,False,0,static,68,3.3390536550290775,-11.704254333049397,1.1628107574962614
A,False,0,static,69,3.335055061238821,-11.755125471530489,1.166014724566755
A,False,0,static,70,3.3335469542155907,-11.7618518125997,1.1645905200135032
A,False,0,static,71,3.341423244856967,-11.759488817334542,1.1663289250867832
A,False,0,static,72,3.3480694813943415,-11.733681717337655,1.1679058689646815
A,False,0,static,73,3.340730472190567,-11.839837961797661,1.1761073318739335
A,False,0,static,74,3.3456036574057344,-11.823030009008276,1.1764301589361421
A,False,0,static,75,3.3499163050479717,-11.775634046595144,1.175030687669974
A,False,0,static,76,3.3457207449533897,-11.854384927446736,1.1766499648882467
A,False,0,static,77,3.3479707950158173,-11.879949265504342,1.181274602412999
A,False,0,static,78,3.346036819399096,-11.866646024113221,1.1806744662620898
A,False,0,static,79,3.3357312133175996,-11.925280089935898,1.1880180874491648
A,False,0,static,80,3.3268058069060182,-12.006960284563093,1.190784180195388
A,False,0,static,81,3.3359977975557835,-12.062786548164894,1.193665761395909
A,False,0,static,82,3.313206800060271,-12.10963120975677,1.192582131608929
A,False,0,static,83,3.3181990592901047,-12.163840995612517,1.1964495174484162
A,False,0,static,84,3.332610810921775,-12.136045311620352,1.1978828077623758
A,False,0,static,85,3.3205038878251987,-12.166647441046166,1.1964532506123622
A,False,0,static,86,3.3127070690895795,-12.203071348759197,1.1905591974368945
A,False,0,static,87,3.317232501003566,-12.230896858915584,1.1999864823384436
A,False,0,static,88,3.315869637335318,-12.268617754623044,1.2017162210089911
A,False,0,static,89,3.304091231840511,-12.315259996089184,1.2039211888491554
A,False,0,static,90,3.303810106036837,-12.320984138386214,1.2047379521588584
A,False,0,static,91,3.307866635875309,-12.366379515809234,1.2096234290937746
A,False,0,static,92,3.3036825709110516,-12.387213148262616,1.2087603970648921
A,False,0,static,93,3.2956006562111013,-12.379035079068686,1.1989973498373463
A,False,0,static,94,3.294632330114846,-12.421586197625004,1.2049851835687255
A,False,0,static,95,3.303425263424314,-12.420514875576998,1.2078950900596699
A,False,0,static,96,3.289863921173726,-12.451679638220577,1.2029031231566778
A,False,0,static,97,3.29651066761507,-12.427864121575562,1.1995134905638023
A,False,0,static,98,3.2875293103592145,-12.508828940441918,1.2018696176207504
A,False,0,static,99,3.2860834019995493,-12.538459057651627,1.206485320298502
A,False,1,closed_loop,0,3.932125324760958,-7.879426512916475,1.223443393344108
A,False,1,closed_loop,1,3.944436198647684,-7.932247904656557,1.2393424263906836
A,False,1,closed_loop,2,3.9107396552299325,-8.033010329574957,1.2388787428697003
A,False,1,closed_loop,3,3.904493464772626,-8.131894389511896,1.2476071065321024
A,False,1,closed_loop,4,3.896677499453249,-8.186006515590506,1.2473628669038967
A,False,1,closed_loop,5,3.8885093891163165,-8.267441899382662,1.2529780677635118
A,False,1,closed_loop,6,3.8885022178292146,-8.365500397692623,1.2714545096238525
A,False,1,closed_loop,7,3.8786027138354773,-8.441991719869819,1.277121537075933
A,False,1,closed_loop,8,3.884452503445028,-8.438317248408199,1.2786665011375127
A,False,1,closed_loop,9,3.8730519095900573,-8.500028581976636,1.2796960806479054
A,False,1,closed_loop,10,3.875466305054142,-8.550757130824712,1.2882461128834934
A,False,1,closed_loop,11,3.847246558355369,-8.675583215650134,1.2909927563449737
A,False,1,closed_loop,12,3.856787359877705,-8.746705195272131,1.308611005719037
A,False,1,closed_loop,13,3.8639766036779406,-8.746393829714153,1.310338166418181
A,False,1,closed_loop,14,3.8321020454346115,-8.910409862753196,1.3137465088225717
A,False,1,closed_loop,15,3.8206002645588595,-9.000239608688595,1.3200467556772864
A,False,1,closed_loop,16,3.8287744592874753,-8.997949481091917,1.3230940673672176
A,False,1,closed_loop,17,3.819649001012644,-9.0597409518072,1.327739488614732
A,False,1,closed_loop,18,3.823023753183651,-9.128400923921594,1.342449367606626
A,False,1,closed_loop,19,3.8290835661849805,-9.141108990195074,1.3451580905493767
A,False,1,closed_loop,20,3.8330992238756836,-9.203444407424149,1.351473820509396
A,False,1,closed_loop,21,3.816531637496103,-9.29724554844685,1.3555291863550973
A,False,1,closed_loop,22,3.82345141280785,-9.321642193108389,1.3587772162831293
A,False,1,closed_loop,23,3.8244451547134353,-9.309329210871384,1.3624784942135009
A,False,1,closed_loop,24,3.8205549725998256,-9.363190845811443,1.367518526352567
A,False,1,closed_loop,25,3.7971407167910027,-9.466469963089459,1.3689777208009886
A,False,1,closed_loop,26,3.784972207953887,-9.535319376294224,1.3701852607649896
A,False,1,closed_loop,27,3.794173569286541,-9.552110026446325,1.379020766681257
A,False,1,closed_loop,28,3.7775710523711337,-9.639777567029283,1.3806575890633626
A,False,1,closed_loop,29,3.7849830345253763,-9.626913486794322,1.380872963164921
A,False,1,closed_loop,30,3.781803731058302,-9.700825107929758,1.3866702379194369
A,False,1,closed_loop,31,3.7782924380411314,-9.736550791364635,1.3915624538099174
A,False,1,closed_loop,32,3.775001145309561,-9.777878364853231,1.3921902524885157
A,False,1,closed_loop,33,3.7870748405822408,-9.752755951601456,1.3980128860560856
A,False,1,closed_loop,34,3.7783188946899187,-9.804360139742833,1.3989294603602431
A,False,1,closed_loop,35,3.762034310219533,-9.882725758427693,1.3964193272190413
A,False,1,closed_loop,36,3.7575925475149545,-9.934107451995818,1.4032780579126
A,False,1,closed_loop,37,3.759012199236652,-9.950599481192176,1.4064315152650624
A,False,1,closed_loop,38,3.7608633677168744,-9.988388586750522,1.411942688880696
A,False,1,closed_loop,39,3.7686629017759734,-9.95710991836576,1.4121492390528732
A,False,1,closed_loop,40,3.7636489156052853,-10.06349680681034,1.420024996674389
A,False,1,closed_loop,41,3.7572841252308335,-10.14552910822863,1.426994905426212
A,False,1,closed_loop,42,3.75545833250659,-10.186066392326873,1.4314943424823612
A,False,1,closed_loop,43,3.72937130997723,-10.264044463677882,1.4222533476521069
A,False,1,closed_loop,44,3.736423900967658,-10.297320849323759,1.4293706841083498
A,False,1,closed_loop,45,3.738053226191665,-10.279769246509067,1.4289257610048136
A,False,1,closed_loop,46,3.7175273219064646,-10.365666388986666,1.4272927188933178
A,False,1,closed_loop,47,3.712191782623922,-10.46176745133648,1.4372647030607633
A,False,1,closed_loop,48,3.7073295640079795,-10.473727574429532,1.435942661882481
A,False,1,closed_loop,49,3.681864222243261,-10.633139874218964,1.4355118795963167
A,False,1,closed_loop,50,3.6848810027028542,-10.650339390556882,1.4397067725086765
A,False,1,closed_loop,51,3.6703525225100044,-10.749811203921134,1.4440430192079114
A,False,1,closed_loop,52,3.671766581529021,-10.753095579154035,1.4413532323181493
A,False,1,closed_loop,53,3.671342375890063,-10.808432849383207,1.4448128613881723
A,False,1,closed_loop,54,3.6683933303824126,-10.86634933667129,1.4483029811410286
A,False,1,closed_loop,55,3.67270076019884,-10.83787153420174,1.4478254380967563
A,False,1,closed_loop,56,3.6671690217383444,-10.902862656396813,1.4526333271303304
A,False,1,closed_loop,57,3.6637253251579343,-10.905007836444002,1.452671387121918
A,False,1,closed_loop,58,3.6677198826180284,-10.92178519481867,1.4558281124116679
A,False,1,closed_loop,59,3.6617544015052297,-10.984551701195983,1.4574183653780413
A,False,1,closed_loop,60,3.6523283456681828,-11.040454572997886,1.4562160821359285
A,False,1,closed_loop,61,3.647502599298925,-11.095797786798897,1.4576575189003804
A,False,1,closed_loop,62,3.642798166842436,-11.12864301197819,1.4586859008934603
A,False,1,closed_loop,63,3.6494581425280352,-11.11658712423783,1.460025694985083
A,False,1,closed_loop,64,3.6434217430166274,-11.18017335673539,1.460946038816812
A,False,1,closed_loop,65,3.6359663278534256,-11.223509371978814,1.4574470207737515
A,False,1,closed_loop,66,3.632737988224893,-11.229222618457372,1.4552621009815736
A,False,1,closed_loop,67,3.6319900517199954,-11.221354640127428,1.4607718296448666
A,False,1,closed_loop,68,3.63329606379853,-11.25221053112494,1.464815601713096
A,False,1,closed_loop,69,3.6325722188652954,-11.24449822227451,1.4600048685712874
A,False,1,closed_loop,70,3.6227135294521293,-11.337029265480714,1.4646687858243512
A,False,1,closed_loop,71,3.6250133116017618,-11.34479033011191,1.463657955228718
A,False,1,closed_loop,72,3.621577959385655,-11.352065327158563,1.4627480100034085
A,False,1,closed_loop,73,3.6157291657869624,-11.407131338256136,1.4648816671769627
A,False,1,closed_loop,74,3.616068111741015,-11.409967276029603,1.4621877818132434
A,False,1,closed_loop,75,3.610959973724853,-11.460293301583933,1.4642793731325974
A,False,1,closed_loop,76,3.6091586679232806,-11.505159058317881,1.4630451923223606
A,False,1,closed_loop,77,3.6046643893208192,-11.536008005350517,1.465595513618215
A,False,1,closed_loop,78,3.598377243198924,-11.587568829088523,1.4661765694603288
A,False,1,closed_loop,79,3.602550694102021,-11.549894127312925,1.4662550501611393
A,False,1,closed_loop,80,3.5997873496216317,-11.586824282502425,1.4649837055794726
A,False,1,closed_loop,81,3.595326736378268,-11.60788231172892,1.4609668400325255
A,False,1,closed_loop,82,3.5888230442761433,-11.629938771904497,1.4595424412852909
A,False,1,closed_loop,83,3.595767088447957,-11.628462100231374,1.458629633805823
A,False,1,closed_loop,84,3.5922722892091055,-11.63054224400964,1.4564460197839173
A,False,1,closed_loop,85,3.5867835137646638,-11.676908272845012,1.4581274954542476
A,False,1,closed_loop,86,3.5858936405563546,-11.697113919889405,1.4575899113047122
A,False,1,closed_loop,87,3.5876564069789754,-11.693886391742888,1.455282914282434
A,False,1,closed_loop,88,3.5859856311717184,-11.705580555683063,1.456408469645707
A,False,1,closed_loop,89,3.583951454092356,-11.709505402662975,1.4542134893426446
A,False,1,closed_loop,90,3.5885695334158974,-11.712663003502458,1.45607166434733
A,False,1,closed_loop,91,3.5789631337050296,-11.74718451033034,1.4523049003100381
A,False,1,closed_loop,92,3.5774850316073192,-11.762952042692312,1.451936062186743
A,False,1,closed_loop,93,3.5787599954051372,-11.772266434789914,1.452496107152711
A,False,1,closed_loop,94,3.57772944098448,-11.750503774360213,1.4492927078261058
A,False,1,closed_loop,95,3.577065673634919,-11.77162249902989,1.4486608717374485
A,False,1,closed_loop,96,3.5763082126122523,-11.788298662992295,1.4470456606829136
A,False,1,closed_loop,97,3.5708283668596863,-11.826931513771136,1.4470766343911616
A,False,1,closed_loop,98,3.570971128334721,-11.825938391218918,1.4451447945315807
A,False,1,closed_loop,99,3.5705907560056485,-11.821882415140303,1.4446001125938002
A,False,1,static,0,3.932125324760958,-7.879426512916475,1.223443393344108
A,False,1,static,1,3.9359339419374613,-7.967687754800344,1.2425552772799975
A,False,1,static,2,3.9101391637828713,-8.03920648005035,1.2374783192076328
A,False,1,static,3,3.909323672036194,-8.164407124470234,1.2508500456134093
A,False,1,static,4,3.9101493299169525,-8.222881962996537,1.269889847771849
A,False,1,static,5,3.8793062740385413,-8.3497539915371,1.2679267889144228
A,False,1,static,6,3.8887154069969276,-8.396703450213797,1.2726554899874094
A,False,1,static,7,3.8718124462566323,-8.483149447927959,1.2826165745216977
A,False,1,static,8,3.8820800633518147,-8.477807653727195,1.2854320164778212
A,False,1,static,9,3.864827850269583,-8.520492689469291,1.2837228249887236
A,False,1,static,10,3.8736662866795903,-8.568035991264487,1.29357561393992
A,False,1,static,11,3.8497865295155975,-8.67846878838241,1.290947256963226
A,False,1,static,12,3.8613995951693076,-8.702060409462659,1.3036557236789272
A,False,1,static,13,3.868180466384212,-8.711806903207394,1.3090214141856051
A,False,1,static,14,3.83361554942288,-8.878336222339511,1.3135976849710675
A,False,1,static,15,3.8180530925150804,-8.988125034607243,1.314646954344662
A,False,1,static,16,3.821577904330495,-8.996331025479755,1.3195300091017357
A,False,1,static,17,3.8267316926308053,-9.05313291153633,1.331212991658222
A,False,1,static,18,3.8349251627889607,-9.090029416431344,1.3419196533231268
A,False,1,static,19,3.81990816856783,-9.161267773025306,1.34062366669395
A,False,1,static,20,3.8220045135370513,-9.179048414286065,1.3454667032573815
A,False,1,static,21,3.8237669647973846,-9.258503146870767,1.3549485839465945
A,False,1,static,22,3.814718840416528,-9.293875340635507,1.3520608052904421
A,False,1,static,23,3.8218314549906727,-9.269263671682088,1.3593104538593674
A,False,1,static,24,3.8049824199877205,-9.382669881886077,1.3582269666694415
A,False,1,static,25,3.795563789479242,-9.460385028391867,1.3649494338623782
A,False,1,static,26,3.806889684774402,-9.464157411457435,1.3701415392319047
A,False,1,static,27,3.815511989590245,-9.470810312813002,1.3710227960062913
A,False,1,static,28,3.8040356338275156,-9.571489199121594,1.3800314791345645
A,False,1,static,29,3.804343137652534,-9.610817870797149,1.3813834781261534
A,False,1,static,30,3.8054001748530037,-9.6605877507753,1.3866343072763623
A,False,1,static,31,3.8077258332217467,-9.690453798652616,1.3926785702922138
A,False,1,static,32,3.7991648770504103,-9.76481607188569,1.3993901708557235
A,False,1,static,33,3.797693655208065,-9.806421077992617,1.4038811695838274
A,False,1,static,34,3.7921286142465473,-9.887675188769855,1.409580303574164
A,False,1,static,35,3.784393036508588,-9.942817344639376,1.413355160245084
A,False,1,static,36,3.7831099906952232,-10.018861999940032,1.4261531241154088
A,False,1,static,37,3.774833471699864,-10.067619137401907,1.4234177208505947
A,False,1,static,38,3.7695469885573316,-10.08983484803331,1.4234089278637374
A,False,1,static,39,3.7706549955431483,-10.089120009591252,1.4245103180598473
A,False,1,static,40,3.7694654288849976,-10.171509579396512,1.425821109893973
A,False,1,static,41,3.7720778251489158,-10.18516081167493,1.4311515232182368
A,False,1,static,42,3.75384750781116,-10.247835404986139,1.4301449579642709
A,False,1,static,43,3.7405571631086585,-10.36846375446273,1.4334896617165125
A,False,1,static,44,3.743532815894628,-10.39239216270626,1.436877815770124
A,False,1,static,45,3.7482581719408175,-10.375947281345884,1.4379108867424544
A,False,1,static,46,3.745090868941652,-10.460362278537152,1.4448517078082876
A,False,1,static,47,3.743944101055364,-10.50954570723367,1.453709871052273
A,False,1,static,48,3.7353641377025473,-10.556379169512903,1.4551050491225013
A,False,1,static,49,3.74100447874288,-10.608554458317835,1.4617566723342688
A,False,1,static,50,3.7432030972527137,-10.611349201658511,1.463686195866871
A,False,1,static,51,3.7417810337555033,-10.6477615750331,1.4658627752810904
A,False,1,static,52,3.7495204774577644,-10.653925727310625,1.4683960432063563
A,False,1,static,53,3.75110788992332,-10.651175921149383,1.4659546955704703
A,False,1,static,54,3.7470895356685516,-10.72923485405371,1.4710052612068718
A,False,1,static,55,3.7490461396743697,-10.743914742355495,1.4756294390016862
A,False,1,static,56,3.743995362507217,-10.819491221499575,1.481081039640463
A,False,1,static,57,3.742826230925011,-10.826204477610744,1.482318836209748
A,False,1,static,58,3.744067869680466,-10.870150926366074,1.4860108816157664
A,False,1,static,59,3.742075822771414,-10.879288890814083,1.4872414555601974
A,False,1,static,60,3.7392739887484923,-10.88534782409954,1.4876269931492612
A,False,1,static,61,3.7355732472382477,-10.926676289166105,1.4889504472976471
A,False,1,static,62,3.736792375167049,-10.93497961957692,1.4900063010702105
A,False,1,static,63,3.731836191373631,-10.95562388954461,1.4896813530013084
A,False,1,static,64,3.73526894435191,-10.96043145419484,1.4928690264714455
A,False,1,static,65,3.741167352598342,-10.982838488881237,1.4962016054697436
A,False,1,static,66,3.7380536011700127,-10.973352473870511,1.4921605568965515
A,False,1,static,67,3.735678238080078,-11.057686509335307,1.495588601112518
A,False,1,static,68,3.7283481441750417,-11.098731777013304,1.4961656087725936
A,False,1,static,69,3.735529643832552,-11.107905109057034,1.4973777411115972
A,False,1,static,70,3.7289787073382445,-11.178127969633914,1.5011781116346568
A,False,1,static,71,3.731386840665007,-11.185813572658835,1.5027988442077156
A,False,1,static,72,3.727718273991806,-11.177481259436737,1.5017467849431967
A,False,1,static,73,3.716184481685341,-11.222476108028212,1.5010721821572066
A,False,1,static,74,3.7264749701279705,-11.229680037579788,1.5049279056325837
A,False,1,static,75,3.7200626096805443,-11.24055888262213,1.5042320946533454
A,False,1,static,76,3.72371411438365,-11.25329581778202,1.5050616252370677
A,False,1,static,77,3.7181313055527014,-11.271098107151154,1.5051591522217438
A,False,1,static,78,3.7121276453005394,-11.294279034207444,1.504599952553124
A,False,1,static,79,3.7102941082812415,-11.299391753859204,1.5039103925250936
A,False,1,static,80,3.7047136297860668,-11.37976334712893,1.5067296440794848
A,False,1,static,81,3.700705467549884,-11.382691934237288,1.504451563586694
A,False,1,static,82,3.703316464424841,-11.395817265454214,1.5065359308454924
A,False,1,static,83,3.7035085163686006,-11.473893087353515,1.5087052808705648
A,False,1,static,84,3.700466533436774,-11.47842802878892,1.5081647603044976
A,False,1,static,85,3.6971102764050925,-11.472402398152278,1.5080328641662613
A,False,1,static,86,3.6985105331414565,-11.466217754452304,1.5062636218362224
A,False,1,static,87,3.698057842191498,-11.479921990328831,1.5069933365862163
A,False,1,static,88,3.7004536899933314,-11.47590814096081,1.5070982800998511
A,False,1,static,89,3.6980567855673407,-11.496621858433812,1.507863479658124
A,False,1,static,90,3.6966077307418908,-11.499668186329798,1.5082776383447152
A,False,1,static,91,3.7004353646487083,-11.504255094514532,1.5096735806445702
A,False,1,static,92,3.697324486838012,-11.564828498307405,1.511303665497163
A,False,1,static,93,3.694829850750594,-11.584051956777488,1.511596206129669
A,False,1,static,94,3.694820649884051,-11.571050106141252,1.5105025462972856
A,False,1,static,95,3.6877519479216616,-11.620349994801336,1.511253018919394
A,False,1,static,96,3.6926099620644592,-11.608235089548671,1.5105501914328292
A,False,1,static,97,3.687738196310453,-11.627093751049165,1.5107573083020445
A,False,1,static,98,3.687530941806356,-11.628357334015924,1.5112436219214889
A,False,1,static,99,3.68726892234305,-11.620039387479139,1.5100136917831957
A,False,2,closed_loop,0,4.5101155728946685,-6.615090652249516,1.2424150523030635
A,False,2,closed_loop,1,4.480227560522534,-6.603025384126464,1.2370204517374412
A,False,2,closed_loop,2,4.487172952578905,-6.68378636750337,1.247429242660053
A,False,2,closed_loop,3,4.508059978330289,-6.726053099452886,1.2722084570800336
A,False,2,closed_loop,4,4.5025433690585155,-6.719546633953862,1.2717026513860061
A,False,2,closed_loop,5,4.502375837502592,-6.781454766482021,1.2810017080129557
A,False,2,closed_loop,6,4.484443042846562,-6.914091008518106,1.2951586879815957
A,False,2,closed_loop,7,4.463719703014244,-7.021936290638647,1.3079919448409842
A,False,2,closed_loop,8,4.472727779858652,-7.048913204137738,1.3217184307939622
A,False,2,closed_loop,9,4.485601589451502,-7.059582008036851,1.3177477844843126
A,False,2,closed_loop,10,4.477186810383232,-7.200292182151137,1.3348890594147795
A,False,2,closed_loop,11,4.483193861800117,-7.216886765093954,1.3435742152669141
A,False,2,closed_loop,12,4.467655793388013,-7.330377737766401,1.360527026459069
A,False,2,closed_loop,13,4.4701673699888795,-7.347339024817418,1.3508413081933568
A,False,2,closed_loop,14,4.462045114956413,-7.408913087024705,1.3642204594708591
A,False,2,closed_loop,15,4.428994775395391,-7.546043920234087,1.3726715166600953
A,False,2,closed_loop,16,4.461108726461977,-7.5610073597931935,1.4013922675858244
A,False,2,closed_loop,17,4.45212782892096,-7.599517492740337,1.398231220108732
A,False,2,closed_loop,18,4.467292723193953,-7.624587328739057,1.4102923120915225
A,False,2,closed_loop,19,4.45753322490066,-7.711478222668814,1.421265659596678
A,False,2,closed_loop,20,4.426329779306898,-7.864545954612807,1.428937797991751
A,False,2,closed_loop,21,4.436655968393992,-7.8951848801391655,1.4403394102519502
A,False,2,closed_loop,22,4.437822751198777,-7.941100457470394,1.4506151089698804
A,False,2,closed_loop,23,4.435549577405737,-7.9733871491814945,1.4559216267555364
A,False,2,closed_loop,24,4.432153425482692,-8.018758768794314,1.4566792106653936
A,False,2,closed_loop,25,4.441434206888817,-8.052544049600543,1.4678018529238976
A,False,2,closed_loop,26,4.432621426573879,-8.13363711557337,1.4810214938453636
A,False,2,closed_loop,27,4.423316833077258,-8.220007463041517,1.4877920656258217
A,False,2,closed_loop,28,4.430041733252775,-8.251815197252393,1.5026018941832897
A,False,2,closed_loop,29,4.441805850015096,-8.292176439623036,1.5145202147163745
A,False,2,closed_loop,30,4.438821284399911,-8.307104253377927,1.5222285769199815
A,False,2,closed_loop,31,4.443099810306648,-8.460226531296506,1.5450363316424063
A,False,2,closed_loop,32,4.451266873170223,-8.457923751710604,1.5541826244170627
A,False,2,closed_loop,33,4.471604594405532,-8.475578094389379,1.5706434436927186
A,False,2,closed_loop,34,4.457884492699127,-8.57118654678937,1.579470265325133
A,False,2,closed_loop,35,4.444734255166982,-8.661148860425087,1.5807880822241227
A,False,2,closed_loop,36,4.445411982511049,-8.756228901590424,1.6012914716842166
A,False,2,closed_loop,37,4.449937819773841,-8.731664169892682,1.5953604615387007
A,False,2,closed_loop,38,4.448142549543968,-8.77498505261239,1.5954212864142467
A,False,2,closed_loop,39,4.4435734606098265,-8.859617915673939,1.6147926819502783
A,False,2,closed_loop,40,4.439332874881534,-8.868571862869965,1.6133799864959322
A,False,2,closed_loop,41,4.445377356349234,-8.958536168499498,1.6264555345517004
A,False,2,closed_loop,42,4.448404695583527,-9.005809692566858,1.6331976189650728
A,False,2,closed_loop,43,4.434253753876465,-9.082777838688052,1.6219767831907987
A,False,2,closed_loop,44,4.41835783764516,-9.140970016865408,1.6237050036000875
A,False,2,closed_loop,45,4.435211515358616,-9.161923491481412,1.6427352003422513
A,False,2,closed_loop,46,4.435150690411473,-9.193352133410249,1.64803212313992
A,False,2,closed_loop,47,4.435538468614641,-9.247420803573744,1.6551077373006837
A,False,2,closed_loop,48,4.437563581082239,-9.252200454383008,1.6526195508697796
A,False,2,closed_loop,49,4.446183542763161,-9.226296668357364,1.659976713821461
A,False,2,closed_loop,50,4.447576672815611,-9.236613716784435,1.6627049874912958
A,False,2,closed_loop,51,4.4372113048674136,-9.34294592272096,1.6688160782160952
A,False,2,closed_loop,52,4.428285733285427,-9.430748915328467,1.672569059242272
A,False,2,closed_loop,53,4.429231272583002,-9.479696869858598,1.6768284931814257
A,False,2,closed_loop,54,4.423472824515801,-9.534461888407138,1.681419061752286
A,False,2,closed_loop,55,4.432373934159058,-9.420688350247502,1.6752103328567243
A,False,2,closed_loop,56,4.412714303683168,-9.57188779108791,1.6780668481917473
A,False,2,closed_loop,57,4.416544628548092,-9.628179814263936,1.685931778963602
A,False,2,closed_loop,58,4.4082926663662105,-9.649609761362811,1.688539339597324
A,False,2,closed_loop,59,4.403230680891134,-9.747153965037961,1.69633790852709
A,False,2,closed_loop,60,4.40089294083034,-9.803239087037088,1.7005329399249483
A,False,2,closed_loop,61,4.4135672980996725,-9.882596315744015,1.7128924671783983
A,False,2,closed_loop,62,4.410422273540415,-9.925688483194863,1.714784486634823
A,False,2,closed_loop,63,4.409013767850615,-9.948432909071151,1.71786846926788
A,False,2,closed_loop,64,4.408152739543406,-9.983934607617348,1.7182283290644558
A,False,2,closed_loop,65,4.406473174079903,-10.046131821300968,1.7233751578459866
A,False,2,closed_loop,66,4.413369513114297,-10.037698087509062,1.7229137868759359
A,False,2,closed_loop,67,4.4115441456044495,-10.078322722102245,1.7260761105892046
A,False,2,closed_loop,68,4.41095831256398,-10.083768806856561,1.7291535823416353
A,False,2,closed_loop,69,4.398837846335151,-10.201616536497985,1.7337911352063893
A,False,2,closed_loop,70,4.399434364291696,-10.218366585119071,1.7363741683256926
A,False,2,closed_loop,71,4.399040028113467,-10.203892734610415,1.7344435784353067
A,False,2,closed_loop,72,4.403895467247565,-10.223173240897216,1.736004308649288
A,False,2,closed_loop,73,4.399902060288363,-10.274416332105009,1.7381386791190074
A,False,2,closed_loop,74,4.3959368313813645,-10.305525503084594,1.73927698066014
A,False,2,closed_loop,75,4.403780596868711,-10.31639424320776,1.7451144200707915
A,False,2,closed_loop,76,4.397279481732425,-10.36113900509834,1.7417754872794242
A,False,2,closed_loop,77,4.3941567561659305,-10.396379636959852,1.7443397496209931
A,False,2,closed_loop,78,4.390948379291534,-10.41725142756418,1.7442290763953785
A,False,2,closed_loop,79,4.397842262623662,-10.375231787986484,1.741011458788466
A,False,2,closed_loop,80,4.395625016431729,-10.39956673229318,1.743990195940946
A,False,2,closed_loop,81,4.38788124721827,-10.429169101352516,1.7405992517073996
A,False,2,closed_loop,82,4.383380012845309,-10.543413632972536,1.7465353495642468
A,False,2,closed_loop,83,4.3892184027846275,-10.524740542848564,1.7438386420181693
A,False,2,closed_loop,84,4.382561837938375,-10.63459822334765,1.7440048141133115
A,False,2,closed_loop,85,4.374755837092299,-10.660663914697592,1.746066564629059
A,False,2,closed_loop,86,4.372759461502826,-10.717452830028536,1.745193895707187
A,False,2,closed_loop,87,4.376051565177584,-10.718427980030862,1.7436291168166
A,False,2,closed_loop,88,4.376798507054492,-10.702174141041304,1.7419908914868263
A,False,2,closed_loop,89,4.366806460068196,-10.78360626607091,1.7442433156404304
A,False,2,closed_loop,90,4.369216613011104,-10.782019634548453,1.745642007777186
A,False,2,closed_loop,91,4.373148268182894,-10.72725851943067,1.7403671944530485
A,False,2,closed_loop,92,4.370745772983274,-10.780327724888286,1.7432610212518453
A,False,2,closed_loop,93,4.370810242402707,-10.780703327249235,1.746251084785697
A,False,2,closed_loop,94,4.374270726794094,-10.783408777195538,1.7393893258664328
A,False,2,closed_loop,95,4.361682864043414,-10.849531243689142,1.7460082434774165
A,False,2,closed_loop,96,4.365956621227923,-10.839765315363328,1.746867123753787
A,False,2,closed_loop,97,4.3635045235344885,-10.875334841301031,1.7460658701627858
A,False,2,closed_loop,98,4.364299583032625,-10.89955118817352,1.7467775886814418
A,False,2,closed_loop,99,4.365510803152668,-10.910674669713075,1.7472320410569153
A,False,2,static,0,4.5101155728946685,-6.615090652249516,1.2424150523030635
A,False,2,static,1,4.4997230223694515,-6.692680010161698,1.2647240939439268
A,False,2,static,2,4.4842719767416,-6.830472870188892,1.2675318040872094
A,False,2,static,3,4.517681048380723,-6.831722207796872,1.2872062720935136
A,False,2,static,4,4.509558954076664,-6.838573541038716,1.2829992464144795
A,False,2,static,5,4.523607633337596,-6.869530041313726,1.2933985241704595
A,False,2,static,6,4.521014197289378,-6.931965850766054,1.3105938472963417
A,False,2,static,7,4.523675007624868,-6.967573822895525,1.3138448696422895
A,False,2,static,8,4.511127240947148,-7.059530825292499,1.3324230049166197
A,False,2,static,9,4.513651945718974,-7.13361664871105,1.3369491522994152
A,False,2,static,10,4.517272006577094,-7.197400108964463,1.3563361601360162
A,False,2,static,11,4.530668950427356,-7.187481159523137,1.3630324369947944
A,False,2,static,12,4.511291908868503,-7.310751304578052,1.3737277356785453
A,False,2,static,13,4.507240998684743,-7.363240699361168,1.3724943415950885
A,False,2,static,14,4.496061713727529,-7.4931230256731345,1.3959152516142446
A,False,2,static,15,4.489225965877655,-7.570075429578495,1.4001933776402729
A,False,2,static,16,4.500826003683241,-7.641024486021716,1.4227246583106155
A,False,2,static,17,4.4821080027045435,-7.704486149453234,1.423120299317314
A,False,2,static,18,4.484918214459782,-7.744726326081282,1.4340831410645107
A,False,2,static,19,4.499042548047704,-7.731704568456027,1.4460403812353755
A,False,2,static,20,4.4984517393815056,-7.807901516984323,1.4493141892165553
A,False,2,static,21,4.494934364401559,-7.8391866245464215,1.455687926831054
A,False,2,static,22,4.503683098027527,-7.850899427897635,1.4697821454893198
A,False,2,static,23,4.515470062648801,-7.8987738110236165,1.491586322182748
A,False,2,static,24,4.519444862368027,-7.955680412834723,1.493614535581867
A,False,2,static,25,4.526809403802187,-7.957740230055244,1.5068974394890577
A,False,2,static,26,4.49480428181317,-8.111095024704149,1.5118560533696677
A,False,2,static,27,4.508728280819157,-8.199797106887411,1.5408580657887383
A,False,2,static,28,4.50044902989457,-8.20422876721913,1.5381703085457474
A,False,2,static,29,4.533261967136288,-8.242236378144534,1.567456164633264
A,False,2,static,30,4.530709557617833,-8.285063176986855,1.5834492005107228
A,False,2,static,31,4.506581514271799,-8.427963686524413,1.577898954278262
A,False,2,static,32,4.511719139181287,-8.448134724418514,1.59459473455321
A,False,2,static,33,4.523039490110863,-8.516930393713293,1.6175945464388446
A,False,2,static,34,4.532261145267109,-8.548127506789617,1.6257592488302006
A,False,2,static,35,4.530528435739351,-8.603086527396558,1.6310276287643506
A,False,2,static,36,4.525538223331705,-8.646597382942035,1.6369297133987697
A,False,2,static,37,4.539314800605902,-8.618989083853805,1.6353126631265804
A,False,2,static,38,4.545513115490397,-8.699090824114645,1.6417191849067647
A,False,2,static,39,4.545354704511961,-8.789330446702222,1.6616969351426871
A,False,2,static,40,4.536262781540619,-8.865978074092984,1.6659030480430708
A,False,2,static,41,4.528079985276299,-8.995321263656079,1.6817818828060005
A,False,2,static,42,4.525620049876668,-8.968580749668597,1.6801944638874107
A,False,2,static,43,4.524400982294335,-9.13236946047576,1.6862503116864396
A,False,2,static,44,4.504990314313725,-9.112245986236184,1.6736621641165812
A,False,2,static,45,4.496907781527954,-9.22147088408314,1.6853078266353778
A,False,2,static,46,4.5061633086525354,-9.225799346136434,1.6922679442520192
A,False,2,static,47,4.500949122818083,-9.295576403971154,1.6990266573700283
A,False,2,static,48,4.4942739531514535,-9.378052031853814,1.6962401726432015
A,False,2,static,49,4.4884848589504225,-9.419946210599228,1.7053180645109478
A,False,2,static,50,4.496143970709412,-9.394267073734422,1.7058049018197863
A,False,2,static,51,4.49336587417831,-9.486810794576657,1.7120738230364818
A,False,2,static,52,4.493290399754666,-9.48252166196284,1.7114591745996373
A,False,2,static,53,4.493972620626742,-9.65650457919696,1.7284530922977888
A,False,2,static,54,4.487372024898429,-9.68847248976324,1.7265405394496518
A,False,2,static,55,4.502641771452941,-9.6177840576298,1.7306544342410708
A,False,2,static,56,4.49778052004842,-9.63507756315902,1.719314229623717
A,False,2,static,57,4.493182536869953,-9.755794025179759,1.7321486751370696
A,False,2,static,58,4.4855117970747616,-9.834094037577668,1.7371374624691078
A,False,2,static,59,4.492322681388727,-9.859058855382392,1.7426626738510074
A,False,2,static,60,4.48438995081752,-9.93149807702563,1.74094435251928
A,False,2,static,61,4.496556603819165,-9.977293370283009,1.75626606090373
A,False,2,static,62,4.501032674358513,-10.008903294844737,1.7615410055229883
A,False,2,static,63,4.5034605944379384,-10.01865952317643,1.7640077974897428
A,False,2,static,64,4.506359753720939,-10.00834872599041,1.7631928117477986
A,False,2,static,65,4.50586035890596,-10.024692701383083,1.7636579114949231
A,False,2,static,66,4.502456952459087,-9.987136385030153,1.7585349367830456
A,False,2,static,67,4.501268010072562,-10.092328947550339,1.7648010683297473
A,False,2,static,68,4.515770998227271,-10.088127976514393,1.771770822579123
A,False,2,static,69,4.518442314152085,-10.136951210883993,1.7777825341759215
A,False,2,static,70,4.513228985688247,-10.147769949413586,1.777780817656344
A,False,2,static,71,4.508126749451516,-10.178792784181992,1.7774522198253309
A,False,2,static,72,4.516430677829131,-10.189431904036603,1.7789645759657338
A,False,2,static,73,4.515031692746893,-10.203174412750274,1.7800212686566679
A,False,2,static,74,4.510663694536075,-10.200342128833759,1.781324471173207
A,False,2,static,75,4.517206081917918,-10.197340521340807,1.7848523383926247
A,False,2,static,76,4.515717682054084,-10.239969834714215,1.7873176837461247
A,False,2,static,77,4.51533373475302,-10.25125470437276,1.7864865626357853
A,False,2,static,78,4.514488316392245,-10.285441361679796,1.7907798248041187
A,False,2,static,79,4.518912083321903,-10.311616325199251,1.7955253801806574
A,False,2,static,80,4.5142949470994616,-10.338170357733922,1.795662038609529
A,False,2,static,81,4.521587979033268,-10.352556341549215,1.7984454961308132
A,False,2,static,82,4.516530961259784,-10.385385163759933,1.799150791208903
A,False,2,static,83,4.532595696739836,-10.393860909538526,1.8049786394514291
A,False,2,static,84,4.537054119191072,-10.380294984321187,1.8027150992715064
A,False,2,static,85,4.523496579709637,-10.388603073069604,1.800960772338077
A,False,2,static,86,4.52243090951026,-10.438284653172095,1.8009996331348515
A,False,2,static,87,4.530860718752767,-10.460226501436377,1.8016045845951816
A,False,2,static,88,4.534796870956776,-10.450178259937644,1.8051802535227173
A,False,2,static,89,4.525618166109932,-10.469501745354034,1.8031215815106219
A,False,2,static,90,4.523705934983018,-10.466160227911812,1.8003245601982474
A,False,2,static,91,4.530150955779626,-10.492568621103162,1.8085103492330095
A,False,2,static,92,4.525113555651234,-10.46645543463445,1.8066639905985464
A,False,2,static,93,4.52442193623482,-10.516410854324931,1.8050300609705037
A,False,2,static,94,4.543779771282455,-10.485259820090151,1.8070166677778534
A,False,2,static,95,4.530929295486852,-10.517309492701857,1.8109303171041449
A,False,2,static,96,4.533523548145948,-10.525023300067357,1.8120451787755993
A,False,2,static,97,4.537391201800562,-10.539605589419239,1.8138291278149061
A,False,2,static,98,4.532632152396467,-10.519406314004668,1.8066096239065885
A,False,2,static,99,4.519192503059842,-10.54506275286111,1.8066768529977402
A,False,3,closed_loop,0,3.721900646558067,-8.585865857852257,1.0550790266392889
A,False,3,closed_loop,1,3.760343117622273,-8.469193990009883,1.0636990304988025
A,False,3,closed_loop,2,3.722648696690269,-8.663986453285746,1.0749632048078486
A,False,3,closed_loop,3,3.6844969088342907,-8.85174565894151,1.0828400569997902
A,False,3,closed_loop,4,3.679655070261043,-8.964838784692118,1.0898002516609464
A,False,3,closed_loop,5,3.633159729394014,-9.131127500212836,1.0905228419821464
A,False,3,closed_loop,6,3.594972136987101,-9.336364410196145,1.0943506826269467
A,False,3,closed_loop,7,3.573841914432446,-9.385519103791813,1.095491598062707
A,False,3,closed_loop,8,3.5511700346906383,-9.552654033729732,1.1063969537770995
A,False,3,closed_loop,9,3.5360295157642696,-9.690474159257812,1.117935160560006
A,False,3,closed_loop,10,3.5206736732945036,-9.84321432390644,1.1229943650752867
A,False,3,closed_loop,11,3.5096347043888745,-9.95357013345644,1.1339954361847364
A,False,3,closed_loop,12,3.4829114115353597,-10.124041408748996,1.135720469355
A,False,3,closed_loop,13,3.474138674812797,-10.246722233980979,1.1469384610304767
A,False,3,closed_loop,14,3.4739431336510216,-10.360261722026868,1.1654309489334407
A,False,3,closed_loop,15,3.463676364292828,-10.40973088713877,1.1701964645137533
A,False,3,closed_loop,16,3.450296791551677,-10.524492500527336,1.1783549411899614
A,False,3,closed_loop,17,3.4382828483629466,-10.632288984190742,1.1808808003565945
A,False,3,closed_loop,18,3.420111636863471,-10.762151928344663,1.182888130480163
A,False,3,closed_loop,19,3.4148957591353675,-10.938734312822234,1.1977760119685605
A,False,3,closed_loop,20,3.397706437191937,-11.044405388382946,1.199657039348079
A,False,3,closed_loop,21,3.4156737352680673,-11.0602492756678,1.214279895305886
A,False,3,closed_loop,22,3.4007762538158897,-11.234709404061753,1.226978159419181
A,False,3,closed_loop,23,3.3899106499373963,-11.253712785053258,1.2234064299615008
A,False,3,closed_loop,24,3.3781190580048452,-11.418582438521808,1.2260532079846473
A,False,3,closed_loop,25,3.3739543344939134,-11.57457653259731,1.2377388595252667
A,False,3,closed_loop,26,3.362344027030826,-11.609470590905971,1.2373261489693494
A,False,3,closed_loop,27,3.3566150673053516,-11.708786000610885,1.2377973139407132
A,False,3,closed_loop,28,3.3440175635635043,-11.853186068442083,1.2388477479686415
A,False,3,closed_loop,29,3.343441221116416,-11.937201016890313,1.252460895920937
A,False,3,closed_loop,30,3.3406793356186077,-12.06935095016415,1.2611389110399334
A,False,3,closed_loop,31,3.339401729831445,-12.15106709089041,1.266394553881424
A,False,3,closed_loop,32,3.3289632731879184,-12.25892455567189,1.2661399255069645
A,False,3,closed_loop,33,3.331752268613128,-12.301571557872565,1.267429754356771
A,False,3,closed_loop,34,3.3310639375910664,-12.415892635800319,1.2724543793901038
A,False,3,closed_loop,35,3.3242877997263096,-12.51491293186134,1.2721967016982123
A,False,3,closed_loop,36,3.3123845367186875,-12.56316826380097,1.271297695872373
A,False,3,closed_loop,37,3.311160795414356,-12.69371899184525,1.2715484730143796
A,False,3,closed_loop,38,3.308903167007616,-12.741075226564211,1.2728696710015726
A,False,3,closed_loop,39,3.298616445174724,-12.892910314620565,1.2720447497876752
A,False,3,closed_loop,40,3.296425620589036,-12.961274591028582,1.2735881622381424
A,False,3,closed_loop,41,3.2890102619967565,-13.007565358284973,1.277217476245102
A,False,3,closed_loop,42,3.2858204865634852,-13.108694248666225,1.2781924774466948
A,False,3,closed_loop,43,3.289974087963705,-13.243477659725718,1.284269975040788
A,False,3,closed_loop,44,3.2846957649786437,-13.422489975141422,1.2872002876305029
A,False,3,closed_loop,45,3.2810868720259934,-13.427325367433687,1.2877898972169894
A,False,3,closed_loop,46,3.2713257054238,-13.522734983362616,1.291852914432915
A,False,3,closed_loop,47,3.269359263079688,-13.543703318293675,1.2933870488875352
A,False,3,closed_loop,48,3.2655316539435333,-13.538837064442568,1.2962503778507137
A,False,3,closed_loop,49,3.2563422759376586,-13.709500455350565,1.2975096192829583
A,False,3,closed_loop,50,3.2544966582683776,-13.785203833915952,1.2978549592774058
A,False,3,closed_loop,51,3.2533349521695882,-13.851978152852444,1.3012863378372705
A,False,3,closed_loop,52,3.250424917884637,-13.937887914807495,1.3022287188187553
A,False,3,closed_loop,53,3.2451041759266652,-14.05254895149523,1.3056961675724361
A,False,3,closed_loop,54,3.245790894871762,-14.080159575448112,1.3055117961407865
A,False,3,closed_loop,55,3.2412547743240734,-14.240362877340237,1.3068030211728356
A,False,3,closed_loop,56,3.2380489398177676,-14.36769464503507,1.306937108484316
A,False,3,closed_loop,57,3.2394044930159147,-14.377472071693125,1.3071093450620388
A,False,3,closed_loop,58,3.2390095383551465,-14.362836005665123,1.3068758990745735
A,False,3,closed_loop,59,3.2370039641727115,-14.505549042377902,1.3068935055059065
A,False,3,closed_loop,60,3.2368691349870566,-14.496966919777023,1.30697301571263
A,False,3,closed_loop,61,3.24411561556958,-15.056911079485522,1.3080769680488007
A,False,3,closed_loop,62,3.242209767203517,-15.063793153686156,1.309940522208607
A,False,3,closed_loop,63,3.2397746127819693,-15.080336351523057,1.3094680175506919
A,False,3,closed_loop,64,3.240223116075614,-15.091090609369337,1.3096695848557844
A,False,3,closed_loop,65,3.2393490344048033,-15.102872287452959,1.3095691130259155
A,False,3,closed_loop,66,3.2386867046792127,-15.134403257637347,1.309641812060291
A,False,3,closed_loop,67,3.2378894175501483,-15.156240610024852,1.310745281091383
A,False,3,closed_loop,68,3.235514939103043,-15.194263101579365,1.3104857000662378
A,False,3,closed_loop,69,3.2361464629390304,-15.185913923322284,1.3105660462459847
A,False,3,closed_loop,70,3.2343074928236466,-15.169144982027076,1.3105174457988453
A,False,3,closed_loop,71,3.2412600095090873,-15.092272066842783,1.3116126884712207
A,False,3,closed_loop,72,3.2391093383444383,-15.101391476740256,1.3111450248854757
A,False,3,closed_loop,73,3.241272749511301,-15.07356036825629,1.311472102430051
A,False,3,closed_loop,74,3.2388768161100496,-15.100478577441045,1.3110625466533545
A,False,3,closed_loop,75,3.239286592903697,-15.097823249950693,1.311154326455222
A,False,3,closed_loop,76,3.2395517317216,-15.11308789682149,1.3113427772202366
A,False,3,closed_loop,77,3.239499372648114,-15.131020046726634,1.3114548681320901
A,False,3,closed_loop,78,3.2402053415220053,-15.122307835335,1.3115640281666374
A,False,3,closed_loop,79,3.239755744300559,-15.109558063474395,1.3113608227640736
A,False,3,closed_loop,80,3.2383638973137585,-15.14729619218123,1.311311353318035
A,False,3,closed_loop,81,3.244883899713006,-15.073243811921884,1.3124432083716708
A,False,3,closed_loop,82,3.244297916950648,-15.079077243938327,1.312325004862539
A,False,3,closed_loop,83,3.2448098612630623,-15.072613752282946,1.3124076510289502
A,False,3,closed_loop,84,3.2442857802487044,-15.079102960409363,1.3123207941827737
A,False,3,closed_loop,85,3.2462828340304277,-15.060647308413122,1.3127541106101999
A,False,3,closed_loop,86,3.246174363873459,-15.062125069738983,1.3127378422131726
A,False,3,closed_loop,87,3.2473988077701286,-15.060681033901941,1.3131041269193915
A,False,3,closed_loop,88,3.247991281658503,-15.056944834026886,1.3132716975434617
A,False,3,closed_loop,89,3.2500132043890475,-15.041314124136184,1.3138178971943157
A,False,3,closed_loop,90,3.251386101599602,-15.030716683979243,1.314211380600353
A,False,3,closed_loop,91,3.2605827089222186,-14.995545175731484,1.3176981699316155
A,False,3,closed_loop,92,3.2605349952413163,-14.99564621411019,1.31768163397629
A,False,3,closed_loop,93,3.2621312768215596,-14.989366233377078,1.3184355968828723
A,False,3,closed_loop,94,3.2628426349429915,-14.986826205089917,1.318783184624173
A,False,3,closed_loop,95,3.262639858152559,-14.987517343837098,1.318683133358517
A,False,3,closed_loop,96,3.2628753558225334,-14.986651710136043,1.3188031781346874
A,False,3,closed_loop,97,3.2624083460081645,-14.988387341738976,1.318566365844651
A,False,3,closed_loop,98,3.2625550227231916,-14.987896761740613,1.318639782874987
A,False,3,closed_loop,99,3.264835660584799,-14.98027520319988,1.3198327643884031
A,False,3,static,0,3.721900646558067,-8.585865857852257,1.0550790266392889
A,False,3,static,1,3.7071259845874596,-8.70366816495007,1.0693443468008033
A,False,3,static,2,3.666683442595147,-8.852702713048506,1.0652875603734935
A,False,3,static,3,3.633743078259277,-9.029513435352829,1.0756215965247506
A,False,3,static,4,3.618144956630734,-9.133350658228505,1.0848493357281135
A,False,3,static,5,3.579404483414798,-9.271468339923851,1.076667959889437
A,False,3,static,6,3.5569029785918183,-9.449738633287618,1.0874620011299307
A,False,3,static,7,3.52283034858385,-9.62254557067614,1.08819634952093
A,False,3,static,8,3.494666038951871,-9.75725210655501,1.0973117028274457
A,False,3,static,9,3.4946701624284597,-9.86011360226395,1.1020675501893296
A,False,3,static,10,3.4775557242966357,-10.032563298695102,1.1111589800308568
A,False,3,static,11,3.462559067960923,-10.094862533148985,1.1111419224770305
A,False,3,static,12,3.4438217193105474,-10.223444009816149,1.121998479096635
A,False,3,static,13,3.431349084025874,-10.343929793479653,1.1218223948395616
A,False,3,static,14,3.416980193798126,-10.458535482529518,1.131037013467559
A,False,3,static,15,3.4010058980066042,-10.607438393496862,1.135313835950738
A,False,3,static,16,3.39019474416153,-10.69468981977054,1.1403969221739254
A,False,3,static,17,3.390289334578496,-10.75659572677016,1.1507388825212788
A,False,3,static,18,3.3787937033677493,-10.85420269067896,1.1576063818768498
A,False,3,static,19,3.374434334463764,-11.006572266021754,1.167878922412963
A,False,3,static,20,3.355603303230291,-11.142094592701374,1.1735843080989907
A,False,3,static,21,3.3621028352590976,-11.279124084412116,1.185241586944463
A,False,3,static,22,3.3559818931973937,-11.413748587170174,1.1894936131594898
A,False,3,static,23,3.3583418658556545,-11.382465867446411,1.1920964149000046
A,False,3,static,24,3.3418199199567726,-11.467144211572581,1.1983210904782877
A,False,3,static,25,3.3434809232552296,-11.636918763885902,1.213818388624371
A,False,3,static,26,3.3301879877349645,-11.747021408478794,1.2201310051388088
A,False,3,static,27,3.3261047273850948,-11.854297380571161,1.2278096638558755
A,False,3,static,28,3.3183485865096807,-11.91969437752775,1.2280228446704797
A,False,3,static,29,3.329575179333203,-12.04404238286813,1.243798381537733
A,False,3,static,30,3.312315721396329,-12.224763558635132,1.2447694879787774
A,False,3,static,31,3.30937954182669,-12.31198000324033,1.2478395903902246
A,False,3,static,32,3.3132383624099315,-12.463044246884388,1.2593369329750421
A,False,3,static,33,3.312819361968966,-12.49482721181621,1.262829185660993
A,False,3,static,34,3.3053766021980144,-12.589029020750052,1.2667458234291142
A,False,3,static,35,3.3026552752988323,-12.62400061668412,1.2674405609156805
A,False,3,static,36,3.2966448403191726,-12.702616775522488,1.2760343603185118
A,False,3,static,37,3.294432904340159,-12.69508172089085,1.2791284671043923
A,False,3,static,38,3.2926569205398253,-12.877216147466177,1.2865351492043138
A,False,3,static,39,3.2849630156557423,-13.032409465824683,1.290709419782692
A,False,3,static,40,3.2782789436103243,-13.075457966418028,1.2896915263508177
A,False,3,static,41,3.2782594761062476,-13.023484391205251,1.2916104633556458
A,False,3,static,42,3.27955617825917,-13.189764326410165,1.2945390998540975
A,False,3,static,43,3.2722639700740443,-13.282086509216088,1.2967573830039871
A,False,3,static,44,3.2751461456039976,-13.250108946208991,1.3017018624799739
A,False,3,static,45,3.2679772027033422,-13.355785518398946,1.3042556281671855
A,False,3,static,46,3.2646247472848238,-13.504358002205835,1.3044443541051929
A,False,3,static,47,3.262807563429677,-13.607683028038414,1.3044388878265334
A,False,3,static,48,3.255973618823809,-13.67834970373344,1.3051351474314887
A,False,3,static,49,3.256448470262315,-13.724188683643016,1.3067730193092941
A,False,3,static,50,3.2515254805809213,-13.783894152311156,1.3052042948916023
A,False,3,static,51,3.247565760256016,-13.898654016896423,1.3054284811929506
A,False,3,static,52,3.243375290562143,-13.967253061043808,1.3072451715470745
A,False,3,static,53,3.2404200934024163,-14.05098972752189,1.308106538832208
A,False,3,static,54,3.239238384014586,-14.046770210667752,1.308224140109161
A,False,3,static,55,3.232509108289421,-14.187593524969207,1.3080545049730545
A,False,3,static,56,3.2326997397382953,-14.205647666463676,1.3081932814172839
A,False,3,static,57,3.2312570682181003,-14.284486479207205,1.3082899732736137
A,False,3,static,58,3.2310200014376136,-14.3629236567577,1.3091036220030263
A,False,3,static,59,3.2301483693340116,-14.36598127970295,1.308992078279732
A,False,3,static,60,3.2299075230066046,-14.363590798014421,1.3089646608155292
A,False,3,static,61,3.229736158096671,-14.476955418361294,1.3093605264476742
A,False,3,static,62,3.2287724864799174,-14.488887450086096,1.30908214202793
A,False,3,static,63,3.2282758976133876,-14.593534052455729,1.3092658626851768
A,False,3,static,64,3.227602912334394,-14.596636458930568,1.3090287356840997
A,False,3,static,65,3.2272813794570356,-14.601934064048772,1.3090207486774155
A,False,3,static,66,3.2266324111717943,-14.582283695119093,1.3086271467461978
A,False,3,static,67,3.226652184550621,-14.594836343546481,1.3088154145541957
A,False,3,static,68,3.2257584620154893,-14.659740447747678,1.3089867969610227
A,False,3,static,69,3.2251206840273574,-14.850836691802579,1.3091720866566148
A,False,3,static,70,3.225162508750408,-14.846444842239805,1.3092193181114908
A,False,3,static,71,3.2251164587794254,-14.853429358486963,1.309198125443307
A,False,3,static,72,3.224536594090042,-14.843796279116418,1.3090223499535751
A,False,3,static,73,3.2237749568221923,-14.85027013059971,1.3087179633045471
A,False,3,static,74,3.223652122069313,-14.88892368239795,1.3088781594231487
A,False,3,static,75,3.2230604199813793,-15.361833093319262,1.3090887772731634
A,False,3,static,76,3.2227377709080733,-15.409861174510143,1.3093152760062126
A,False,3,static,77,3.2223188865349184,-15.389011687617907,1.3090290349163016
A,False,3,static,78,3.2217166996234443,-15.38519899364313,1.3089514035908199
A,False,3,static,79,3.2214543533749342,-15.404440331429546,1.3090019081966124
A,False,3,static,80,3.22143399410209,-15.403361195571762,1.3089866017541854
A,False,3,static,81,3.221274068770667,-15.394324396647152,1.3088846522322923
A,False,3,static,82,3.221331080856661,-15.393087290091342,1.3088975155841145
A,False,3,static,83,3.2211419627517572,-15.388947413948797,1.3087957160503902
A,False,3,static,84,3.221308870479047,-15.39313620498185,1.3088892878310874
A,False,3,static,85,3.221310705432746,-15.39424491768439,1.3088978852728423
A,False,3,static,86,3.2208639617707875,-15.397550575759952,1.308786885962572
A,False,3,static,87,3.2202971398069153,-15.376940599325508,1.3084472532118747
A,False,3,static,88,3.220838070065239,-15.397607931513555,1.308777199705168
A,False,3,static,89,3.2208642667734284,-15.398629510101827,1.308794128452525
A,False,3,static,90,3.220462999846348,-15.382345302469579,1.3085480215618426
A,False,3,static,91,3.2205368583089573,-15.381047522386526,1.308568069604604
A,False,3,static,92,3.220127504802301,-15.367720459028154,1.3083349928158217
A,False,3,static,93,3.219906837512676,-15.35708010116762,1.3081913201408815
A,False,3,static,94,3.2193654519331005,-15.33331744938959,1.307841667762449
A,False,3,static,95,3.219263869085451,-15.331083217916415,1.3077860936338424
A,False,3,static,96,3.2192000629753394,-15.329979889826008,1.3077533151867209
A,False,3,static,97,3.219328795050227,-15.33217385217786,1.307819249076127
A,False,3,static,98,3.2197794079864046,-15.348131563106941,1.3080939837660308
A,False,3,static,99,3.219614182876278,-15.343738664082744,1.3079986266439017
A,False,4,closed_loop,0,3.989166696445153,-8.574871947803045,1.213297476772891
A,False,4,closed_loop,1,4.046948927793294,-8.543688277989595,1.2476613682703246
A,False,4,closed_loop,2,4.045523009749977,-8.63034144325358,1.2439429104765776
A,False,4,closed_loop,3,4.039877522850408,-8.78288511307574,1.2677553840259168
A,False,4,closed_loop,4,4.021941414027429,-8.878269855426447,1.2606355998116963
A,False,4,closed_loop,5,4.016478105103676,-8.958734668654458,1.2619322399802124
A,False,4,closed_loop,6,4.014911369164957,-8.97763962363272,1.2614649651739833
A,False,4,closed_loop,7,4.003046167178572,-9.096709099530587,1.2623131651038657
A,False,4,closed_loop,8,4.00444103718255,-9.152548573765442,1.2716357743677027
A,False,4,closed_loop,9,3.981250760761069,-9.320576810635954,1.271335293279341
A,False,4,closed_loop,10,3.987932442719585,-9.377446640018547,1.2816183276552335
A,False,4,closed_loop,11,3.987341266490001,-9.445499100536031,1.2901397221752653
A,False,4,closed_loop,12,4.000110409094474,-9.390888414606179,1.2942182563829483
A,False,4,closed_loop,13,3.989260316456918,-9.449431206221579,1.2937921884441537
A,False,4,closed_loop,14,3.9934654193601684,-9.56806665090465,1.2996267871594969
A,False,4,closed_loop,15,3.976975164524319,-9.652141467682112,1.3017662409732285
A,False,4,closed_loop,16,3.9728574533227694,-9.748233623379496,1.3082735016105913
A,False,4,closed_loop,17,3.9719925084547385,-9.802774843981247,1.3170007531877193
A,False,4,closed_loop,18,3.9590848456477645,-9.891942908877844,1.3165061751421112
A,False,4,closed_loop,19,3.9321799080095015,-10.02370518833399,1.3149779309626037
A,False,4,closed_loop,20,3.917767919803207,-10.126671951398363,1.3160829111294718
A,False,4,closed_loop,21,3.910536061137879,-10.241462573751944,1.3296129511681594
A,False,4,closed_loop,22,3.9037297066029546,-10.356955361537137,1.3303803678546755
A,False,4,closed_loop,23,3.8902551582080878,-10.416254985482922,1.3270587684452495
A,False,4,closed_loop,24,3.8841739570021723,-10.544060547207332,1.3374243180647998
A,False,4,closed_loop,25,3.876351904849369,-10.647901294746097,1.3426137514592995
A,False,4,closed_loop,26,3.8776078701194105,-10.655845930944173,1.3466209786884555
A,False,4,closed_loop,27,3.8720891385341063,-10.705011634423295,1.342016438398942
A,False,4,closed_loop,28,3.867665250591409,-10.717658068524798,1.3290942467280662
A,False,4,closed_loop,29,3.868154082510871,-10.773654606281056,1.3354742777623259
A,False,4,closed_loop,30,3.8581262294360847,-10.852232252776323,1.3340778886630353
A,False,4,closed_loop,31,3.860280090853902,-10.976643412114404,1.3352961264051721
A,False,4,closed_loop,32,3.862286634857732,-11.03459332611971,1.3429159443182932
A,False,4,closed_loop,33,3.849948234622285,-11.160272295900903,1.336468009679832
A,False,4,closed_loop,34,3.8488188707437487,-11.144337793264745,1.3376686968393698
A,False,4,closed_loop,35,3.8385109275834304,-11.310405685794711,1.3421129996045178
A,False,4,closed_loop,36,3.8422775157658005,-11.312949476910537,1.3517321127449116
A,False,4,closed_loop,37,3.8435910708696746,-11.327596850293311,1.3534971620259322
A,False,4,closed_loop,38,3.8378337093641233,-11.478360856573145,1.3590686604636082
A,False,4,closed_loop,39,3.83733119004568,-11.546810159764085,1.3658288037098607
A,False,4,closed_loop,40,3.842763636466135,-11.554426550989064,1.366170685968701
A,False,4,closed_loop,41,3.8360698930811545,-11.729270910739293,1.365407660242403
A,False,4,closed_loop,42,3.832297223589366,-11.754827037354621,1.3650796519529313
A,False,4,closed_loop,43,3.82706439143012,-11.801422626893768,1.3691226933795608
A,False,4,closed_loop,44,3.825919953963762,-11.853916098973984,1.3718911347267768
A,False,4,closed_loop,45,3.8254007381542467,-11.910668437233724,1.3717441595521118
A,False,4,closed_loop,46,3.8230116432690466,-11.937576092941862,1.3741667705318559
A,False,4,closed_loop,47,3.8186805503043075,-12.012924009432437,1.376972826989003
A,False,4,closed_loop,48,3.8182723995160024,-12.064427738941454,1.381738267741154
A,False,4,closed_loop,49,3.813986949197742,-12.110290285129954,1.3796002538689809
A,False,4,closed_loop,50,3.812694252998097,-12.168902440792314,1.3849301850146538
A,False,4,closed_loop,51,3.8153371407903287,-12.135525155269624,1.3822331640067353
A,False,4,closed_loop,52,3.818824359364298,-12.140399027267506,1.3837400636193713
A,False,4,closed_loop,53,3.819543609389384,-12.154235919243758,1.3873355171310313
A,False,4,closed_loop,54,3.82504588301596,-12.14297360904039,1.3899306415475463
A,False,4,closed_loop,55,3.825997644186625,-12.161547312103439,1.396187673518022
A,False,4,closed_loop,56,3.827219011269955,-12.151586850437454,1.3935268420388869
A,False,4,closed_loop,57,3.829806010628502,-12.205347730206993,1.3968410705667038
A,False,4,closed_loop,58,3.827433277350599,-12.21888895935247,1.3981389266804332
A,False,4,closed_loop,59,3.822824315307731,-12.280836102261873,1.3997792100523896
A,False,4,closed_loop,60,3.829548553394625,-12.325189606231993,1.4025518962014507
A,False,4,closed_loop,61,3.827678874073077,-12.337632423800978,1.4020855885747006
A,False,4,closed_loop,62,3.8278940508999475,-12.375353251699543,1.4052345466576064
A,False,4,closed_loop,63,3.829872893757649,-12.38294768067955,1.4087677692615008
A,False,4,closed_loop,64,3.833561192139495,-12.38920674592545,1.4131113988567419
A,False,4,closed_loop,65,3.8302709897087457,-12.437291836389951,1.4157295029646413
A,False,4,closed_loop,66,3.8305796098269362,-12.40975856338194,1.4147779794601043
A,False,4,closed_loop,67,3.8408205149628447,-12.473088153013789,1.424463459668608
A,False,4,closed_loop,68,3.836026719561272,-12.53543974006414,1.4232730178320285
A,False,4,closed_loop,69,3.838117767414868,-12.524247960597755,1.4247601290507983
A,False,4,closed_loop,70,3.838892891429969,-12.547296329628542,1.4217210570493453
A,False,4,closed_loop,71,3.8337029875470656,-12.620834527862748,1.4181426256557634
A,False,4,closed_loop,72,3.8361549962762083,-12.666567437313967,1.4218175457510298
A,False,4,closed_loop,73,3.8409215527091445,-12.74420922624899,1.4240813195838082
A,False,4,closed_loop,74,3.839429251076272,-12.83833571936781,1.4278852090789167
A,False,4,closed_loop,75,3.8402744464698,-12.859552190296071,1.4304696172813613
A,False,4,closed_loop,76,3.8414603335404194,-12.848981117251308,1.4319975609958953
A,False,4,closed_loop,77,3.8385560578647357,-12.863864313375418,1.431457238135539
A,False,4,closed_loop,78,3.8417267688151724,-12.901201881024164,1.4345622886729794
A,False,4,closed_loop,79,3.838549750582889,-12.909260245689026,1.4361416657781243
A,False,4,closed_loop,80,3.8370559538084144,-12.926178411361112,1.4355059893700275
A,False,4,closed_loop,81,3.8326818971264287,-13.028106125729792,1.4356099223130177
A,False,4,closed_loop,82,3.8319517363224627,-13.07883681426072,1.435001804300324
A,False,4,closed_loop,83,3.8327712971449786,-13.225351690768003,1.4381672174145634
A,False,4,closed_loop,84,3.829383238112212,-13.214218787621439,1.4350858051696125
A,False,4,closed_loop,85,3.832909944008603,-13.228711578431714,1.4391565522907717
A,False,4,closed_loop,86,3.8305188267271415,-13.230285127930157,1.440360725058537
A,False,4,closed_loop,87,3.832205379672066,-13.250533882672677,1.4412077900421412
A,False,4,closed_loop,88,3.828517877823478,-13.246590102588451,1.4415678948141784
A,False,4,closed_loop,89,3.827315501121466,-13.24934101192541,1.4402415984047978
A,False,4,closed_loop,90,3.828465715834118,-13.183098353367413,1.4417753825252593
A,False,4,closed_loop,91,3.823352003737567,-13.408119670208315,1.4384876610772295
A,False,4,closed_loop,92,3.8244180371609695,-13.415714113669315,1.4419492742490838
A,False,4,closed_loop,93,3.830746114128015,-13.410625907046274,1.4449321131395134
A,False,4,closed_loop,94,3.8280319672366905,-13.412734315109967,1.443787532378521
A,False,4,closed_loop,95,3.826388362129659,-13.421197398780237,1.4445390336538466
A,False,4,closed_loop,96,3.824012429169605,-13.43169279075302,1.446715161343165
A,False,4,closed_loop,97,3.8249098196068743,-13.428754920373308,1.44651576950859
A,False,4,closed_loop,98,3.8265515442756315,-13.460260411325107,1.449914501095267
A,False,4,closed_loop,99,3.8254977240527235,-13.44358411969971,1.4493674395866372
A,False,4,static,0,3.989166696445153,-8.574871947803045,1.213297476772891
A,False,4,static,1,3.9813748902517236,-8.64148875415215,1.2139154949984825
A,False,4,static,2,3.982671601890274,-8.746169680236223,1.2262247836664901
A,False,4,static,3,3.9695455748858772,-8.909215510624337,1.2383555100470294
A,False,4,static,4,3.9613226225984683,-8.968495062279144,1.234385510724729
A,False,4,static,5,3.951053272974287,-9.109421942407986,1.2371106926218824
A,False,4,static,6,3.9604446958373827,-9.143296212835738,1.2518702652501108
A,False,4,static,7,3.975107729482087,-9.1443192136759,1.2608733434620798
A,False,4,static,8,3.957607960095951,-9.252709504998796,1.2552593078417376
A,False,4,static,9,3.927672699095822,-9.537483978193,1.258535278475027
A,False,4,static,10,3.9365861770746657,-9.614876081218892,1.2688594718487727
A,False,4,static,11,3.9311355455366503,-9.71427539549137,1.2689388785605824
A,False,4,static,12,3.9431713845010123,-9.653768220112672,1.2763644893421495
A,False,4,static,13,3.9447639410237745,-9.695376147255555,1.27864274130281
A,False,4,static,14,3.94338718204839,-9.809660924181253,1.2799626353769284
A,False,4,static,15,3.924452103863653,-9.915826059809625,1.2818593174367168
A,False,4,static,16,3.935441272807387,-9.897782667428864,1.2873674404681879
A,False,4,static,17,3.925999597088474,-9.96981571361973,1.2910880391668316
A,False,4,static,18,3.914706927661084,-10.097137968817279,1.2935743047200534
A,False,4,static,19,3.9160533015861296,-10.092159808564432,1.29941234185112
A,False,4,static,20,3.904911142188407,-10.165424866682235,1.3004387966823592
A,False,4,static,21,3.9092483526670865,-10.22270552821419,1.3073863849005478
A,False,4,static,22,3.9120401441020225,-10.306461073841964,1.3194069593822852
A,False,4,static,23,3.905627660588029,-10.407829160164036,1.324267539702351
A,False,4,static,24,3.886827370604403,-10.541809421371031,1.3291457783410605
A,False,4,static,25,3.885790257432891,-10.55177389777952,1.3298632743450682
A,False,4,static,26,3.883242317241816,-10.597289816032825,1.3307346006336813
A,False,4,static,27,3.87103314853843,-10.679872153440982,1.3337496077322983
A,False,4,static,28,3.8673042749318154,-10.844281871413742,1.339536932142846
A,False,4,static,29,3.873877167416252,-10.889787475583804,1.3511950160650448
A,False,4,static,30,3.863267313161264,-10.960881386630135,1.350952406300449
A,False,4,static,31,3.856714834935012,-11.039430310737997,1.3546746587235308
A,False,4,static,32,3.8466926085402027,-11.082897223559277,1.3562495391374345
A,False,4,static,33,3.8439810808888293,-11.201358687991217,1.3572045692112968
A,False,4,static,34,3.83637344755657,-11.306790494116322,1.3608417896400873
A,False,4,static,35,3.832981746210161,-11.37532751090704,1.3637949982998867
A,False,4,static,36,3.8299121554957716,-11.42537305846709,1.3662175013867373
A,False,4,static,37,3.822740126693128,-11.456669714884939,1.3699770985335344
A,False,4,static,38,3.818836331968283,-11.546402789508498,1.3694255917181775
A,False,4,static,39,3.821532615580562,-11.644546671512062,1.373769762029972
A,False,4,static,40,3.8223084637596103,-11.680408519322922,1.3758025133158478
A,False,4,static,41,3.818724557901925,-11.74363805261756,1.3837052576198563
A,False,4,static,42,3.8196366394485213,-11.762628226435753,1.387379202126402
A,False,4,static,43,3.809672579091606,-11.866545474529772,1.3930299577733403
A,False,4,static,44,3.8098487118223794,-11.913628218678147,1.3963822216895856
A,False,4,static,45,3.805334012632082,-11.974923197131249,1.3938490759971593
A,False,4,static,46,3.80459646648402,-11.987282116136925,1.3967444429467555
A,False,4,static,47,3.7933830464152307,-12.118137997566306,1.4008085787885023
A,False,4,static,48,3.793610077309147,-12.181365587697172,1.4112969579575536
A,False,4,static,49,3.7915351285229044,-12.208886521963615,1.4113524451033648
A,False,4,static,50,3.7901783233219675,-12.312765923342454,1.4195273298197268
A,False,4,static,51,3.7920148497890587,-12.316197712814315,1.4217531359881963
A,False,4,static,52,3.795115305721375,-12.352208748274904,1.423185267006026
A,False,4,static,53,3.7936763361846406,-12.486616967941771,1.4299443264690848
A,False,4,static,54,3.7947926478348464,-12.478195754916678,1.4311563782789125
A,False,4,static,55,3.797991201177265,-12.51053660180092,1.4365831840135634
A,False,4,static,56,3.79623300073569,-12.539960601874268,1.432602796709098
A,False,4,static,57,3.793399461177577,-12.580039615920265,1.4341204695556717
A,False,4,static,58,3.79524747464394,-12.585924214624752,1.4394981757221805
A,False,4,static,59,3.7924475078613877,-12.645855812652298,1.4454828849441224
A,False,4,static,60,3.7891373165102014,-12.715371584311255,1.444092065448572
A,False,4,static,61,3.787605127112615,-12.73934498443373,1.4485004067261622
A,False,4,static,62,3.7870034164168587,-12.76719160119112,1.4509920326924828
A,False,4,static,63,3.7851086793822586,-12.816686126723312,1.4495235209379027
A,False,4,static,64,3.7829811467316232,-12.82016006952938,1.4512630265237076
A,False,4,static,65,3.786983639980615,-12.851549622168866,1.4549288249347654
A,False,4,static,66,3.78840410102127,-12.851581697284558,1.4590920140865247
A,False,4,static,67,3.7886422582511243,-12.855002720947127,1.4614775005256124
A,False,4,static,68,3.786420165062973,-12.901220025691666,1.4606238589344498
A,False,4,static,69,3.785992392125203,-12.931896652906254,1.4605958152956784
A,False,4,static,70,3.785158781585874,-12.91837118437166,1.4576056003771354
A,False,4,static,71,3.787602620824066,-12.895987768731716,1.463362972712013
A,False,4,static,72,3.783473677026972,-12.94378161696539,1.4614904616946756
A,False,4,static,73,3.7847975840055526,-12.99174399940569,1.464399831502333
A,False,4,static,74,3.7822063213832067,-13.047165104048199,1.4648231730047359
A,False,4,static,75,3.7826477973991715,-13.070379301669353,1.467363316316657
A,False,4,static,76,3.7835168276594273,-13.068382673358244,1.4711920965749241
A,False,4,static,77,3.7802034008276615,-13.085607278145055,1.4683677171293823
A,False,4,static,78,3.7817263304470714,-13.105931750550544,1.4713312976174515
A,False,4,static,79,3.7819775191049025,-13.10069843669181,1.4765199993216322
A,False,4,static,80,3.7823048790348053,-13.131915385332968,1.4763569365652203
A,False,4,static,81,3.782070284762009,-13.12959721479757,1.4755863279150958
A,False,4,static,82,3.783785482025388,-13.140787070302203,1.4767071648622332
A,False,4,static,83,3.783549729905545,-13.150547215779197,1.4778227931002388
A,False,4,static,84,3.7844058945934016,-13.14588968750491,1.4791504882828657
A,False,4,static,85,3.7832182132166245,-13.142767180697987,1.4781543268687225
A,False,4,static,86,3.7844871923454253,-13.150844353101169,1.4788287730267065
A,False,4,static,87,3.7864504690954663,-13.1607759947329,1.4797707671808842
A,False,4,static,88,3.7851027052309743,-13.167080535800034,1.479467659577855
A,False,4,static,89,3.78392105838361,-13.175249263722113,1.4783435664733986
A,False,4,static,90,3.784138807461811,-13.182534684329951,1.477744549267829
A,False,4,static,91,3.782990593111503,-13.170153354169772,1.4782920624263047
A,False,4,static,92,3.7833055537043805,-13.173800080545144,1.479008093173757
A,False,4,static,93,3.783265783765112,-13.182979303514706,1.4796174162959996
A,False,4,static,94,3.782868495008561,-13.18461461830286,1.479228149775168
A,False,4,static,95,3.783901049237658,-13.172227684233983,1.4823173862651549
A,False,4,static,96,3.781910743047485,-13.206148469880956,1.481135571149918
A,False,4,static,97,3.7830358025219994,-13.201700891353843,1.4807685052434072
A,False,4,static,98,3.7839295183273727,-13.184482622971766,1.4819293078552604
A,False,4,static,99,3.7813726078227154,-13.189878215583358,1.4805633945188543
A,False,5,closed_loop,0,3.971541228086242,-7.77787446909547,1.0823754870749838
A,False,5,closed_loop,1,3.9450429948501977,-7.852767600859025,1.046883075031993
A,False,5,closed_loop,2,3.9431395179434254,-7.900459580524259,1.0588247910029582
A,False,5,closed_loop,3,3.94323501635982,-7.9525082987554585,1.065891688080618
A,False,5,closed_loop,4,3.9173831252327194,-8.058689894839086,1.066822762292247
A,False,5,closed_loop,5,3.918707163443546,-8.09200979489968,1.0674383339839006
A,False,5,closed_loop,6,3.910371607616799,-8.203773865451739,1.0772784202042305
A,False,5,closed_loop,7,3.92241412903572,-8.206798450893215,1.0842828187537084
A,False,5,closed_loop,8,3.9097093479822127,-8.260526329813132,1.081926646425701
A,False,5,closed_loop,9,3.900473034779669,-8.32671192411984,1.0936324605723682
A,False,5,closed_loop,10,3.899670503713505,-8.352611945200499,1.0938706016594104
A,False,5,closed_loop,11,3.904332242245676,-8.397519071944734,1.0896990291581454
A,False,5,closed_loop,12,3.8624111930704683,-8.581267634240708,1.0930165481551333
A,False,5,closed_loop,13,3.877679421726134,-8.575098386564429,1.1012731383774075
A,False,5,closed_loop,14,3.852465203396619,-8.68587165899318,1.1036024171959353
A,False,5,closed_loop,15,3.853544592452415,-8.740382152924036,1.107484329875014
A,False,5,closed_loop,16,3.842976559141205,-8.781770093298917,1.104794289028929
A,False,5,closed_loop,17,3.8353059384970476,-8.845674758039472,1.1099645690276347
A,False,5,closed_loop,18,3.8269976111085016,-8.931788211623557,1.1015369269121296
A,False,5,closed_loop,19,3.8215542429543583,-8.97894491614362,1.1031932565493425
A,False,5,closed_loop,20,3.8153269730224046,-9.03538942959476,1.1060621598555718
A,False,5,closed_loop,21,3.8155598402905384,-9.112045197144361,1.1037475463173883
A,False,5,closed_loop,22,3.8216085960293644,-9.13628065318285,1.1109546084218769
A,False,5,closed_loop,23,3.8135358649307887,-9.171711796616895,1.110797534880238
A,False,5,closed_loop,24,3.78419929374056,-9.305048493225657,1.1147921084313734
A,False,5,closed_loop,25,3.802945393089536,-9.301635510419205,1.1153349932986372
A,False,5,closed_loop,26,3.7938819026651545,-9.418545243639684,1.1236469797443072
A,False,5,closed_loop,27,3.7838619263736937,-9.49931544515425,1.122827785054423
A,False,5,closed_loop,28,3.8058556313790555,-9.367879791784006,1.1276172121616728
A,False,5,closed_loop,29,3.7880273221210494,-9.536800822606486,1.137806892165373
A,False,5,closed_loop,30,3.7953655830951507,-9.534169493621627,1.141643486077615
A,False,5,closed_loop,31,3.7910543998776234,-9.598347982510015,1.1442082170967183
A,False,5,closed_loop,32,3.7890461731356218,-9.611787904082886,1.142209316752882
A,False,5,closed_loop,33,3.7832230159441482,-9.711341879142234,1.1509567466144748
A,False,5,closed_loop,34,3.7833787289131275,-9.725747832353798,1.1417493320125127
A,False,5,closed_loop,35,3.7815564264360995,-9.762253472676411,1.1429840728469296
A,False,5,closed_loop,36,3.7838794675922975,-9.747090939832034,1.147719547669541
A,False,5,closed_loop,37,3.777452270493703,-9.827890068418425,1.1458236491831164
A,False,5,closed_loop,38,3.766439083362201,-9.961145195687452,1.155076310778847
A,False,5,closed_loop,39,3.755495202247262,-10.003413212647851,1.152906052683248
A,False,5,closed_loop,40,3.7527630226909596,-10.049992701938809,1.1570417356944804
A,False,5,closed_loop,41,3.7544768195091947,-10.003982170866124,1.1447028061389057
A,False,5,closed_loop,42,3.7436779000406397,-10.05972478740275,1.1452207839861062
A,False,5,closed_loop,43,3.7457577103353548,-10.13466037365844,1.147345290570933
A,False,5,closed_loop,44,3.743664119598158,-10.161140393289015,1.1465244479072656
A,False,5,closed_loop,45,3.740718476496976,-10.19456019560522,1.154082478392792
A,False,5,closed_loop,46,3.732807334060707,-10.288144580169076,1.1549978699023191
A,False,5,closed_loop,47,3.7288304316445795,-10.340227329723712,1.1602347928079382
A,False,5,closed_loop,48,3.7348358209110706,-10.269782717987203,1.1601693349563662
A,False,5,closed_loop,49,3.7255636887265666,-10.312491833185776,1.1536692415932703
A,False,5,closed_loop,50,3.7147946506212643,-10.37413313435716,1.157984737542549
A,False,5,closed_loop,51,3.7075165471410543,-10.485444931836527,1.162269612934926
A,False,5,closed_loop,52,3.709610585983654,-10.460742247888886,1.1648196653975564
A,False,5,closed_loop,53,3.70765629060814,-10.573910229455128,1.170784266621346
A,False,5,closed_loop,54,3.7040227795371123,-10.597485794385399,1.1766010080501106
A,False,5,closed_loop,55,3.7005743277491425,-10.652809972057456,1.1688842490986635
A,False,5,closed_loop,56,3.7058537213839955,-10.585204983113089,1.172674540578711
A,False,5,closed_loop,57,3.7002600734356164,-10.68189651156152,1.1649015665687308
A,False,5,closed_loop,58,3.702203480793676,-10.685083988144136,1.166418855694398
A,False,5,closed_loop,59,3.705270961616405,-10.677882029004252,1.1643201528230633
A,False,5,closed_loop,60,3.692980891311277,-10.818276536934471,1.1725590080101
A,False,5,closed_loop,61,3.6994654668236167,-10.83145382797075,1.168828532044495
A,False,5,closed_loop,62,3.6884351582496877,-10.840113014759275,1.1618064336068497
A,False,5,closed_loop,63,3.690791009952836,-10.895923505099262,1.1647254446192694
A,False,5,closed_loop,64,3.6881416514221126,-10.93159847303246,1.165582800454592
A,False,5,closed_loop,65,3.6809283482195885,-11.033441098311357,1.1681868984921662
A,False,5,closed_loop,66,3.6763476989040993,-11.052837221676787,1.1708665297357808
A,False,5,closed_loop,67,3.6768951034000685,-11.065578460786668,1.1743264338623087
A,False,5,closed_loop,68,3.6764598860747078,-11.071209543393493,1.1718724787279184
A,False,5,closed_loop,69,3.6891920733353594,-10.985896132936517,1.170090063190424
A,False,5,closed_loop,70,3.67975915138488,-11.070024107851674,1.1741396441360745
A,False,5,closed_loop,71,3.674974339874867,-11.226333329894018,1.1802352582318034
A,False,5,closed_loop,72,3.6753639044726056,-11.26503062840125,1.1815480078526488
A,False,5,closed_loop,73,3.6712310279802267,-11.371488471254544,1.1860984674884423
A,False,5,closed_loop,74,3.6724067202669435,-11.382487995444512,1.1847514619164434
A,False,5,closed_loop,75,3.672659382348615,-11.323251728319748,1.1751223741757653
A,False,5,closed_loop,76,3.667672625327303,-11.445311055027808,1.1834598286306772
A,False,5,closed_loop,77,3.6670223445813313,-11.463834461648004,1.1868478251692884
A,False,5,closed_loop,78,3.6654446540037995,-11.496315138269887,1.187857128918053
A,False,5,closed_loop,79,3.662956162628,-11.540597879276994,1.1867442104328045
A,False,5,closed_loop,80,3.6626309453052097,-11.564596416892785,1.1883220741676819
A,False,5,closed_loop,81,3.660224735634768,-11.60209079813901,1.1860468093476506
A,False,5,closed_loop,82,3.6579839791488165,-11.66934535280239,1.1904887605585952
A,False,5,closed_loop,83,3.652845233432503,-11.715873862345822,1.185393333660593
A,False,5,closed_loop,84,3.6530469838447477,-11.732563190765527,1.1856430415310089
A,False,5,closed_loop,85,3.66008676017678,-11.637192902294766,1.1871741333284744
A,False,5,closed_loop,86,3.6511310900388705,-11.81445446406189,1.18798640370628
A,False,5,closed_loop,87,3.6464567093952076,-11.831913683374708,1.1912958797578066
A,False,5,closed_loop,88,3.6457444356812876,-11.851996923172175,1.187159544226666
A,False,5,closed_loop,89,3.6435595164605394,-11.801611401668877,1.1865165214022702
A,False,5,closed_loop,90,3.6406481955291827,-11.899518907136391,1.188971494535363
A,False,5,closed_loop,91,3.638545703897828,-12.008981404401629,1.1882668963605438
A,False,5,closed_loop,92,3.6319716305236995,-12.050128847023098,1.1876285279317556
A,False,5,closed_loop,93,3.6331204240552033,-12.041835335140439,1.1858937042953257
A,False,5,closed_loop,94,3.6328816810760016,-12.040097948730997,1.1854079547611234
A,False,5,closed_loop,95,3.6259694772022617,-12.068099783185792,1.1821131439193087
A,False,5,closed_loop,96,3.6340264859788207,-11.951271465569624,1.1790846124473706
A,False,5,closed_loop,97,3.6317824330459936,-12.075982416436373,1.1862522189089784
A,False,5,closed_loop,98,3.6377407994521995,-12.001943933820526,1.1881556231777053
A,False,5,closed_loop,99,3.6307853967734793,-12.057466921495347,1.1918834109616459
A,False,5,static,0,3.971541228086242,-7.77787446909547,1.0823754870749838
A,False,5,static,1,3.9374965667475457,-7.941449720132602,1.0844132371950794
A,False,5,static,2,3.9415772881778963,-7.981652922337116,1.0942557162948687
A,False,5,static,3,3.9379737996823097,-8.018007142290609,1.0867216853299724
A,False,5,static,4,3.9164021272284635,-8.073751325512525,1.0780243296891416
A,False,5,static,5,3.9139945920041463,-8.143288490040108,1.0819256928246281
A,False,5,static,6,3.9061103786208164,-8.233621972789424,1.0949375885692259
A,False,5,static,7,3.912911950708916,-8.238760322352212,1.108640777543923
A,False,5,static,8,3.9108597621801997,-8.26400283208623,1.1028002657083917
A,False,5,static,9,3.8892641947941216,-8.404017729707947,1.1160199189689683
A,False,5,static,10,3.8846400217954304,-8.4247259196217,1.1061263016350535
A,False,5,static,11,3.88960643521122,-8.494453286660528,1.1119956585803756
A,False,5,static,12,3.861217266478372,-8.632509043218354,1.1122134704534044
A,False,5,static,13,3.8446060329886276,-8.678355495598149,1.1107645032523403
A,False,5,static,14,3.835971835534256,-8.729380842299896,1.117893857842487
A,False,5,static,15,3.839074702455001,-8.73771789583824,1.1192360570229754
A,False,5,static,16,3.828426775981281,-8.791719409264582,1.123985584343723
A,False,5,static,17,3.8261396537670787,-8.824677730384638,1.1192493088404303
A,False,5,static,18,3.8089594009380185,-8.936244024016515,1.1165113029161098
A,False,5,static,19,3.792355219788508,-9.051338883164872,1.1260737893539634
A,False,5,static,20,3.791168384370739,-9.07651735880676,1.1254444834130501
A,False,5,static,21,3.7857116605282553,-9.137916788884311,1.1258711853612138
A,False,5,static,22,3.77928212554979,-9.222472322399794,1.1388888887887918
A,False,5,static,23,3.781098225171277,-9.251704185431445,1.1390686869319115
A,False,5,static,24,3.7725339142275836,-9.31858969357103,1.1404155161850056
A,False,5,static,25,3.7689180683765175,-9.367819067026884,1.1394722072800716
A,False,5,static,26,3.7528036612037314,-9.464321279544052,1.139169847467569
A,False,5,static,27,3.7513997702048107,-9.494602182341305,1.1475368042633123
A,False,5,static,28,3.7672683166385887,-9.44141986284381,1.1464505551893431
A,False,5,static,29,3.7374104389784457,-9.627671766736396,1.1516396375412004
A,False,5,static,30,3.7314774436904465,-9.698246148802985,1.1569287560663692
A,False,5,static,31,3.7354356856685964,-9.759000783432915,1.1626320772360725
A,False,5,static,32,3.7256616735299204,-9.824719359670333,1.1605202139875541
A,False,5,static,33,3.7222187576702646,-9.841348658551057,1.163476961024291
A,False,5,static,34,3.722573732622442,-9.887046293687343,1.1633417877106036
A,False,5,static,35,3.7199361363572643,-9.922638499315177,1.1665526425891795
A,False,5,static,36,3.72047673028741,-9.937888637755739,1.1638562088510118
A,False,5,static,37,3.71342001815078,-10.029743908352913,1.1724439502095803
A,False,5,static,38,3.7089858223635854,-10.104380031984098,1.1810296974263335
A,False,5,static,39,3.7028478143494556,-10.146076837573245,1.186432529994397
A,False,5,static,40,3.7000345324191266,-10.24806067130846,1.1931995382875513
A,False,5,static,41,3.6966695232585827,-10.246156614155304,1.1825268201003303
A,False,5,static,42,3.69879596027848,-10.255607490856605,1.1865300391988
A,False,5,static,43,3.694788328426084,-10.351800448412305,1.193920930601287
A,False,5,static,44,3.688385990118938,-10.408435711324016,1.1981395055333686
A,False,5,static,45,3.6840943473090326,-10.45515533863424,1.200032872561739
A,False,5,static,46,3.676674395741036,-10.502577604009458,1.200905350386866
A,False,5,static,47,3.680371124816993,-10.540397330106167,1.2047069624237075
A,False,5,static,48,3.683403581134671,-10.52912387603018,1.208252560679634
A,False,5,static,49,3.670017147456767,-10.62622706870969,1.2067177507241167
A,False,5,static,50,3.6631224531443514,-10.703526033441767,1.2143217660559218
A,False,5,static,51,3.6601605204815866,-10.783886729219946,1.2204470855445793
A,False,5,static,52,3.6642038777986805,-10.752375451354405,1.215716513438541
A,False,5,static,53,3.664233207690353,-10.880486110478223,1.2257691122572343
A,False,5,static,54,3.6608190792277266,-10.87476786239776,1.228059310697429
A,False,5,static,55,3.6621205059472612,-10.918289875482065,1.229063656295043
A,False,5,static,56,3.652726505695077,-10.94870210413888,1.2306578778758672
A,False,5,static,57,3.647388256351883,-11.018204249908502,1.2252908829738614
A,False,5,static,58,3.6416017938045133,-11.057057274024965,1.223887305654343
A,False,5,static,59,3.6494388441685346,-11.03086055990896,1.2282360630399858
A,False,5,static,60,3.6374132236963974,-11.17878932021066,1.2229828455127512
A,False,5,static,61,3.6385721061485685,-11.156361261707568,1.2249855444831217
A,False,5,static,62,3.6315946498014244,-11.180482903544464,1.2232092602551645
A,False,5,static,63,3.6318072447833227,-11.219482842309437,1.2232911953463794
A,False,5,static,64,3.629656783688468,-11.23285020303994,1.2186666002164264
A,False,5,static,65,3.6317545422459965,-11.275061667964977,1.2201762929221402
A,False,5,static,66,3.6226896656615093,-11.347930378312242,1.2280771583836112
A,False,5,static,67,3.616185174682635,-11.43900333536547,1.2289287762068526
A,False,5,static,68,3.614845341973531,-11.454653098164508,1.2273222272857194
A,False,5,static,69,3.6251727005937737,-11.393141802563212,1.2286555681634708
A,False,5,static,70,3.615451730832929,-11.476106197999231,1.229148013539353
A,False,5,static,71,3.6101824100030355,-11.520046776339788,1.228923072597702
A,False,5,static,72,3.6120188811103433,-11.511861353345026,1.23172066709653
A,False,5,static,73,3.609263932601273,-11.537125876086748,1.2395834432971267
A,False,5,static,74,3.6135589432266335,-11.53759228606333,1.2372912383820258
A,False,5,static,75,3.6156112736797184,-11.453846313422067,1.2258561506539276
A,False,5,static,76,3.6048978736968422,-11.58833015741474,1.2320297798772573
A,False,5,static,77,3.605744274419576,-11.592665842811863,1.234447216943736
A,False,5,static,78,3.608228447089006,-11.586135248008347,1.2402084137716027
A,False,5,static,79,3.6034341345128698,-11.64874382039284,1.2397317199952298
A,False,5,static,80,3.605192039549396,-11.6605335540141,1.241693068325953
A,False,5,static,81,3.6033155138472126,-11.66148635810607,1.2400084339566106
A,False,5,static,82,3.6069027798621764,-11.69043450856961,1.2484545061394337
A,False,5,static,83,3.6018860375046358,-11.684265921317355,1.2413313345083334
A,False,5,static,84,3.600164563140917,-11.738454960331424,1.241616789980846
A,False,5,static,85,3.597565009300061,-11.691872584352197,1.2376551949672228
A,False,5,static,86,3.5937896083135104,-11.855406766274152,1.2470537019251522
A,False,5,static,87,3.5894729643520953,-11.872868100552969,1.2419572627962159
A,False,5,static,88,3.5899851689113498,-11.905588845367214,1.2423862495088933
A,False,5,static,89,3.5882132526360393,-11.839479962545553,1.2377009169237418
A,False,5,static,90,3.5876855494965363,-11.872937959262508,1.2379293607208446
A,False,5,static,91,3.5878212307348707,-11.946956043165082,1.2377202910326195
A,False,5,static,92,3.582777584903616,-12.011136722204059,1.245278413877557
A,False,5,static,93,3.5789464357205496,-12.026166507969613,1.2442784085957896
A,False,5,static,94,3.5778977566430163,-12.060217576130674,1.2406635391945293
A,False,5,static,95,3.5747595020424296,-12.092789998873664,1.2381345006695053
A,False,5,static,96,3.578190463956023,-12.038643930778965,1.2365023131079047
A,False,5,static,97,3.5760997150592835,-12.107400224559129,1.2390003247526693
A,False,5,static,98,3.5777718901487368,-12.100330585021034,1.2354460668719924
A,False,5,static,99,3.570092424733923,-12.145237232687256,1.235501596941597
A,False,6,closed_loop,0,4.269410108043203,-6.802942208656289,1.1683486748373053
A,False,6,closed_loop,1,4.292791974595613,-6.61433225379406,1.1570211726728903
A,False,6,closed_loop,2,4.291593141290711,-6.637108030091795,1.1575668157949672
A,False,6,closed_loop,3,4.281529514093532,-6.697889923035786,1.1679549282952755
A,False,6,closed_loop,4,4.274687799238161,-6.728464787556593,1.165301865900016
A,False,6,closed_loop,5,4.237565367460494,-6.848485450351671,1.1690290005632846
A,False,6,closed_loop,6,4.246101946208708,-6.895590232317985,1.18691367618437
A,False,6,closed_loop,7,4.232318795021228,-6.960555201306293,1.1885202583218406
A,False,6,closed_loop,8,4.233806441373315,-6.964505824339914,1.1860713291743263
A,False,6,closed_loop,9,4.214268035702076,-7.068762295643839,1.2015070634523772
A,False,6,closed_loop,10,4.193648255235726,-7.126566367274375,1.1990057979983433
A,False,6,closed_loop,11,4.186183983118592,-7.139351640949347,1.2006441661156622
A,False,6,closed_loop,12,4.199839400526472,-7.1240430116141695,1.2096067367804064
A,False,6,closed_loop,13,4.1976340486584,-7.219196168711208,1.227864412804623
A,False,6,closed_loop,14,4.175049112319971,-7.30743224604866,1.228447025316829
A,False,6,closed_loop,15,4.1632684862491764,-7.321850885285666,1.2308573485079397
A,False,6,closed_loop,16,4.172012005452952,-7.307098977048491,1.2310276124298056
A,False,6,closed_loop,17,4.142977628170214,-7.458981294248392,1.2424524698713464
A,False,6,closed_loop,18,4.148150226311617,-7.4786350169259235,1.2528821007793154
A,False,6,closed_loop,19,4.134201492746795,-7.5410163768508935,1.2543846059429085
A,False,6,closed_loop,20,4.10217337308447,-7.636299392450226,1.2559807754476413
A,False,6,closed_loop,21,4.107227218836521,-7.626625326889698,1.262796215894307
A,False,6,closed_loop,22,4.0911530502372795,-7.69151605348205,1.2615247890666668
A,False,6,closed_loop,23,4.096668811979275,-7.781783166588384,1.2751184577133838
A,False,6,closed_loop,24,4.085578535825455,-7.827263733746929,1.2784172097695763
A,False,6,closed_loop,25,4.094051027615986,-7.811856709052253,1.2807393796098923
A,False,6,closed_loop,26,4.087358994614154,-7.8706599047983845,1.2788668569665904
A,False,6,closed_loop,27,4.064992959968485,-7.953995965924942,1.2841737042755328
A,False,6,closed_loop,28,4.088139672409483,-7.878532108009499,1.2789837526593288
A,False,6,closed_loop,29,4.085345790776031,-7.9169672479888575,1.2909503163821288
A,False,6,closed_loop,30,4.066393460926495,-7.998361744340101,1.2845168254912442
A,False,6,closed_loop,31,4.0577390123998995,-8.052621989882171,1.2904756108087516
A,False,6,closed_loop,32,4.0529943130651604,-8.081965324069698,1.2957463654390393
A,False,6,closed_loop,33,4.065000381575821,-8.120061172845267,1.3118864585963064
A,False,6,closed_loop,34,4.062549792989848,-8.132514327544902,1.3068524478096266
A,False,6,closed_loop,35,4.060013794859724,-8.178919693290156,1.3090526315178916
A,False,6,closed_loop,36,4.039164610471819,-8.241129503159538,1.3066244313216482
A,False,6,closed_loop,37,4.043844026559682,-8.2488669717181,1.3128172161286615
A,False,6,closed_loop,38,4.054115100919431,-8.262217926009347,1.3211766705065522
A,False,6,closed_loop,39,4.068127389829036,-8.244565581812465,1.3309533516281846
A,False,6,closed_loop,40,4.063065170354377,-8.273005851507667,1.33076665089515
A,False,6,closed_loop,41,4.076997325700771,-8.259586906863653,1.3436981239578838
A,False,6,closed_loop,42,4.071716246758919,-8.32146046060596,1.349433484681353
A,False,6,closed_loop,43,4.060131219579923,-8.349644594616038,1.3453177232717362
A,False,6,closed_loop,44,4.060522179162858,-8.3882251706766,1.361068905147808
A,False,6,closed_loop,45,4.053557099438911,-8.421449638433847,1.3578132626396986
A,False,6,closed_loop,46,4.067810425370344,-8.424246151590525,1.3616449678528229
A,False,6,closed_loop,47,4.061281597139033,-8.477169758445823,1.361573206687914
A,False,6,closed_loop,48,4.067894790039083,-8.503563441373927,1.3732289753171696
A,False,6,closed_loop,49,4.057738838193438,-8.596397272088778,1.3794620994387194
A,False,6,closed_loop,50,4.052139694750294,-8.6122159408147,1.3796415580568286
A,False,6,closed_loop,51,4.068114505452065,-8.552953788674936,1.3822056967234388
A,False,6,closed_loop,52,4.066111233666014,-8.618021226115953,1.38912164108727
A,False,6,closed_loop,53,4.058967014974628,-8.618971087437695,1.3860539633314863
A,False,6,closed_loop,54,4.05714222443698,-8.643351457883686,1.3882152246145074
A,False,6,closed_loop,55,4.054080713931055,-8.665744714005465,1.391231013309742
A,False,6,closed_loop,56,4.058004377949157,-8.671002225390286,1.3986826653861237
A,False,6,closed_loop,57,4.050396772219313,-8.727779238969076,1.3991403970527667
A,False,6,closed_loop,58,4.061100354905872,-8.720354719749036,1.4108120508683937
A,False,6,closed_loop,59,4.0602288352174485,-8.703941285167774,1.4107159511265683
A,False,6,closed_loop,60,4.072911944147463,-8.707896251161387,1.4146274907369527
A,False,6,closed_loop,61,4.095132454314233,-8.708589840847427,1.431910616370289
A,False,6,closed_loop,62,4.080972495496886,-8.71777573155556,1.418247066815902
A,False,6,closed_loop,63,4.0774242482294065,-8.75316741607723,1.4205989444927178
A,False,6,closed_loop,64,4.0828561169940265,-8.785126538504933,1.4275106752612483
A,False,6,closed_loop,65,4.08294204156902,-8.788219526426959,1.4290926142001121
A,False,6,closed_loop,66,4.081450723368219,-8.790824723080746,1.4300252497984236
A,False,6,closed_loop,67,4.08213638996086,-8.834022206117693,1.4415596541961355
A,False,6,closed_loop,68,4.089086681275072,-8.820471062486453,1.441860990476177
A,False,6,closed_loop,69,4.098979633962117,-8.799269161189278,1.4468889449120355
A,False,6,closed_loop,70,4.093768348089074,-8.866933980749295,1.4467692196618334
A,False,6,closed_loop,71,4.087261713199667,-8.927444719978068,1.449929229680345
A,False,6,closed_loop,72,4.086235584093747,-8.937671174623782,1.4503929424257453
A,False,6,closed_loop,73,4.081437066585295,-8.974757663994142,1.4578806284351635
A,False,6,closed_loop,74,4.0866118604521775,-8.956959714398756,1.453830515937213
A,False,6,closed_loop,75,4.090187791329447,-8.966189554616376,1.462749462640156
A,False,6,closed_loop,76,4.093024296904644,-9.020104699745945,1.4617981986912163
A,False,6,closed_loop,77,4.098750842317795,-9.04617951221672,1.4679737821685943
A,False,6,closed_loop,78,4.094900119193185,-9.1187586884634,1.4873528095857527
A,False,6,closed_loop,79,4.083166995733947,-9.16506517216986,1.4855268804247705
A,False,6,closed_loop,80,4.084087887470444,-9.162115828978907,1.4830987478262632
A,False,6,closed_loop,81,4.088862113873379,-9.205531118936207,1.4880702413716287
A,False,6,closed_loop,82,4.090380968203668,-9.216358404543676,1.4882648091614739
A,False,6,closed_loop,83,4.098262473075263,-9.158919142972621,1.490295426321084
A,False,6,closed_loop,84,4.102762431249499,-9.207421364152532,1.4954207223266245
A,False,6,closed_loop,85,4.0915571564822,-9.24659396228453,1.4909694581816295
A,False,6,closed_loop,86,4.0960256326853335,-9.239930469555707,1.4906511438302774
A,False,6,closed_loop,87,4.110455738284483,-9.218646702494,1.5018596843272658
A,False,6,closed_loop,88,4.10628070255927,-9.24966458601772,1.5035344051890078
A,False,6,closed_loop,89,4.098496597580985,-9.289747216279613,1.5061245185278915
A,False,6,closed_loop,90,4.096770625600702,-9.282004892006542,1.5029642447892162
A,False,6,closed_loop,91,4.081860086262239,-9.379881460175014,1.5024788849298087
A,False,6,closed_loop,92,4.083164400128246,-9.3796695831063,1.5029953543938328
A,False,6,closed_loop,93,4.0834466870763135,-9.40116694238095,1.5034615359628205
A,False,6,closed_loop,94,4.080098417555976,-9.465136403182102,1.5119628021200275
A,False,6,closed_loop,95,4.079273492510468,-9.495547007751581,1.5157729675733318
A,False,6,closed_loop,96,4.0839994315831705,-9.45145642637122,1.514269702217553
A,False,6,closed_loop,97,4.0758130830831325,-9.477390510509737,1.5105116076186853
A,False,6,closed_loop,98,4.090757284096351,-9.491838873706753,1.5285513710448935
A,False,6,closed_loop,99,4.087331119905547,-9.526579863142615,1.5233094687377038
A,False,6,static,0,4.269410108043203,-6.802942208656289,1.1683486748373053
A,False,6,static,1,4.251268354325329,-6.843041413026557,1.1620333617378988
A,False,6,static,2,4.256075087640283,-6.8180130268860735,1.1723226805346127
A,False,6,static,3,4.242750859490812,-6.917921585249663,1.1807659074826329
A,False,6,static,4,4.241795765558545,-6.967258204122712,1.183908208072619
A,False,6,static,5,4.202077985475957,-7.067192167284145,1.180197372872404
A,False,6,static,6,4.202998212517671,-7.108776570112011,1.196856557821418
A,False,6,static,7,4.1903247399341845,-7.174532777482632,1.205845437321712
A,False,6,static,8,4.190453924747959,-7.195147532633112,1.202532228164127
A,False,6,static,9,4.197415927446081,-7.207119892678823,1.212462614300095
A,False,6,static,10,4.161685252159206,-7.331660744212377,1.2120062358092216
A,False,6,static,11,4.160886914028762,-7.363790655022598,1.2160643076853448
A,False,6,static,12,4.173024952524144,-7.367046813943538,1.2200763477090264
A,False,6,static,13,4.162806657944567,-7.433002962797212,1.2260233554515352
A,False,6,static,14,4.153445616205235,-7.523057883494045,1.2368933946935743
A,False,6,static,15,4.146164957795512,-7.547238831799756,1.23791836774195
A,False,6,static,16,4.158439893986359,-7.547858371055312,1.2366736134537626
A,False,6,static,17,4.1431452341378625,-7.627016951072778,1.247785435474086
A,False,6,static,18,4.1546308098138,-7.6357703513674196,1.259652421636192
A,False,6,static,19,4.129343539348782,-7.722520954293235,1.2570758039088827
A,False,6,static,20,4.11359078938161,-7.813655386099069,1.2577658361354835
A,False,6,static,21,4.096721081605929,-7.921425697110618,1.268217760783102
A,False,6,static,22,4.0881431987733015,-7.931457015904416,1.2580588737773135
A,False,6,static,23,4.076775639574377,-8.00599426334854,1.2627014293545835
A,False,6,static,24,4.046663049314918,-8.117651455716853,1.257847110694188
A,False,6,static,25,4.047204773459514,-8.138967904182147,1.2560440807164583
A,False,6,static,26,4.053910336566081,-8.126874058776876,1.2555947177332853
A,False,6,static,27,4.029574178908305,-8.23964681354257,1.2590781258464905
A,False,6,static,28,4.0461077507342855,-8.198778976716381,1.2546378974288508
A,False,6,static,29,4.041217161122359,-8.233846794946695,1.2677711466825425
A,False,6,static,30,4.032994128239215,-8.293386744461673,1.2718259552936892
A,False,6,static,31,4.030205425357624,-8.347486999732547,1.2736260051152082
A,False,6,static,32,4.037767521512493,-8.358200348748099,1.276712023232947
A,False,6,static,33,4.026720543483703,-8.443444045592393,1.279785781855647
A,False,6,static,34,4.0270613625052825,-8.441948885869335,1.2750374328491123
A,False,6,static,35,4.032325649592004,-8.454472626792944,1.2811958421036422
A,False,6,static,36,4.020154655930317,-8.496024144494951,1.2966327080160105
A,False,6,static,37,4.022800287113028,-8.50782436980748,1.2973462831435507
A,False,6,static,38,4.03026483473118,-8.479615739990413,1.3011952642351352
A,False,6,static,39,4.031733238708264,-8.508087445496521,1.3047720864959518
A,False,6,static,40,4.028474260558901,-8.532760025771685,1.3076016243845405
A,False,6,static,41,4.025550832686687,-8.564022301661007,1.3151809414554467
A,False,6,static,42,4.0265565321034105,-8.600240153301408,1.3144851855705155
A,False,6,static,43,4.021603651133946,-8.648987809982296,1.3175484784325147
A,False,6,static,44,4.032855711177574,-8.64261756994165,1.336608255805684
A,False,6,static,45,4.024502749673779,-8.696560817072655,1.3349648035789305
A,False,6,static,46,4.033227687460139,-8.70762808340136,1.3403920564032132
A,False,6,static,47,4.028522626442933,-8.799567194288402,1.3423774703143738
A,False,6,static,48,4.0314821315808835,-8.779388888981627,1.3475708010034015
A,False,6,static,49,4.022716289994051,-8.835884529172267,1.3532823082298109
A,False,6,static,50,4.017249735444725,-8.854512915701221,1.3514215197459132
A,False,6,static,51,4.030273382987583,-8.84232590995554,1.354820072112731
A,False,6,static,52,4.0248731112002645,-8.906242432367245,1.3616433999399138
A,False,6,static,53,4.01472241184336,-8.965437819775085,1.3668058191549084
A,False,6,static,54,4.018584616826528,-8.956363983336837,1.363510052260798
A,False,6,static,55,4.031145917805629,-8.935417444365543,1.3722434472718767
A,False,6,static,56,4.024599404784607,-8.94464967031477,1.3728121238417437
A,False,6,static,57,4.018258728755154,-9.017491474864839,1.3812778370812422
A,False,6,static,58,4.022738645404639,-9.04529291633545,1.390679779176206
A,False,6,static,59,4.021047848735662,-9.037521204014029,1.3898937829331637
A,False,6,static,60,4.019247772488744,-9.075231966459002,1.3920945436946888
A,False,6,static,61,4.026299111484251,-9.076260650735826,1.4026066642547717
A,False,6,static,62,4.017278455849317,-9.093068224901318,1.393838763771192
A,False,6,static,63,4.003201177088902,-9.15573065371491,1.393032228487123
A,False,6,static,64,4.005905292302339,-9.184331151091198,1.3973076677154157
A,False,6,static,65,4.009851380528015,-9.181862447433561,1.401596689761429
A,False,6,static,66,4.005457472729986,-9.197566032674464,1.3991183801161158
A,False,6,static,67,3.9952049895195807,-9.24400550802774,1.404274896964112
A,False,6,static,68,4.005345709622952,-9.25777712608466,1.4010592511736017
A,False,6,static,69,4.011207001955907,-9.270121976543008,1.411307858551816
A,False,6,static,70,4.008321268324017,-9.320402537860922,1.4101574715866807
A,False,6,static,71,3.9980742499734405,-9.33702753551769,1.4078933998379626
A,False,6,static,72,3.9938204342303387,-9.381206378147413,1.4122705496157655
A,False,6,static,73,3.9833959791838485,-9.417358682645594,1.4126104631108867
A,False,6,static,74,3.996661930813659,-9.423342324117492,1.4140436034395967
A,False,6,static,75,3.984322395017001,-9.446751240795455,1.4134493892116924
A,False,6,static,76,3.9796400887601884,-9.511919186084889,1.4145156356422446
A,False,6,static,77,3.9840547909633757,-9.58344886500464,1.4209892096612187
A,False,6,static,78,3.9729373119637237,-9.629056552214466,1.4250992978563854
A,False,6,static,79,3.970619862273132,-9.680876350981231,1.4244973905940554
A,False,6,static,80,3.9754009550526077,-9.683298993721133,1.4218756039176401
A,False,6,static,81,3.977188873341602,-9.678253845662375,1.4234482994167632
A,False,6,static,82,3.9767386320085962,-9.691298678928684,1.4230193997705192
A,False,6,static,83,3.981953371435585,-9.639883625105782,1.423978464217436
A,False,6,static,84,3.979389578378162,-9.686330698437201,1.427121182160435
A,False,6,static,85,3.9737590868299812,-9.730340305496478,1.427654933629724
A,False,6,static,86,3.985830400902511,-9.73308944777606,1.4314869631587015
A,False,6,static,87,3.9902278035943115,-9.701855628147461,1.432195037719347
A,False,6,static,88,3.9898286200345106,-9.729992453735244,1.4369648128869728
A,False,6,static,89,3.9839102054457616,-9.787737074947975,1.4404776098104544
A,False,6,static,90,3.984717446907783,-9.83047729911038,1.4447600230301638
A,False,6,static,91,3.975583351916894,-9.934414463979634,1.4422536876220498
A,False,6,static,92,3.982405977505625,-9.961733200270311,1.4518363082410222
A,False,6,static,93,3.987349445009988,-9.965115671203499,1.4556626975529767
A,False,6,static,94,3.982564183450448,-9.981756145850314,1.4550567679378175
A,False,6,static,95,3.981285924906772,-10.017881737030713,1.4588075049869282
A,False,6,static,96,3.989696003419932,-9.985629904412514,1.455849019317833
A,False,6,static,97,3.9856161845139098,-9.990727940867421,1.455872237176535
A,False,6,static,98,3.9886537876702874,-10.050138066021951,1.46801038066509
A,False,6,static,99,3.988164958825932,-10.100584548995025,1.465618592311153
A,False,7,closed_loop,0,3.9274862795765464,-7.4148177779276105,1.0268504354843382
A,False,7,closed_loop,1,3.9518857340079854,-7.281992288023026,1.0007110800747263
A,False,7,closed_loop,2,3.937573969107867,-7.417599408362758,1.004249428428188
A,False,7,closed_loop,3,3.8901728032196465,-7.618292934532138,1.0210062865209169
A,False,7,closed_loop,4,3.879037033388739,-7.6358147392035605,1.0116003384267467
A,False,7,closed_loop,5,3.876752700301635,-7.716725403185358,1.029631901894695
A,False,7,closed_loop,6,3.852471521305217,-7.838142438560048,1.0394469380158577
A,False,7,closed_loop,7,3.8362175542341626,-7.87979983656624,1.034854804899575
A,False,7,closed_loop,8,3.795283023444689,-8.088713229197994,1.0405934419754967
A,False,7,closed_loop,9,3.7915511901956385,-8.145668150511625,1.047400411466773
A,False,7,closed_loop,10,3.7792279982056143,-8.290925396875851,1.0677618245104732
A,False,7,closed_loop,11,3.7616506298563315,-8.354046467007715,1.0644907483915131
A,False,7,closed_loop,12,3.7390456566280292,-8.466850449186152,1.0682964700557624
A,False,7,closed_loop,13,3.745574779803967,-8.459806936146949,1.075455133320338
A,False,7,closed_loop,14,3.720188362951223,-8.574339721521733,1.081845273366517
A,False,7,closed_loop,15,3.7055884827987753,-8.684790874132858,1.0884231521768017
A,False,7,closed_loop,16,3.706919371402739,-8.699330718480406,1.0946945109580701
A,False,7,closed_loop,17,3.705328028701651,-8.746619553427196,1.0944628372274938
A,False,7,closed_loop,18,3.6980229445905373,-8.809353894407542,1.0939792804418402
A,False,7,closed_loop,19,3.6950911377792175,-8.875321847843052,1.1046698399154968
A,False,7,closed_loop,20,3.688864376812308,-8.91378678062111,1.1083263699877492
A,False,7,closed_loop,21,3.683567535294086,-8.985059481517572,1.1141431907448254
A,False,7,closed_loop,22,3.660893446323018,-9.106927425862379,1.1109326405128037
A,False,7,closed_loop,23,3.6455009255372546,-9.208588160000179,1.1228595532885757
A,False,7,closed_loop,24,3.6433488919235075,-9.214226737406085,1.117943300745975
A,False,7,closed_loop,25,3.6238586086293245,-9.323884764265483,1.117671779783621
A,False,7,closed_loop,26,3.590468901408846,-9.49780871191062,1.1233033017196965
A,False,7,closed_loop,27,3.5832798373979706,-9.5372523568656,1.123408465049933
A,False,7,closed_loop,28,3.5772707395344128,-9.537442103881453,1.1160589389772637
A,False,7,closed_loop,29,3.567816643353654,-9.696499072248335,1.127088135228501
A,False,7,closed_loop,30,3.5622905568003045,-9.708721475775425,1.1203516519357708
A,False,7,closed_loop,31,3.556807469597679,-9.802931009826208,1.1294414309792769
A,False,7,closed_loop,32,3.5502582357841135,-9.848557621985321,1.1231492394022988
A,False,7,closed_loop,33,3.5372709828297033,-9.933640186803302,1.1253900420366476
A,False,7,closed_loop,34,3.52756309377515,-10.030497670977363,1.1289426186684581
A,False,7,closed_loop,35,3.5298662869907993,-10.07268616549225,1.1286005447329062
A,False,7,closed_loop,36,3.5148305359945837,-10.225677902151032,1.1421836709063273
A,False,7,closed_loop,37,3.5133573878705633,-10.294079182491133,1.1445048337549815
A,False,7,closed_loop,38,3.5064998345879688,-10.322597714587326,1.141227328598973
A,False,7,closed_loop,39,3.5102205087379166,-10.4235889692445,1.140347501129073
A,False,7,closed_loop,40,3.5032519522047174,-10.498178027892044,1.1476620336584176
A,False,7,closed_loop,41,3.4827742558418264,-10.570920111675711,1.1416716469263142
A,False,7,closed_loop,42,3.488058937001533,-10.544060049994387,1.1440638589591057
A,False,7,closed_loop,43,3.4816360635139287,-10.662995349674832,1.148570531845763
A,False,7,closed_loop,44,3.4719713217929686,-10.708639452295216,1.151063152422316
A,False,7,closed_loop,45,3.4671745894090904,-10.751658447791149,1.1498494479637518
A,False,7,closed_loop,46,3.4615764915608636,-10.816458619693483,1.1547019655161854
A,False,7,closed_loop,47,3.4629855345728884,-10.918051844071263,1.158867632051554
A,False,7,closed_loop,48,3.457644630626676,-10.927905991966549,1.1611968276339713
A,False,7,closed_loop,49,3.455699757132628,-10.997084704848078,1.1639231380202315
A,False,7,closed_loop,50,3.442477433622783,-11.091653472263737,1.1572875923412929
A,False,7,closed_loop,51,3.4377671127640164,-11.150799755976736,1.1674581181587518
A,False,7,closed_loop,52,3.4316419529840805,-11.186451499191472,1.1660931690453877
A,False,7,closed_loop,53,3.434481318404739,-11.18273245663706,1.1706668542855603
A,False,7,closed_loop,54,3.432222223033939,-11.214322002688304,1.1677565940097212
A,False,7,closed_loop,55,3.4250822024741705,-11.234743303374907,1.161569308914208
A,False,7,closed_loop,56,3.4280322158793965,-11.259919568491098,1.1701338563147632
A,False,7,closed_loop,57,3.424759529685827,-11.292809946787434,1.1661975480820586
A,False,7,closed_loop,58,3.423119906438929,-11.301311514967002,1.1664636978350833
A,False,7,closed_loop,59,3.419954488881934,-11.333808652586036,1.1700515371430205
A,False,7,closed_loop,60,3.4118738442022614,-11.49071404747774,1.1601040194494667
A,False,7,closed_loop,61,3.417626469383143,-11.56735456501634,1.1821083174046665
A,False,7,closed_loop,62,3.418674339381154,-11.625199953859399,1.183846115425647
A,False,7,closed_loop,63,3.4105919196626395,-11.720133050316443,1.1904553412012782
A,False,7,closed_loop,64,3.4148173849068164,-11.65952307281527,1.1851555102401152
A,False,7,closed_loop,65,3.419091913773124,-11.686018172828275,1.1870299633719714
A,False,7,closed_loop,66,3.413178095118173,-11.765430694027247,1.1904233232008388
A,False,7,closed_loop,67,3.408437620232913,-11.773295304914086,1.186373029960908
A,False,7,closed_loop,68,3.413148311365885,-11.785794362587913,1.192220972893273
A,False,7,closed_loop,69,3.406786315187406,-11.855325344507696,1.192004056932614
A,False,7,closed_loop,70,3.410981060071675,-11.85555884068575,1.1971056904378263
A,False,7,closed_loop,71,3.419063646020378,-11.894662642821919,1.2056261645258084
A,False,7,closed_loop,72,3.4263903472532102,-11.871052295925315,1.2073766562366604
A,False,7,closed_loop,73,3.422989541733932,-11.948281771632125,1.2088176937632775
A,False,7,closed_loop,74,3.4238431613857596,-11.92456441363803,1.2057927678565235
A,False,7,closed_loop,75,3.424522915749433,-11.958907312243726,1.2110318953240908
A,False,7,closed_loop,76,3.422120982205808,-11.98663409486717,1.2091883605142872
A,False,7,closed_loop,77,3.4194501517909717,-12.005649726141755,1.2082932757304006
A,False,7,closed_loop,78,3.419373954407712,-12.038419945727794,1.2131322884855518
A,False,7,closed_loop,79,3.4176316534494178,-12.079296108175859,1.2133991307791498
A,False,7,closed_loop,80,3.410452192672629,-12.12547764619589,1.214332300722031
A,False,7,closed_loop,81,3.415479468097883,-12.191218551260077,1.2290277585735367
A,False,7,closed_loop,82,3.414833430803841,-12.17652150399377,1.226306389286877
A,False,7,closed_loop,83,3.410309974809556,-12.208642968752232,1.2256429872940575
A,False,7,closed_loop,84,3.4059646178877667,-12.328735192141801,1.2309386570979692
A,False,7,closed_loop,85,3.4144543585248095,-12.312418774926106,1.2307388313117311
A,False,7,closed_loop,86,3.402905265819811,-12.383410650743969,1.2259193771896733
A,False,7,closed_loop,87,3.4058122036338125,-12.399673541377839,1.2293930227374328
A,False,7,closed_loop,88,3.4011614627771203,-12.476294507635536,1.227410126583625
A,False,7,closed_loop,89,3.40303637741669,-12.53903372363248,1.2343166155402674
A,False,7,closed_loop,90,3.4053439211032814,-12.53679635750251,1.2374258420521052
A,False,7,closed_loop,91,3.3996481275744923,-12.728092830147887,1.2479425303928684
A,False,7,closed_loop,92,3.401101807534694,-12.732296784457816,1.246359920458391
A,False,7,closed_loop,93,3.397513408825947,-12.762382875733019,1.2459204127828867
A,False,7,closed_loop,94,3.4026700368259335,-12.739400249869206,1.2462468819250312
A,False,7,closed_loop,95,3.4037586198597207,-12.824449171221895,1.2486006572866555
A,False,7,closed_loop,96,3.406088222421158,-12.869725476357052,1.2499452463795218
A,False,7,closed_loop,97,3.4063225487254214,-12.839606298545107,1.246283221677561
A,False,7,closed_loop,98,3.406210669686532,-12.895918581256472,1.2483609112651337
A,False,7,closed_loop,99,3.3994909343266015,-12.986284780242789,1.2517482813411032
A,False,7,static,0,3.9274862795765464,-7.4148177779276105,1.0268504354843382
A,False,7,static,1,3.906094348060624,-7.5299247383317045,1.0259088779759307
A,False,7,static,2,3.9065459800914275,-7.612126109468285,1.0381537709393132
A,False,7,static,3,3.867971534084717,-7.782233207926386,1.053883297120184
A,False,7,static,4,3.8488377284444417,-7.9095946602569605,1.0544729052162969
A,False,7,static,5,3.8510691156060837,-7.9626656442088715,1.0708780325591871
A,False,7,static,6,3.8263149421081533,-8.093019600604324,1.0840547768990894
A,False,7,static,7,3.8137290119912404,-8.202338126917544,1.0858978348023747
A,False,7,static,8,3.7858027136961,-8.345922803549781,1.082898774857948
A,False,7,static,9,3.7785217068789194,-8.410192721845354,1.0878282426535821
A,False,7,static,10,3.783559916619551,-8.477079711688214,1.0946482321984952
A,False,7,static,11,3.7645943911838136,-8.541573488471501,1.0964867887087764
A,False,7,static,12,3.7620413621631497,-8.547148666100563,1.100755371946374
A,False,7,static,13,3.7248920231741445,-8.689974574580377,1.0986788721862513
A,False,7,static,14,3.7169242027682796,-8.773131540647876,1.1051461048921152
A,False,7,static,15,3.7052409896418568,-8.841231946187326,1.0995297139259483
A,False,7,static,16,3.707179526621809,-8.91167289715746,1.115674392380354
A,False,7,static,17,3.673868097269823,-9.072321472339077,1.1131210882055529
A,False,7,static,18,3.676412790052128,-9.127126648518436,1.1142241073420358
A,False,7,static,19,3.6535304951429297,-9.23356946196859,1.1144750879443024
A,False,7,static,20,3.6557439568433487,-9.304937841971574,1.1188213804319558
A,False,7,static,21,3.6507038712898496,-9.395443925219352,1.1333425404358548
A,False,7,static,22,3.639439332949875,-9.563459541911778,1.1458137501828687
A,False,7,static,23,3.6265344212279005,-9.688563039836923,1.145422172584505
A,False,7,static,24,3.618753800530154,-9.680465722879296,1.1364089649266271
A,False,7,static,25,3.6052492680425523,-9.794799398071605,1.1449565998610567
A,False,7,static,26,3.575503127922989,-9.94583056686413,1.1428874643327585
A,False,7,static,27,3.575738102312004,-10.072942305483616,1.150077871251949
A,False,7,static,28,3.5600043632333787,-10.146491255550265,1.1397067948057542
A,False,7,static,29,3.5442552477194034,-10.297799428466918,1.1417962584085395
A,False,7,static,30,3.5486860421525566,-10.251320265137954,1.1363106721144678
A,False,7,static,31,3.5286922369571307,-10.479443946219883,1.1412037923763472
A,False,7,static,32,3.534613599755929,-10.511724667022932,1.1340038556594834
A,False,7,static,33,3.525034665090253,-10.569746189869491,1.136095047723242
A,False,7,static,34,3.5146750260567203,-10.668738834179122,1.1316352798812828
A,False,7,static,35,3.516884701416911,-10.699267236531135,1.131534180768637
A,False,7,static,36,3.4981648323804535,-10.863434018703154,1.1234412235129785
A,False,7,static,37,3.493577967341109,-10.904349273859436,1.1227811872134528
A,False,7,static,38,3.5017829718321294,-10.92765495244513,1.1245446433795225
A,False,7,static,39,3.496013777444203,-10.945844807437235,1.121707484894307
A,False,7,static,40,3.508863199205191,-10.948550056368402,1.1245072689583855
A,False,7,static,41,3.4926771852935414,-11.079874972676656,1.118605641326269
A,False,7,static,42,3.4980919080152564,-11.05922928559554,1.123263234063554
A,False,7,static,43,3.498303935622785,-11.116633910476182,1.1233183850778017
A,False,7,static,44,3.4838145469205757,-11.217863267348337,1.1205250267650728
A,False,7,static,45,3.475144485826672,-11.305287486686579,1.1216674219023213
A,False,7,static,46,3.471670834515509,-11.384164248021134,1.120266907270967
A,False,7,static,47,3.47984475151836,-11.380972110635426,1.1158736251816412
A,False,7,static,48,3.4903921538618072,-11.354821968762726,1.12255684689523
A,False,7,static,49,3.4818852271518086,-11.39000842001186,1.1178966473925813
A,False,7,static,50,3.4825553131591893,-11.409028625360305,1.1172175883581743
A,False,7,static,51,3.479571555364547,-11.486517753821843,1.115230118554977
A,False,7,static,52,3.4756268633379954,-11.566224492919515,1.117590546825111
A,False,7,static,53,3.478493821839431,-11.689355692861144,1.1182815437298175
A,False,7,static,54,3.4763114960297394,-11.730239979157522,1.1135176027192644
A,False,7,static,55,3.475442265148145,-11.760303116558516,1.1182936118961806
A,False,7,static,56,3.4819239941426736,-11.784675654112936,1.1222147166143177
A,False,7,static,57,3.470414325882448,-11.837501486652954,1.1169806227844123
A,False,7,static,58,3.4601599149640982,-11.899774747093021,1.119300178813294
A,False,7,static,59,3.4547461582501895,-11.960150246316253,1.1180189788100596
A,False,7,static,60,3.448215248403797,-11.947501598451652,1.1157957950658808
A,False,7,static,61,3.4478493541991835,-11.983193141325359,1.1175857863237235
A,False,7,static,62,3.453687504421913,-12.030163830181964,1.117966066766514
A,False,7,static,63,3.4388970818783413,-12.138980692066923,1.1169723612084603
A,False,7,static,64,3.439027816258817,-12.14285748099507,1.1170425685921743
A,False,7,static,65,3.4341542278638166,-12.185394841382186,1.1162459872438408
A,False,7,static,66,3.4377095535059277,-12.20628850168569,1.1172848855840696
A,False,7,static,67,3.4324749618778596,-12.254643927338924,1.1219924545502045
A,False,7,static,68,3.426245695411407,-12.280116040288716,1.1218152175531018
A,False,7,static,69,3.424223794561177,-12.34601573702029,1.1168914590025645
A,False,7,static,70,3.425285229627144,-12.401200332701215,1.1241477982023367
A,False,7,static,71,3.4180743494880375,-12.400936104128528,1.1162536697795649
A,False,7,static,72,3.4206673272467456,-12.451996720279292,1.1240282710599236
A,False,7,static,73,3.4104111076023513,-12.49948656356576,1.1199101826091935
A,False,7,static,74,3.4139751267319505,-12.480200706238548,1.1261092596518494
A,False,7,static,75,3.4169999060036287,-12.498836163146159,1.1252152474438535
A,False,7,static,76,3.412858439069565,-12.545457400440762,1.1209534787931834
A,False,7,static,77,3.413915996829871,-12.523247875029755,1.1213214628689843
A,False,7,static,78,3.412301966944835,-12.600626218471907,1.123798046570664
A,False,7,static,79,3.4102320395893364,-12.627664327732269,1.1235460648474365
A,False,7,static,80,3.408768112118971,-12.666792622454972,1.1241198839689186
A,False,7,static,81,3.4077710407795387,-12.732105062016124,1.1299507376494082
A,False,7,static,82,3.4056144527235976,-12.762292430641542,1.1293276334844917
A,False,7,static,83,3.3990959404366747,-12.800732656326993,1.1283682869972538
A,False,7,static,84,3.394189270098939,-12.812952377500283,1.130315758828192
A,False,7,static,85,3.394632379575397,-12.81674707294006,1.1312007345232211
A,False,7,static,86,3.3929614931605534,-12.826465326834125,1.1331140486175
A,False,7,static,87,3.3921212889896726,-12.882738800424539,1.1324006373170468
A,False,7,static,88,3.3883078859554203,-12.923737658180741,1.1363865773874695
A,False,7,static,89,3.3894977449724224,-12.934237821411031,1.1381504558075621
A,False,7,static,90,3.3886516632765322,-12.989322386653454,1.1377686237551525
A,False,7,static,91,3.3871968439468225,-13.062257470041857,1.1389466763061609
A,False,7,static,92,3.3844350422096565,-12.999169625926838,1.1369441226275725
A,False,7,static,93,3.3784308577258155,-13.057856061336503,1.139396114809209
A,False,7,static,94,3.387535512193418,-13.035432398349807,1.1450835253807365
A,False,7,static,95,3.3846872516603224,-13.083774159256336,1.145058105851469
A,False,7,static,96,3.383495842119251,-13.08356403869569,1.1432737116126688
A,False,7,static,97,3.385192359575677,-12.998238801599795,1.1382716514256577
A,False,7,static,98,3.380644013730818,-13.04049259545374,1.1407045341280642
A,False,7,static,99,3.3871377387029242,-13.164052172420677,1.1501017004251854
A,False,8,closed_loop,0,3.950584430192096,-8.394667813647198,1.2622297822335617
A,False,8,closed_loop,1,3.9434942709241896,-8.38072670748664,1.2300020115539103
A,False,8,closed_loop,2,3.9453641265985286,-8.488035258254477,1.2479479659728865
A,False,8,closed_loop,3,3.94255941218211,-8.519758275315963,1.25780473062963
A,False,8,closed_loop,4,3.9395230374657295,-8.629339541641404,1.2626953520500177
A,False,8,closed_loop,5,3.9152419766688795,-8.769352391155184,1.2683108191282286
A,False,8,closed_loop,6,3.8831771988644195,-8.87188086270857,1.260420035315488
A,False,8,closed_loop,7,3.86922990013502,-8.920819448904128,1.264631040430942
A,False,8,closed_loop,8,3.8638083562587333,-8.93540062574626,1.2595060715795101
A,False,8,closed_loop,9,3.859451125309913,-9.024851719296178,1.2652532663247045
A,False,8,closed_loop,10,3.8217651252187643,-9.252997703013714,1.2605975099136844
A,False,8,closed_loop,11,3.8131801176141185,-9.276914829114721,1.26537844414723
A,False,8,closed_loop,12,3.7877309443624037,-9.40439315656888,1.2677758517321325
A,False,8,closed_loop,13,3.7683905160683566,-9.534417950327054,1.281464918516801
A,False,8,closed_loop,14,3.7591061538027373,-9.594515442933458,1.2804567879667184
A,False,8,closed_loop,15,3.751580582161511,-9.677469067909422,1.2841362211927623
A,False,8,closed_loop,16,3.731512916897948,-9.754951679713093,1.2779915917182298
A,False,8,closed_loop,17,3.725675073468652,-9.780053062257728,1.2818282660736084
A,False,8,closed_loop,18,3.7326251197064373,-9.810697264711514,1.2987483863901068
A,False,8,closed_loop,19,3.7336944568881147,-9.832283675256706,1.2991446908854043
A,False,8,closed_loop,20,3.7255945477229226,-9.93521930173443,1.3065070099548202
A,False,8,closed_loop,21,3.723477458527809,-9.957472488707142,1.3138091771425435
A,False,8,closed_loop,22,3.719470272073409,-10.00022505859804,1.319165192808498
A,False,8,closed_loop,23,3.7123336996729535,-10.038459635680963,1.3179734252952353
A,False,8,closed_loop,24,3.6930115497904197,-10.181292437999545,1.3215216422513822
A,False,8,closed_loop,25,3.6829573233322233,-10.179379692794518,1.3221652497257603
A,False,8,closed_loop,26,3.6598339538024462,-10.313325118456243,1.3287465504654248
A,False,8,closed_loop,27,3.650488610865299,-10.339278759802411,1.333848063419112
A,False,8,closed_loop,28,3.6606524915820593,-10.330496741780829,1.3425330024006445
A,False,8,closed_loop,29,3.6588322219584555,-10.42585293610893,1.3591594660415562
A,False,8,closed_loop,30,3.6453853614906464,-10.475963508953512,1.3647526335417977
A,False,8,closed_loop,31,3.655932961865803,-10.498398026656323,1.3910855746346797
A,False,8,closed_loop,32,3.649040279318735,-10.58273614972645,1.3971341329782272
A,False,8,closed_loop,33,3.6446271310483844,-10.620995778211515,1.4057074017813143
A,False,8,closed_loop,34,3.6282469375300117,-10.686038819580636,1.4029257216119013
A,False,8,closed_loop,35,3.6390917226856274,-10.72440496246894,1.425715082176071
A,False,8,closed_loop,36,3.6157544819207423,-10.773350178754205,1.4204207768939912
A,False,8,closed_loop,37,3.6209123646922925,-10.812435081903649,1.4370023707037127
A,False,8,closed_loop,38,3.6070552833429055,-10.865649485138626,1.430252618861541
A,False,8,closed_loop,39,3.6051624333676444,-10.920450930158419,1.4389912934965448
A,False,8,closed_loop,40,3.6193338772743693,-10.887635470497672,1.4490891146107245
A,False,8,closed_loop,41,3.643443422472942,-10.969200347790887,1.4904292499566856
A,False,8,closed_loop,42,3.6403936463652102,-10.972398583410076,1.488525589069002
A,False,8,closed_loop,43,3.6350685194622585,-11.028887983287573,1.4851047707938339
A,False,8,closed_loop,44,3.6401422597055433,-11.051603308631249,1.5011958654444975
A,False,8,closed_loop,45,3.6271224471237544,-11.165513679454023,1.511018199132492
A,False,8,closed_loop,46,3.6270827578021447,-11.150661879549865,1.5120272211713106
A,False,8,closed_loop,47,3.6170932889513416,-11.257085330505802,1.5160586634257
A,False,8,closed_loop,48,3.6239948158857396,-11.268298103466657,1.5255753920847583
A,False,8,closed_loop,49,3.614841962752608,-11.325608150563943,1.5230769865774672
A,False,8,closed_loop,50,3.6289947615545173,-11.330166677222017,1.5382068212209967
A,False,8,closed_loop,51,3.6538012627607337,-11.45043799898765,1.5902481263459938
A,False,8,closed_loop,52,3.6564973189035364,-11.501782082097234,1.6003218437820328
A,False,8,closed_loop,53,3.6579113168238173,-11.532591925428447,1.6069040094719245
A,False,8,closed_loop,54,3.6567919363497077,-11.566252124450171,1.6159255443264764
A,False,8,closed_loop,55,3.6591525236152163,-11.6046417682798,1.6196617103430102
A,False,8,closed_loop,56,3.6661930087129497,-11.585801751056684,1.6267148897799135
A,False,8,closed_loop,57,3.670240766483976,-11.623257014615893,1.6332425791036436
A,False,8,closed_loop,58,3.675587485534868,-11.628246541166186,1.6339339746086654
A,False,8,closed_loop,59,3.6861325032748513,-11.65507536275569,1.647997114551398
A,False,8,closed_loop,60,3.686420594403596,-11.685612354987036,1.6500096572500296
A,False,8,closed_loop,61,3.6806361110029813,-11.786337985179385,1.6570701207199774
A,False,8,closed_loop,62,3.680586306432255,-11.811054681453617,1.6606952857365689
A,False,8,closed_loop,63,3.6812978175016107,-11.809390126729289,1.6605611046314568
A,False,8,closed_loop,64,3.675804399727149,-11.823660447521055,1.6601663066697023
A,False,8,closed_loop,65,3.677806047645779,-11.88429612398672,1.6677028889984358
A,False,8,closed_loop,66,3.677177212889728,-11.88980226600004,1.6708135515651812
A,False,8,closed_loop,67,3.677646570117791,-11.893309002670867,1.670749242630378
A,False,8,closed_loop,68,3.67822106082273,-11.906909924867094,1.6707740554468469
A,False,8,closed_loop,69,3.6760319579055825,-11.932113655192971,1.6695968786624278
A,False,8,closed_loop,70,3.6753041455466064,-11.931614164669435,1.6694283658611806
A,False,8,closed_loop,71,3.680124824873453,-11.954307647258224,1.6727469686153305
A,False,8,closed_loop,72,3.6816191579482136,-11.963084061887235,1.6730241216304993
A,False,8,closed_loop,73,3.6778807648694958,-12.009532470203647,1.672771290791986
A,False,8,closed_loop,74,3.6775991574856484,-12.015069404799782,1.672679880511713
A,False,8,closed_loop,75,3.6787291125251422,-12.011144452554229,1.6730905921957333
A,False,8,closed_loop,76,3.679225555273072,-12.030560148949009,1.6724872935398192
A,False,8,closed_loop,77,3.6831100113747017,-12.033236207008686,1.6735644135614856
A,False,8,closed_loop,78,3.6806936392508036,-12.041331192535415,1.6738876073555617
A,False,8,closed_loop,79,3.6831763500810966,-12.04862209845122,1.6743786940644299
A,False,8,closed_loop,80,3.6836150278176856,-12.045422000229069,1.673989431363122
A,False,8,closed_loop,81,3.6834003561859454,-12.063603465592669,1.67321860668775
A,False,8,closed_loop,82,3.6836843342023697,-12.072045151024,1.67354733269673
A,False,8,closed_loop,83,3.68449571765294,-12.08923020490024,1.6743950923880477
A,False,8,closed_loop,84,3.6831452238227214,-12.097815116773235,1.6744055631793495
A,False,8,closed_loop,85,3.682772818020537,-12.105138904203393,1.6745159595950418
A,False,8,closed_loop,86,3.6817765889957226,-12.107614821836826,1.6754477994002663
A,False,8,closed_loop,87,3.678929345558503,-12.1140589636073,1.6753240424388685
A,False,8,closed_loop,88,3.6770538054932427,-12.123370935971087,1.6732280512718465
A,False,8,closed_loop,89,3.6753252042916604,-12.129771020956511,1.673580406373835
A,False,8,closed_loop,90,3.674993735771627,-12.132597756000159,1.6721361461734887
A,False,8,closed_loop,91,3.6739105074946914,-12.140537423991082,1.673683084138321
A,False,8,closed_loop,92,3.6717783547444323,-12.153180728857505,1.6725387550032889
A,False,8,closed_loop,93,3.671507608124506,-12.157030095154028,1.672095203533164
A,False,8,closed_loop,94,3.671086000385498,-12.180354797923114,1.6723435552455845
A,False,8,closed_loop,95,3.6711152088869894,-12.184026824569301,1.6727281192522208
A,False,8,closed_loop,96,3.6700519355390333,-12.205899889173523,1.6721222030912557
A,False,8,closed_loop,97,3.6710009809740165,-12.221100376474515,1.6729317300439093
A,False,8,closed_loop,98,3.6746266732608626,-12.224278553055271,1.6732992728294427
A,False,8,closed_loop,99,3.673990682837983,-12.225023010864161,1.6723999232444025
A,False,8,static,0,3.950584430192096,-8.394667813647198,1.2622297822335617
A,False,8,static,1,3.9410226263981323,-8.535680277828833,1.2670411608976317
A,False,8,static,2,3.9239740667114877,-8.612572583311012,1.264886559564008
A,False,8,static,3,3.91979297460117,-8.68184883922526,1.2676041230407622
A,False,8,static,4,3.909967464465503,-8.754750082139182,1.277985645510745
A,False,8,static,5,3.8843026134701133,-8.843712448766363,1.2756904541794774
A,False,8,static,6,3.874532616906245,-8.927850527645829,1.2764041116502252
A,False,8,static,7,3.856624132268326,-9.023887475942054,1.2749194576639165
A,False,8,static,8,3.872800918703225,-9.091335090116557,1.2899415156111387
A,False,8,static,9,3.8381002253009306,-9.23917016862073,1.2785002167751547
A,False,8,static,10,3.8196599166849503,-9.418913665519895,1.2772888989801947
A,False,8,static,11,3.8102520050563196,-9.487766451763408,1.2834602182046333
A,False,8,static,12,3.7968053632094727,-9.555107250206882,1.2825446222601034
A,False,8,static,13,3.773442178538943,-9.664686689383005,1.284624887391009
A,False,8,static,14,3.743382007008067,-9.731690107431248,1.2793642718970526
A,False,8,static,15,3.735526262527049,-9.820648363760954,1.2859371913810105
A,False,8,static,16,3.7128283838116336,-9.934575142143464,1.2847324272277258
A,False,8,static,17,3.7004435610912094,-9.962384718901008,1.2814909744084848
A,False,8,static,18,3.6920687700257138,-10.029629476380949,1.290437918578481
A,False,8,static,19,3.698295814349405,-10.007281747332874,1.2939715733085462
A,False,8,static,20,3.6677582550565155,-10.138877084029675,1.2955720036443246
A,False,8,static,21,3.6816827206012857,-10.15932342162222,1.2993319555233225
A,False,8,static,22,3.664416454125257,-10.214290225774482,1.3055501811371248
A,False,8,static,23,3.6611275052791616,-10.250860160431666,1.3014096803161908
A,False,8,static,24,3.6497683287400906,-10.298533381303928,1.3013501924124133
A,False,8,static,25,3.6379078830968017,-10.334883115589244,1.303171737932449
A,False,8,static,26,3.610114929339877,-10.43755677335862,1.3042555338760438
A,False,8,static,27,3.6015898629126366,-10.527519811012894,1.3148754955208803
A,False,8,static,28,3.613425634972568,-10.543096627873064,1.3224660055125714
A,False,8,static,29,3.6098029556536066,-10.614224887037153,1.331641959871065
A,False,8,static,30,3.6118250894212927,-10.619396634631443,1.3302784279545141
A,False,8,static,31,3.58856702199286,-10.67423699836256,1.3281085564202908
A,False,8,static,32,3.572232264191577,-10.767334373535666,1.3269645566047863
A,False,8,static,33,3.57492586369928,-10.761593701320677,1.3293016528801387
A,False,8,static,34,3.564862103163992,-10.815218587436734,1.3266972291387125
A,False,8,static,35,3.563131041568552,-10.82990459355969,1.3374314979894237
A,False,8,static,36,3.560870887548802,-10.841159574025555,1.3376005480012347
A,False,8,static,37,3.553454040010523,-10.917265841490563,1.339273324146973
A,False,8,static,38,3.5405453711462775,-10.98864580399398,1.3297391134072185
A,False,8,static,39,3.527250403819192,-11.033287207330657,1.3291691265057803
A,False,8,static,40,3.516230107207612,-11.080483000086389,1.325834671682725
A,False,8,static,41,3.5095866282793247,-11.127925787776162,1.3309460096264831
A,False,8,static,42,3.4937956133766277,-11.155606679292427,1.3266977010006964
A,False,8,static,43,3.4821578904979162,-11.213819347980456,1.3289078999991293
A,False,8,static,44,3.493852689206421,-11.17168716444661,1.3332227502410812
A,False,8,static,45,3.4897024692766365,-11.2108295142864,1.3301171758957187
A,False,8,static,46,3.485757456816644,-11.225934802990183,1.325937106700894
A,False,8,static,47,3.468406106825741,-11.319505460942892,1.323653556488144
A,False,8,static,48,3.471214883750335,-11.317090795834956,1.3275076166425395
A,False,8,static,49,3.464476378851792,-11.366945468945135,1.3288069921669878
A,False,8,static,50,3.467196326237423,-11.363629846497085,1.3240451156862374
A,False,8,static,51,3.4546438225449614,-11.453294479074033,1.3293130841595937
A,False,8,static,52,3.4467948729412634,-11.479688546410785,1.3314473866239616
A,False,8,static,53,3.4378870176524856,-11.543695213087013,1.3301263131000265
A,False,8,static,54,3.4310857869875924,-11.574239284391874,1.3324718529334116
A,False,8,static,55,3.428718203467374,-11.58783160606581,1.333043779167656
A,False,8,static,56,3.419390440569211,-11.640753061147594,1.3290850814918196
A,False,8,static,57,3.42043601273658,-11.670556662596917,1.3313382498161974
A,False,8,static,58,3.4150573377664837,-11.702608403765254,1.3262441656877135
A,False,8,static,59,3.4106985465011577,-11.693129092855033,1.3280693891633628
A,False,8,static,60,3.406848856256252,-11.732244087302702,1.3268722805251312
A,False,8,static,61,3.4038679822888454,-11.800196828386504,1.3272457951057202
A,False,8,static,62,3.393867974730016,-11.893767213527738,1.3222907220478206
A,False,8,static,63,3.3990956894864914,-11.848830748618944,1.3245916328930958
A,False,8,static,64,3.3995799384203664,-11.869805958189623,1.3244759663865897
A,False,8,static,65,3.391659294825067,-11.942361572811043,1.3233822785775036
A,False,8,static,66,3.3908184658881257,-11.953197261972335,1.3239660156125168
A,False,8,static,67,3.392894970342418,-11.964140500767124,1.3246997413293735
A,False,8,static,68,3.3867984211814224,-11.99574458702334,1.324225763943337
A,False,8,static,69,3.381040085113007,-12.051304235750612,1.323837095951255
A,False,8,static,70,3.384850358042684,-12.032551426349078,1.3259292562570384
A,False,8,static,71,3.386856637989571,-12.02247968781113,1.326670734934561
A,False,8,static,72,3.3875180553284743,-12.042605278962718,1.3258080105519574
A,False,8,static,73,3.3831912008986635,-12.09551999375202,1.3259443539074167
A,False,8,static,74,3.379334910041699,-12.145240914061768,1.3249402599065954
A,False,8,static,75,3.3795523760011936,-12.153801631454309,1.3250315451730632
A,False,8,static,76,3.3712980107453094,-12.273299006233179,1.323906871558678
A,False,8,static,77,3.3741274552282463,-12.289043644797767,1.3242525863115957
A,False,8,static,78,3.3672766378531964,-12.363872740435239,1.32371065233954
A,False,8,static,79,3.3647221953793167,-12.384768867466915,1.3232719536040942
A,False,8,static,80,3.3725019655345565,-12.31626685682311,1.3274984228964593
A,False,8,static,81,3.3622126366794554,-12.471134247550035,1.3242027259991398
A,False,8,static,82,3.3608867838903222,-12.49106023859349,1.3247275622257548
A,False,8,static,83,3.367749465937402,-12.435492982438634,1.327181404560971
A,False,8,static,84,3.3647877176433547,-12.49197580564323,1.32533291376001
A,False,8,static,85,3.366448014464323,-12.49502511405346,1.329213730699724
A,False,8,static,86,3.370884688259666,-12.4868712040838,1.3312092236613873
A,False,8,static,87,3.362039635467184,-12.584126057912897,1.3311212475070608
A,False,8,static,88,3.3662607839765513,-12.53027255563452,1.3344450075596248
A,False,8,static,89,3.3625188093908185,-12.610701491317727,1.3337960272996021
A,False,8,static,90,3.3618823327133547,-12.63453364737696,1.3341448834606489
A,False,8,static,91,3.366526480698431,-12.600852205564081,1.3378395178588072
A,False,8,static,92,3.3552002910704943,-12.749686316939597,1.3300630366208135
A,False,8,static,93,3.3623366697290487,-12.622158878425813,1.3343187469491193
A,False,8,static,94,3.3542769385520574,-12.739233903278688,1.3306597076109632
A,False,8,static,95,3.3517527585354827,-12.803512185025392,1.3313160669120583
A,False,8,static,96,3.3509879413789814,-12.845549130369717,1.3311375961255754
A,False,8,static,97,3.34769484986389,-12.900186026784366,1.331872227468611
A,False,8,static,98,3.3484678152046974,-12.912521215265867,1.3320105631818808
A,False,8,static,99,3.349501054383289,-12.917675595091238,1.3321534315569563
A,False,9,closed_loop,0,3.8545547417614667,-7.669144173369471,1.1012520082198523
A,False,9,closed_loop,1,3.858813743941926,-7.643858812934968,1.1047066553105136
A,False,9,closed_loop,2,3.8431357936089356,-7.772734543899723,1.1146692796302642
A,False,9,closed_loop,3,3.8475621543426803,-7.737757718804111,1.1109073650949362
A,False,9,closed_loop,4,3.832816022458774,-7.812329258815386,1.1167822773241773
A,False,9,closed_loop,5,3.809836544102502,-7.931604702031524,1.116268409467452
A,False,9,closed_loop,6,3.82990020692418,-7.919452716378111,1.1291734728762757
A,False,9,closed_loop,7,3.815154063622259,-8.011754148945764,1.1259419279622758
A,False,9,closed_loop,8,3.823435093396198,-8.105405361344085,1.1396978453799256
A,False,9,closed_loop,9,3.8222422533456757,-8.122305499181083,1.1353186084437759
A,False,9,closed_loop,10,3.8212612885798833,-8.216004106895541,1.140483953749256
A,False,9,closed_loop,11,3.8279552034788957,-8.264519560738966,1.1474049926662147
A,False,9,closed_loop,12,3.8222988184108977,-8.284993853471727,1.1448332102654308
A,False,9,closed_loop,13,3.8353007112944666,-8.341718917710589,1.1538823812291585
A,False,9,closed_loop,14,3.8219234734242513,-8.414468930755246,1.1471113747908686
A,False,9,closed_loop,15,3.827551273834567,-8.473954871314826,1.1573894904702942
A,False,9,closed_loop,16,3.829782276201545,-8.49948074643059,1.1624941124087682
A,False,9,closed_loop,17,3.8462214786853193,-8.544296176707329,1.1675113189685375
A,False,9,closed_loop,18,3.862805670731016,-8.599612775176356,1.179773213913367
A,False,9,closed_loop,19,3.8467567391204827,-8.684116002713347,1.179001917163556
A,False,9,closed_loop,20,3.8590024508362575,-8.741274208473053,1.1855541322110126
A,False,9,closed_loop,21,3.874971409845312,-8.799895276417915,1.1898666531522382
A,False,9,closed_loop,22,3.8594369406982465,-8.906205433136572,1.1880420963974048
A,False,9,closed_loop,23,3.8721018683620514,-8.962991327311874,1.1944434443479475
A,False,9,closed_loop,24,3.8712071768198757,-9.023825988801772,1.1983758558507551
A,False,9,closed_loop,25,3.87970221798331,-9.018482093479912,1.1993561614864998
A,False,9,closed_loop,26,3.883960550988595,-9.105527020397389,1.207825594135883
A,False,9,closed_loop,27,3.890658188189923,-9.197269726938991,1.2189951809305095
A,False,9,closed_loop,28,3.893249379136447,-9.295444818986507,1.2265379120259932
A,False,9,closed_loop,29,3.8949032297948025,-9.395639174505968,1.2302196697098486
A,False,9,closed_loop,30,3.890873753121506,-9.507460585193813,1.233449153944421
A,False,9,closed_loop,31,3.8993783752849662,-9.66219753313981,1.2436447681902727
A,False,9,closed_loop,32,3.8913387884715864,-9.643887436814586,1.234829706793562
A,False,9,closed_loop,33,3.903808645392223,-9.692997260993335,1.2401478284097622
A,False,9,closed_loop,34,3.8971301958586952,-9.712453381393562,1.2412336133311221
A,False,9,closed_loop,35,3.90479074664972,-9.702916998961259,1.2511892391068222
A,False,9,closed_loop,36,3.900766405705473,-9.880009061700584,1.2524741508108985
A,False,9,closed_loop,37,3.9065164586432295,-9.87213234431377,1.2584316725211515
A,False,9,closed_loop,38,3.8993243100529775,-9.906643685066262,1.2569068516309392
A,False,9,closed_loop,39,3.9215829192648592,-9.933219892683454,1.2714861560963377
A,False,9,closed_loop,40,3.921247368539037,-9.987786478308132,1.2699806524674933
A,False,9,closed_loop,41,3.920546210833084,-10.110374883743576,1.2771761846658205
A,False,9,closed_loop,42,3.91650103745566,-10.169028246607683,1.2734368819582484
A,False,9,closed_loop,43,3.9310609841633237,-10.1509027393664,1.2903615091178986
A,False,9,closed_loop,44,3.9226655265863855,-10.202360855603544,1.2819871059130052
A,False,9,closed_loop,45,3.930328011335618,-10.317706032954968,1.2901493996751434
A,False,9,closed_loop,46,3.9324084985759042,-10.390912233733598,1.2848950837979032
A,False,9,closed_loop,47,3.9372259229621527,-10.45963804671779,1.2962429044727826
A,False,9,closed_loop,48,3.9327852052002137,-10.468785523546494,1.2964684350311193
A,False,9,closed_loop,49,3.937761667139592,-10.571088240991214,1.3059237339184204
A,False,9,closed_loop,50,3.944419844253931,-10.595999178707908,1.3017839621419283
A,False,9,closed_loop,51,3.9444091739000204,-10.569267295433155,1.310162847572312
A,False,9,closed_loop,52,3.947774970578015,-10.67170589229327,1.3127989825246444
A,False,9,closed_loop,53,3.94120442381354,-10.710229608883173,1.3145028416025941
A,False,9,closed_loop,54,3.9531614521322385,-10.707434241508556,1.3177791872801732
A,False,9,closed_loop,55,3.959647919318923,-10.750619866839962,1.3270031587565272
A,False,9,closed_loop,56,3.9602044461800077,-10.893883315953829,1.3335202572491192
A,False,9,closed_loop,57,3.9600828776990546,-10.877558317845015,1.3260545427681532
A,False,9,closed_loop,58,3.9581530385807593,-10.928347242248002,1.3435929909084894
A,False,9,closed_loop,59,3.963819616667412,-10.927513984530622,1.3413569641962095
A,False,9,closed_loop,60,3.957017000578187,-10.961605341195424,1.3453403694797323
A,False,9,closed_loop,61,3.970450234312303,-11.024165124490949,1.358107262389904
A,False,9,closed_loop,62,3.9647746651280067,-11.053376275681336,1.3547807669413363
A,False,9,closed_loop,63,3.9609561790484933,-11.052057968918604,1.3483115490028152
A,False,9,closed_loop,64,3.974596762369203,-11.074621746901228,1.3573453264658681
A,False,9,closed_loop,65,3.9656301928792743,-11.075113453634495,1.3500652773442186
A,False,9,closed_loop,66,3.9664913103367874,-11.097288201312566,1.3562491711339444
A,False,9,closed_loop,67,3.961600924120841,-11.136798703107926,1.3586427736215911
A,False,9,closed_loop,68,3.9532892378852806,-11.160271144757132,1.356826373825213
A,False,9,closed_loop,69,3.959045137005661,-11.181679038456949,1.3580877263080708
A,False,9,closed_loop,70,3.9608475969966173,-11.250472377133832,1.3671136486808695
A,False,9,closed_loop,71,3.959551721131312,-11.24944315403855,1.370679536458746
A,False,9,closed_loop,72,3.9645015970895052,-11.264994077437905,1.3687884156577574
A,False,9,closed_loop,73,3.9560822493235954,-11.29462828495884,1.3685542962797665
A,False,9,closed_loop,74,3.956892535293752,-11.310919974069668,1.3698440596740908
A,False,9,closed_loop,75,3.9436257232000784,-11.3452432024151,1.3664221943817314
A,False,9,closed_loop,76,3.9459989791832424,-11.358449777002392,1.3662427833110344
A,False,9,closed_loop,77,3.9419451876298677,-11.384027595149803,1.372139001476424
A,False,9,closed_loop,78,3.9424302674401446,-11.382696008532356,1.3716231017714426
A,False,9,closed_loop,79,3.93506811402152,-11.451032106513537,1.3759530090486034
A,False,9,closed_loop,80,3.9397021094399154,-11.435517324246577,1.372689315175223
A,False,9,closed_loop,81,3.9405782495453074,-11.468560690384145,1.3798416814065841
A,False,9,closed_loop,82,3.9351063991818775,-11.499111470092501,1.3782093307089889
A,False,9,closed_loop,83,3.926081494674625,-11.546642405730346,1.387885154169852
A,False,9,closed_loop,84,3.92680346988335,-11.562727445697186,1.3862075782816101
A,False,9,closed_loop,85,3.9293226194101627,-11.57999951899835,1.3875563247483076
A,False,9,closed_loop,86,3.9210752109109532,-11.65091750088686,1.3896908422915757
A,False,9,closed_loop,87,3.9228735221505064,-11.649216266871377,1.3928334758587813
A,False,9,closed_loop,88,3.9324528551739983,-11.628461259817115,1.3950628480830263
A,False,9,closed_loop,89,3.9242366502987287,-11.654930591148414,1.3894934979319515
A,False,9,closed_loop,90,3.930680057755984,-11.654386483696596,1.3926647186056955
A,False,9,closed_loop,91,3.935517879764092,-11.801380569021616,1.4107579278220894
A,False,9,closed_loop,92,3.928839046378433,-11.824070981311195,1.4099990681277095
A,False,9,closed_loop,93,3.929150441139175,-11.82537615688643,1.4064712618700135
A,False,9,closed_loop,94,3.9279809149865073,-11.867391175606079,1.4182632751678916
A,False,9,closed_loop,95,3.928491701814186,-11.86796160557526,1.4125099069085334
A,False,9,closed_loop,96,3.9225067243321,-11.885823088079201,1.4161716683117538
A,False,9,closed_loop,97,3.917676490433623,-11.894982734086744,1.405662767051479
A,False,9,closed_loop,98,3.9198222409202965,-11.941661970088354,1.4138245535825564
A,False,9,closed_loop,99,3.919760054129597,-11.97311064360103,1.4132217035675076
A,False,9,static,0,3.8545547417614667,-7.669144173369471,1.1012520082198523
A,False,9,static,1,3.8473425872974736,-7.721447093315153,1.0969495260307616
A,False,9,static,2,3.849630417796101,-7.812018875702407,1.1119989605938876
A,False,9,static,3,3.8369701718963323,-7.810050518150035,1.1072917115465966
A,False,9,static,4,3.8158131616384554,-7.926118966090274,1.1186184257742697
A,False,9,static,5,3.8121850571264435,-8.02747294272474,1.1258469470110413
A,False,9,static,6,3.8097659454504083,-8.033816385934168,1.1241398461878844
A,False,9,static,7,3.819669281963897,-8.07415621138726,1.1225494760942207
A,False,9,static,8,3.804449606601137,-8.121438803559796,1.1141592657287067
A,False,9,static,9,3.788546688756829,-8.200748798807753,1.118033881792666
A,False,9,static,10,3.81359837803534,-8.233232029287231,1.1235335985518031
A,False,9,static,11,3.8074834722814024,-8.306257671214901,1.1262718489632952
A,False,9,static,12,3.8239236580171885,-8.321888460396599,1.1319872617405162
A,False,9,static,13,3.816000125368884,-8.397912882253644,1.1272204335366034
A,False,9,static,14,3.8105663854033005,-8.425642767592292,1.1197329109212921
A,False,9,static,15,3.838759068975264,-8.485663560531064,1.1311094767071115
A,False,9,static,16,3.828621158365719,-8.56128317147462,1.13912750607802
A,False,9,static,17,3.8560988111267878,-8.582466091324243,1.152430354734472
A,False,9,static,18,3.851807321701012,-8.661036994897893,1.1627566017984245
A,False,9,static,19,3.85311500168192,-8.7017046734294,1.1620515129028524
A,False,9,static,20,3.8508322488545996,-8.761952770170106,1.1675217130852469
A,False,9,static,21,3.8404634585369486,-8.847071387525423,1.167867908851166
A,False,9,static,22,3.839210503511206,-8.88647233548604,1.1734553257300007
A,False,9,static,23,3.8450541074522797,-8.947671247785058,1.184980805904176
A,False,9,static,24,3.853378229911803,-8.961842803006869,1.187596618414689
A,False,9,static,25,3.853033152488731,-9.0207385018513,1.1840489342415708
A,False,9,static,26,3.863316218803052,-9.101434584729361,1.1994487862704053
A,False,9,static,27,3.8599830770412495,-9.141176917123849,1.1997167998165876
A,False,9,static,28,3.868527887932856,-9.185160249198802,1.2067062796205055
A,False,9,static,29,3.8639084955411716,-9.25706553684487,1.2050576464673137
A,False,9,static,30,3.8607823138312596,-9.328732706468166,1.2047796724906206
A,False,9,static,31,3.8683919589655247,-9.388466904599325,1.2082867443052303
A,False,9,static,32,3.8639118199309963,-9.471357427374949,1.2085628369581525
A,False,9,static,33,3.855849797917811,-9.609604179136811,1.2033802671647102
A,False,9,static,34,3.8608183429152305,-9.63319105473631,1.2093233254707316
A,False,9,static,35,3.858462812284646,-9.677788165230488,1.2113972668508932
A,False,9,static,36,3.8608915570861964,-9.693797404259508,1.2151650568251067
A,False,9,static,37,3.8638536834618633,-9.763599352431571,1.216546304453055
A,False,9,static,38,3.8603006529607984,-9.756047357487658,1.216212607189342
A,False,9,static,39,3.87192655626715,-9.788382657626846,1.2290345318461524
A,False,9,static,40,3.8734316693999062,-9.804982737818891,1.2277127455464218
A,False,9,static,41,3.8917059635606783,-9.838411110799562,1.2445506597771738
A,False,9,static,42,3.888331833317275,-9.861788209897064,1.2422846863056336
A,False,9,static,43,3.8840442108245035,-10.033737029548787,1.245782817015871
A,False,9,static,44,3.88737662636172,-10.059914301032016,1.2434143768447112
A,False,9,static,45,3.8881113191314114,-10.166133792758089,1.2507660319251948
A,False,9,static,46,3.8854535508132013,-10.232201330302125,1.2431013548693273
A,False,9,static,47,3.8993697434787147,-10.250727180534971,1.2568588038213238
A,False,9,static,48,3.9046439637545602,-10.225957628598273,1.258899692268656
A,False,9,static,49,3.9078936778722912,-10.289253803394905,1.2659377179074305
A,False,9,static,50,3.904498240853979,-10.253992455608069,1.2599134712056876
A,False,9,static,51,3.900481507898784,-10.326824261053611,1.2653462570820022
A,False,9,static,52,3.900589663858613,-10.438932895783301,1.2691032725357825
A,False,9,static,53,3.8875893457336583,-10.656941656864085,1.2734463479092355
A,False,9,static,54,3.896884820576529,-10.641994033159916,1.2732386286224677
A,False,9,static,55,3.907448658007045,-10.682987373986535,1.2873549476327988
A,False,9,static,56,3.896959150101915,-10.792131287101121,1.280809647022541
A,False,9,static,57,3.9005150413195815,-10.79532933809852,1.2838891051696628
A,False,9,static,58,3.8983778938103213,-10.841038403748511,1.2988584506386347
A,False,9,static,59,3.9009972920492983,-10.83162077548797,1.288011477833793
A,False,9,static,60,3.891154575808893,-10.847432120847708,1.290707269988722
A,False,9,static,61,3.900744261036587,-10.867928472481609,1.292576930071213
A,False,9,static,62,3.8946648432817277,-10.878495220821847,1.2907965729619368
A,False,9,static,63,3.888076033243974,-11.037516744240799,1.2854248467205187
A,False,9,static,64,3.904300511157974,-11.027453816888704,1.2917618053118096
A,False,9,static,65,3.8933377936890783,-11.062329489824895,1.2877695480290445
A,False,9,static,66,3.891926991557296,-11.083635253875457,1.2904496526309337
A,False,9,static,67,3.883985277419809,-11.115361274838506,1.2927339991199307
A,False,9,static,68,3.876826160221516,-11.1204542348827,1.2832583098796118
A,False,9,static,69,3.864886643324098,-11.182701159669934,1.2844371103735712
A,False,9,static,70,3.8779033991296115,-11.198102047509835,1.2905626792587104
A,False,9,static,71,3.87469426306123,-11.195366131898266,1.2949538158654592
A,False,9,static,72,3.871214007205777,-11.195155601075646,1.2933198619574138
A,False,9,static,73,3.860977066036518,-11.22813829261583,1.292822429508279
A,False,9,static,74,3.863941022776191,-11.224469864650166,1.2898459046313409
A,False,9,static,75,3.858165516701201,-11.248339491179285,1.288468459099586
A,False,9,static,76,3.853798751167083,-11.28595047151344,1.2860124058427933
A,False,9,static,77,3.8463383329737497,-11.309493115042772,1.2873372114812247
A,False,9,static,78,3.8485574681741794,-11.32444384784119,1.2914062721133361
A,False,9,static,79,3.8398016889356987,-11.396060212109466,1.2887036825271707
A,False,9,static,80,3.8471886049992396,-11.411467935523858,1.2863224148961663
A,False,9,static,81,3.8546082404302187,-11.419978268018326,1.2891528945411102
A,False,9,static,82,3.8480218275949234,-11.448844168847094,1.2829614966270537
A,False,9,static,83,3.840553975410161,-11.483057485499804,1.2887768168622096
A,False,9,static,84,3.845870363743179,-11.514325592068426,1.2909701221836285
A,False,9,static,85,3.839640103250178,-11.507319135544426,1.285333135169674
A,False,9,static,86,3.833358344145792,-11.603833016752397,1.2906993915062461
A,False,9,static,87,3.842006136058408,-11.607972007629508,1.2976276205434727
A,False,9,static,88,3.847143124552533,-11.617249893823372,1.3005417888397934
A,False,9,static,89,3.8397053264377394,-11.645096331619783,1.2932483544873714
A,False,9,static,90,3.8398435907154247,-11.645463329131752,1.2983044525234568
A,False,9,static,91,3.838842327392028,-11.689790678854708,1.3002219832941067
A,False,9,static,92,3.837453177430543,-11.661442192220301,1.2955734226896285
A,False,9,static,93,3.840599441740481,-11.668616995754848,1.2934616378605446
A,False,9,static,94,3.8411559624019613,-11.726600645544343,1.3045240443463602
A,False,9,static,95,3.8473655305377132,-11.719150277147563,1.2994128505575868
A,False,9,static,96,3.8335035307945753,-11.806793157516408,1.3071299344781262
A,False,9,static,97,3.8297308986109577,-11.813779213858373,1.2961169903194232
A,False,9,static,98,3.827164020044029,-11.834113333083423,1.301914993481432
A,False,9,static,99,3.837277660253077,-11.840365089768968,1.3034636611310042
A,False,10,closed_loop,0,3.725028074936952,-8.498201649551794,1.1394807044660495
A,False,10,closed_loop,1,3.7054072460803,-8.457420900989584,1.1280344165580143
A,False,10,closed_loop,2,3.676578868518259,-8.61412023749957,1.126053787923122
A,False,10,closed_loop,3,3.6862940921761247,-8.590221618351777,1.1360791417717035
A,False,10,closed_loop,4,3.6898772410769793,-8.612746566993115,1.1409417407333315
A,False,10,closed_loop,5,3.6528520602969152,-8.788641256607628,1.1428142111806254
A,False,10,closed_loop,6,3.608800008757098,-9.02231519021346,1.144013239651841
A,False,10,closed_loop,7,3.589972975302126,-9.13207327232615,1.1396071023566776
A,False,10,closed_loop,8,3.5784115976504385,-9.215501571489881,1.1442091329859174
A,False,10,closed_loop,9,3.576618538672609,-9.193183067004227,1.144556611549189
A,False,10,closed_loop,10,3.556517631632934,-9.32351782514017,1.143792952867501
A,False,10,closed_loop,11,3.5529232523737453,-9.352001115537051,1.1658073520981018
A,False,10,closed_loop,12,3.5299560170652557,-9.44773249511388,1.153933162518783
A,False,10,closed_loop,13,3.5116257111146028,-9.489568472146571,1.148646534227556
A,False,10,closed_loop,14,3.515871356966104,-9.562649399027263,1.1537963917888174
A,False,10,closed_loop,15,3.502981863871162,-9.636899037851494,1.1482948866176101
A,False,10,closed_loop,16,3.5098822732607573,-9.65700433245761,1.1655713127230565
A,False,10,closed_loop,17,3.4877503789829025,-9.774631224382512,1.1611884271651773
A,False,10,closed_loop,18,3.5097364508006783,-9.719966070587658,1.1778050089714336
A,False,10,closed_loop,19,3.4862547745185437,-9.856949543345456,1.1761229182392152
A,False,10,closed_loop,20,3.4783120077123644,-9.905225383339964,1.175456025111254
A,False,10,closed_loop,21,3.466372986022964,-9.974095746294365,1.1762675478956561
A,False,10,closed_loop,22,3.453247586801765,-10.094698510578633,1.1771809158487834
A,False,10,closed_loop,23,3.471727221230346,-10.017094354157285,1.1822165898436217
A,False,10,closed_loop,24,3.4673294840106585,-10.087577469715553,1.182067468316388
A,False,10,closed_loop,25,3.4642103443298367,-10.144934387620944,1.1899915426699519
A,False,10,closed_loop,26,3.467851852557185,-10.14483726766649,1.1915044855427235
A,False,10,closed_loop,27,3.467677744655432,-10.25032837569868,1.2016608049782864
A,False,10,closed_loop,28,3.4535055370832577,-10.344920879110171,1.198087191275577
A,False,10,closed_loop,29,3.443664145512406,-10.413515341000709,1.200005796118951
A,False,10,closed_loop,30,3.441727981743855,-10.464387849479033,1.2034220564303444
A,False,10,closed_loop,31,3.4341926271108325,-10.48335068335358,1.2040189663943526
A,False,10,closed_loop,32,3.4277574338677668,-10.51227388142927,1.1983948119795427
A,False,10,closed_loop,33,3.4268809093732706,-10.602968249067956,1.2032420246130504
A,False,10,closed_loop,34,3.4250851026764626,-10.612125883355999,1.2027887874909144
A,False,10,closed_loop,35,3.418911999084505,-10.603075236248257,1.2053653580495107
A,False,10,closed_loop,36,3.4224181793102857,-10.656421472625489,1.212018648051548
A,False,10,closed_loop,37,3.4139411477186763,-10.743878140473951,1.2147849291215487
A,False,10,closed_loop,38,3.4216790119981617,-10.743699458721329,1.2193207569005586
A,False,10,closed_loop,39,3.4128477798351464,-10.799817760254262,1.2170393598345248
A,False,10,closed_loop,40,3.4126531075455464,-10.784887989184092,1.2166600966801122
A,False,10,closed_loop,41,3.4068815189214887,-10.934151894561053,1.2167914437973923
A,False,10,closed_loop,42,3.402541258401056,-10.977043478711195,1.2234022676481568
A,False,10,closed_loop,43,3.3981629319455617,-11.025372945446085,1.2207746719899026
A,False,10,closed_loop,44,3.39229920387351,-11.075454134103204,1.2190644281546454
A,False,10,closed_loop,45,3.3839469437198955,-11.147349157301965,1.217185902562866
A,False,10,closed_loop,46,3.3791052868239118,-11.09534952070743,1.2120246081475863
A,False,10,closed_loop,47,3.3758371236803413,-11.172966910909016,1.2175920948647319
A,False,10,closed_loop,48,3.3732003270006015,-11.253781041684116,1.2179094594373439
A,False,10,closed_loop,49,3.37857737007052,-11.17952267791351,1.220389452925342
A,False,10,closed_loop,50,3.3781288290898352,-11.229990325853118,1.225147721553579
A,False,10,closed_loop,51,3.3881148813081077,-11.25107134801388,1.232354382548914
A,False,10,closed_loop,52,3.3900237840581657,-11.21965597444612,1.2386797306582813
A,False,10,closed_loop,53,3.381406641695199,-11.302609761039273,1.2362816359427276
A,False,10,closed_loop,54,3.372433211581399,-11.332375613192381,1.2345988009232247
A,False,10,closed_loop,55,3.370042525847167,-11.376871042358923,1.2333743736708866
A,False,10,closed_loop,56,3.3715359218280825,-11.384261120652072,1.2296740689559515
A,False,10,closed_loop,57,3.3626599199987246,-11.490858728289423,1.2370785032615699
A,False,10,closed_loop,58,3.356939705711067,-11.514364884542244,1.236710828569671
A,False,10,closed_loop,59,3.3473068205422134,-11.564829371198174,1.2366938398959706
A,False,10,closed_loop,60,3.3545013328749014,-11.566201833725865,1.2369599833309195
A,False,10,closed_loop,61,3.3557497661747426,-11.640842729006115,1.2433205679912112
A,False,10,closed_loop,62,3.354225723797839,-11.712464440875436,1.2460518811295616
A,False,10,closed_loop,63,3.3652830150418076,-11.7104332982774,1.2521796927335143
A,False,10,closed_loop,64,3.360890441868948,-11.751781333708017,1.255601132671931
A,False,10,closed_loop,65,3.354837953520876,-11.791662105986788,1.2542294572810322
A,False,10,closed_loop,66,3.3578424186500366,-11.818227869676486,1.2542243106803823
A,False,10,closed_loop,67,3.357248555709027,-11.839722381893319,1.2582340198509276
A,False,10,closed_loop,68,3.3531622033951702,-11.901475302396365,1.2609712699603728
A,False,10,closed_loop,69,3.355562675962252,-11.949530295930288,1.2665165708040993
A,False,10,closed_loop,70,3.351761826044088,-12.00489721680291,1.2670753581640202
A,False,10,closed_loop,71,3.3432900182801433,-11.966470385674938,1.2640131856319654
A,False,10,closed_loop,72,3.3363260610346352,-12.08606465263692,1.264363144352063
A,False,10,closed_loop,73,3.3406587072448164,-12.078889489854115,1.2665852535288724
A,False,10,closed_loop,74,3.338842968969466,-12.060508062677764,1.266611782977354
A,False,10,closed_loop,75,3.339459328686735,-12.12850289043336,1.272074290358191
A,False,10,closed_loop,76,3.3399727452182675,-12.21994664330723,1.2665586517030802
A,False,10,closed_loop,77,3.3374471201364013,-12.308649093910395,1.2717613557962704
A,False,10,closed_loop,78,3.3342797407531855,-12.335625688957926,1.2772760064969748
A,False,10,closed_loop,79,3.3260741378759846,-12.409444442475943,1.2722073097647313
A,False,10,closed_loop,80,3.333219969763089,-12.400099650019618,1.2720004566621137
A,False,10,closed_loop,81,3.325672309844336,-12.352808751827054,1.2705635543558935
A,False,10,closed_loop,82,3.333223468057683,-12.411091361661756,1.2780495801263385
A,False,10,closed_loop,83,3.333361493879101,-12.453639908198676,1.2772796221416638
A,False,10,closed_loop,84,3.32559971512748,-12.409989972431669,1.2741694550551692
A,False,10,closed_loop,85,3.3262663954965723,-12.4129631700536,1.2778391995114016
A,False,10,closed_loop,86,3.329010798080482,-12.45210466262887,1.2795241840048612
A,False,10,closed_loop,87,3.319009689683187,-12.544389606727115,1.2871285222102486
A,False,10,closed_loop,88,3.3133340123346016,-12.511909447495404,1.2798813998424963
A,False,10,closed_loop,89,3.3162146912061803,-12.580918038549038,1.2836327844515953
A,False,10,closed_loop,90,3.3213136517817277,-12.670886778057046,1.2901764364115005
A,False,10,closed_loop,91,3.3124538735216653,-12.771703907071554,1.2861841656894992
A,False,10,closed_loop,92,3.3070716308554062,-12.831478503850073,1.286964344593416
A,False,10,closed_loop,93,3.3023785906214123,-12.822882347337588,1.2846940572046048
A,False,10,closed_loop,94,3.297139735164157,-12.927284325720956,1.2889608421388703
A,False,10,closed_loop,95,3.2997019178920985,-12.988873371042104,1.2943880319236074
A,False,10,closed_loop,96,3.2993477211239326,-13.087077576721782,1.2915284264107765
A,False,10,closed_loop,97,3.2952979730459635,-13.15833646057799,1.2918047078842427
A,False,10,closed_loop,98,3.297528123392521,-13.152605068112052,1.29500492099932
A,False,10,closed_loop,99,3.299512684946355,-13.259885052216044,1.2952141752547845
A,False,10,static,0,3.725028074936952,-8.498201649551794,1.1394807044660495
A,False,10,static,1,3.697746612879474,-8.60162149590124,1.1391649874894132
A,False,10,static,2,3.664449797460161,-8.744941710323358,1.1369453085997028
A,False,10,static,3,3.6666965994427287,-8.739910876477973,1.137399752164251
A,False,10,static,4,3.658174612988807,-8.840731228165462,1.140379986961322
A,False,10,static,5,3.628274563716353,-8.995842246266726,1.1409027510201981
A,False,10,static,6,3.613952648717202,-9.043320777664348,1.1343075372242888
A,False,10,static,7,3.5918848859374073,-9.13229913528695,1.1343537328646998
A,False,10,static,8,3.5940070115608704,-9.124349998559111,1.1339494824492995
A,False,10,static,9,3.585513561717613,-9.186379865347687,1.1415762752307566
A,False,10,static,10,3.56864332580959,-9.241734886083405,1.1394453091866918
A,False,10,static,11,3.5569978542246,-9.34091782006606,1.1469434298202958
A,False,10,static,12,3.552349259861195,-9.392076051319558,1.1452191313497264
A,False,10,static,13,3.5375267188634205,-9.415313574056462,1.141721226932477
A,False,10,static,14,3.517556568515706,-9.553401053921492,1.1488263615176437
A,False,10,static,15,3.509872853891448,-9.637432195725273,1.1530579027692818
A,False,10,static,16,3.520485722985079,-9.57951263890231,1.1566225531420997
A,False,10,static,17,3.4894760732216317,-9.736038446478034,1.1536826204481465
A,False,10,static,18,3.491378963145765,-9.79110821754374,1.163252084056685
A,False,10,static,19,3.478458423935439,-9.855089956873229,1.1620055561452192
A,False,10,static,20,3.46662693954809,-9.901108983130163,1.1547943223838055
A,False,10,static,21,3.465797271899851,-9.92234000490825,1.1594999462456108
A,False,10,static,22,3.447503979657748,-10.100939625134355,1.1605470761294923
A,False,10,static,23,3.4650225694273806,-10.013408806530977,1.1641302987253592
A,False,10,static,24,3.4540939155501147,-10.097617080393587,1.1616578294849005
A,False,10,static,25,3.4550086732037095,-10.144301627040505,1.1663347025728357
A,False,10,static,26,3.4486722602863167,-10.151032558561853,1.1662085109141593
A,False,10,static,27,3.440643339150484,-10.293614343944837,1.1692806532347453
A,False,10,static,28,3.4440466080158934,-10.322783229487428,1.1772635360222294
A,False,10,static,29,3.4288307376427203,-10.439978197224155,1.173657084430278
A,False,10,static,30,3.434932711710234,-10.50411832567029,1.1806586709257114
A,False,10,static,31,3.434149316133501,-10.492707658057087,1.1880574355444509
A,False,10,static,32,3.421665372383146,-10.530602380340286,1.1845260159149038
A,False,10,static,33,3.4268677495355813,-10.602930519177997,1.1872521567217829
A,False,10,static,34,3.43384740623211,-10.60580861700762,1.193568268842502
A,False,10,static,35,3.430171403301355,-10.581211379288899,1.1922942742197933
A,False,10,static,36,3.439317456319465,-10.635993865028265,1.1993314034968379
A,False,10,static,37,3.426647319815301,-10.729525495533217,1.1978927577761207
A,False,10,static,38,3.4207883028456685,-10.777628643645167,1.1917350714619042
A,False,10,static,39,3.4146183290902203,-10.848245712255837,1.1979964682106956
A,False,10,static,40,3.411460343213696,-10.833601504052977,1.1945291819127526
A,False,10,static,41,3.4048253010157397,-10.923061491124168,1.1926083576792654
A,False,10,static,42,3.4078271542434124,-10.920496664474058,1.1981891671190172
A,False,10,static,43,3.399693300454663,-11.014074390822074,1.1957278621081782
A,False,10,static,44,3.387269212256703,-11.128165884638426,1.195083706173832
A,False,10,static,45,3.3850684704341503,-11.166941736646534,1.1950825428168772
A,False,10,static,46,3.3783365494779907,-11.159687308205228,1.1884327539749406
A,False,10,static,47,3.3775865760560784,-11.209720735395441,1.1921758560971274
A,False,10,static,48,3.3782182413211466,-11.269234144698979,1.1950302070363785
A,False,10,static,49,3.3835395400188495,-11.253280319638584,1.196105578632098
A,False,10,static,50,3.370139306122823,-11.361769935489866,1.1935342179124266
A,False,10,static,51,3.364818914272234,-11.414796195684596,1.1943524958787595
A,False,10,static,52,3.368197601857769,-11.371469521733475,1.1931396408466723
A,False,10,static,53,3.3635525062510525,-11.51157495366756,1.1956578093795176
A,False,10,static,54,3.3442708779665318,-11.724379070293173,1.1925939375613723
A,False,10,static,55,3.341562637068858,-11.779926099553473,1.1887410698681684
A,False,10,static,56,3.340877110893486,-11.820195100710409,1.1891363361662675
A,False,10,static,57,3.3423192409571727,-11.846311600242828,1.1922768613603654
A,False,10,static,58,3.336449826644961,-11.831881864080179,1.1917736982839922
A,False,10,static,59,3.3288034609355,-11.888276537117108,1.1879610617359637
A,False,10,static,60,3.3291947144963197,-11.916947110378933,1.1871105751971716
A,False,10,static,61,3.3292456101836456,-11.944651780162573,1.1909516109616998
A,False,10,static,62,3.3295741084224026,-11.943579733431156,1.1890812336394834
A,False,10,static,63,3.336894224607967,-11.949159322495861,1.194643088935061
A,False,10,static,64,3.3421415682572593,-11.973338837944986,1.199814724380107
A,False,10,static,65,3.3324647667210585,-11.99914502790692,1.1941842370829454
A,False,10,static,66,3.3386060682082537,-12.024801924334454,1.2011904263955824
A,False,10,static,67,3.3354442189991187,-12.062641168344795,1.2026499335828378
A,False,10,static,68,3.329951008240068,-12.083740226291681,1.2004271336804777
A,False,10,static,69,3.330084524369431,-12.124210117188227,1.2035812482530759
A,False,10,static,70,3.3340973284775424,-12.12768024496775,1.2082441051899167
A,False,10,static,71,3.3280430910399095,-12.156711665730207,1.201027531752656
A,False,10,static,72,3.3271168858151356,-12.213857039037253,1.2054263498456068
A,False,10,static,73,3.337707301678138,-12.2076075237096,1.2077316002476366
A,False,10,static,74,3.3393947174087537,-12.218811171928934,1.208502684209601
A,False,10,static,75,3.334219895420406,-12.282294662101902,1.2111219781609701
A,False,10,static,76,3.3436147680556965,-12.224372609906917,1.2137930469794191
A,False,10,static,77,3.334597684402492,-12.274626740266648,1.2093434168972452
A,False,10,static,78,3.3322194836110537,-12.328394387165085,1.2108383957911366
A,False,10,static,79,3.331827731006451,-12.351884644200169,1.212060277283146
A,False,10,static,80,3.3333491547290257,-12.35400053471132,1.2099947736369476
A,False,10,static,81,3.3274260416843346,-12.298623025302186,1.2072494360107033
A,False,10,static,82,3.3285980059977476,-12.385901883251867,1.212299104134573
A,False,10,static,83,3.321487796859547,-12.441233372922417,1.2085885043281772
A,False,10,static,84,3.3236688174869156,-12.430315217552296,1.2104182609141128
A,False,10,static,85,3.3333395363128826,-12.450912985806651,1.2173568429514632
A,False,10,static,86,3.3335606682164616,-12.4319925969625,1.216307307757106
A,False,10,static,87,3.331893777380872,-12.504196146999613,1.222655925236744
A,False,10,static,88,3.325090873873746,-12.521789789322186,1.2162300400550536
A,False,10,static,89,3.3292393179946216,-12.507469282413055,1.2191551578794049
A,False,10,static,90,3.327079397364655,-12.539200691927364,1.2195333161673283
A,False,10,static,91,3.322751415666962,-12.538686338126652,1.2201721496166955
A,False,10,static,92,3.3202634696420907,-12.550872344199986,1.2187319017002203
A,False,10,static,93,3.3253331381573203,-12.552835265101605,1.2212416156324084
A,False,10,static,94,3.3223975995023287,-12.578677145194261,1.2247902118949063
A,False,10,static,95,3.325158437667811,-12.61311967200046,1.22833063800424
A,False,10,static,96,3.322513025387716,-12.611219606750325,1.2279134363934348
A,False,10,static,97,3.3249340011372106,-12.623646877911698,1.2277408078917802
A,False,10,static,98,3.319582006413107,-12.64734894884465,1.230654863604667
A,False,10,static,99,3.3254147594768555,-12.688040433398356,1.2364050780319913
A,False,11,closed_loop,0,4.365302831758086,-6.9223786346277265,1.2273592026126436
A,False,11,closed_loop,1,4.341652109352382,-7.014799214591815,1.2276299050650508
A,False,11,closed_loop,2,4.348952186181681,-7.072070374273999,1.236138977453871
A,False,11,closed_loop,3,4.350350519356025,-7.104106050602791,1.2344323019149048
A,False,11,closed_loop,4,4.354134775766405,-7.151393523945658,1.2516150357907898
A,False,11,closed_loop,5,4.351658508298244,-7.233105893833325,1.2665276787706132
A,False,11,closed_loop,6,4.3484903529291214,-7.259201272884938,1.2708262605470737
A,False,11,closed_loop,7,4.3293687323591135,-7.310248242080412,1.2745705684573956
A,False,11,closed_loop,8,4.312667754418688,-7.390349301331568,1.277018220392286
A,False,11,closed_loop,9,4.307275078857804,-7.435742307223734,1.2804020298867813
A,False,11,closed_loop,10,4.296618151266164,-7.542447731453724,1.2924715119345869
A,False,11,closed_loop,11,4.282326286276714,-7.60950221051667,1.294336231280672
A,False,11,closed_loop,12,4.270110376385771,-7.728003225939898,1.3062347188736136
A,False,11,closed_loop,13,4.253615742133943,-7.805137935402122,1.3095875686738478
A,False,11,closed_loop,14,4.241066354945413,-7.855729884193399,1.3087016738394068
A,False,11,closed_loop,15,4.2414720753912984,-7.889154497871663,1.3172452065788038
A,False,11,closed_loop,16,4.2337164846554,-7.989574755381529,1.3292642776844052
A,False,11,closed_loop,17,4.224852529463511,-8.029001840569302,1.3255662781780015
A,False,11,closed_loop,18,4.207119366340883,-8.125522073658699,1.331051063896129
A,False,11,closed_loop,19,4.203337173545504,-8.161746279643047,1.3289817973713092
A,False,11,closed_loop,20,4.1886527490158985,-8.203674740914016,1.3277923104849345
A,False,11,closed_loop,21,4.181343141457301,-8.266471354386228,1.3272461503032713
A,False,11,closed_loop,22,4.188832892107837,-8.286988545204055,1.3399503207704344
A,False,11,closed_loop,23,4.178647661546936,-8.317296198129188,1.338594141355
A,False,11,closed_loop,24,4.171489790101522,-8.372748281593623,1.3433530984418447
A,False,11,closed_loop,25,4.168529736690295,-8.42417248070578,1.3473089163810095
A,False,11,closed_loop,26,4.16219461151885,-8.450252420335696,1.339205883856489
A,False,11,closed_loop,27,4.1405475072750795,-8.502866452109702,1.3369597253985024
A,False,11,closed_loop,28,4.122849608419931,-8.556004766471972,1.3302654103492502
A,False,11,closed_loop,29,4.1233085597351655,-8.589014398672653,1.3327513821426586
A,False,11,closed_loop,30,4.122996649654097,-8.633319018678668,1.3347318117303402
A,False,11,closed_loop,31,4.098351953219857,-8.761191292519609,1.3414673845446543
A,False,11,closed_loop,32,4.101466358984126,-8.824085401265128,1.3458482909515246
A,False,11,closed_loop,33,4.081456863388673,-8.864663261385607,1.3417657641837675
A,False,11,closed_loop,34,4.085635063558402,-8.97082632633232,1.3507855932544992
A,False,11,closed_loop,35,4.079275957466965,-8.997297339786074,1.3434641641255718
A,False,11,closed_loop,36,4.075456295856263,-9.033771994452687,1.3430162438693536
A,False,11,closed_loop,37,4.08043597986149,-9.08315218077295,1.3463143726328626
A,False,11,closed_loop,38,4.072687244664162,-9.125589306829092,1.3442095601394914
A,False,11,closed_loop,39,4.063783487548307,-9.14462993233267,1.3441120734633643
A,False,11,closed_loop,40,4.0643997458448,-9.177042433811955,1.3436620351732087
A,False,11,closed_loop,41,4.058319497020585,-9.197205374626288,1.3471330841782156
A,False,11,closed_loop,42,4.060071225731854,-9.249912046661125,1.3523219072234927
A,False,11,closed_loop,43,4.060906503932098,-9.279031740790018,1.3507623422855415
A,False,11,closed_loop,44,4.0479362731727315,-9.350990727464042,1.3524031030550534
A,False,11,closed_loop,45,4.043086655920692,-9.393916391348307,1.3578089204036699
A,False,11,closed_loop,46,4.045345820176116,-9.423992865209753,1.3551545348195206
A,False,11,closed_loop,47,4.029356999062611,-9.483328649967918,1.3506176016440865
A,False,11,closed_loop,48,4.029707665748994,-9.497167649096122,1.3492604413030478
A,False,11,closed_loop,49,4.033933461135301,-9.537910109482953,1.3555814585319137
A,False,11,closed_loop,50,4.025414457868501,-9.546193641677727,1.3536021221317267
A,False,11,closed_loop,51,4.008081370353703,-9.61196616937739,1.3465462909108095
A,False,11,closed_loop,52,4.012519375236967,-9.642421030445519,1.3510857696902772
A,False,11,closed_loop,53,3.998117003185032,-9.672157394180084,1.3409350639268816
A,False,11,closed_loop,54,3.997704675857703,-9.706296734982596,1.345892323317247
A,False,11,closed_loop,55,3.994037101720391,-9.713355890395059,1.3435392795197665
A,False,11,closed_loop,56,3.989233026823633,-9.779458631154123,1.3440443786069303
A,False,11,closed_loop,57,3.98850728068796,-9.822659776457483,1.3431114161086555
A,False,11,closed_loop,58,3.9806834054282905,-9.844216978674906,1.3437155143285022
A,False,11,closed_loop,59,3.981364886262567,-9.878925084431646,1.3459145004605613
A,False,11,closed_loop,60,3.9722912572338944,-9.936874959621543,1.3451786641134278
A,False,11,closed_loop,61,3.968141789478645,-9.99809837913812,1.342777105747561
A,False,11,closed_loop,62,3.9668575293602335,-9.989606983960632,1.3425234109174422
A,False,11,closed_loop,63,3.9531122940031995,-10.012737017802598,1.3375445116087166
A,False,11,closed_loop,64,3.9540346277567884,-10.038059443242272,1.3399247437657218
A,False,11,closed_loop,65,3.960110200127596,-10.019361847574936,1.3386702075774934
A,False,11,closed_loop,66,3.953677741182254,-10.10859090287263,1.3406851178780357
A,False,11,closed_loop,67,3.950760781127743,-10.120807885097916,1.3391474579925793
A,False,11,closed_loop,68,3.9525454118540346,-10.139398591608481,1.3415931338515479
A,False,11,closed_loop,69,3.951584027313116,-10.120447100799026,1.3366793148474976
A,False,11,closed_loop,70,3.950361855380029,-10.168624507334433,1.3420013401288744
A,False,11,closed_loop,71,3.9518230732706843,-10.196661118522515,1.3445077630159448
A,False,11,closed_loop,72,3.942895022524173,-10.256159503731261,1.34612744041954
A,False,11,closed_loop,73,3.9454563096151722,-10.25128628398744,1.3466471129284248
A,False,11,closed_loop,74,3.9423512684944355,-10.244266036825742,1.3407959175379875
A,False,11,closed_loop,75,3.9296807842447574,-10.294842172068716,1.339238515531976
A,False,11,closed_loop,76,3.9358577050573893,-10.328859784871039,1.3437482541621304
A,False,11,closed_loop,77,3.9346900911022984,-10.381624052831397,1.3485121114064327
A,False,11,closed_loop,78,3.9294852357031176,-10.375404876875017,1.343771583285146
A,False,11,closed_loop,79,3.9318701945170402,-10.370171433848363,1.3435788122923669
A,False,11,closed_loop,80,3.9318696462913016,-10.363361325417277,1.3439418441597066
A,False,11,closed_loop,81,3.927335694172181,-10.478655921895653,1.3515017846177362
A,False,11,closed_loop,82,3.9306220008112476,-10.48606909808341,1.3535402110428627
A,False,11,closed_loop,83,3.9295829049418933,-10.507404483736074,1.3547387778392856
A,False,11,closed_loop,84,3.9372547418775334,-10.491778491277826,1.3573709851088467
A,False,11,closed_loop,85,3.9295195287715514,-10.537220152234797,1.3572561452622676
A,False,11,closed_loop,86,3.9299364449781415,-10.548204432869062,1.3564450552787182
A,False,11,closed_loop,87,3.931972013649992,-10.579088869876408,1.360824382937823
A,False,11,closed_loop,88,3.929982972531159,-10.593566928857802,1.360422458885327
A,False,11,closed_loop,89,3.927040705565068,-10.59475015818475,1.357225602504421
A,False,11,closed_loop,90,3.935967024252711,-10.57918295754073,1.3614945738840927
A,False,11,closed_loop,91,3.933529025809209,-10.656048449326958,1.363759654877365
A,False,11,closed_loop,92,3.92494828385052,-10.647353295247505,1.357200915356778
A,False,11,closed_loop,93,3.932383654707736,-10.605895077448793,1.3597406750838967
A,False,11,closed_loop,94,3.9267042615001393,-10.587575576285689,1.3549263537427993
A,False,11,closed_loop,95,3.9311298884495476,-10.608345802989778,1.358504331904163
A,False,11,closed_loop,96,3.9233393016535936,-10.638439740413013,1.3557298426508886
A,False,11,closed_loop,97,3.9238333401419503,-10.663763750015105,1.3577320300398956
A,False,11,closed_loop,98,3.9229104861139974,-10.663569108660665,1.3559162466151224
A,False,11,closed_loop,99,3.932495646540628,-10.693861377026538,1.3634415322594815
A,False,11,static,0,4.365302831758086,-6.9223786346277265,1.2273592026126436
A,False,11,static,1,4.346422971429458,-7.016517247571333,1.2362752938220583
A,False,11,static,2,4.332877614754402,-7.080619934943009,1.2394420105036417
A,False,11,static,3,4.33423225180966,-7.128791982533713,1.2540973632764305
A,False,11,static,4,4.320299948274575,-7.208895396112712,1.2633980931544013
A,False,11,static,5,4.327955061690045,-7.281020212909333,1.275409108262836
A,False,11,static,6,4.328083784717004,-7.323851809310635,1.2790034944913469
A,False,11,static,7,4.301336591849994,-7.4123974442427025,1.284662521325824
A,False,11,static,8,4.300216790071427,-7.460243187634714,1.295396856093319
A,False,11,static,9,4.289222839312306,-7.533347289683124,1.291036602857168
A,False,11,static,10,4.2742526780247365,-7.591197736208524,1.3019046402586236
A,False,11,static,11,4.275874042139669,-7.614787322414112,1.309065594461086
A,False,11,static,12,4.25980709955419,-7.693681180799253,1.3045380782585319
A,False,11,static,13,4.2513582280887965,-7.721848388906679,1.308906959373257
A,False,11,static,14,4.236906091012069,-7.825580000372807,1.308964488854007
A,False,11,static,15,4.231508672272841,-7.840847940485801,1.3084204476031567
A,False,11,static,16,4.230268209295631,-7.914151250094423,1.3170125743575471
A,False,11,static,17,4.219228836282895,-8.003313984416716,1.3179364836963228
A,False,11,static,18,4.198757715540711,-8.108343800081917,1.3209474277181352
A,False,11,static,19,4.189856641696134,-8.166309009527026,1.3194370045281822
A,False,11,static,20,4.197573172394693,-8.17819853567562,1.3264553552555085
A,False,11,static,21,4.171517282788045,-8.238713998378618,1.3217141472586624
A,False,11,static,22,4.172798089758978,-8.286544487844342,1.331618229878661
A,False,11,static,23,4.161321621701002,-8.392584511002575,1.3253355437436085
A,False,11,static,24,4.166971147798846,-8.432020507185817,1.3338166783279537
A,False,11,static,25,4.16009030151121,-8.499867628293634,1.3376678898040482
A,False,11,static,26,4.157864935505626,-8.50976737189709,1.333699238734619
A,False,11,static,27,4.143771659441866,-8.57974958388224,1.3312742734125005
A,False,11,static,28,4.147955625346769,-8.622782797866654,1.3392205139177242
A,False,11,static,29,4.142634830995078,-8.675839816270681,1.3433200137416026
A,False,11,static,30,4.135198719470966,-8.699373292700168,1.342739886880069
A,False,11,static,31,4.1235925055459655,-8.752400126352791,1.3461205157930907
A,False,11,static,32,4.128827016741938,-8.794616305193175,1.3527981002504188
A,False,11,static,33,4.119979595801663,-8.84270799555658,1.3535600804694112
A,False,11,static,34,4.1178391445040985,-8.87736421078049,1.355519554030183
A,False,11,static,35,4.111968753686583,-8.894770484523267,1.3494009631313482
A,False,11,static,36,4.116953167251643,-8.935044547792266,1.34974240821339
A,False,11,static,37,4.101620250938301,-8.982979342909658,1.347126378880725
A,False,11,static,38,4.101504552370151,-9.077769159657977,1.354009419370346
A,False,11,static,39,4.099179999336656,-9.084065776722472,1.3505860980232962
A,False,11,static,40,4.08886045987082,-9.1510473775071,1.3540126718792944
A,False,11,static,41,4.078934617209861,-9.187875959655148,1.3504008224604898
A,False,11,static,42,4.08736710058979,-9.172974200366859,1.3560619086092818
A,False,11,static,43,4.081880129463546,-9.202065784693085,1.3501515357525777
A,False,11,static,44,4.0843204046847,-9.23139825507159,1.3571705979969104
A,False,11,static,45,4.089908121625506,-9.2563048036544,1.3569187379692
A,False,11,static,46,4.095965517538133,-9.25874769823614,1.3574960604498685
A,False,11,static,47,4.082538817626591,-9.322192912522608,1.3567455500239853
A,False,11,static,48,4.074547536729216,-9.376064790008735,1.3538308399735175
A,False,11,static,49,4.0788252606286886,-9.397527438898067,1.354503541800778
A,False,11,static,50,4.07727949238031,-9.405681375698167,1.3530135635422544
A,False,11,static,51,4.072964408271164,-9.444666829676438,1.3533499150203465
A,False,11,static,52,4.0817222589414675,-9.471214859360371,1.358747413567066
A,False,11,static,53,4.066652837792503,-9.50583925216828,1.3538830561640085
A,False,11,static,54,4.07429462922972,-9.492726176704505,1.3545077992849146
A,False,11,static,55,4.062053184391432,-9.519939462977154,1.353975867906388
A,False,11,static,56,4.055306254918498,-9.540720224015365,1.351822421579959
A,False,11,static,57,4.054546680211172,-9.55056552549537,1.3549599646953794
A,False,11,static,58,4.055158380763338,-9.552671656120852,1.358479406001556
A,False,11,static,59,4.042261965904516,-9.5944288754427,1.3573075592372856
A,False,11,static,60,4.046929549329405,-9.63124986609615,1.367368494357555
A,False,11,static,61,4.0441158206975745,-9.624142518136042,1.362097398795256
A,False,11,static,62,4.044530929613469,-9.612952904270395,1.3602995460952982
A,False,11,static,63,4.0413162590297755,-9.596632916284225,1.3567971158246308
A,False,11,static,64,4.041459830662645,-9.606476948278827,1.3561319513257042
A,False,11,static,65,4.04163319350956,-9.615892430230666,1.356599616789356
A,False,11,static,66,4.036719870634946,-9.685987180961456,1.3567903419891358
A,False,11,static,67,4.03144941721034,-9.689097780002735,1.3563853908794963
A,False,11,static,68,4.032731410367236,-9.726629183977293,1.3586101442847875
A,False,11,static,69,4.033945344005118,-9.710062054677609,1.35868386371773
A,False,11,static,70,4.0339354222246335,-9.734227017202778,1.365137889410178
A,False,11,static,71,4.037993702775841,-9.765856323152132,1.3673181896896622
A,False,11,static,72,4.033130952596335,-9.782230691567536,1.366842832007948
A,False,11,static,73,4.035395919582935,-9.78356081208788,1.3651656749183705
A,False,11,static,74,4.034061169042553,-9.753433137378648,1.3621330463274164
A,False,11,static,75,4.020753013258612,-9.792654077099881,1.3617065774498325
A,False,11,static,76,4.024874524079025,-9.804113343670656,1.3577121724308518
A,False,11,static,77,4.022962895751776,-9.872807309133234,1.3625317950599143
A,False,11,static,78,4.0223401499028695,-9.874356771061684,1.364842656221686
A,False,11,static,79,4.025915227790949,-9.891531970216723,1.367478604705279
A,False,11,static,80,4.020729311430679,-9.892892581260881,1.3662334657365645
A,False,11,static,81,4.0174489883664695,-9.938667168208596,1.370597173234889
A,False,11,static,82,4.016283479947482,-9.931557740515158,1.3685355136455877
A,False,11,static,83,4.010283341193599,-9.955209427104768,1.369757563130058
A,False,11,static,84,4.017237196945812,-9.963854899286217,1.3724640969119106
A,False,11,static,85,4.01085815035542,-9.981259525151374,1.3738185971195023
A,False,11,static,86,4.010641481399912,-9.994274331238172,1.3737751695938758
A,False,11,static,87,4.009221343064234,-10.018174229322275,1.376842417538624
A,False,11,static,88,4.00829236811901,-10.051922416163984,1.3799834764927088
A,False,11,static,89,3.9992572410404725,-10.06471636562782,1.3770760048509416
A,False,11,static,90,4.008490575275901,-10.041240795968667,1.3796744596882886
A,False,11,static,91,4.0063249260632885,-10.080972973559932,1.3825622334980228
A,False,11,static,92,3.9974682632206537,-10.077862676066113,1.3792448498069483
A,False,11,static,93,4.0051796813379,-10.07187622373442,1.3825556079432273
A,False,11,static,94,4.000332611981384,-10.0477160870718,1.3759201882206114
A,False,11,static,95,4.002214965696071,-10.085868270028369,1.3845591768260839
A,False,11,static,96,4.000451970211194,-10.059675454987307,1.3778368178650577
A,False,11,static,97,3.999002763995117,-10.08073898903917,1.3823850742685437
A,False,11,static,98,3.9953620584369283,-10.072392990794505,1.3735306022273177
A,False,11,static,99,4.003318502551495,-10.146084649694975,1.3860345562614125
A,False,12,closed_loop,0,4.212288653153355,-7.480367255492912,1.3227043031280352
A,False,12,closed_loop,1,4.216894805847807,-7.413690311715335,1.2998271456011492
A,False,12,closed_loop,2,4.193114266812423,-7.5547110238360595,1.3055699030571237
A,False,12,closed_loop,3,4.161598171484772,-7.675266069801741,1.3086587713009135
A,False,12,closed_loop,4,4.144224462659261,-7.813556231038004,1.309016525193748
A,False,12,closed_loop,5,4.130850641725708,-7.916055551990887,1.3250487409305283
A,False,12,closed_loop,6,4.139501763522485,-7.886718528891041,1.327860572298879
A,False,12,closed_loop,7,4.123362658085582,-7.996215330078836,1.3481722059134178
A,False,12,closed_loop,8,4.106972586226509,-8.06704632048178,1.3582028527738388
A,False,12,closed_loop,9,4.088915186376339,-8.1271637394999,1.3601849236322436
A,False,12,closed_loop,10,4.087297915013129,-8.224919020537,1.3647094542967235
A,False,12,closed_loop,11,4.054802809336175,-8.312639176489816,1.363458996106025
A,False,12,closed_loop,12,4.042981009554269,-8.43222241364033,1.382347064115357
A,False,12,closed_loop,13,4.046791705860016,-8.456841195601198,1.3872364663136565
A,False,12,closed_loop,14,4.043364118230581,-8.500470888486918,1.4005204652548422
A,False,12,closed_loop,15,4.0410314827193945,-8.583118078013165,1.4087398901940011
A,False,12,closed_loop,16,4.027885828102254,-8.69029787643084,1.4147988448731805
A,False,12,closed_loop,17,4.016616658230379,-8.769697396837307,1.4283068642871672
A,False,12,closed_loop,18,3.9974441536945786,-8.804769977030782,1.426969674521536
A,False,12,closed_loop,19,3.9760589008766325,-8.960648027651306,1.4360171667309063
A,False,12,closed_loop,20,3.970726968668263,-9.008426111937402,1.4389221860605563
A,False,12,closed_loop,21,3.9597478023716497,-9.029389598571774,1.4296110689943664
A,False,12,closed_loop,22,3.9675011485176093,-9.126190925427972,1.4515501018168768
A,False,12,closed_loop,23,3.9643885623712882,-9.193600363413783,1.4552171428303744
A,False,12,closed_loop,24,3.9455869383220588,-9.302914970512658,1.458594004410209
A,False,12,closed_loop,25,3.9557872053476557,-9.293796016503412,1.4669614051470383
A,False,12,closed_loop,26,3.9470327669722063,-9.397890277373518,1.4774502036415977
A,False,12,closed_loop,27,3.954783328962016,-9.459746641463212,1.4881454842792248
A,False,12,closed_loop,28,3.9687723561804167,-9.443003814192698,1.4892355643236652
A,False,12,closed_loop,29,3.966104176480812,-9.464503402882174,1.487254929051164
A,False,12,closed_loop,30,3.963556395355696,-9.503927930452315,1.4903449042968535
A,False,12,closed_loop,31,3.9657216773413286,-9.505558238885106,1.4879987528220422
A,False,12,closed_loop,32,3.956274610092894,-9.577229778547592,1.4919258531839488
A,False,12,closed_loop,33,3.9562838298138896,-9.592315850004772,1.4886487125962067
A,False,12,closed_loop,34,3.9520231197901694,-9.655680982609956,1.4888777714621746
A,False,12,closed_loop,35,3.9449004318629792,-9.71100683533046,1.4949612978972022
A,False,12,closed_loop,36,3.9463511569191048,-9.769200864036323,1.498144969897228
A,False,12,closed_loop,37,3.951435928241356,-9.779121140140601,1.5003645734621411
A,False,12,closed_loop,38,3.9390795595658843,-9.85913925647743,1.498519927497065
A,False,12,closed_loop,39,3.93293669635646,-9.935676285122915,1.5005411159938642
A,False,12,closed_loop,40,3.930116441678788,-9.950355263457709,1.5050645789144825
A,False,12,closed_loop,41,3.932533421104822,-9.986495168962383,1.506682397379412
A,False,12,closed_loop,42,3.9423392381790094,-9.991962139592347,1.5118736692978862
A,False,12,closed_loop,43,3.9381839400566947,-10.008991584983224,1.5151430770937038
A,False,12,closed_loop,44,3.9324770386367547,-10.026830232125592,1.5169542236537625
A,False,12,closed_loop,45,3.9324880066503134,-10.05252240042028,1.5179585764523367
A,False,12,closed_loop,46,3.928981921270399,-10.053688583923446,1.5181401695962533
A,False,12,closed_loop,47,3.925293675062637,-10.121083673655818,1.5280194037674821
A,False,12,closed_loop,48,3.9284600376995225,-10.177681750413532,1.5322635091868164
A,False,12,closed_loop,49,3.922544565007382,-10.177788998912233,1.5352684527320866
A,False,12,closed_loop,50,3.917451384153295,-10.24254406473409,1.5399717414361274
A,False,12,closed_loop,51,3.9185889283858883,-10.287398170326412,1.539964487758595
A,False,12,closed_loop,52,3.9271271217264108,-10.346333012314787,1.5453143978370398
A,False,12,closed_loop,53,3.9298398463719306,-10.33953063410309,1.5457212242549883
A,False,12,closed_loop,54,3.9254738168172865,-10.366491497485896,1.548814559323331
A,False,12,closed_loop,55,3.9216249219640287,-10.347859448322714,1.5473301920077767
A,False,12,closed_loop,56,3.9241854346650573,-10.454319132106582,1.5595941584589355
A,False,12,closed_loop,57,3.9273382405452377,-10.462273723001013,1.560329206403063
A,False,12,closed_loop,58,3.919948998428309,-10.481793388482274,1.560483050275381
A,False,12,closed_loop,59,3.9234014818715734,-10.504232526551682,1.5642340997394186
A,False,12,closed_loop,60,3.928782203352569,-10.490165677200018,1.5637909599122735
A,False,12,closed_loop,61,3.934536343088927,-10.501539215127856,1.5644803555418187
A,False,12,closed_loop,62,3.9446392439748235,-10.484477007678024,1.5649708250105643
A,False,12,closed_loop,63,3.932734002317583,-10.542938455484332,1.5673127833960667
A,False,12,closed_loop,64,3.928312486718696,-10.590673357102089,1.5717618320825062
A,False,12,closed_loop,65,3.9255402723214607,-10.613833646223116,1.5708274283035646
A,False,12,closed_loop,66,3.931797722623298,-10.637073653768205,1.5738471322957084
A,False,12,closed_loop,67,3.9280143421591855,-10.663843483884884,1.5729449745861455
A,False,12,closed_loop,68,3.929377605666392,-10.663321342649946,1.5748741312593346
A,False,12,closed_loop,69,3.9223762600365197,-10.721924133332033,1.5789714701218054
A,False,12,closed_loop,70,3.9245415998787365,-10.75292633561763,1.5795622158204463
A,False,12,closed_loop,71,3.9159132334412843,-10.793237607881416,1.5799196902148367
A,False,12,closed_loop,72,3.9164880173321333,-10.811327876219151,1.580195856713135
A,False,12,closed_loop,73,3.915209691212065,-10.800981386253255,1.5794411350371262
A,False,12,closed_loop,74,3.9137931747887253,-10.79319551086783,1.5808774123282383
A,False,12,closed_loop,75,3.912913222665985,-10.791900837479327,1.5791618899233022
A,False,12,closed_loop,76,3.910431747648296,-10.81460298506247,1.5792116654226749
A,False,12,closed_loop,77,3.9081009724937723,-10.841543553906446,1.5791620743241233
A,False,12,closed_loop,78,3.9091422793687287,-10.87271251931204,1.5825313629597526
A,False,12,closed_loop,79,3.9054756926082574,-10.916896020849515,1.5831172474611666
A,False,12,closed_loop,80,3.9033298799064613,-10.945213915255403,1.5849337563001507
A,False,12,closed_loop,81,3.9071798104817614,-10.905407452639293,1.583991951569918
A,False,12,closed_loop,82,3.8961479589705923,-10.963654529176765,1.5858324088626452
A,False,12,closed_loop,83,3.889396531679919,-11.030009937492698,1.5876471730546584
A,False,12,closed_loop,84,3.887933990691813,-11.082662563826148,1.5902287472508483
A,False,12,closed_loop,85,3.887259661107366,-11.115448150573988,1.5932447065557822
A,False,12,closed_loop,86,3.886368425495681,-11.143850150028987,1.593657823496531
A,False,12,closed_loop,87,3.8837060934981853,-11.171576976255428,1.5938700870708684
A,False,12,closed_loop,88,3.883905745294804,-11.210652170862417,1.5938300357032686
A,False,12,closed_loop,89,3.8818725504385028,-11.202445413474328,1.593571052566233
A,False,12,closed_loop,90,3.877249810476067,-11.216028956283713,1.592986159902088
A,False,12,closed_loop,91,3.871039493695634,-11.191861496601495,1.5922765820950577
A,False,12,closed_loop,92,3.872243265870189,-11.261269194198825,1.5934622149202833
A,False,12,closed_loop,93,3.868676451417331,-11.251389178232808,1.5923662531348948
A,False,12,closed_loop,94,3.8698420124095816,-11.251931824390818,1.592509914541705
A,False,12,closed_loop,95,3.8653386477309417,-11.305646607363643,1.5929587717749654
A,False,12,closed_loop,96,3.864293012737397,-11.315253129650303,1.5926601120503996
A,False,12,closed_loop,97,3.8593721079662315,-11.326760055115663,1.5916063017300663
A,False,12,closed_loop,98,3.8633024699240592,-11.290870374325257,1.5905834808941377
A,False,12,closed_loop,99,3.8559554487374386,-11.367352241426907,1.592960059693359
A,False,12,static,0,4.212288653153355,-7.480367255492912,1.3227043031280352
A,False,12,static,1,4.177386729505175,-7.61536350552002,1.337626537733308
A,False,12,static,2,4.157709264300511,-7.75377384770982,1.3458429115357404
A,False,12,static,3,4.131217366114051,-7.878702985880852,1.3477203698025788
A,False,12,static,4,4.111010243954759,-7.924520312171527,1.3448576569477397
A,False,12,static,5,4.100592560318552,-7.9951949434449965,1.356378843728465
A,False,12,static,6,4.098857582486788,-8.043753257715968,1.3674223462835677
A,False,12,static,7,4.07979080968667,-8.155630718949267,1.3699209715418992
A,False,12,static,8,4.058927726869514,-8.246682804359574,1.3787773492441164
A,False,12,static,9,4.047852744785553,-8.316022261274565,1.3926538340950463
A,False,12,static,10,4.03534671860708,-8.412125622244773,1.3885261327613447
A,False,12,static,11,4.032736722941246,-8.448106064654688,1.4025631633241347
A,False,12,static,12,3.998935902435363,-8.563226073472409,1.3947624998015975
A,False,12,static,13,3.9941660783927637,-8.652067504479982,1.4082682927579262
A,False,12,static,14,3.9675090677291336,-8.77470022077672,1.410239877625249
A,False,12,static,15,3.948890739046252,-8.866646852346888,1.4157300446154812
A,False,12,static,16,3.9531132040428165,-8.856779363086552,1.423036728272112
A,False,12,static,17,3.93590157072502,-8.993269031173725,1.4343866854984852
A,False,12,static,18,3.9380129438323976,-8.960556752271627,1.4336173193447046
A,False,12,static,19,3.9194189907794215,-9.092519740149237,1.4413605029437762
A,False,12,static,20,3.928900477326815,-9.070207276301922,1.4437200440694926
A,False,12,static,21,3.914842391090925,-9.168752997974224,1.4418619213099186
A,False,12,static,22,3.8944283730101934,-9.2946460629556,1.4570692023856158
A,False,12,static,23,3.894160833990151,-9.345461756642948,1.4597305244212972
A,False,12,static,24,3.86750185745183,-9.489917931755137,1.4634701070037917
A,False,12,static,25,3.886507217169639,-9.482351788284392,1.4743601390839813
A,False,12,static,26,3.870831207869783,-9.571717037497743,1.4756239604030394
A,False,12,static,27,3.8676507950979335,-9.628853373942624,1.479320127151562
A,False,12,static,28,3.859060822832413,-9.716608701156984,1.4856462479966952
A,False,12,static,29,3.8534926085082986,-9.753494990396176,1.4856472814912707
A,False,12,static,30,3.8547172896007793,-9.797660277658347,1.4979948382119783
A,False,12,static,31,3.866736877630805,-9.796736033765235,1.502365875481492
A,False,12,static,32,3.8519556393452157,-9.933477191973951,1.5121525679338808
A,False,12,static,33,3.845110291072269,-10.008807900876759,1.5112783191634822
A,False,12,static,34,3.8377159651001187,-10.09425525202868,1.516046130987747
A,False,12,static,35,3.8421844307096866,-10.101507916369771,1.5221476232634525
A,False,12,static,36,3.8323671596355413,-10.157993261680923,1.5241299823099508
A,False,12,static,37,3.8276090839852928,-10.173806701331708,1.5231994628142915
A,False,12,static,38,3.8276834331302196,-10.23094313865978,1.5288769686394301
A,False,12,static,39,3.8176237414643097,-10.353903900229724,1.529846673559957
A,False,12,static,40,3.814150045127701,-10.431055665863177,1.539141887604978
A,False,12,static,41,3.801581411166389,-10.527719721385337,1.5452838397417976
A,False,12,static,42,3.8011775415855986,-10.592355715185127,1.5494397553758408
A,False,12,static,43,3.8080400668100243,-10.556932461377231,1.5517203005869458
A,False,12,static,44,3.797202304648543,-10.645475277909123,1.5550507320400586
A,False,12,static,45,3.8001362646466,-10.697516484369357,1.5602490105314228
A,False,12,static,46,3.7923631436889074,-10.759726174503584,1.5628003716896377
A,False,12,static,47,3.7957364678535632,-10.761702534711334,1.5645713033621014
A,False,12,static,48,3.7969560480558804,-10.798821487038795,1.5664353090166905
A,False,12,static,49,3.7966903591935677,-10.836016075570372,1.5685493705277922
A,False,12,static,50,3.787028988152558,-10.960970730995006,1.571501144937199
A,False,12,static,51,3.7812914578329253,-10.977345391782867,1.5735372649145971
A,False,12,static,52,3.7859973220348557,-10.984855360926902,1.5763226367958534
A,False,12,static,53,3.7919777693538954,-10.986459879109354,1.5797047362195489
A,False,12,static,54,3.797980477933139,-10.96089412097487,1.5750681458733968
A,False,12,static,55,3.7895967894298983,-11.013599062171588,1.576468574905185
A,False,12,static,56,3.8063260277807296,-11.045954675276981,1.5774039500269847
A,False,12,static,57,3.8086413491170994,-11.044815934427428,1.5792454768236535
A,False,12,static,58,3.796700723955102,-11.136701039709058,1.5801031474285114
A,False,12,static,59,3.808602162836452,-11.115431545278708,1.5801152744525664
A,False,12,static,60,3.80948878545224,-11.089683935632836,1.5784221467060107
A,False,12,static,61,3.807389286315241,-11.121932435958556,1.5782221371791316
A,False,12,static,62,3.808418443178226,-11.148746904523785,1.5787562958525498
A,False,12,static,63,3.81210281743801,-11.173745841392765,1.5809340678539308
A,False,12,static,64,3.805088474486118,-11.204405047950871,1.5776640891771736
A,False,12,static,65,3.801146054432721,-11.220385613685986,1.5793033799787066
A,False,12,static,66,3.8061864356024806,-11.215977287539644,1.5787889736727443
A,False,12,static,67,3.8078509570018135,-11.253571043223738,1.5762805804865294
A,False,12,static,68,3.7982047149461473,-11.305081974677819,1.5766230731903403
A,False,12,static,69,3.7995544478235765,-11.310386771831523,1.57638921766213
A,False,12,static,70,3.7993136361420614,-11.345674502174822,1.5779981462805293
A,False,12,static,71,3.798480230459973,-11.387050061796664,1.5764379764224932
A,False,12,static,72,3.7999498644938687,-11.40280240629375,1.576980548086295
A,False,12,static,73,3.801275364659427,-11.427555311323259,1.5736684946690387
A,False,12,static,74,3.8007423363033106,-11.427972792605585,1.5744670837144892
A,False,12,static,75,3.7944420302104276,-11.470184852432965,1.5722887636928575
A,False,12,static,76,3.790010971293512,-11.484091553075118,1.5715550229415545
A,False,12,static,77,3.7929228026744135,-11.472228807350943,1.572151079166109
A,False,12,static,78,3.791680068291974,-11.513079863583703,1.5716853833971827
A,False,12,static,79,3.78561732528042,-11.614698614076339,1.5726326298181104
A,False,12,static,80,3.7900974841295145,-11.665638006833378,1.5726440221116575
A,False,12,static,81,3.7954566420110942,-11.615742552883246,1.571133353566739
A,False,12,static,82,3.788812244628082,-11.677684278408032,1.5707442661765103
A,False,12,static,83,3.7917554449796103,-11.686918058065489,1.571663827324473
A,False,12,static,84,3.786661293022051,-11.702109865071042,1.5700032219272488
A,False,12,static,85,3.7879031913082586,-11.692631684689028,1.5692070484717011
A,False,12,static,86,3.7917791252987576,-11.679218645008888,1.571990763633145
A,False,12,static,87,3.784971598401091,-11.74162486277308,1.5672548457410127
A,False,12,static,88,3.7938350813024013,-11.740173006830595,1.5684073317345704
A,False,12,static,89,3.7846830446570183,-11.751015637709514,1.5645947586645435
A,False,12,static,90,3.7803490348386344,-11.803970707756761,1.5655350187095933
A,False,12,static,91,3.7779552013176176,-11.835028291326523,1.563543533898103
A,False,12,static,92,3.778474110568286,-11.848000080222159,1.5648242947337578
A,False,12,static,93,3.7763775810795157,-11.884191382519353,1.56339691065788
A,False,12,static,94,3.76834711619002,-11.912209546355731,1.5645785092822486
A,False,12,static,95,3.7694346736201907,-11.939920943152208,1.5659578645417014
A,False,12,static,96,3.7662905604956833,-11.960960983195173,1.5648976288320604
A,False,12,static,97,3.7695445014507087,-11.945283671903985,1.5645181722226476
A,False,12,static,98,3.7752639770942675,-11.865102129420992,1.5633774005741288
A,False,12,static,99,3.7652079121096507,-11.954295191836374,1.5641163342134803
A,False,13,closed_loop,0,4.279325132569599,-7.415692118455934,1.413943557114554
A,False,13,closed_loop,1,4.302268203038525,-7.36090250135064,1.4236671890626607
A,False,13,closed_loop,2,4.288099379051519,-7.40154625969151,1.4193558427095603
A,False,13,closed_loop,3,4.283265034415845,-7.453678009469296,1.4112336447450868
A,False,13,closed_loop,4,4.301938652955551,-7.473662810640992,1.4172031366912468
A,False,13,closed_loop,5,4.29384515258557,-7.525714427960953,1.4199018392682958
A,False,13,closed_loop,6,4.262263473761455,-7.63827556967555,1.4269474486910172
A,False,13,closed_loop,7,4.248889987553111,-7.688417803659452,1.4271304521131956
A,False,13,closed_loop,8,4.240133034639769,-7.776018511995282,1.4347688449187688
A,False,13,closed_loop,9,4.251498385375975,-7.786928048159472,1.4406716543183913
A,False,13,closed_loop,10,4.240913046576643,-7.83120194862196,1.4369165956941548
A,False,13,closed_loop,11,4.225561516528729,-7.8962091885947965,1.4366561673764695
A,False,13,closed_loop,12,4.22681719768308,-7.97630586312097,1.4539400948291572
A,False,13,closed_loop,13,4.210965541496763,-8.05060952632713,1.4411411841725472
A,False,13,closed_loop,14,4.1757467335518506,-8.15256694921295,1.4500061695492772
A,False,13,closed_loop,15,4.190741097284236,-8.119822317492366,1.4431791998857275
A,False,13,closed_loop,16,4.158993443655776,-8.254340786858739,1.4459514258168236
A,False,13,closed_loop,17,4.171121265082127,-8.256445018841069,1.447612936321183
A,False,13,closed_loop,18,4.149096064434104,-8.366654504635159,1.4518460942941604
A,False,13,closed_loop,19,4.156110259053471,-8.353812038502634,1.4555647413463724
A,False,13,closed_loop,20,4.160035136145635,-8.409910108918556,1.4612431160859718
A,False,13,closed_loop,21,4.157524275610439,-8.480372243082023,1.4683492464730132
A,False,13,closed_loop,22,4.169674689577488,-8.514732490361036,1.4770206541076678
A,False,13,closed_loop,23,4.144933042474018,-8.565004560975186,1.4679892339450518
A,False,13,closed_loop,24,4.1581420383338035,-8.603190571202495,1.481404147047597
A,False,13,closed_loop,25,4.152021425807811,-8.661169345952954,1.4790306906840662
A,False,13,closed_loop,26,4.154312571196521,-8.679642686013038,1.4905509441340146
A,False,13,closed_loop,27,4.13431706603857,-8.762025112379742,1.4812322691322806
A,False,13,closed_loop,28,4.131148201277468,-8.797293147937753,1.4814932594293861
A,False,13,closed_loop,29,4.135198459163426,-8.863773621657344,1.4936607816613308
A,False,13,closed_loop,30,4.150441907193037,-8.89319876617349,1.505272858159774
A,False,13,closed_loop,31,4.167732557841032,-8.952160508898098,1.5114243999555053
A,False,13,closed_loop,32,4.165343267044624,-9.004778778294705,1.520869690066651
A,False,13,closed_loop,33,4.176293257881756,-9.042909798890822,1.522698539699831
A,False,13,closed_loop,34,4.180225972138241,-9.032100503067396,1.5177095438762622
A,False,13,closed_loop,35,4.17268299338119,-9.095835292942438,1.5189434192909295
A,False,13,closed_loop,36,4.182727730711149,-9.09168701577132,1.5193820762070782
A,False,13,closed_loop,37,4.185033950094063,-9.1593406535224,1.5323442618890584
A,False,13,closed_loop,38,4.165989695218873,-9.20706593045555,1.5266352308939724
A,False,13,closed_loop,39,4.152830399673604,-9.230302179205472,1.5159229812855213
A,False,13,closed_loop,40,4.167119587393968,-9.23281518304207,1.526539909485697
A,False,13,closed_loop,41,4.167357563645446,-9.244028227557454,1.5241506138275451
A,False,13,closed_loop,42,4.168049276512295,-9.29698971752135,1.5313096582032566
A,False,13,closed_loop,43,4.166780186304311,-9.307629966895801,1.5245683153347567
A,False,13,closed_loop,44,4.177388347543989,-9.306227174940105,1.531688706974147
A,False,13,closed_loop,45,4.171418535232458,-9.375296320161315,1.532181722734294
A,False,13,closed_loop,46,4.169600799180873,-9.397859975492798,1.5371292676839758
A,False,13,closed_loop,47,4.144980233960281,-9.485456585399286,1.5308497709875584
A,False,13,closed_loop,48,4.166869108688524,-9.438495261811555,1.5296462892354092
A,False,13,closed_loop,49,4.138092152054806,-9.55218800134124,1.5345946003246043
A,False,13,closed_loop,50,4.131919801677264,-9.579048594836857,1.53665024519664
A,False,13,closed_loop,51,4.1482177850134,-9.54722728965479,1.543304608983421
A,False,13,closed_loop,52,4.130217095096568,-9.589019848728128,1.5405674770540243
A,False,13,closed_loop,53,4.131167786912193,-9.592911312047963,1.5358756608802808
A,False,13,closed_loop,54,4.11581717295116,-9.62723202562207,1.5375236519505633
A,False,13,closed_loop,55,4.110464372750067,-9.651785388648387,1.540189865883903
A,False,13,closed_loop,56,4.090372253029408,-9.68043572370958,1.5328966447770167
A,False,13,closed_loop,57,4.0753540656120295,-9.7141191367093,1.5267696690069972
A,False,13,closed_loop,58,4.08661161710364,-9.708448966631035,1.5334156187824046
A,False,13,closed_loop,59,4.087894507424893,-9.741610745693027,1.5370717206850368
A,False,13,closed_loop,60,4.079693917164236,-9.763297011832458,1.5325410496481056
A,False,13,closed_loop,61,4.080844691047282,-9.749945515152206,1.529315993325172
A,False,13,closed_loop,62,4.072664189324915,-9.792248212359306,1.5350233668653355
A,False,13,closed_loop,63,4.081231074682037,-9.802209152146814,1.5417671244469362
A,False,13,closed_loop,64,4.109507462223495,-9.749432618772385,1.5476893607915274
A,False,13,closed_loop,65,4.078245226468938,-9.818707017177159,1.5367754399095401
A,False,13,closed_loop,66,4.056393751803398,-9.840538473797364,1.5259740500608678
A,False,13,closed_loop,67,4.076219030218675,-9.839686570552002,1.540357547353281
A,False,13,closed_loop,68,4.0655498169592486,-9.85633938797507,1.5365997386392032
A,False,13,closed_loop,69,4.04627259525196,-9.903384740561977,1.5282954006860896
A,False,13,closed_loop,70,4.070181385199345,-9.859232210548157,1.5301691066650058
A,False,13,closed_loop,71,4.042413309116381,-9.917997868944527,1.5274438935522223
A,False,13,closed_loop,72,4.0564052480297255,-9.895188617479727,1.5336575224239193
A,False,13,closed_loop,73,4.052902656506534,-9.865068687437335,1.5269911902799989
A,False,13,closed_loop,74,4.054650354801475,-9.890197721775671,1.5306384901686094
A,False,13,closed_loop,75,4.069281384873367,-9.864501595896414,1.53998666012746
A,False,13,closed_loop,76,4.0693497313223475,-9.84014690836567,1.5376327017962206
A,False,13,closed_loop,77,4.046670738196107,-9.914888114828655,1.5336512747766982
A,False,13,closed_loop,78,4.0451050270657545,-9.887180849169676,1.5351492454883269
A,False,13,closed_loop,79,4.045862315094979,-9.910632706703858,1.538872316513908
A,False,13,closed_loop,80,4.050851494385298,-9.902501223357595,1.5383629506221492
A,False,13,closed_loop,81,4.063430812488403,-9.868592265635913,1.5377446145584361
A,False,13,closed_loop,82,4.036457764900604,-9.935793109138336,1.5335789717277428
A,False,13,closed_loop,83,4.042641167519502,-9.918247260650766,1.5352831323745397
A,False,13,closed_loop,84,4.031903981945298,-9.948316271836859,1.5316767759532113
A,False,13,closed_loop,85,4.043125554262686,-9.946087519899914,1.5367967446478428
A,False,13,closed_loop,86,4.053096743278925,-9.917111061316893,1.5322948336208035
A,False,13,closed_loop,87,4.043433852322861,-9.92854928337083,1.5380208167210865
A,False,13,closed_loop,88,4.0344779872524885,-9.961179391905318,1.5358499543257815
A,False,13,closed_loop,89,4.024455387842393,-10.011656440508034,1.530407424641896
A,False,13,closed_loop,90,4.031119914045259,-10.006857915173986,1.5325930407139559
A,False,13,closed_loop,91,4.054923665325771,-9.957077445480254,1.536667172363951
A,False,13,closed_loop,92,4.0555498540101365,-9.940086082414156,1.5366110382422082
A,False,13,closed_loop,93,4.017265618807716,-10.027264089061424,1.5277635037392692
A,False,13,closed_loop,94,4.0591323336477565,-9.939292850501227,1.5331481705019685
A,False,13,closed_loop,95,4.0360913350049605,-9.96968104933904,1.5321501379444278
A,False,13,closed_loop,96,4.033551829263955,-9.997209277861607,1.533775267987961
A,False,13,closed_loop,97,4.006754719138817,-10.083740019906505,1.528909017922831
A,False,13,closed_loop,98,4.018166394173286,-10.04768394781121,1.5307619548713747
A,False,13,closed_loop,99,4.032273743048568,-10.048718247831475,1.5401613487953514
A,False,13,static,0,4.279325132569599,-7.415692118455934,1.413943557114554
A,False,13,static,1,4.249633632826649,-7.5117474981723475,1.4195017942596477
A,False,13,static,2,4.216506125068097,-7.602051733994017,1.4045417362925434
A,False,13,static,3,4.208881773337062,-7.633598780584265,1.3989019066077795
A,False,13,static,4,4.210600079284556,-7.6688893882242795,1.3994077406091403
A,False,13,static,5,4.204021230607588,-7.766816182518194,1.4061159417057925
A,False,13,static,6,4.160521568215994,-7.858917602663986,1.4046805036531218
A,False,13,static,7,4.156790688815465,-7.907317466476161,1.4059147023354288
A,False,13,static,8,4.157455769976171,-7.963700311610158,1.4113264489377941
A,False,13,static,9,4.173127327466491,-7.966754431161643,1.4240416739853936
A,False,13,static,10,4.145240797274057,-8.03655683110284,1.4196115130798515
A,False,13,static,11,4.144598015685408,-8.122361399689767,1.4260489484585825
A,False,13,static,12,4.15296397147022,-8.147760491671045,1.4341222482606668
A,False,13,static,13,4.1564548790757465,-8.197475891953259,1.442166336461262
A,False,13,static,14,4.121603140537586,-8.291409578365,1.4487233871782201
A,False,13,static,15,4.1494841661053234,-8.249403077016115,1.449495495238032
A,False,13,static,16,4.104944234367874,-8.368435460394878,1.4398985333700545
A,False,13,static,17,4.096314279360567,-8.413864926975963,1.4348480385237403
A,False,13,static,18,4.093620363775364,-8.480037780191312,1.4439311964956616
A,False,13,static,19,4.109451221223472,-8.5094484073786,1.4584133437885625
A,False,13,static,20,4.116060411617448,-8.484057974048893,1.4491175759986479
A,False,13,static,21,4.121150738270114,-8.525419809006795,1.4590064574623671
A,False,13,static,22,4.1254778559514165,-8.598819302517361,1.470841236620328
A,False,13,static,23,4.110852115074947,-8.623495703935854,1.4666198190873285
A,False,13,static,24,4.117960209744342,-8.619420650881386,1.4671924001883927
A,False,13,static,25,4.108303285846859,-8.688268248583272,1.4669961140008188
A,False,13,static,26,4.106904290681538,-8.7507431833917,1.4795483479351208
A,False,13,static,27,4.109570736359438,-8.746868315557633,1.4744549430063154
A,False,13,static,28,4.10005658352764,-8.848316988775885,1.4761594554937296
A,False,13,static,29,4.0985570453596845,-8.899950123061984,1.4826451506847231
A,False,13,static,30,4.117668258343577,-8.902061736340855,1.4938296400538913
A,False,13,static,31,4.113947937003486,-8.937077356751987,1.492033533121556
A,False,13,static,32,4.111904481873587,-8.985284796251138,1.4982503450970237
A,False,13,static,33,4.106528199023539,-9.048004594399002,1.501441781245085
A,False,13,static,34,4.125640367487493,-9.025229343768785,1.5083742004076173
A,False,13,static,35,4.108185884556558,-9.152169305357967,1.5085557895980022
A,False,13,static,36,4.1162746011008435,-9.14029427493064,1.5127385447202062
A,False,13,static,37,4.110464099500016,-9.251483750209822,1.523657688974983
A,False,13,static,38,4.109818302443458,-9.299114615902733,1.531661119580473
A,False,13,static,39,4.107066816899205,-9.29738846970669,1.5294890788257602
A,False,13,static,40,4.121447506690297,-9.292582488303761,1.5362167894114591
A,False,13,static,41,4.115284004202894,-9.290447444957884,1.5243177515252375
A,False,13,static,42,4.1165826334212126,-9.38114037986685,1.5305025757464537
A,False,13,static,43,4.104289365676767,-9.455061276273039,1.5330437696043573
A,False,13,static,44,4.117842317448599,-9.451919802288375,1.5373830416172585
A,False,13,static,45,4.115147118754503,-9.50410653085691,1.5389244645545392
A,False,13,static,46,4.12061096912989,-9.529931398166609,1.5426488232245508
A,False,13,static,47,4.0961504907981645,-9.617569209818567,1.5417547748316947
A,False,13,static,48,4.101098531446742,-9.606088959482065,1.532854531515902
A,False,13,static,49,4.097752376019506,-9.651862138208587,1.5425183453412599
A,False,13,static,50,4.093054090837012,-9.641610617290622,1.5371723984528793
A,False,13,static,51,4.112139895874221,-9.639538568380646,1.5455744113296108
A,False,13,static,52,4.099327602541838,-9.695298022578863,1.5496449997312436
A,False,13,static,53,4.1017024877398685,-9.675678174303586,1.5389303847950047
A,False,13,static,54,4.0937097845923,-9.719562224649948,1.5478539325165028
A,False,13,static,55,4.08392741252536,-9.771375625444895,1.550023802444578
A,False,13,static,56,4.076464655840113,-9.755620122168331,1.5385155736403888
A,False,13,static,57,4.06921838544372,-9.768924525962147,1.538203123711538
A,False,13,static,58,4.077034404299733,-9.750932896165835,1.5390721676244146
A,False,13,static,59,4.087172001692099,-9.792915704790724,1.5461285903377011
A,False,13,static,60,4.075458424830825,-9.789533880709554,1.537177681703728
A,False,13,static,61,4.072845715120247,-9.828713400662105,1.5409218627110584
A,False,13,static,62,4.062366780294307,-9.867311266578914,1.5394328025363329
A,False,13,static,63,4.068911777179346,-9.89512663005398,1.5449283285093607
A,False,13,static,64,4.086308313943977,-9.911375525222468,1.5466316656472643
A,False,13,static,65,4.03946532095591,-9.995719865451234,1.5344439515400286
A,False,13,static,66,4.014830279141893,-10.027225128181623,1.5209149399393116
A,False,13,static,67,4.051958989602356,-9.99866085051539,1.545869016121537
A,False,13,static,68,4.0435409063806285,-10.005154241494415,1.539500593835726
A,False,13,static,69,4.025796043864691,-10.04715492556669,1.5305247063966103
A,False,13,static,70,4.046430959745859,-10.04479015306624,1.5409870791738953
A,False,13,static,71,4.0286634371466885,-10.053644078480938,1.5362733066059207
A,False,13,static,72,4.037955993041646,-10.027061294891386,1.5301808444341571
A,False,13,static,73,4.027903776598681,-10.029939985524097,1.5236152109923449
A,False,13,static,74,4.034446493818044,-10.03285693118571,1.5290691212110958
A,False,13,static,75,4.0418528369733595,-10.043997379577425,1.5311244429436242
A,False,13,static,76,4.053518005754033,-10.010467182219566,1.5336543545505836
A,False,13,static,77,4.024393293011848,-10.088222970847022,1.5290223997979882
A,False,13,static,78,4.030969450361941,-10.052010069770622,1.5288731221181926
A,False,13,static,79,4.033677821704174,-10.075152235772528,1.5314868055232598
A,False,13,static,80,4.037872393643844,-10.073233016774699,1.531937918100665
A,False,13,static,81,4.053242986195487,-10.03204306846556,1.5367049443103857
A,False,13,static,82,4.022655978625512,-10.102281795683979,1.5302564524085291
A,False,13,static,83,4.027806707397947,-10.09425919953538,1.532288123948436
A,False,13,static,84,4.025774501062234,-10.093134723911405,1.5337360921347454
A,False,13,static,85,4.039141165547956,-10.086381502345445,1.5422217677549999
A,False,13,static,86,4.044309864272813,-10.073971612164499,1.5380827455213526
A,False,13,static,87,4.040497442171544,-10.090003427415809,1.541747610972287
A,False,13,static,88,4.03656654677492,-10.11226307716331,1.5405295362685347
A,False,13,static,89,4.034198798615453,-10.120391687154351,1.540101576151864
A,False,13,static,90,4.041023967017725,-10.10077562520953,1.540024491703427
A,False,13,static,91,4.0649167571816625,-10.06420215369132,1.5422171832711074
A,False,13,static,92,4.069188455767697,-10.059906169609656,1.5496475027794243
A,False,13,static,93,4.0342094592597,-10.120463022647506,1.5422266156827138
A,False,13,static,94,4.065036280894542,-10.101366512289703,1.5484298179691234
A,False,13,static,95,4.038576038003378,-10.13427240587303,1.545267618708088
A,False,13,static,96,4.040070713671455,-10.132716319017996,1.5459484304263882
A,False,13,static,97,4.002587865370253,-10.202399406185718,1.5312175423805154
A,False,13,static,98,4.017535062996409,-10.195684314257075,1.5407892474886935
A,False,13,static,99,4.022676977282842,-10.197691409861312,1.5428465456717166
A,False,14,closed_loop,0,4.187832948329175,-6.905564905237806,1.0787924260660509
A,False,14,closed_loop,1,4.142279914227019,-7.028037578710034,1.0656166996250347
A,False,14,closed_loop,2,4.117254748477696,-7.0944259545481545,1.063833336110708
A,False,14,closed_loop,3,4.08763071844485,-7.191337749047638,1.0572396464263498
A,False,14,closed_loop,4,4.060017592005452,-7.255581610593329,1.0556868595091091
A,False,14,closed_loop,5,4.027538970342519,-7.401967497618709,1.057082649359035
A,False,14,closed_loop,6,4.006746224110359,-7.458181533559042,1.0479520858197473
A,False,14,closed_loop,7,3.9855223552357875,-7.54901926637012,1.047680487239423
A,False,14,closed_loop,8,3.9665910848318275,-7.646660060204421,1.0504098005340545
A,False,14,closed_loop,9,3.9378157670777956,-7.770793208846766,1.0547198698641715
A,False,14,closed_loop,10,3.923554812582015,-7.853229506704011,1.0521677537066572
A,False,14,closed_loop,11,3.8864516829885662,-7.977122060109731,1.0468680367774634
A,False,14,closed_loop,12,3.8541778174991435,-8.117362121414715,1.0499329016850398
A,False,14,closed_loop,13,3.8174104272099743,-8.252981987835042,1.0333441966427521
A,False,14,closed_loop,14,3.8081080479421483,-8.320395700632645,1.0436467070820115
A,False,14,closed_loop,15,3.8045032998859347,-8.363027574360528,1.0450262364374814
A,False,14,closed_loop,16,3.7850332829201654,-8.473072344380334,1.0537233110396096
A,False,14,closed_loop,17,3.7875808706092697,-8.465299461926765,1.0487939873006418
A,False,14,closed_loop,18,3.7392542008853056,-8.640270324819314,1.0385568309679574
A,False,14,closed_loop,19,3.7379089311766793,-8.731048837563712,1.051545577207755
A,False,14,closed_loop,20,3.704275954875341,-8.899184076377551,1.052563417127615
A,False,14,closed_loop,21,3.6966254328365715,-8.967767228924314,1.0565044579670155
A,False,14,closed_loop,22,3.67325431806587,-9.004111332098438,1.0401519630400156
A,False,14,closed_loop,23,3.661624906260318,-9.127741503831333,1.0486048247656257
A,False,14,closed_loop,24,3.6630687899641163,-9.193269449227216,1.0548879160720919
A,False,14,closed_loop,25,3.6458501492090156,-9.321490523083064,1.0591243811733515
A,False,14,closed_loop,26,3.6327344562262476,-9.408991144813205,1.059794391181563
A,False,14,closed_loop,27,3.62956529516995,-9.495375516928197,1.0670021044298135
A,False,14,closed_loop,28,3.6165860925923803,-9.516577202242534,1.0600687524261112
A,False,14,closed_loop,29,3.6141007258553626,-9.53800120260709,1.0643698647132263
A,False,14,closed_loop,30,3.601710474947712,-9.606971628756934,1.0610511530609925
A,False,14,closed_loop,31,3.5888644298953682,-9.660109652309881,1.0566751594581512
A,False,14,closed_loop,32,3.583135226417698,-9.749357562448374,1.0613031994568154
A,False,14,closed_loop,33,3.576548237073208,-9.775486039995798,1.0552730489288074
A,False,14,closed_loop,34,3.5723719966897938,-9.871204787264679,1.0568769954590909
A,False,14,closed_loop,35,3.5695666591127897,-9.93874070268518,1.0590634068702263
A,False,14,closed_loop,36,3.5548051878583595,-9.983053266653855,1.054745223306005
A,False,14,closed_loop,37,3.558232738097466,-10.0806877725774,1.0698161119978822
A,False,14,closed_loop,38,3.550486357569783,-10.188492492319888,1.0698372817811022
A,False,14,closed_loop,39,3.5367890840477383,-10.263369415202504,1.0661807057490105
A,False,14,closed_loop,40,3.528665600023151,-10.346979423694536,1.0685339199054074
A,False,14,closed_loop,41,3.5290508186527525,-10.393785137106152,1.0714027623269091
A,False,14,closed_loop,42,3.5279921711065136,-10.471135550273184,1.0716829296720323
A,False,14,closed_loop,43,3.530687929108255,-10.55160958999535,1.0862956667345933
A,False,14,closed_loop,44,3.5322954551682266,-10.569941762532743,1.0813190425017696
A,False,14,closed_loop,45,3.5290795140970146,-10.538768988006822,1.0819712312668213
A,False,14,closed_loop,46,3.5319249378443858,-10.598031580525648,1.085924209668334
A,False,14,closed_loop,47,3.5376695778243294,-10.5849860361096,1.0928003140066502
A,False,14,closed_loop,48,3.534856383776754,-10.614789003648738,1.092450341451017
A,False,14,closed_loop,49,3.529006610188341,-10.682655586895697,1.091375017620645
A,False,14,closed_loop,50,3.5308387066260036,-10.736877877039353,1.099424489632232
A,False,14,closed_loop,51,3.5217763107053677,-10.727984844288791,1.0920582974283277
A,False,14,closed_loop,52,3.521291843293851,-10.765429844272461,1.0946454457208283
A,False,14,closed_loop,53,3.5204178430183517,-10.7981670038783,1.1027183302880126
A,False,14,closed_loop,54,3.5267535950837483,-10.757797256964778,1.0995494026709318
A,False,14,closed_loop,55,3.5347088320119724,-10.781328288227073,1.1080004943102608
A,False,14,closed_loop,56,3.5248258627603892,-10.828173556569178,1.1015633233629167
A,False,14,closed_loop,57,3.5331843800447875,-10.798807362111242,1.1069653133944304
A,False,14,closed_loop,58,3.5321266303077934,-10.884110114201262,1.1120106473415436
A,False,14,closed_loop,59,3.5182205415679952,-10.870438164773596,1.0986958722398263
A,False,14,closed_loop,60,3.526584128806878,-10.937673574786038,1.108892571808963
A,False,14,closed_loop,61,3.52364280481431,-10.928219163562625,1.1027426747587359
A,False,14,closed_loop,62,3.5216276884524187,-10.952627081186328,1.1076348280424129
A,False,14,closed_loop,63,3.533032637457005,-10.94140051564825,1.1083922220395261
A,False,14,closed_loop,64,3.5316555118795314,-10.98836073057978,1.1071559872561327
A,False,14,closed_loop,65,3.5241237650595765,-11.020074747338478,1.10862344666733
A,False,14,closed_loop,66,3.5300748949669107,-11.035988914158496,1.1087949002175774
A,False,14,closed_loop,67,3.5258053060122307,-11.071474161335601,1.1089388447444966
A,False,14,closed_loop,68,3.533245960824957,-11.061210740618664,1.1128241475096268
A,False,14,closed_loop,69,3.526983633201312,-11.123002488310517,1.115802414608005
A,False,14,closed_loop,70,3.5357899842164264,-11.106217250659142,1.1145106517943837
A,False,14,closed_loop,71,3.5316058330701563,-11.074747878092225,1.1228317190842707
A,False,14,closed_loop,72,3.5338242473192167,-11.114143506061803,1.1183565924119183
A,False,14,closed_loop,73,3.518621340658863,-11.154986416557366,1.111550946991392
A,False,14,closed_loop,74,3.531572686407188,-11.18886134391351,1.1260636485918722
A,False,14,closed_loop,75,3.5350301264137367,-11.244865337212495,1.126399947237262
A,False,14,closed_loop,76,3.526908702042658,-11.280906735803981,1.127752463915339
A,False,14,closed_loop,77,3.523890721499543,-11.314472380609493,1.1251037665520063
A,False,14,closed_loop,78,3.5177942228603727,-11.3290026068991,1.1230422443356534
A,False,14,closed_loop,79,3.522259546239821,-11.376453623473573,1.1230280094045877
A,False,14,closed_loop,80,3.5209302894872287,-11.39473289616906,1.1242765445384173
A,False,14,closed_loop,81,3.520437019703371,-11.402765499514194,1.132447352315167
A,False,14,closed_loop,82,3.514414895505656,-11.41392416232821,1.1252361479983024
A,False,14,closed_loop,83,3.520265095916956,-11.461845939562801,1.131511184719254
A,False,14,closed_loop,84,3.5299783890318555,-11.439624887043534,1.1314593686099104
A,False,14,closed_loop,85,3.5144647541419256,-11.450001805724218,1.1246396569557826
A,False,14,closed_loop,86,3.5282005690783538,-11.513013380865468,1.1342606745431532
A,False,14,closed_loop,87,3.532093391651134,-11.533498975236506,1.140539809101689
A,False,14,closed_loop,88,3.5331064629759266,-11.540941828725993,1.141558967165478
A,False,14,closed_loop,89,3.5296487467399267,-11.55388992575189,1.141202751482699
A,False,14,closed_loop,90,3.5262816991919466,-11.652137718729477,1.1436515312644595
A,False,14,closed_loop,91,3.5261224658361203,-11.685656809149862,1.145911864502946
A,False,14,closed_loop,92,3.5264189748485806,-11.667814449073575,1.1431049766673127
A,False,14,closed_loop,93,3.5266947932649924,-11.679374236323104,1.1440295775894385
A,False,14,closed_loop,94,3.5230862950616864,-11.734189999656808,1.1446910197957771
A,False,14,closed_loop,95,3.521982913666886,-11.74971435454318,1.1474154417960485
A,False,14,closed_loop,96,3.5270370459172327,-11.777984551045682,1.1471500904818313
A,False,14,closed_loop,97,3.523949490428704,-11.75204896026012,1.1443173329953318
A,False,14,closed_loop,98,3.525037753046661,-11.823296967653846,1.147221699377938
A,False,14,closed_loop,99,3.51808087266904,-11.834856113064282,1.148916742138317
A,False,14,static,0,4.187832948329175,-6.905564905237806,1.0787924260660509
A,False,14,static,1,4.115098420253358,-7.144749747361587,1.071709934421562
A,False,14,static,2,4.078667899861599,-7.240473995142644,1.0670296035494953
A,False,14,static,3,4.062184621281022,-7.322780490696822,1.0653262968676973
A,False,14,static,4,4.033481828290237,-7.444560422438692,1.0657019771837757
A,False,14,static,5,3.9898037381651252,-7.553933326697923,1.0572894481999884
A,False,14,static,6,3.9750758979787606,-7.659716940319477,1.0600777254263416
A,False,14,static,7,3.96026221962053,-7.746625065942806,1.0646860393012207
A,False,14,static,8,3.9250060901480537,-7.897423134243378,1.0674120409751167
A,False,14,static,9,3.9004763411187926,-7.950104667412007,1.0540681031173984
A,False,14,static,10,3.876096493360303,-8.079768551888344,1.0610827188825545
A,False,14,static,11,3.84346602470546,-8.202667791067828,1.054586586851074
A,False,14,static,12,3.837121144092377,-8.291066666386023,1.0726261272923459
A,False,14,static,13,3.8443982285059053,-8.302981841117196,1.0786927830462614
A,False,14,static,14,3.822696745239595,-8.409754998093796,1.084879758359255
A,False,14,static,15,3.8102686334962854,-8.468189577946196,1.0800721011066188
A,False,14,static,16,3.791544049894945,-8.607762246515552,1.086793405131847
A,False,14,static,17,3.7769045581846274,-8.674473531343976,1.0800731632027305
A,False,14,static,18,3.7439566381737923,-8.830540094051182,1.0779257240018574
A,False,14,static,19,3.7355100220371433,-8.932882211319368,1.0848589074496033
A,False,14,static,20,3.729067694993651,-8.966263407752258,1.0906703929113386
A,False,14,static,21,3.705915364255097,-9.101055390815636,1.0840675169724439
A,False,14,static,22,3.6948385054116177,-9.174873089459036,1.09071222907413
A,False,14,static,23,3.6941903047845384,-9.212309215806004,1.0902196694856652
A,False,14,static,24,3.6794238292963217,-9.285106683777132,1.094830520487948
A,False,14,static,25,3.666461166775322,-9.422130343224774,1.0997531830792087
A,False,14,static,26,3.658761354040566,-9.579132904289237,1.1122635575912352
A,False,14,static,27,3.640503648724495,-9.625523382967748,1.1087217794876612
A,False,14,static,28,3.6307561743927423,-9.735974193697862,1.1113039621470049
A,False,14,static,29,3.633637610832878,-9.713954389478097,1.1098120703097425
A,False,14,static,30,3.6087433641699556,-9.832883930533896,1.1042687543637841
A,False,14,static,31,3.594216315080544,-9.949476776813869,1.1032956624335897
A,False,14,static,32,3.595873632766814,-10.070646528731167,1.1133033851943293
A,False,14,static,33,3.586119678941223,-10.118208829596767,1.1101257672149145
A,False,14,static,34,3.580175409016278,-10.14559760494168,1.1125763864232174
A,False,14,static,35,3.586384704453597,-10.180395560798628,1.1180503871235101
A,False,14,static,36,3.5624490208642037,-10.334823705940883,1.115287354336631
A,False,14,static,37,3.5524975102423864,-10.466186131595174,1.1205518147987454
A,False,14,static,38,3.5523233184582304,-10.550632977928476,1.1250964303491593
A,False,14,static,39,3.5445596834967485,-10.585288472210722,1.1274151543847808
A,False,14,static,40,3.540185279670889,-10.690189948926578,1.1289928344823272
A,False,14,static,41,3.5368943265223414,-10.678018953082761,1.1238657225183089
A,False,14,static,42,3.523505600331846,-10.757443973307529,1.129447586298206
A,False,14,static,43,3.5246562633991245,-10.783074618148328,1.1281238109766474
A,False,14,static,44,3.5269144204326666,-10.789581557833785,1.1240942920533634
A,False,14,static,45,3.5321619695022246,-10.833273630114336,1.137982635135174
A,False,14,static,46,3.535541274034658,-10.862737579328845,1.136758217342947
A,False,14,static,47,3.5276325221563383,-10.912041534973524,1.1361104253219592
A,False,14,static,48,3.5260798311496164,-10.895240908646931,1.136805497801079
A,False,14,static,49,3.51495738502449,-10.999160486774928,1.1350217911086715
A,False,14,static,50,3.5147274283878764,-11.002676867245802,1.1334881539043875
A,False,14,static,51,3.504597106351689,-11.02115459416755,1.1305807835117527
A,False,14,static,52,3.5113069710610323,-11.004064036603744,1.135173494490474
A,False,14,static,53,3.520308218567529,-11.0351620796391,1.1375766097656814
A,False,14,static,54,3.510581645809973,-11.04455217562212,1.1288809012166447
A,False,14,static,55,3.509028892905056,-11.080746042816388,1.133356110950707
A,False,14,static,56,3.5097333081428648,-11.123733090657245,1.1323665227483426
A,False,14,static,57,3.5144558199556504,-11.14571913376711,1.1322480108304063
A,False,14,static,58,3.51009378750777,-11.159023268773895,1.1330494256096915
A,False,14,static,59,3.5088518381672937,-11.162052403475641,1.12847846159433
A,False,14,static,60,3.50867947080294,-11.206095515742447,1.1309068682954948
A,False,14,static,61,3.5020108342709193,-11.231468349216883,1.1373307529326422
A,False,14,static,62,3.509480673149655,-11.249065833863263,1.1415747754744514
A,False,14,static,63,3.5135612003857464,-11.249127096052339,1.1418108835828464
A,False,14,static,64,3.513744054598489,-11.293594974110881,1.144760790129645
A,False,14,static,65,3.5052063805886617,-11.353792476867584,1.1454923083331037
A,False,14,static,66,3.512683043388323,-11.366284474582107,1.1454783360075718
A,False,14,static,67,3.5090788473090324,-11.367270548428118,1.1455633810745716
A,False,14,static,68,3.511867569103407,-11.370453548189781,1.1465059383457608
A,False,14,static,69,3.503997798922415,-11.438364205954572,1.1483690646202172
A,False,14,static,70,3.5044133976591767,-11.437761026553765,1.1478643840047822
A,False,14,static,71,3.5092035577298213,-11.447389227286456,1.1557383558415106
A,False,14,static,72,3.5052078255749453,-11.480831737168067,1.150255033438486
A,False,14,static,73,3.5012881893378776,-11.509899400231125,1.1522245330685552
A,False,14,static,74,3.505582083218247,-11.501306163085298,1.1518290403304394
A,False,14,static,75,3.495968371854346,-11.54674939110592,1.14888331126712
A,False,14,static,76,3.496212164905082,-11.586394157521847,1.1488164474289373
A,False,14,static,77,3.492151473980345,-11.615788170580123,1.14649627484255
A,False,14,static,78,3.48916442479533,-11.627794471997168,1.1451537272030878
A,False,14,static,79,3.486281809011267,-11.659505839129329,1.1454814756013023
A,False,14,static,80,3.4886235576902256,-11.662613913010901,1.1447109153096655
A,False,14,static,81,3.491780872793463,-11.640216196919567,1.1450297610694518
A,False,14,static,82,3.488387082441445,-11.686910820811855,1.1435885712669012
A,False,14,static,83,3.4811222397407016,-11.707511937949677,1.1450466417288692
A,False,14,static,84,3.485866277968771,-11.706282075130858,1.1421183404441881
A,False,14,static,85,3.4871207320231314,-11.725790832657829,1.1428890433653562
A,False,14,static,86,3.4829490369067044,-11.751024297039237,1.1423132465668957
A,False,14,static,87,3.484117278952478,-11.743641589663945,1.1416376216278923
A,False,14,static,88,3.487596801265679,-11.747045971212478,1.1424245179338028
A,False,14,static,89,3.4880127277132473,-11.746928245423655,1.1428179133022633
A,False,14,static,90,3.4837619023888085,-11.762787142766683,1.1422644538624995
A,False,14,static,91,3.480947302540425,-11.80985638409552,1.1423660590141307
A,False,14,static,92,3.4864414832593287,-11.782153824251012,1.1419189677211563
A,False,14,static,93,3.490099856010172,-11.76414226812227,1.1439641858690432
A,False,14,static,94,3.483822225106387,-11.790398530119367,1.1447970391419588
A,False,14,static,95,3.4812529289121854,-11.785647886863694,1.1445955586940382
A,False,14,static,96,3.479343799175443,-11.82529584420154,1.1432151377731992
A,False,14,static,97,3.4812234895221086,-11.786079089143962,1.1446564471761287
A,False,14,static,98,3.484136559971154,-11.787364012330377,1.1433041374993647
A,False,14,static,99,3.475729374539879,-11.831718361819568,1.1418988867834192
