mode,seed,t,KL_obs_true,TV,R_obs,R_true,gap,abs_gap,pinsker_bound,bound_holds
closed_loop,0,0,0.0006656745493071676,0.00023384038043765794,0.9997138686853445,0.9999418922136071,-0.00022802352826256644,0.00022802352826256644,0.036487656798078104,1
closed_loop,0,1,0.0006332419128223324,0.0002188358817441851,0.9997353266176897,0.9999500649648829,-0.00021473834719321072,0.00021473834719321072,0.035587692052796355,1
closed_loop,0,2,0.0006098932983348366,0.00020721263894152512,0.9997516289936584,0.9999553679752764,-0.00020373898161796244,0.00020373898161796244,0.03492544339975762,1
closed_loop,0,3,0.0005883343628619652,0.0001993460820171975,0.9997629030539247,0.999959316521301,-0.0001964134673763107,0.0001964134673763107,0.03430260523231334,1
closed_loop,0,4,0.000567682590003639,0.0001900988774962251,0.9997760304555413,0.9999640033420238,-0.00018797288648253474,0.00018797288648253474,0.03369518036763237,1
closed_loop,0,5,0.0005601732092775137,0.0001862388179518522,0.9997821744332197,0.99996684364369,-0.00018466921047033402,0.00018466921047033402,0.03347157627831452,1
closed_loop,0,6,0.0005369630191196137,0.00018024000454241516,0.999789128112916,0.9999678190138936,-0.00017869090097766271,0.00017869090097766271,0.03277081076566809,1
closed_loop,0,7,0.0005265004685326477,0.0001762137992128358,0.9997956795821223,0.9999709410607399,-0.00017526147861757213,0.00017526147861757213,0.03244997591779223,1
closed_loop,0,8,0.0005141053469729913,0.00017340770493528182,0.9997995316088156,0.9999720673049164,-0.0001725356961007618,0.0001725356961007618,0.03206572459723907,1
closed_loop,0,9,0.0005139861626416028,0.00017381701343052033,0.9997996858443825,0.9999726773999015,-0.00017299155551897538,0.00017299155551897538,0.032062007505507285,1
closed_loop,0,10,0.0009265202565709247,0.0002873583408932548,0.9996803650532875,0.9999668847417299,-0.0002865196884423993,0.0002865196884423993,0.04304695707180531,1
closed_loop,0,11,0.0009776758049657801,0.00031385054682996126,0.999648780658099,0.9999621872361915,-0.00031340657809242334,0.00031340657809242334,0.044219357864305996,1
closed_loop,0,12,0.0010470579065586028,0.0003489738518974145,0.9996051119009021,0.9999534238981415,-0.0003483119972393922,0.0003483119972393922,0.04576151017085434,1
closed_loop,0,13,0.0012113549099703046,0.00042890358098731523,0.9995039644187407,0.999931687135681,-0.0004277227169403597,0.0004277227169403597,0.04922103026086115,1
closed_loop,0,14,0.0013715662589650357,0.0005122429199588707,0.9993950538961929,0.9999052851468863,-0.0005102312506933826,0.0005102312506933826,0.05237492260548049,1
closed_loop,0,15,0.001667413352885867,0.0006579033458530457,0.9992090414321612,0.9998639179168843,-0.0006548764847231769,0.0006548764847231769,0.05774795845544441,1
closed_loop,0,16,0.0020378171136874635,0.0008579889216340445,0.9989393516052083,0.9997909471879218,-0.0008515955827135269,0.0008515955827135269,0.06384069413293474,1
closed_loop,0,17,0.0025733097737279677,0.001129856185568484,0.9985812667237409,0.9997014664116417,-0.0011201996879007803,0.0011201996879007803,0.07173994387686636,1
closed_loop,0,18,0.0031454390365212937,0.001459292409135017,0.9981261640887668,0.999571091849399,-0.0014449277606322086,0.0014449277606322086,0.07931505577784452,1
closed_loop,0,19,0.0042895074931406105,0.00213401311905366,0.9972025724623851,0.9993138405859425,-0.0021112681235574415,0.0021112681235574415,0.09262297223843133,1
closed_loop,0,20,0.009167851810963345,0.004199967323132749,0.9947022635864168,0.9988723216403175,-0.004170058053900694,0.004170058053900694,0.1354093926650832,1
closed_loop,0,21,0.011870141593746254,0.005660886374373697,0.9928269495808676,0.9984471627719929,-0.005620213191125267,0.005620213191125267,0.15407882134638917,1
closed_loop,0,22,0.015700634557837687,0.007958322152292804,0.9898036964105976,0.9977208330476571,-0.007917136637059508,0.007917136637059508,0.17720403244755853,1
closed_loop,0,23,0.019839648900814365,0.010547551130942247,0.986286560991315,0.9967747575994019,-0.010488196608086975,0.010488196608086975,0.1991966309996952,1
closed_loop,0,24,0.026989558030880354,0.015099334402822108,0.980207219260859,0.9952305109497733,-0.015023291688914364,0.015023291688914364,0.2323340613465032,1
closed_loop,0,25,0.032940272355017355,0.019596751400496826,0.9739407835653765,0.9934552949606954,-0.0195145113953189,0.0195145113953189,0.25667205673784343,1
closed_loop,0,26,0.04041741813550025,0.02562386376982492,0.9653549437521586,0.9908631029454239,-0.025508159193265323,0.025508159193265323,0.28431467825457146,1
closed_loop,0,27,0.05007637416368558,0.033040953558375795,0.9547550589495402,0.9876572076938513,-0.03290214874431119,0.03290214874431119,0.3164691901708145,1
closed_loop,0,28,0.057901906006262334,0.04072382971785654,0.942800915259896,0.9833544292651146,-0.04055351400521867,0.04055351400521867,0.3402995915550365,1
closed_loop,0,29,0.06400343134186517,0.047594800631292844,0.931371692893636,0.9787148602875216,-0.047343167393885666,0.047343167393885666,0.35778046716349726,1
closed_loop,0,30,0.10284424673071137,0.07141624443099452,0.9003620291501098,0.9716322492431184,-0.07127022009300865,0.07127022009300865,0.45352893343360434,1
closed_loop,0,31,0.10899112792771316,0.08007893650325211,0.8843826216966194,0.9642645854669448,-0.07988196377032541,0.07988196377032541,0.46688569891936754,1
closed_loop,0,32,0.11211496144310142,0.08825988644339768,0.8662898872417467,0.95423598467358,-0.08794609743183324,0.08794609743183324,0.4735292207311,1
closed_loop,0,33,0.11274685491503789,0.09500145332308728,0.8482733607817488,0.9428514864165332,-0.0945781256347844,0.0945781256347844,0.4748617797107657,1
closed_loop,0,34,0.11403243206686679,0.1028629680511127,0.8258888403749147,0.9282025027990702,-0.10231366242415552,0.10231366242415552,0.47756137211224864,1
closed_loop,0,35,0.11588654924182192,0.11108191450626606,0.8017255216696051,0.9121273793543685,-0.1104018576847634,0.1104018576847634,0.4814281862164323,1
closed_loop,0,36,0.11337067740475447,0.1170438566997669,0.775924873110334,0.8920953464017161,-0.11617047329138208,0.11617047329138208,0.4761736603483113,1
closed_loop,0,37,0.1120017121694066,0.12367252218916211,0.7461127112604821,0.8687757805927993,-0.12266306933231719,0.12266306933231719,0.47329000025229057,1
closed_loop,0,38,0.10777447735905203,0.12907413027585227,0.7126454023993377,0.8405937832816603,-0.12794838088232263,0.12794838088232263,0.46427250049739544,1
closed_loop,0,39,0.10425385175793063,0.13432286416442082,0.6803047215305369,0.8133593966418164,-0.13305467511127955,0.13305467511127955,0.456626437600651,1
closed_loop,0,40,0.09865580211125691,0.13172955576525325,0.6518524931386499,0.7813011206776412,-0.12944862753899133,0.12944862753899133,0.44419770848408685,1
closed_loop,0,41,0.09361135531021104,0.1356373551710435,0.615127787486693,0.7480931026342862,-0.13296531514759324,0.13296531514759324,0.43269239722974345,1
closed_loop,0,42,0.09021391936177207,0.1391302794011793,0.584553213590003,0.7208501468194136,-0.1362969332294106,0.1362969332294106,0.4247679822250544,1
closed_loop,0,43,0.0859572374538689,0.14132186140950445,0.5566641733004519,0.6948947199625287,-0.1382305466620768,0.1382305466620768,0.4146257045911865,1
closed_loop,0,44,0.08204336921046339,0.14283491900601472,0.5380272185872716,0.6777176063676607,-0.139690387780389,0.139690387780389,0.4050762131018394,1
closed_loop,0,45,0.07784596805625624,0.14262383709804255,0.5251855075113605,0.6646577496069023,-0.13947224209554177,0.13947224209554177,0.3945781749064594,1
closed_loop,0,46,0.07552504336868283,0.1433644810954524,0.5159846591139428,0.6561073553486594,-0.14012269623471663,0.14012269623471663,0.3886516264437416,1
closed_loop,0,47,0.07356578763670879,0.14328439497340842,0.5098636476050782,0.6498249699538294,-0.13996132234875125,0.13996132234875125,0.38357733936380756,1
closed_loop,0,48,0.0726781563430199,0.14257786291204805,0.5132461816081699,0.6525537129070559,-0.13930753129888596,0.13930753129888596,0.38125622970128603,1
closed_loop,0,49,0.07272061882346434,0.14227508347862017,0.5169185712639018,0.6559200895375836,-0.1390015182736818,0.1390015182736818,0.3813675886161915,1
closed_loop,0,50,0.049602752896481195,0.11163152674811397,0.5590846544198574,0.6634980698757325,-0.10441341545587501,0.10441341545587501,0.314969055294266,1
closed_loop,0,51,0.04965627707711415,0.1105397735131443,0.5703224685638016,0.6739913062994233,-0.10366883773562163,0.10366883773562163,0.31513894420434346,1
closed_loop,0,52,0.05025722177786782,0.10929105377173681,0.580892614858501,0.6834944223455075,-0.10260180748700654,0.10260180748700654,0.3170401292513862,1
closed_loop,0,53,0.05095032672073357,0.10779981756722556,0.5934921960049132,0.6948734245913708,-0.1013812285864576,0.1013812285864576,0.3192188174927461,1
closed_loop,0,54,0.05144363682948912,0.10573510392262145,0.6096400705610793,0.7092991758777345,-0.09965910531665523,0.09965910531665523,0.32076046149576826,1
closed_loop,0,55,0.052083176121697036,0.10272080848561506,0.631478302074243,0.7285402841062116,-0.09706198203196859,0.09706198203196859,0.3227481250811445,1
closed_loop,0,56,0.051816541752524446,0.09880319355423776,0.6501210032911493,0.7433589809541857,-0.09323797766303643,0.09323797766303643,0.32192092741083,1
closed_loop,0,57,0.05172403283594021,0.09515949144106285,0.6690275723379676,0.7590042405399089,-0.08997666820194128,0.08997666820194128,0.3216334336972455,1
closed_loop,0,58,0.051342653900067266,0.09079473481604708,0.6899982434266195,0.7759068337350893,-0.08590859030846976,0.08590859030846976,0.3204454833511225,1
closed_loop,0,59,0.051455805805509514,0.086258178991496,0.7165969346720067,0.798645086115586,-0.08204815144357935,0.08204815144357935,0.3207983971453396,1
closed_loop,0,60,0.044582716885283404,0.07455603599764987,0.7489609294453627,0.819074988384034,-0.07011405893867129,0.07011405893867129,0.2986058167058485,1
closed_loop,0,61,0.04462790660572582,0.07053228807425165,0.7712874254245522,0.837814132560636,-0.06652670713608377,0.06652670713608377,0.2987571140767223,1
closed_loop,0,62,0.043855498914063575,0.06479046776855552,0.7985022347388359,0.8597756288281979,-0.061273394089362054,0.061273394089362054,0.29616042583054064,1
closed_loop,0,63,0.04333017816490053,0.059932242946857235,0.8242160294984926,0.8812309772013329,-0.057014947702840324,0.057014947702840324,0.29438131110823096,1
closed_loop,0,64,0.04332192696630384,0.055838463042576905,0.8469044807334551,0.900340655291487,-0.053436174558031846,0.053436174558031846,0.2943532808252826,1
closed_loop,0,65,0.04322914437115812,0.052216432598719824,0.8655872287125151,0.9158313126205314,-0.05024408390801627,0.05024408390801627,0.29403790358101156,1
closed_loop,0,66,0.045197305094087925,0.05056161819207523,0.8826818447361806,0.9318032703009312,-0.04912142556475063,0.04912142556475063,0.30065696431011846,1
closed_loop,0,67,0.04504313744402752,0.04690348978347249,0.9022289673547647,0.9480672457832205,-0.04583827842845589,0.04583827842845589,0.3001437570366158,1
closed_loop,0,68,0.043838857526865144,0.04514202341261804,0.9104606579458198,0.9547374345522353,-0.04427677660641549,0.04427677660641549,0.2961042300503833,1
closed_loop,0,69,0.044046962814114916,0.045115379187954295,0.9116789728704279,0.9559916795458635,-0.04431270667543563,0.04431270667543563,0.2968062088774927,1
closed_loop,0,70,0.005262382720240346,0.013061555644956282,0.9712723613434555,0.961263487117712,0.01000887422574348,0.01000887422574348,0.102590279463898,1
closed_loop,0,71,0.005133040551855913,0.012786592776697182,0.9712295038062554,0.9615620774291483,0.009667426377107047,0.009667426377107047,0.10132167144156193,1
closed_loop,0,72,0.004994062207754034,0.012887902124075316,0.9715528453521154,0.9617190930523191,0.009833752299796328,0.009833752299796328,0.09994060443837664,1
closed_loop,0,73,0.005234539219018876,0.01362038930754615,0.9695242454960834,0.9591597062720038,0.01036453922407965,0.01036453922407965,0.10231851463952041,1
closed_loop,0,74,0.005935313968286093,0.015742843233852354,0.9654858813454007,0.9531235330962878,0.012362348249112864,0.012362348249112864,0.10895241133895195,1
closed_loop,0,75,0.0062250881651861704,0.01679165450527068,0.9624898372814517,0.9492613904111659,0.013228446870285793,0.013228446870285793,0.11158035817460142,1
closed_loop,0,76,0.006820033234182607,0.018463242644353478,0.9594783649791266,0.9447162005205362,0.014762164458590465,0.014762164458590465,0.11679069512750241,1
closed_loop,0,77,0.0074009724707773455,0.019839041671213947,0.9564553958284697,0.9405122473424291,0.015943148486040615,0.015943148486040615,0.12166324400390896,1
closed_loop,0,78,0.008448858662947251,0.02259093681268917,0.9505687185326261,0.9319803061085619,0.018588412424064282,0.018588412424064282,0.12999122018772846,1
closed_loop,0,79,0.009079551639796308,0.02464280175452041,0.9464074573699001,0.9258798698333995,0.020527587536500524,0.020527587536500524,0.13475571705717207,1
closed_loop,0,80,0.037893465281371386,0.05172940009811939,0.9727089396134395,0.9209803976897756,0.05172854192366394,0.05172854192366394,0.27529426176864413,1
closed_loop,0,81,0.044973575582696344,0.06031095131868651,0.9683601511065164,0.9080499326415364,0.06031021846497997,0.06031021846497997,0.29991190567463755,1
closed_loop,0,82,0.05030199947635339,0.06746498876201319,0.9648087505439649,0.8973444566147608,0.06746429392920406,0.06746429392920406,0.31718133449606833,1
closed_loop,0,83,0.055414829387534656,0.07399887187068878,0.9615440347299679,0.8875456231108023,0.07399841161916554,0.07399841161916554,0.3329108871380888,1
closed_loop,0,84,0.06294397820837598,0.08330262294835265,0.9568637298934558,0.8735613683401819,0.08330236155327386,0.08330236155327386,0.3548069283663327,1
closed_loop,0,85,0.06818086149691995,0.09004772522940842,0.9534771548062319,0.8634295861743332,0.09004756863189867,0.09004756863189867,0.36927188221395885,1
closed_loop,0,86,0.07508726482869936,0.0984668217545115,0.9492426424867665,0.8507759388706737,0.09846670361609278,0.09846670361609278,0.38752358593690617,1
closed_loop,0,87,0.08105206018364174,0.10584474508565013,0.9454765518201541,0.8396318982864502,0.10584465353370387,0.10584465353370387,0.4026215597397679,1
closed_loop,0,88,0.08651410000504065,0.11228626985099367,0.942221569509132,0.8299355206080232,0.11228604890110883,0.11228604890110883,0.4159665852085733,1
closed_loop,0,89,0.09221069760794467,0.11896424370402742,0.9388255572312368,0.8198613555012451,0.11896420172999178,0.11896420172999178,0.42944312221281333,1
closed_loop,0,90,0.1273984735201401,0.14292103113733964,0.9381085638703405,0.7951875327330007,0.14292103113733978,0.14292103113733978,0.5047741544891935,1
closed_loop,0,91,0.13015236781922107,0.1455075646946092,0.9369885861455203,0.7914810214509109,0.14550756469460935,0.14550756469460935,0.5102006817306717,1
closed_loop,0,92,0.13516502656895057,0.15107987595690267,0.9345761788920549,0.7834963029351523,0.15107987595690264,0.15107987595690264,0.5199327390517943,1
closed_loop,0,93,0.14324660454635554,0.16047525248562866,0.9305187759174347,0.7700435234318059,0.16047525248562877,0.16047525248562877,0.5352506040096648,1
closed_loop,0,94,0.14486752986410642,0.16197995806869367,0.9298642712757286,0.7678843132070351,0.16197995806869347,0.16197995806869347,0.5382704336374169,1
closed_loop,0,95,0.15024213488758015,0.16866355425096877,0.9269797728353882,0.7583162185844194,0.1686635542509688,0.1686635542509688,0.5481644550453452,1
closed_loop,0,96,0.1517085730346336,0.1709349503494301,0.9259981372360782,0.7550631868866482,0.17093495034942996,0.17093495034942996,0.5508331381364662,1
closed_loop,0,97,0.15337379333650972,0.173108948044614,0.9250533466220725,0.7519443985774585,0.17310894804461396,0.17310894804461396,0.5538479815554259,1
closed_loop,0,98,0.15188808889384917,0.17130272954728964,0.92583556641776,0.7545328368704702,0.17130272954728976,0.17130272954728976,0.5511589405858335,1
closed_loop,0,99,0.15340962678352468,0.17309368458450541,0.9250625973228838,0.7519689127383784,0.17309368458450536,0.17309368458450536,0.5539126768427036,1
closed_loop,1,0,0.0016786442993013972,0.0005145004367215638,0.9993832903895986,0.9998921077422975,-0.0005088173526989204,0.0005088173526989204,0.057942114205496456,1
closed_loop,1,1,0.0016320844272095746,0.0004924307403523022,0.9994157809050682,0.9999037105344659,-0.0004879296293976987,0.0004879296293976987,0.05713290518098261,1
closed_loop,1,2,0.0015219462924529966,0.0004489888590928484,0.999474578991161,0.9999200765071293,-0.00044549751596834053,0.00044549751596834053,0.05517148343941817,1
closed_loop,1,3,0.0014634342447493657,0.0004204241300012034,0.9995146140377578,0.9999326773353107,-0.0004180632975528953,0.0004180632975528953,0.054100540565679485,1
closed_loop,1,4,0.0014199010502606005,0.0004045959332370982,0.9995364072840399,0.9999389342091459,-0.00040252692510600596,0.00040252692510600596,0.05328979358677608,1
closed_loop,1,5,0.001365878066154553,0.0003812757373438828,0.999568090453397,0.9999479531431344,-0.0003798626897374424,0.0003798626897374424,0.052266204494961235,1
closed_loop,1,6,0.001327660270192258,0.0003664415541369196,0.9995879069961013,0.9999532899768375,-0.00036538298073618414,0.00036538298073618414,0.05152980244852988,1
closed_loop,1,7,0.0013090687326201777,0.0003629895335118143,0.9995931239633989,0.9999550960344663,-0.0003619720710673624,0.0003619720710673624,0.05116773851989508,1
closed_loop,1,8,0.0012786179774580627,0.00035090424396784454,0.9996098916293299,0.9999599969979989,-0.0003501053686689737,0.0003501053686689737,0.05056912056696384,1
closed_loop,1,9,0.0012663827702032455,0.00034918630687076467,0.9996132126171186,0.9999616130422379,-0.0003484004251192996,0.0003484004251192996,0.05032658880161153,1
closed_loop,1,10,0.002361378985755833,0.0005867677876645407,0.999371968971804,0.9999581943994906,-0.0005862254276866041,0.0005862254276866041,0.06872232513173333,1
closed_loop,1,11,0.0024334939054049317,0.0006199773342381437,0.9993350327989787,0.999954581649758,-0.0006195488507793057,0.0006195488507793057,0.06976380014599164,1
closed_loop,1,12,0.002656717729928165,0.0007089758579491673,0.999234156197236,0.999942690273336,-0.0007085340761000536,0.0007085340761000536,0.07289331560476811,1
closed_loop,1,13,0.002899337057758501,0.0008072816098321216,0.9991211321133384,0.9999280267595437,-0.0008068946462053139,0.0008068946462053139,0.07614902570300557,1
closed_loop,1,14,0.003291312779830383,0.0009734010552081326,0.998926639961109,0.9998994997501623,-0.0009728597890533708,0.0009728597890533708,0.08113338129069173,1
closed_loop,1,15,0.003862699330972942,0.001216450400078984,0.9986353506863335,0.9998512135506621,-0.0012158628643286207,0.0012158628643286207,0.08789424703554768,1
closed_loop,1,16,0.004554890099976467,0.001508811113773102,0.9982813392728983,0.9997895535840958,-0.00150821431119752,0.00150821431119752,0.09544516855217415,1
closed_loop,1,17,0.005681760555580903,0.0020148903334894592,0.9976527942435952,0.9996665597937924,-0.0020137655501971663,0.0020137655501971663,0.1065998175944115,1
closed_loop,1,18,0.007126085118032236,0.0026762995808840865,0.9968193966142733,0.9994941069931184,-0.0026747103788450355,0.0026747103788450355,0.11938245363563471,1
closed_loop,1,19,0.008963759646376997,0.00358104109138588,0.9956634204692436,0.9992420471957634,-0.0035786267265197624,0.0035786267265197624,0.13389368653059783,1
closed_loop,1,20,0.01927314884154729,0.007199111089281119,0.9915311132977895,0.9987288304663093,-0.007197717168519802,0.007197717168519802,0.19633211067753176,1
closed_loop,1,21,0.024402878850073768,0.009660060069865726,0.9884793890886597,0.9981374759820979,-0.009658086893438167,0.009658086893438167,0.220920251901331,1
closed_loop,1,22,0.03355905057526937,0.014029654469819611,0.9830918450893569,0.9971188374161274,-0.014026992326770515,0.014026992326770515,0.25907161394205025,1
closed_loop,1,23,0.04126971552967696,0.018453545442125022,0.9774770331909433,0.9959271566792169,-0.018450123488273684,0.018450123488273684,0.287296764790963,1
closed_loop,1,24,0.052013676428000616,0.02486583750364748,0.9692131999443686,0.9940739161414666,-0.024860716197097954,0.024860716197097954,0.3225327159467722,1
closed_loop,1,25,0.0652628320353121,0.03232603204830341,0.959957141812699,0.9922781736167995,-0.03232103180410051,0.03232103180410051,0.36128335703520054,1
closed_loop,1,26,0.07640386121697866,0.039844148062137506,0.9501796248528818,0.9900183323943842,-0.03983870754150243,0.03983870754150243,0.3909062834413861,1
closed_loop,1,27,0.08801481725506721,0.049192199003855755,0.9364210856768606,0.985604535261715,-0.04918344958485443,0.04918344958485443,0.4195588570273954,1
closed_loop,1,28,0.09963241308686911,0.05831502061730307,0.9246547129723344,0.9829589008755448,-0.05830418790321046,0.05830418790321046,0.44639088943854827,1
closed_loop,1,29,0.11256440261635305,0.06976741287383878,0.9080098758843084,0.9777629977734861,-0.0697531218891777,0.0697531218891777,0.47447740223608764,1
closed_loop,1,30,0.18413219727548708,0.1072535992371606,0.8612019610348841,0.9684500712829954,-0.10724811024811132,0.10724811024811132,0.606847917151385,1
closed_loop,1,31,0.18935843841403505,0.1165467663462761,0.844826652543798,0.9613638585126897,-0.11653720596889172,0.11653720596889172,0.6153997699285157,1
closed_loop,1,32,0.19707774596013508,0.1285787152569593,0.8235066233646916,0.9520726099722293,-0.1285659866075377,0.1285659866075377,0.6278180404546131,1
closed_loop,1,33,0.2006723300878383,0.1387340078136783,0.8022552471899987,0.9409622357438566,-0.13870698855385788,0.13870698855385788,0.6335176873424109,1
closed_loop,1,34,0.20199079804259176,0.15011907531787305,0.7745934300496232,0.9246893426558725,-0.15009591260624933,0.15009591260624933,0.6355954657525363,1
closed_loop,1,35,0.2004073490224396,0.15943003681347181,0.7489813927343314,0.9083873772334594,-0.15940598449912802,0.15940598449912802,0.6330992797696734,1
closed_loop,1,36,0.19720563516084497,0.16833786091042938,0.7189415419629878,0.8872520006089981,-0.16831045864601035,0.16831045864601035,0.6280217116642465,1
closed_loop,1,37,0.19020709857855905,0.17534988872090593,0.6868352363864229,0.8621546576236794,-0.17531942123725652,0.17531942123725652,0.6167772670560403,1
closed_loop,1,38,0.18596379474578828,0.18178761214075836,0.6552798213184368,0.8370343530541212,-0.18175453173568445,0.18175453173568445,0.6098586635373614,1
closed_loop,1,39,0.17815189184222713,0.1881034386820967,0.6211331279072672,0.8092027706670184,-0.18806964275975124,0.18806964275975124,0.5969118726281579,1
closed_loop,1,40,0.15646083101674393,0.18102559483600497,0.5925228322895715,0.7734075793292038,-0.1808847470396323,0.1808847470396323,0.5593940132263554,1
closed_loop,1,41,0.14797696302354724,0.1850237314273426,0.5555126942830969,0.7404125759676251,-0.1848998816845282,0.1848998816845282,0.5440164758967273,1
closed_loop,1,42,0.1385197923543079,0.18764718069322817,0.5252409366739189,0.7127798669346859,-0.18753893026076696,0.18753893026076696,0.526345499371483,1
closed_loop,1,43,0.1324952625667025,0.18924106936161517,0.5071368881298277,0.6962800576726069,-0.1891431695427792,0.1891431695427792,0.5147723041631174,1
closed_loop,1,44,0.12705380908243147,0.19148998867864697,0.48316999690212126,0.6745685366463601,-0.19139853974423882,0.19139853974423882,0.5040908828424324,1
closed_loop,1,45,0.12158602438111842,0.19236570641100065,0.46932424430041086,0.6616058140832078,-0.19228156978279698,0.19228156978279698,0.4931247801137526,1
closed_loop,1,46,0.11857306277634734,0.19376760371933502,0.45960457911615055,0.6532886730289689,-0.19368409391281832,0.19368409391281832,0.4869765143748666,1
closed_loop,1,47,0.11610704160879669,0.19440670159910384,0.45351983537416657,0.6478461671971112,-0.19432633182294462,0.19432633182294462,0.4818859649518684,1
closed_loop,1,48,0.11600721650582253,0.1949612174559162,0.45120865788656034,0.6460831082517952,-0.19487445036523482,0.19487445036523482,0.4816787653734022,1
closed_loop,1,49,0.11680317956974515,0.19437622644587624,0.4567340981582178,0.6510209899640355,-0.19428689180581765,0.19428689180581765,0.48332841747562316,1
closed_loop,1,50,0.07744751773099971,0.14990948177238209,0.5071362115186273,0.656199893133629,-0.14906368161500172,0.14906368161500172,0.3935670660281414,1
closed_loop,1,51,0.07800589417401232,0.14814235520032384,0.5166155139163093,0.663912471604125,-0.1472969576878157,0.1472969576878157,0.3949832760358654,1
closed_loop,1,52,0.0786932567945754,0.14641742616053174,0.5275968985847245,0.6731804706121818,-0.1455835720274573,0.1455835720274573,0.39671969145626085,1
closed_loop,1,53,0.08007648474338386,0.14452359421224775,0.5433150115262619,0.6870285880203161,-0.14371357649405414,0.14371357649405414,0.40019116617782524,1
closed_loop,1,54,0.08149682333571559,0.14190567834230483,0.558354262980514,0.6994346208185616,-0.1410803578380475,0.1410803578380475,0.4037247164485117,1
closed_loop,1,55,0.08168672902166874,0.13915638976111847,0.575689072350545,0.7141009460351416,-0.13841187368459662,0.13841187368459662,0.4041948268389113,1
closed_loop,1,56,0.0823577806459243,0.1352056903382244,0.5964548005684169,0.7309294181168248,-0.13447461754840784,0.13447461754840784,0.4058516493644551,1
closed_loop,1,57,0.08200016762466776,0.13024605929177083,0.6185969767791679,0.7481877368366044,-0.12959076005743653,0.12959076005743653,0.4049695485457339,1
closed_loop,1,58,0.08246911952612627,0.12481467116065678,0.6466050463990826,0.7708152079704521,-0.12421016157136955,0.12421016157136955,0.4061258906450715,1
closed_loop,1,59,0.08215734374519784,0.11915329793864127,0.6703748367422406,0.7889748585904489,-0.11860002184820828,0.11860002184820828,0.4053574811082135,1
closed_loop,1,60,0.06665363039988577,0.0974149803791305,0.7149872641068354,0.8112126079618494,-0.09622534385501391,0.09622534385501391,0.36511266863773917,1
closed_loop,1,61,0.06659242683437254,0.0911469461849546,0.7439380535594876,0.8340456316813762,-0.09010757812188863,0.09010757812188863,0.36494500088197546,1
closed_loop,1,62,0.06718901281395924,0.08549423934891066,0.7702430163484348,0.8548101326712797,-0.08456711632284486,0.08456711632284486,0.3665760843643765,1
closed_loop,1,63,0.06641751661800342,0.07952935439411865,0.797527612266029,0.876316404565059,-0.07878879229903002,0.07878879229903002,0.36446540746140343,1
closed_loop,1,64,0.0661413296919849,0.07317079210035136,0.8239625146063413,0.8964984699232114,-0.07253595531687007,0.07253595531687007,0.3637068316432478,1
closed_loop,1,65,0.06714527600144783,0.06904409968303571,0.8432622013579408,0.9116898155515942,-0.0684276141936534,0.0684276141936534,0.36645675325049704,1
closed_loop,1,66,0.06672607342976762,0.0625562062064519,0.8722542273159428,0.9343627588316766,-0.06210853151573381,0.06210853151573381,0.3653110275635479,1
closed_loop,1,67,0.06618895939599036,0.05820305572635194,0.8922974121387267,0.9501337360359571,-0.05783632389723037,0.05783632389723037,0.3638377643840462,1
closed_loop,1,68,0.0668041477350791,0.05829021726812134,0.8959742210021333,0.9539668699348909,-0.05799264893275757,0.05799264893275757,0.3655246851720937,1
closed_loop,1,69,0.06642317628245259,0.05768032418080997,0.8989432080453438,0.9563355038457121,-0.05739229580036831,0.05739229580036831,0.3644809358044741,1
closed_loop,1,70,0.006021326451469453,0.013320311947417965,0.9683046520930867,0.9591900322575075,0.009114619835579152,0.009114619835579152,0.10973902178778024,1
closed_loop,1,71,0.004977544390157732,0.011202110990018322,0.9714772769519858,0.9647540167918235,0.0067232601601623365,0.0067232601601623365,0.0997751912066094,1
closed_loop,1,72,0.005093855966116655,0.01171729292952371,0.970194116996564,0.9631711993062254,0.0070229176903385815,0.0070229176903385815,0.1009341960498686,1
closed_loop,1,73,0.005106666678282165,0.01231868529822057,0.9682058577006926,0.9606005038315584,0.00760535386913419,0.00760535386913419,0.10106103777700054,1
closed_loop,1,74,0.006052901095168715,0.015313245868917183,0.9628821387370349,0.9524562125967494,0.01042592614028548,0.01042592614028548,0.11002637043153532,1
closed_loop,1,75,0.005895099167527262,0.015304525160226306,0.9615334312659203,0.951283131394348,0.010250299871572333,0.010250299871572333,0.10858267971944018,1
closed_loop,1,76,0.006592032664955305,0.017512983892233654,0.9570641682825722,0.9448398378459243,0.012224330436647945,0.012224330436647945,0.1148218852393158,1
closed_loop,1,77,0.007291136645308366,0.019273018975073653,0.9534848689595092,0.9396011780081024,0.013883690951406846,0.013883690951406846,0.12075708381133064,1
closed_loop,1,78,0.007967436683460463,0.02093175395830589,0.9499501359633886,0.9347075767803428,0.015242559183045845,0.015242559183045845,0.12623340828370644,1
closed_loop,1,79,0.009445013090995756,0.02447490997583825,0.9431443647118499,0.9245830533268329,0.018561311385017043,0.018561311385017043,0.13744099163638013,1
closed_loop,1,80,0.04019610366146931,0.054912531617899704,0.9708614885769883,0.9159548726136006,0.05490661596338764,0.05490661596338764,0.28353519591567217,1
closed_loop,1,81,0.04412771684906169,0.0595947786174315,0.9684548178828091,0.9088658509042926,0.059588966978516456,0.059588966978516456,0.29707816092423117,1
closed_loop,1,82,0.047805853242728485,0.06371664733966054,0.9662565964849934,0.9025454285674367,0.06371116791755671,0.06371116791755671,0.3092114268351947,1
closed_loop,1,83,0.05405454231056041,0.07087521269110653,0.9625237825257746,0.8916535302435709,0.07087025228220378,0.07087025228220378,0.32879945958155227,1
closed_loop,1,84,0.05796023983492726,0.07520988665248547,0.9602885362724061,0.8850830661639644,0.0752054701084417,0.0752054701084417,0.3404709674404773,1
closed_loop,1,85,0.06277560006082289,0.08075837685841195,0.9574037283699749,0.8766490328853342,0.08075469548464065,0.08075469548464065,0.354332047833167,1
closed_loop,1,86,0.07060823162060474,0.09060261005190874,0.9524671688046306,0.8618680889846124,0.09059907982001814,0.09059907982001814,0.3757877901704757,1
closed_loop,1,87,0.0751440706023859,0.09593538681589239,0.9497229353567382,0.8537902424859374,0.09593269287080086,0.09593269287080086,0.38767014484581064,1
closed_loop,1,88,0.08305742274985496,0.10607562536007159,0.9446491276551977,0.8385753048912716,0.10607382276392607,0.10607382276392607,0.407571889977351,1
closed_loop,1,89,0.08831424182591284,0.11326018005346834,0.9410484557534353,0.8277896778095704,0.11325877794386496,0.11325877794386496,0.42027191632540195,1
closed_loop,1,90,0.12405106089788014,0.13672517967284767,0.940787336586247,0.8040621569133993,0.1367251796728477,0.1367251796728477,0.4980985061167723,1
closed_loop,1,91,0.13511613137740042,0.14760770145323315,0.9360846720731831,0.78847697061995,0.1476077014532331,0.1476077014532331,0.5198386891669384,1
closed_loop,1,92,0.14087154758336104,0.15473122926596977,0.9330137238685794,0.7782824946026096,0.15473122926596983,0.15473122926596983,0.5307947768834224,1
closed_loop,1,93,0.1474374508253039,0.16008313472858718,0.9306978676710107,0.7706147329424236,0.16008313472858715,0.16008313472858715,0.5430238499832285,1
closed_loop,1,94,0.15201849419731825,0.16458785835105652,0.9287550400283657,0.7641671816773093,0.16458785835105638,0.16458785835105638,0.5513954918156626,1
closed_loop,1,95,0.15693624097818834,0.16912035047067378,0.9267950789714767,0.757674728500803,0.16912035047067375,0.16912035047067375,0.5602432346368644,1
closed_loop,1,96,0.1657746919906187,0.1762225432132576,0.923725478704268,0.7475029354910105,0.17622254321325748,0.17622254321325748,0.5758032511033933,1
closed_loop,1,97,0.16783365169834646,0.17859104574249468,0.9227052400803875,0.7441141943378928,0.17859104574249463,0.17859104574249463,0.5793680206886578,1
closed_loop,1,98,0.17454177495106332,0.18644156248459587,0.9193170533569012,0.7328754908723054,0.18644156248459576,0.18644156248459576,0.5908329289250276,1
closed_loop,1,99,0.1808779681054746,0.1914592383142432,0.9171481107233024,0.725688872409059,0.19145923831424339,0.19145923831424339,0.6014615001901196,1
closed_loop,2,0,0.00115253913288628,0.0004031842164548934,0.9994931099416381,0.9998807100827363,-0.00038760014109817664,0.00038760014109817664,0.04801123062130943,1
closed_loop,2,1,0.0010967179927852914,0.0003748076611022398,0.999535585554306,0.9998987999447673,-0.000363214390461275,0.000363214390461275,0.046834132697964874,1
closed_loop,2,2,0.0010329249855778656,0.0003478481853259296,0.9995736844290184,0.9999127165332986,-0.00033903210428021247,0.00033903210428021247,0.04545162231599364,1
closed_loop,2,3,0.0010117878316224516,0.0003342800853096817,0.9995950234170391,0.9999225418671426,-0.00032751845010348113,0.00032751845010348113,0.04498417125217384,1
closed_loop,2,4,0.0009988225198943987,0.00033952901162984995,0.9995841895546911,0.9999152166084173,-0.0003310270537262294,0.0003310270537262294,0.04469502253930294,1
closed_loop,2,5,0.0009272774378547366,0.00030159562302212964,0.9996417736837181,0.9999394019348263,-0.00029762825110823954,0.00029762825110823954,0.04306454313828806,1
closed_loop,2,6,0.000902069592311567,0.0002886670529001135,0.9996601467438654,0.9999458161973799,-0.00028566945351449213,0.00028566945351449213,0.04247515961857158,1
closed_loop,2,7,0.0008718116770626011,0.00027952948528106776,0.999672976208401,0.9999502096013866,-0.00027723339298557637,0.00027723339298557637,0.04175671627565082,1
closed_loop,2,8,0.0008748477620815338,0.000280799134988087,0.9996724138871957,0.9999512475515129,-0.0002788336643171352,0.0002788336643171352,0.04182936198608661,1
closed_loop,2,9,0.000864631730258522,0.00027552460856310857,0.9996807172590231,0.9999545690980093,-0.00027385183898620546,0.00027385183898620546,0.04158441367287802,1
closed_loop,2,10,0.0016162116906828306,0.0004632258828439807,0.9994865241594564,0.9999489315376638,-0.00046240737820746336,0.00046240737820746336,0.05685440511838692,1
closed_loop,2,11,0.0016942496458038326,0.0005008852798471377,0.9994418289356237,0.999941915163736,-0.000500086228112262,0.000500086228112262,0.05821081765108325,1
closed_loop,2,12,0.00184230503451667,0.0005661224108393923,0.9993616291167234,0.9999267345309348,-0.0005651054142113976,0.0005651054142113976,0.060700989028460973,1
closed_loop,2,13,0.0020965297970752315,0.0006736289572921122,0.999230007426277,0.9999021504284376,-0.0006721430021605634,0.0006721430021605634,0.06475383845109464,1
closed_loop,2,14,0.0023916623640609282,0.0008122367859062413,0.9990523064800383,0.9998617242157335,-0.0008094177356952059,0.0008094177356952059,0.06916158419326336,1
closed_loop,2,15,0.0028679444995940136,0.0010296230435188382,0.9987704877051834,0.9997947851466797,-0.0010242974414963468,0.0010242974414963468,0.07573565210116057,1
closed_loop,2,16,0.0035558456802005593,0.001372501726520448,0.9983172151887594,0.9996798103088577,-0.0013625951200982866,0.0013625951200982866,0.08433084465603981,1
closed_loop,2,17,0.004440518025473974,0.0017993432243580195,0.9977523995104988,0.9995370502970625,-0.0017846507865637573,0.0017846507865637573,0.0942392489939725,1
closed_loop,2,18,0.005635271741749637,0.0023932988830327674,0.9969454347946756,0.9993158521895602,-0.0023704173948846385,0.0023704173948846385,0.1061628159173412,1
closed_loop,2,19,0.007234911894326689,0.0032787139712243066,0.9957292568672168,0.9989749119058996,-0.003245655038682793,0.003245655038682793,0.12029058063145834,1
closed_loop,2,20,0.016656922959060905,0.007036216095165697,0.9912344743260327,0.9982392787290348,-0.007004804403002107,0.007004804403002107,0.18252080954817676,1
closed_loop,2,21,0.02106230963279847,0.009303359851489135,0.9883078619201765,0.9975733171300616,-0.009265455209885087,0.009265455209885087,0.20524282999802196,1
closed_loop,2,22,0.025804434902231825,0.012140059706702748,0.9845096894596645,0.996600081362626,-0.012090391902961461,0.012090391902961461,0.22717585656152736,1
closed_loop,2,23,0.03196736388327708,0.01568219559201999,0.9798536733723153,0.9954734020443654,-0.015619728672050082,0.015619728672050082,0.2528531743256433,1
closed_loop,2,24,0.040369847272963715,0.020916472611041625,0.9727868272552431,0.9936071703777827,-0.020820343122539553,0.020820343122539553,0.2841473113473492,1
closed_loop,2,25,0.04943524276107487,0.02737862526228334,0.963315466096902,0.9905877616734758,-0.027272295576573846,0.027272295576573846,0.3144367750791083,1
closed_loop,2,26,0.06041532616259711,0.03491800163594375,0.9531617375808003,0.9879640108753135,-0.03480227329451324,0.03480227329451324,0.3476070372204714,1
closed_loop,2,27,0.07088054331164147,0.04315403687259766,0.9400301149601743,0.9830240048687551,-0.042993889908580774,0.042993889908580774,0.3765117350405999,1
closed_loop,2,28,0.08009731725881256,0.051161111468150874,0.929062580378634,0.9800459525107641,-0.05098337213213011,0.05098337213213011,0.4002432192025558,1
closed_loop,2,29,0.0877498069628782,0.05912914933680752,0.9152484676607378,0.9741438330002586,-0.05889536533952089,0.05889536533952089,0.41892674052363427,1
closed_loop,2,30,0.13695962878817972,0.08802776763198625,0.8762995671847787,0.9641180080427756,-0.08781844085799684,0.08781844085799684,0.5233729622137157,1
closed_loop,2,31,0.14296622826262043,0.09590934773708829,0.8617403725218357,0.9574222097690492,-0.09568183724721357,0.09568183724721357,0.5347265249875313,1
closed_loop,2,32,0.146110325710473,0.10518891173216147,0.8415278834475318,0.9463936983772606,-0.1048658149297288,0.1048658149297288,0.5405743717759343,1
closed_loop,2,33,0.14733894477302983,0.11277333753924097,0.8230407775017093,0.9354186694090874,-0.11237789190737801,0.11237789190737801,0.5428424168633653,1
closed_loop,2,34,0.14962277922777545,0.12228394825645249,0.7980620126923341,0.9198870894057352,-0.12182507671340104,0.12182507671340104,0.5470334162147235,1
closed_loop,2,35,0.14766141721597456,0.12957148685847877,0.7718417603305333,0.9008395030859703,-0.12899774275543696,0.12899774275543696,0.5434361364796687,1
closed_loop,2,36,0.1448174385707139,0.13640080704731003,0.7468809043527364,0.8826683223982538,-0.13578741804551742,0.13578741804551742,0.5381773658761838,1
closed_loop,2,37,0.14141988711634848,0.14309599644736798,0.7164864633764734,0.8588525350570254,-0.14236607168055204,0.14236607168055204,0.5318268272969097,1
closed_loop,2,38,0.136304988682532,0.14916433539206314,0.6848375302521988,0.8332319843410916,-0.14839445408889274,0.14839445408889274,0.5221206540303343,1
closed_loop,2,39,0.13073150484040016,0.15367932106925733,0.6549182269221006,0.8077801590545717,-0.15286193213247112,0.15286193213247112,0.5113345379306979,1
closed_loop,2,40,0.11221165079169576,0.14821856774822825,0.6299872445104715,0.7771511664619479,-0.14716392195147643,0.14716392195147643,0.4737333654951818,1
closed_loop,2,41,0.10713660876404194,0.15266240276293142,0.5996381087935703,0.7512721081294791,-0.15163399933590882,0.15163399933590882,0.46289655164851234,1
closed_loop,2,42,0.10347364149818022,0.15664201501255828,0.571294883604168,0.726934542362225,-0.15563965875805696,0.15563965875805696,0.45491458868271134,1
closed_loop,2,43,0.09862576545329893,0.15959804349807116,0.5423607824881895,0.7009527273086912,-0.15859194482050165,0.15859194482050165,0.4441300833163611,1
closed_loop,2,44,0.09458570987165285,0.16209417219168232,0.5202153804526712,0.6814682390669511,-0.16125285861427985,0.16125285861427985,0.4349384091377832,1
closed_loop,2,45,0.09288449025229951,0.1635416085013246,0.5083435088838913,0.6711203583571969,-0.1627768494733055,0.1627768494733055,0.43100925802655216,1
closed_loop,2,46,0.09165755760065177,0.16558201602691375,0.4976349981452495,0.6625173826903228,-0.1648823845450733,0.1648823845450733,0.4281531445654738,1
closed_loop,2,47,0.09037681272928497,0.16586767756811238,0.49419562355170693,0.6594081679378948,-0.16521254438618788,0.16521254438618788,0.42515129713852445,1
closed_loop,2,48,0.08999406895017602,0.1662490568077667,0.4936862941616154,0.6592949281752403,-0.16560863401362486,0.16560863401362486,0.42425008886310445,1
closed_loop,2,49,0.09073839004922485,0.16740859199929525,0.4917074715584138,0.6584937609510556,-0.16678628939264178,0.16678628939264178,0.42600091560752507,1
closed_loop,2,50,0.06162508881539202,0.13068975905877994,0.5356516619071929,0.6641926176652222,-0.12854095575802926,0.12854095575802926,0.3510700466157488,1
closed_loop,2,51,0.061771594179707894,0.12918663413184286,0.5476025457662952,0.6746713488007046,-0.12706880303440937,0.12706880303440937,0.35148710980548886,1
closed_loop,2,52,0.06303326739410657,0.12789817482925978,0.5617129295020442,0.6876048268414015,-0.12589189733935724,0.12589189733935724,0.3550584948824815,1
closed_loop,2,53,0.06419083677155153,0.12592315541278823,0.5764662696410495,0.7004224702017938,-0.1239562005607443,0.1239562005607443,0.35830388435391414,1
closed_loop,2,54,0.06387241678613523,0.12239898812634557,0.5912190650440389,0.7117565763883738,-0.12053751134433488,0.12053751134433488,0.3574140925764826,1
closed_loop,2,55,0.0643046087729593,0.11842889669274347,0.612511061495775,0.7291553776646286,-0.11664431616885351,0.11664431616885351,0.35862127313632497,1
closed_loop,2,56,0.06395386909784025,0.11288357703020646,0.638884567231616,0.7500516243496222,-0.11116705711800623,0.11116705711800623,0.35764191336542267,1
closed_loop,2,57,0.06390542595031996,0.10817278285101399,0.6603347571924899,0.766860825098977,-0.10652606790648711,0.10652606790648711,0.3575064361667352,1
closed_loop,2,58,0.06526105667088147,0.10422468516404014,0.6852695402897984,0.7880322226857773,-0.10276268239597897,0.10276268239597897,0.36127844295191897,1
closed_loop,2,59,0.0652175201914289,0.09887355188115689,0.7085150814714253,0.8059596806660397,-0.09744459919461446,0.09744459919461446,0.36115791612929904,1
closed_loop,2,60,0.05481025232950908,0.08259875232299049,0.7484645883651108,0.8289714813789322,-0.08050689301382141,0.08050689301382141,0.3310898739904592,1
closed_loop,2,61,0.05587104797655611,0.07833662853962912,0.77410104862113,0.8504897339144707,-0.07638868529334064,0.07638868529334064,0.33427847066945876,1
closed_loop,2,62,0.05656651374016804,0.07447131250807618,0.7967131211203692,0.8694742218906714,-0.07276110077030218,0.07276110077030218,0.33635253452343133,1
closed_loop,2,63,0.05676924405512298,0.0701870386119227,0.8176682708132303,0.8863193597157923,-0.068651088902562,0.068651088902562,0.3369547270928929,1
closed_loop,2,64,0.05653572690693021,0.06399744502720225,0.8461507648058774,0.9088227880886435,-0.06267202328276611,0.06267202328276611,0.3362609906216605,1
closed_loop,2,65,0.058935084458395924,0.06150729265717272,0.8674059801663183,0.927911873504309,-0.060505893337990724,0.060505893337990724,0.3433222522890001,1
closed_loop,2,66,0.05823708396656089,0.05782133285171548,0.8837998558857966,0.9407621277721434,-0.05696227188634684,0.05696227188634684,0.3412831199065107,1
closed_loop,2,67,0.059738508859664655,0.055982229445121,0.8944447740467981,0.9496777428165355,-0.05523296876973738,0.05523296876973738,0.345654477360455,1
closed_loop,2,68,0.058432578873728463,0.05441440459924612,0.8976747928821049,0.9513661715111338,-0.05369137862902884,0.05369137862902884,0.3418554632406171,1
closed_loop,2,69,0.059287771998604036,0.05451879349932445,0.8998885677712614,0.9537111330540826,-0.053822565282821255,0.053822565282821255,0.3443479983929166,1
closed_loop,2,70,0.0061767000371276025,0.014762877733098409,0.9686425165691103,0.9567633983613885,0.011879118207721806,0.011879118207721806,0.11114585045900366,1
closed_loop,2,71,0.005636348653005482,0.01404003981977288,0.9691057841928046,0.9580736641520847,0.01103212004071985,0.01103212004071985,0.1061729593917913,1
closed_loop,2,72,0.006222185850000519,0.015581067557126248,0.9673438833364947,0.9547394515603465,0.012604431776148228,0.012604431776148228,0.11155434415566719,1
closed_loop,2,73,0.006781209081562899,0.017147852584983858,0.9638781878125167,0.9498327940732765,0.014045393739240186,0.014045393739240186,0.11645779563054505,1
closed_loop,2,74,0.006617513923244141,0.017158090394264133,0.9634203985258724,0.9494481298745809,0.01397226865129142,0.01397226865129142,0.11504359107089922,1
closed_loop,2,75,0.00732184902652956,0.019086680912184156,0.9598021895570624,0.9439682106000737,0.01583397895698868,0.01583397895698868,0.12101114846599514,1
closed_loop,2,76,0.0079657807565073,0.020686073347907827,0.9568683029936754,0.9396130513544847,0.017255251639190727,0.017255251639190727,0.12622028962498302,1
closed_loop,2,77,0.008855513492909478,0.02273753876784434,0.9526571229254511,0.9334347874245884,0.01922233550086272,0.01922233550086272,0.13308278245445185,1
closed_loop,2,78,0.00949821819810697,0.024175261791688427,0.9499455452892501,0.9293278382656022,0.020617707023647958,0.020617707023647958,0.13782756036516766,1
closed_loop,2,79,0.01105952856785826,0.027738560505379154,0.9433336724106113,0.9192296239652212,0.024104048445390047,0.024104048445390047,0.14872476974504456,1
closed_loop,2,80,0.04474106370581163,0.05824383181947585,0.9699742341963523,0.9117305630276263,0.058243671168725974,0.058243671168725974,0.2991356338045056,1
closed_loop,2,81,0.050085548006325094,0.06521877241915337,0.9665277177303722,0.9013090900263317,0.06521862770404041,0.06521862770404041,0.31649817694996313,1
closed_loop,2,82,0.05495789988103162,0.07153777418118494,0.9633683993350426,0.8918308083895221,0.07153759094552048,0.07153759094552048,0.3315355181003436,1
closed_loop,2,83,0.060878838229344936,0.07964889938848738,0.9594031048770155,0.8797543266214086,0.0796487782556069,0.0796487782556069,0.34893792636898885,1
closed_loop,2,84,0.06524284498046573,0.08538202145056362,0.9565460334734723,0.8711640506339006,0.08538198283957177,0.08538198283957177,0.3612280304197495,1
closed_loop,2,85,0.07194408399335848,0.0940426795477601,0.952260168751385,0.8582175097903606,0.09404265896102437,0.09404265896102437,0.3793259389848221,1
closed_loop,2,86,0.07620534860511746,0.09948148111361298,0.949518396697059,0.8500369322389125,0.09948146445814643,0.09948146445814643,0.3903981265454983,1
closed_loop,2,87,0.07945066073398167,0.10358754156371279,0.947461516092138,0.8438739861557969,0.10358752993634113,0.10358752993634113,0.39862428609903255,1
closed_loop,2,88,0.08580692248366281,0.11132782735840956,0.9436944723046217,0.8323667015788507,0.11132777072577094,0.11132777072577094,0.414263014240139,1
closed_loop,2,89,0.09275663532631272,0.12016284910802066,0.9393861455990367,0.8192233614107297,0.12016278418830695,0.12016278418830695,0.43071251508706526,1
closed_loop,2,90,0.12199396355759319,0.13533624004540543,0.9414911495746541,0.8061549095292487,0.13533624004540534,0.13533624004540534,0.49395134083752257,1
closed_loop,2,91,0.13290832050301668,0.14678665599506058,0.9365557070399803,0.7897690510449197,0.14678665599506058,0.14678665599506058,0.5155740887651681,1
closed_loop,2,92,0.13469764087371067,0.14913206433081952,0.9355480377968354,0.7864159734660158,0.1491320643308196,0.1491320643308196,0.5190330256808533,1
closed_loop,2,93,0.14065122067371724,0.15561005107937018,0.9327548566207975,0.7771448055414272,0.15561005107937032,0.15561005107937032,0.5303795257619156,1
closed_loop,2,94,0.1446950777975253,0.16059205933442455,0.930610870276316,0.7700188109418914,0.16059205933442455,0.16059205933442455,0.5379499564039861,1
closed_loop,2,95,0.15055494351936238,0.16795505431260493,0.9274393268069404,0.7594842724943355,0.16795505431260493,0.16795505431260493,0.5487348057474801,1
closed_loop,2,96,0.15534676757801974,0.17173767915388222,0.925806502016308,0.7540688228624257,0.17173767915388227,0.17173767915388227,0.557398901287076,1
closed_loop,2,97,0.1589991588123997,0.1764699578188436,0.9237710517067061,0.7473010938878627,0.17646995781884345,0.17646995781884345,0.5639133955004079,1
closed_loop,2,98,0.16309470213155317,0.1815164775390854,0.9215990596713307,0.7400825821322453,0.1815164775390854,0.1815164775390854,0.5711299364094885,1
closed_loop,2,99,0.16281248539713686,0.18160033025658484,0.9215664487619083,0.7399661185053236,0.18160033025658473,0.18160033025658473,0.5706355849351438,1
closed_loop,3,0,0.0010634616623389995,0.00036759569677918493,0.9995448329917247,0.9999058214744412,-0.0003609884827164844,0.0003609884827164844,0.04611857895336758,1
closed_loop,3,1,0.0009747484294819894,0.0003264400537120968,0.9996033313931143,0.9999255424655089,-0.000322211072394607,0.000322211072394607,0.044153107013708316,1
closed_loop,3,2,0.0009932097844399816,0.00033593073284010605,0.9995897132152974,0.9999216235357238,-0.00033191032042634294,0.00033191032042634294,0.044569267089329206,1
closed_loop,3,3,0.0009559714748770361,0.000348344425147852,0.9995397620962848,0.9998643726860856,-0.00032461058980082225,0.00032461058980082225,0.043725769858906686,1
closed_loop,3,4,0.0008745042687139992,0.00027727497676351267,0.9996733695098521,0.9999487973041143,-0.0002754277942622618,0.0002754277942622618,0.04182114940347764,1
closed_loop,3,5,0.0008359073769293093,0.00025997102132634125,0.9996970976838336,0.9999557450528497,-0.0002586473690160407,0.0002586473690160407,0.040887831366540076,1
closed_loop,3,6,0.0008250211941904288,0.00025671130880174445,0.9997032595803804,0.9999589156203433,-0.00025565603996291486,0.00025565603996291486,0.04062071378472881,1
closed_loop,3,7,0.0007961490414306557,0.00024423020316290106,0.9997201303343509,0.9999635432557274,-0.00024341292137652903,0.00024341292137652903,0.03990360989761843,1
closed_loop,3,8,0.0007789689385284598,0.0002373838167553402,0.9997295723293699,0.9999663047928897,-0.0002367324635198509,0.0002367324635198509,0.039470721770154135,1
closed_loop,3,9,0.0007765391043746301,0.0002376676641007107,0.9997303793677134,0.9999674908300312,-0.00023711146231786273,0.00023711146231786273,0.03940911327027367,1
closed_loop,3,10,0.0016136498962214796,0.000435307622899608,0.9995272666448772,0.999962426102353,-0.00043515945747574225,0.00043515945747574225,0.05680932839281731,1
closed_loop,3,11,0.001678803647757284,0.0004700743418153399,0.9994862136806387,0.9999561504509306,-0.00046993677029183445,0.00046993677029183445,0.05794486427212137,1
closed_loop,3,12,0.0018631355064589823,0.0005442187915042367,0.9993986416783768,0.9999426818083554,-0.0005440401299786624,0.0005440401299786624,0.06104318973413795,1
closed_loop,3,13,0.002106732506484233,0.0006555389505451544,0.9992637929421424,0.999919037323278,-0.0006552443811356223,0.0006552443811356223,0.06491120868516058,1
closed_loop,3,14,0.002444249969300721,0.0008118852791488483,0.9990707435553895,0.9998820337840537,-0.0008112902286642187,0.0008112902286642187,0.06991780845107663,1
closed_loop,3,15,0.0029905653258562137,0.0010515002507653075,0.9987766403654911,0.9998270685717148,-0.001050428206223697,0.001050428206223697,0.07733776989099457,1
closed_loop,3,16,0.0036761036018607696,0.00136449915607963,0.9983834344116019,0.9997458895237045,-0.0013624551121025341,0.0013624551121025341,0.08574501270465554,1
closed_loop,3,17,0.004528601582662178,0.0018099392072696637,0.9978001047319356,0.9996064679789372,-0.0018063632470015634,0.0018063632470015634,0.09516933941834606,1
closed_loop,3,18,0.005732459510332483,0.0024438394378110233,0.9969649701410346,0.9994020714799816,-0.002437101338947034,0.002437101338947034,0.10707436210720551,1
closed_loop,3,19,0.007480878671826307,0.0033465519945867876,0.9957793179708434,0.9991167159008436,-0.0033373979300002077,0.0033373979300002077,0.1223182625107658,1
closed_loop,3,20,0.017573514985920795,0.007354275539271097,0.9910929237489506,0.9984410075676554,-0.007348083818704776,0.007348083818704776,0.18747541164601184,1
closed_loop,3,21,0.021650817445557694,0.009365808624429513,0.9886175748535898,0.997972619433761,-0.009355044580171223,0.009355044580171223,0.20809044882241806,1
closed_loop,3,22,0.027518331088969415,0.012333010477413225,0.9849202771368933,0.997243502176532,-0.012323225039638674,0.012323225039638674,0.23459893899576534,1
closed_loop,3,23,0.03559719612203421,0.016819528701844628,0.979253786889971,0.9960601359695939,-0.016806349079622862,0.016806349079622862,0.26682277309867763,1
closed_loop,3,24,0.042455152395050794,0.021252090617818315,0.9734143162008461,0.9946472852222508,-0.021232969021404702,0.021232969021404702,0.2913937281241681,1
closed_loop,3,25,0.052860162557314835,0.027862231151863853,0.9646400071344989,0.9924747075179455,-0.027834700383446598,0.027834700383446598,0.3251466209491184,1
closed_loop,3,26,0.06361074709462705,0.035208662220950065,0.9547617234041396,0.9899377710161574,-0.03517604761201787,0.03517604761201787,0.3566812220866892,1
closed_loop,3,27,0.07559924432612836,0.04403498478985549,0.9424101081097027,0.9864074411323469,-0.04399733302264419,0.04399733302264419,0.38884249851611735,1
closed_loop,3,28,0.08675996705829682,0.052549539012076166,0.930355065313928,0.982855471784637,-0.05250040647070897,0.05250040647070897,0.4165572399041861,1
closed_loop,3,29,0.09423975482144673,0.06039024069536627,0.9173881860436108,0.9777097928310735,-0.06032160678746268,0.06032160678746268,0.43414226889683694,1
closed_loop,3,30,0.16712715498078784,0.09713389377008987,0.8731461818315915,0.9702540860828047,-0.09710790425121318,0.09710790425121318,0.5781473081850124,1
closed_loop,3,31,0.17911861068154888,0.10903990124203124,0.8546177060283973,0.963633445658471,-0.10901573963007372,0.10901573963007372,0.5985292151291345,1
closed_loop,3,32,0.18701767088980317,0.12187388359448105,0.830280499829995,0.9521288771398954,-0.12184837730990039,0.12184837730990039,0.6115842883688285,1
closed_loop,3,33,0.1953666537873699,0.1345307409256714,0.8054241054900285,0.9399262828016413,-0.13450217731161274,0.13450217731161274,0.6250866400545926,1
closed_loop,3,34,0.20260105391897806,0.14764059260361356,0.7777296024956714,0.9253467440338955,-0.14761714153822414,0.14761714153822414,0.6365548741765757,1
closed_loop,3,35,0.20272328075305265,0.15783883381178856,0.7507980110300959,0.908613126476073,-0.15781511544597704,0.15781511544597704,0.6367468582616684,1
closed_loop,3,36,0.20262601425621066,0.16853475796398446,0.720227968392703,0.8887388336362922,-0.16851086524358927,0.16851086524358927,0.6365940845722817,1
closed_loop,3,37,0.20215571298405072,0.17993907002032836,0.6848775214915045,0.8647941250605132,-0.17991660356900874,0.17991660356900874,0.6358548780721128,1
closed_loop,3,38,0.1961085707055435,0.18767280244285123,0.6501755543566884,0.8378251192262997,-0.18764956486961126,0.18764956486961126,0.626272417891038,1
closed_loop,3,39,0.1909670096567762,0.1927671631096893,0.6227167400200538,0.8154553180402981,-0.1927385780202443,0.1927385780202443,0.6180081061875745,1
closed_loop,3,40,0.16995701052393355,0.19465659248860415,0.5899913164975006,0.7846120536903239,-0.19462073719282336,0.19462073719282336,0.5830214584797605,1
closed_loop,3,41,0.16231791076579624,0.19761097204027978,0.5620633014489445,0.7596439079961885,-0.19758060654724408,0.19758060654724408,0.5697682173757962,1
closed_loop,3,42,0.15735708012610772,0.20299144539463404,0.5326123954732673,0.7355780757215733,-0.20296568024830597,0.20296568024830597,0.5609939039349853,1
closed_loop,3,43,0.15199213296557143,0.2073569831898889,0.5036423247388626,0.7109740415833193,-0.20733171684445673,0.20733171684445673,0.551347681532391,1
closed_loop,3,44,0.14666189990603157,0.2115042163528333,0.4780501587030665,0.6895297502894993,-0.21147959158643276,0.21147959158643276,0.5415937590224459,1
closed_loop,3,45,0.14277090427627678,0.2140798744981573,0.46202959521795073,0.6760857941965436,-0.21405619897859285,0.21405619897859285,0.5343611218572638,1
closed_loop,3,46,0.13794895257592504,0.2154070776298414,0.44940649038012054,0.664791485405788,-0.2153849950256675,0.2153849950256675,0.5252598453640351,1
closed_loop,3,47,0.13542153821309783,0.21631060566480415,0.440773597266486,0.6570635453535927,-0.21628994808710666,0.21628994808710666,0.520425860643181,1
closed_loop,3,48,0.13475247477633487,0.21695313453887025,0.4388490775320744,0.6557820348004247,-0.21693295726835032,0.21693295726835032,0.5191386612001362,1
closed_loop,3,49,0.13526614214936694,0.21661979221413616,0.44201960797843687,0.6586192087073603,-0.21659960072892348,0.21659960072892348,0.5201271808882265,1
closed_loop,3,50,0.09161785654728853,0.17136811997955215,0.495490401595324,0.6666126399639118,-0.17112223836858786,0.17112223836858786,0.428060408230634,1
closed_loop,3,51,0.09220595753233117,0.17018058357948498,0.5043331224764614,0.6742712624330555,-0.16993813995659401,0.16993813995659401,0.42943208434473357,1
closed_loop,3,52,0.09230579002955806,0.1677962593174372,0.5141747141647328,0.6817218823178544,-0.16754716815312154,0.16754716815312154,0.4296644970894339,1
closed_loop,3,53,0.09274540096688683,0.1645409846161191,0.5295969510566022,0.6938981685629717,-0.1643012175063695,0.1643012175063695,0.4306864311001377,1
closed_loop,3,54,0.09337167021154416,0.16089825975490765,0.5475842679767061,0.7082486644469849,-0.16066439647027875,0.16066439647027875,0.43213810341497116,1
closed_loop,3,55,0.0929864504361513,0.15590094068769508,0.5659672406222951,0.7216436847736257,-0.15567644415133064,0.15567644415133064,0.43124575461365716,1
closed_loop,3,56,0.09203791300253274,0.14969293730741734,0.5875029035401318,0.7369896926611134,-0.14948678912098157,0.14948678912098157,0.4290405878294797,1
closed_loop,3,57,0.09334685358681223,0.14379166509344368,0.6147943279598878,0.7583944271488263,-0.14360009918893857,0.14360009918893857,0.4320806720667154,1
closed_loop,3,58,0.09154626166716391,0.13721183315339047,0.634977106023461,0.771993465187961,-0.13701635916449995,0.13701635916449995,0.427893121391695,1
closed_loop,3,59,0.09103598526598941,0.12905814938192825,0.6658964340245614,0.7947734734431737,-0.12887703941861228,0.12887703941861228,0.42669892258122566,1
closed_loop,3,60,0.08107883877677234,0.11286585857814137,0.7057109087235898,0.8183413411806705,-0.11263043245708071,0.11263043245708071,0.40268806482629294,1
closed_loop,3,61,0.07987193101909872,0.10555609450997618,0.7303731774104932,0.8357065965472835,-0.10533341913679029,0.10533341913679029,0.3996796993070794,1
closed_loop,3,62,0.07962271609864341,0.09961148650637228,0.7549177955182698,0.8543116964326333,-0.09939390091436351,0.09939390091436351,0.39905567556080046,1
closed_loop,3,63,0.07878733579874397,0.09218327474893691,0.7839683963196286,0.8759586503393585,-0.09199025401972993,0.09199025401972993,0.3969567628816619,1
closed_loop,3,64,0.07761968397119355,0.08472143764747038,0.8106230415351321,0.8951747972937212,-0.08455175575858909,0.08455175575858909,0.3940042740153806,1
closed_loop,3,65,0.07674606606852592,0.0782724841477628,0.835319910124723,0.9134332792633529,-0.07811336913862998,0.07811336913862998,0.3917807194554779,1
closed_loop,3,66,0.076260829085925,0.07134199890458581,0.8636243209580666,0.9348308563716421,-0.07120653541357547,0.07120653541357547,0.3905402132583148,1
closed_loop,3,67,0.07562307378153882,0.06523879828830186,0.887584700960163,0.9526923377761508,-0.06510763681598786,0.06510763681598786,0.3889037767405681,1
closed_loop,3,68,0.07457612823770401,0.06252986178008815,0.8957784026534523,0.9581946527823023,-0.06241625012884999,0.06241625012884999,0.38620235172174705,1
closed_loop,3,69,0.07498265395107015,0.06147317720175105,0.9009430767635382,0.9623028867801042,-0.061359810016565985,0.061359810016565985,0.387253544725081,1
closed_loop,3,70,0.004463442295026419,0.01049547296324764,0.9703017658500777,0.9639024962463124,0.006399269603765245,0.006399269603765245,0.0944821919202388,1
closed_loop,3,71,0.004118121288967525,0.00998180806737365,0.9713689495483847,0.9654412997688427,0.005927649779541966,0.005927649779541966,0.0907537469085164,1
closed_loop,3,72,0.004213051382138489,0.010366936102508507,0.970315429676488,0.964034925202563,0.00628050447392503,0.00628050447392503,0.0917938056966644,1
closed_loop,3,73,0.004314122963640519,0.010874477786131966,0.9691629229413695,0.9625397699656352,0.006623152975734348,0.006623152975734348,0.09288835194619957,1
closed_loop,3,74,0.004546242668336382,0.012163917388992604,0.9663038797498332,0.9583097372431617,0.00799414250667152,0.00799414250667152,0.09535452446880936,1
closed_loop,3,75,0.004635964993799221,0.012698035645014745,0.9643202041843638,0.9559067483500175,0.008413455834346273,0.008413455834346273,0.09629086139192256,1
closed_loop,3,76,0.005488584637493699,0.015128688196172985,0.9587413598962368,0.9479446619433846,0.010796697952852208,0.010796697952852208,0.10477198707186668,1
closed_loop,3,77,0.004882053733747563,0.014040249465721875,0.9591220930559817,0.9496076755337352,0.009514417522246577,0.009514417522246577,0.09881349840732857,1
closed_loop,3,78,0.005749482724789572,0.016477142762945804,0.9527125665489838,0.9407721642357945,0.01194040231318938,0.01194040231318938,0.1072332292229379,1
closed_loop,3,79,0.0061651533451034,0.01795402885486758,0.9484921920082481,0.935145911894903,0.013346280113345044,0.013346280113345044,0.11104191411447661,1
closed_loop,3,80,0.030623476563899264,0.04282777404768632,0.9773224030160444,0.9344950908315873,0.04282731218445712,0.04282731218445712,0.24748121772732276,1
closed_loop,3,81,0.03423126019821975,0.04763832982717604,0.9748561323419225,0.9272181639885123,0.047637968353410165,0.047637968353410165,0.26165343566718074,1
closed_loop,3,82,0.038484441315794,0.05338337466449957,0.9719886308157141,0.9186056678242384,0.05338296299147571,0.05338296299147571,0.2774326632384659,1
closed_loop,3,83,0.042410269421713644,0.058303188278875914,0.969449743967502,0.9111468290291085,0.05830291493839357,0.05830291493839357,0.29123965877508384,1
closed_loop,3,84,0.046578628736185304,0.06381695334345522,0.966712634993312,0.9028959026309572,0.06381673236235474,0.06381673236235474,0.3052167385193194,1
closed_loop,3,85,0.0532691899202181,0.072888308851742,0.9621060100551638,0.889217868145787,0.07288814190937687,0.07288814190937687,0.32640217499342156,1
closed_loop,3,86,0.05511832257817774,0.07610563541395056,0.9605749316244571,0.8844694374784209,0.07610549414603618,0.07610549414603618,0.3320190433640147,1
closed_loop,3,87,0.060556166901833776,0.08319025316937978,0.9569935885064645,0.8738034039150792,0.08319018459138539,0.08319018459138539,0.34801197364985526,1
closed_loop,3,88,0.06568991527951236,0.08955757015983012,0.9537804495632205,0.8642229075199852,0.0895575420432353,0.0895575420432353,0.3624635575599631,1
closed_loop,3,89,0.07261811309934298,0.0980781902760543,0.9494477830393396,0.8513696173373402,0.09807816570199945,0.09807816570199945,0.3810987092587509,1
closed_loop,3,90,0.09368073473586208,0.10841242978818731,0.9531508937460927,0.8447384639579054,0.10841242978818733,0.10841242978818733,0.4328527110596908,1
closed_loop,3,91,0.10178681292019834,0.11692014894452882,0.9494840768788496,0.8325639279343209,0.11692014894452873,0.11692014894452873,0.4511913406088338,1
closed_loop,3,92,0.11230167700685352,0.1286216597541011,0.9444394112814517,0.8158177515273507,0.128621659754101,0.128621659754101,0.4739233630173839,1
closed_loop,3,93,0.11853902745078723,0.13555020414908928,0.9414513632425239,0.8059011590934346,0.13555020414908925,0.13555020414908925,0.4869066182560825,1
closed_loop,3,94,0.12347637310042292,0.14125898392678887,0.9389918714071204,0.7977328874803317,0.1412589839267887,0.1412589839267887,0.4969434034181819,1
closed_loop,3,95,0.13235790610580664,0.15080663709157865,0.9348748582324621,0.7840682211408836,0.1508066370915785,0.1508066370915785,0.5145054054250677,1
closed_loop,3,96,0.13657500714821413,0.15587825997298693,0.9326904708742814,0.7768122109012946,0.15587825997298677,0.15587825997298677,0.5226375553827225,1
closed_loop,3,97,0.14253696860224038,0.16228650873830508,0.9299279675962646,0.7676414588579596,0.16228650873830497,0.16228650873830497,0.5339231566475467,1
closed_loop,3,98,0.14681225656064686,0.16621127379353454,0.9282336983036786,0.762022424510144,0.16621127379353462,0.16621127379353462,0.5418713067890694,1
closed_loop,3,99,0.1513333791515487,0.1709129184981597,0.9262099573755381,0.7552970388773782,0.17091291849815993,0.17091291849815993,0.5501515775703069,1
closed_loop,4,0,0.0011456249945139489,0.0003624590823693152,0.9995794261498441,0.9999398419295549,-0.00036041577971079874,0.00036041577971079874,0.04786700313397422,1
closed_loop,4,1,0.0010896826724483284,0.00033473453979809907,0.9996164696675514,0.9999498711615257,-0.00033340149397431684,0.00033340149397431684,0.04668367321555424,1
closed_loop,4,2,0.0010501457611196776,0.0003187020510527176,0.9996375638043575,0.9999552751790808,-0.00031771137472325073,0.00031771137472325073,0.045828937607578855,1
closed_loop,4,3,0.0010141081755635007,0.0003025267104527817,0.9996588331873327,0.9999607156525008,-0.0003018824651680463,0.0003018824651680463,0.045035723055447896,1
closed_loop,4,4,0.0009913053302419963,0.00029150119623671443,0.9996739073158132,0.9999649549562575,-0.00029104764044429743,0.00029104764044429743,0.04452651637489725,1
closed_loop,4,5,0.000974033992309045,0.0002862389601026962,0.9996810045904313,0.9999668717932286,-0.0002858672027973297,0.0002858672027973297,0.04413692314398558,1
closed_loop,4,6,0.000966125082376406,0.00028343229151326857,0.9996851659808355,0.9999682721742337,-0.0002831061933982193,0.0002831061933982193,0.043957367582156376,1
closed_loop,4,7,0.0009468672525298342,0.00027772823240718435,0.9996928785753846,0.9999703273804638,-0.00027744880507918346,0.00027744880507918346,0.04351705993124614,1
closed_loop,4,8,0.0009310661382634356,0.0002706204982264156,0.9997024551951427,0.9999728478983676,-0.0002703927032249309,0.0002703927032249309,0.04315243071400348,1
closed_loop,4,9,0.0009169737527818815,0.00026911773317021554,0.9997045364954738,0.9999734556326797,-0.0002689191372059474,0.0002689191372059474,0.042824613314818884,1
closed_loop,4,10,0.0018483090966211536,0.0004808411063978098,0.9994876105617997,0.9999683593244056,-0.00048074876260595367,0.00048074876260595367,0.0607998206678466,1
closed_loop,4,11,0.0018860978713903331,0.0005056626964883394,0.9994593610135936,0.9999649099301822,-0.0005055489165886051,0.0005055489165886051,0.061418203675951535,1
closed_loop,4,12,0.002021545616639088,0.0005692109612781937,0.9993873295680292,0.999956412428127,-0.0005690828600978248,0.0005690828600978248,0.06358530674045833,1
closed_loop,4,13,0.002247943289521269,0.0006746109928477212,0.9992645209251815,0.9999389390150403,-0.000674418089858797,0.000674418089858797,0.06705137268574402,1
closed_loop,4,14,0.002526761289126774,0.000814963880549886,0.9990974561700189,0.9999121603394319,-0.0008147041694129831,0.0008147041694129831,0.07108813247127503,1
closed_loop,4,15,0.002884823060622735,0.0009938594860023616,0.9988822102463984,0.9998757090228492,-0.0009934987764507186,0.0009934987764507186,0.07595818666375251,1
closed_loop,4,16,0.003473169285208085,0.0012912134150577155,0.9985167367362608,0.9998074715812468,-0.0012907348449859857,0.0012907348449859857,0.0833446973143233,1
closed_loop,4,17,0.004144410788606306,0.001632563567322886,0.9980946317103091,0.9997266262137859,-0.0016319945034768413,0.0016319945034768413,0.09104296555589901,1
closed_loop,4,18,0.005089721012621079,0.0021296187359963773,0.9974655832860011,0.9995944219435212,-0.0021288386575201157,0.0021288386575201157,0.10089322090825606,1
closed_loop,4,19,0.0063690168094040454,0.002883307597672844,0.996485012079945,0.9993670540130588,-0.0028820419331138103,0.0028820419331138103,0.1128628974411347,1
closed_loop,4,20,0.014762541289636727,0.005912415755275571,0.993064731218276,0.9989756967203883,-0.005910965502112342,0.005910965502112342,0.17182864306998835,1
closed_loop,4,21,0.019480394922140355,0.00829883493588532,0.9901057061413684,0.9984020670806774,-0.008296360939308967,0.008296360939308967,0.19738487744576763,1
closed_loop,4,22,0.02398671511674434,0.011116909730018297,0.9864741893005864,0.9975879607892216,-0.011113771488635238,0.011113771488635238,0.21902837768994382,1
closed_loop,4,23,0.02959174347436565,0.014451895438412826,0.9822061194714304,0.9966533073520744,-0.014447187880643919,0.014447187880643919,0.24327656473390794,1
closed_loop,4,24,0.03766308943969135,0.019683857230737477,0.9752635989133349,0.9949411078017207,-0.01967750888838582,0.01967750888838582,0.27445615110502203,1
closed_loop,4,25,0.04711443116242775,0.02565614525976556,0.9677852796773713,0.9934355752161933,-0.025650295538822032,0.025650295538822032,0.30696720073137373,1
closed_loop,4,26,0.05773460972726085,0.03330739268754779,0.957594372096056,0.9908932729638588,-0.03329890086780274,0.03329890086780274,0.33980762124255204,1
closed_loop,4,27,0.06838235761970228,0.04168348339603104,0.9455630193200828,0.9872283114036287,-0.04166529208354586,0.04166529208354586,0.36981713756856177,1
closed_loop,4,28,0.07775748568894876,0.0503161362042749,0.9332688814701987,0.9835693540182875,-0.05030047254808878,0.05030047254808878,0.3943538656814429,1
closed_loop,4,29,0.08614287389545108,0.059496539570503985,0.9190350888804982,0.9785101268459825,-0.059475037965484256,0.059475037965484256,0.4150731836566922,1
closed_loop,4,30,0.14811654331562893,0.091156665693754,0.8789885207043671,0.970111520950345,-0.09112300024597797,0.09112300024597797,0.5442729890700602,1
closed_loop,4,31,0.1577690923792753,0.10231550955416169,0.8607555839063887,0.9630283066756531,-0.10227272276926436,0.10227272276926436,0.5617278564915137,1
closed_loop,4,32,0.16577142052471994,0.11472929659799441,0.8372576475910631,0.9519182527679705,-0.11466060517690735,0.11466060517690735,0.5757975695063673,1
closed_loop,4,33,0.16691226881912555,0.12364074525990518,0.8150673582005784,0.9385980640592547,-0.12353070585867632,0.12353070585867632,0.5777755079944555,1
closed_loop,4,34,0.16707850256687629,0.13174851759224215,0.7933665533733836,0.9249448118561658,-0.13157825848278226,0.13157825848278226,0.5780631497801538,1
closed_loop,4,35,0.16557611363363572,0.13990891813555403,0.767278678879648,0.9069690819633922,-0.13969040308374425,0.13969040308374425,0.5754582758699986,1
closed_loop,4,36,0.1624332892134161,0.14710689402127472,0.7393166925127618,0.8861399238538972,-0.1468232313411354,0.1468232313411354,0.5699706820765715,1
closed_loop,4,37,0.1597093752964353,0.15548965469989928,0.7047654648774164,0.85989636424267,-0.1551308993652536,0.1551308993652536,0.5651714346929351,1
closed_loop,4,38,0.15541029568849732,0.16118857817687243,0.6759121789616518,0.8366664307695362,-0.16075425180788439,0.16075425180788439,0.5575128620731495,1
closed_loop,4,39,0.14908466218696495,0.16641455585343656,0.6377308110368216,0.8035738786902238,-0.16584306765340218,0.16584306765340218,0.5460488296608005,1
closed_loop,4,40,0.11861300115709307,0.14780930216667637,0.6250159325297349,0.7700397280637817,-0.14502379553404687,0.14502379553404687,0.487058520420479,1
closed_loop,4,41,0.11217323372038725,0.15143017760175592,0.5859606997829166,0.7340891610561228,-0.1481284612732061,0.1481284612732061,0.4736522642622692,1
closed_loop,4,42,0.10476666145639414,0.15090509135763341,0.5653847590739197,0.71284499119011,-0.1474602321161903,0.1474602321161903,0.4577480998461799,1
closed_loop,4,43,0.0993480867856182,0.1524223801753127,0.5423179573126578,0.6911232509696795,-0.14880529365702178,0.14880529365702178,0.445753489690475,1
closed_loop,4,44,0.09319767101866089,0.15326818635131237,0.5158997868661035,0.6653187969218528,-0.1494190100557493,0.1494190100557493,0.4317352684658989,1
closed_loop,4,45,0.09068206388018023,0.1546116572654205,0.5041047952383075,0.6546617346284166,-0.15055693939010906,0.15055693939010906,0.42586867431211756,1
closed_loop,4,46,0.08744571006765015,0.15465790740574412,0.4947914530105191,0.6454099092244561,-0.150618456213937,0.150618456213937,0.41820021536974405,1
closed_loop,4,47,0.0854926993241845,0.15467105645584392,0.4933478691566926,0.6440505678348336,-0.150702698678141,0.150702698678141,0.41350380729609854,1
closed_loop,4,48,0.08420286683727923,0.15411494484893756,0.4956109461502254,0.6458920745743156,-0.15028112842409025,0.15028112842409025,0.4103726765691869,1
closed_loop,4,49,0.08373639841723395,0.1546713894727451,0.49084662669362966,0.6416435580102996,-0.15079693131666994,0.15079693131666994,0.40923440328797855,1
closed_loop,4,50,0.055861593698607104,0.1229020747704127,0.5349122287302547,0.6513533511665716,-0.11644112243631688,0.11644112243631688,0.334250186831981,1
closed_loop,4,51,0.05585670367755764,0.12167985224910276,0.5486785871267357,0.6643102523535115,-0.11563166522677581,0.11563166522677581,0.3342355566888647,1
closed_loop,4,52,0.056690275572046124,0.12045217068910427,0.5627323405832433,0.6773517587666655,-0.11461941818342225,0.11461941818342225,0.33672028620814076,1
closed_loop,4,53,0.057568149284184356,0.11873158623333341,0.5790191689208357,0.692167516327822,-0.11314834740698632,0.11314834740698632,0.3393174009218636,1
closed_loop,4,54,0.05850085575016246,0.11664002672355016,0.5940208334226058,0.7052053353906745,-0.11118450196806873,0.11118450196806873,0.34205512932906723,1
closed_loop,4,55,0.05803338846944397,0.11220524003010107,0.6184554950257711,0.7256374682979446,-0.10718197327217349,0.10718197327217349,0.34068574513602407,1
closed_loop,4,56,0.058048715313136545,0.10813576653875832,0.6396777656293942,0.7431936355225557,-0.10351586989316153,0.10351586989316153,0.3407307303814452,1
closed_loop,4,57,0.057505659069513645,0.10303241656054016,0.6669540317519417,0.7660539479032813,-0.09909991615133962,0.09909991615133962,0.3391331864312711,1
closed_loop,4,58,0.05692276074880827,0.09672453717616006,0.697735126340663,0.7910974722576337,-0.09336234591697068,0.09336234591697068,0.3374100198536145,1
closed_loop,4,59,0.05671517980462416,0.0923191724547885,0.7193480540829591,0.8085408161302484,-0.08919276204728932,0.08919276204728932,0.33679423927562707,1
closed_loop,4,60,0.048048456246211645,0.07839813864691489,0.7584383865190716,0.8335032415301322,-0.07506485501106064,0.07506485501106064,0.30999502010907093,1
closed_loop,4,61,0.047544639477124374,0.07258896996308555,0.7849028646220797,0.854541834895658,-0.06963897027357835,0.06963897027357835,0.30836549572584926,1
closed_loop,4,62,0.04697956942184158,0.0671583089092613,0.8105788370207982,0.8752867860800664,-0.06470794905926813,0.06470794905926813,0.30652754989345277,1
closed_loop,4,63,0.04652801657538285,0.062409017767058164,0.8332556790684413,0.8936788900717569,-0.0604232110033156,0.0604232110033156,0.3050508697754617,1
closed_loop,4,64,0.0458360829898251,0.057378503318122005,0.8570104769900143,0.9128662033093113,-0.05585572631929703,0.05585572631929703,0.30277411709003493,1
closed_loop,4,65,0.045080112331643975,0.05380148579667241,0.8713833327996962,0.9237992181934556,-0.05241588539375941,0.05241588539375941,0.30026692235956987,1
closed_loop,4,66,0.04535659029109059,0.049398418243935274,0.8945707709000885,0.9431465083394273,-0.04857573743933874,0.04857573743933874,0.3011862888349687,1
closed_loop,4,67,0.04463507868609773,0.045053219661232435,0.914643691128061,0.9593580905322995,-0.04471439940423849,0.04471439940423849,0.29878111950422076,1
closed_loop,4,68,0.04371732750748972,0.04348108871054363,0.9204436691977609,0.9636969158330889,-0.043253246635328035,0.043253246635328035,0.2956935153414417,1
closed_loop,4,69,0.04534731432075136,0.045431008622250746,0.9166173687930274,0.961836337439618,-0.045218968646590696,0.045218968646590696,0.3011554891439018,1
closed_loop,4,70,0.006500750333059111,0.014405202704932844,0.9713680875425192,0.9599964518222767,0.011371635720242579,0.011371635720242579,0.11402412317627451,1
closed_loop,4,71,0.005672536372412996,0.013210075221722125,0.9734990176717944,0.9632219315519639,0.01027708611983047,0.01027708611983047,0.10651325149870317,1
closed_loop,4,72,0.006216712819426431,0.015002123975933805,0.9710157917521568,0.9589901679091484,0.012025623843008426,0.012025623843008426,0.11150527179847984,1
closed_loop,4,73,0.006122608332479686,0.015143839321980795,0.9701475544097786,0.9581878378811473,0.01195971652863137,0.01195971652863137,0.11065810709098259,1
closed_loop,4,74,0.0069182630789551515,0.017158209182901712,0.9669595245762241,0.9529490308717364,0.014010493704487703,0.014010493704487703,0.11762876416043103,1
closed_loop,4,75,0.00753514348880328,0.018522423786323763,0.9643340144999684,0.9492454651348488,0.015088549365119608,0.015088549365119608,0.12276109716684093,1
closed_loop,4,76,0.007596630434393617,0.01931638587589465,0.9629811434767787,0.947073825137424,0.01590731833935466,0.01590731833935466,0.1232609462432738,1
closed_loop,4,77,0.008278536674493584,0.021091849733044718,0.9597922382919074,0.9421287596646414,0.017663478627266027,0.017663478627266027,0.128674291717449,1
closed_loop,4,78,0.008782047412365695,0.022086564128150306,0.9579221419670364,0.939576150777187,0.018345991189849364,0.018345991189849364,0.13252959980597312,1
closed_loop,4,79,0.010703105634064295,0.026243867431510585,0.950909123651406,0.9286681708322235,0.02224095281918248,0.02224095281918248,0.14630861652045168,1
closed_loop,4,80,0.03608657313852044,0.04954918719390244,0.974402999441299,0.9248552772652546,0.04954772217604442,0.04954772217604442,0.26865060259943746,1
closed_loop,4,81,0.04064841502541528,0.0556578181552691,0.9713766976832657,0.915720310645515,0.055656387037750776,0.055656387037750776,0.28512598978492043,1
closed_loop,4,82,0.04442459786832813,0.060719800460101656,0.9688003243729802,0.9080817601127452,0.06071856426023503,0.06071856426023503,0.2980758221269485,1
closed_loop,4,83,0.04985572130138933,0.06813691149331744,0.9650761157418823,0.8969401380909826,0.06813597765089974,0.06813597765089974,0.31577118710037283,1
closed_loop,4,84,0.05704383630544174,0.07762851018515486,0.9603058430268838,0.8826780459023174,0.07762779712456647,0.07762779712456647,0.33776866730187316,1
closed_loop,4,85,0.06236502124194122,0.08428177484876331,0.9568869171967265,0.8726056477013261,0.08428126949540038,0.08428126949540038,0.3531714066623775,1
closed_loop,4,86,0.069274461037087,0.09279817072026036,0.9524455994659714,0.8596478191763591,0.09279778028961227,0.09279778028961227,0.3722216034490395,1
closed_loop,4,87,0.07573797324434069,0.10132235332299201,0.9481177720549789,0.8467956947815725,0.10132207727340647,0.10132207727340647,0.3891991090543263,1
closed_loop,4,88,0.08047763737257474,0.10717104214068458,0.9450280809138409,0.8378573770267724,0.10717070388706851,0.10717070388706851,0.40119231640841463,1
closed_loop,4,89,0.0851890697389511,0.11263531424873077,0.9421262929654763,0.8294912855233093,0.11263500744216703,0.11263500744216703,0.41276886931780865,1
closed_loop,4,90,0.11114983183492938,0.12981088072409117,0.9437421652688917,0.8139312845448006,0.12981088072409108,0.12981088072409108,0.47148665269534273,1
closed_loop,4,91,0.12047676395157131,0.13971327167404188,0.9394600651579352,0.7997467934838931,0.13971327167404213,0.13971327167404213,0.49087017418370676,1
closed_loop,4,92,0.13085789756108435,0.15169886751129583,0.934285486919847,0.7825866194085512,0.1516988675112958,0.1516988675112958,0.5115816602676143,1
closed_loop,4,93,0.13526818964678497,0.15542571277897885,0.9326634107645634,0.7772376979855846,0.15542571277897876,0.15542571277897876,0.5201311174055729,1
closed_loop,4,94,0.1410025113368684,0.16143964210665565,0.9300573850407441,0.7686177429340885,0.16143964210665562,0.16143964210665562,0.5310414509939283,1
closed_loop,4,95,0.14559325052475733,0.1660629925737075,0.9280552249864237,0.7619922324127163,0.16606299257370738,0.16606299257370738,0.539616994774548,1
closed_loop,4,96,0.14883437912244576,0.16758148283306512,0.9273859247972829,0.7598044419642178,0.16758148283306507,0.16758148283306507,0.5455902842288264,1
closed_loop,4,97,0.1542365664667436,0.17305021602445728,0.9250124933071981,0.751962277282741,0.17305021602445714,0.17305021602445714,0.5554035766300819,1
closed_loop,4,98,0.1564727518790843,0.1753230843959798,0.9240292037980548,0.748706119402075,0.17532308439597977,0.17532308439597977,0.5594153231349394,1
closed_loop,4,99,0.16144223751274836,0.17957361942151345,0.9221800935941569,0.7426064741726435,0.1795736194215134,0.1795736194215134,0.5682292451339483,1
closed_loop,5,0,0.001394049903179855,0.00042234978161974904,0.9995131180968787,0.9999343277891816,-0.00042120969230285965,0.00042120969230285965,0.05280246023017971,1
closed_loop,5,1,0.0013281672057388755,0.00039479265182170266,0.9995490103401101,0.9999430038940522,-0.0003939935539420958,0.0003939935539420958,0.05153963922533559,1
closed_loop,5,2,0.0012588858510854159,0.00037087180625722867,0.999578156729051,0.9999480151921747,-0.0003698584631236512,0.0003698584631236512,0.050177402305926835,1
closed_loop,5,3,0.0011772221656157207,0.0003387984352249711,0.9996187227201,0.9999570980589261,-0.0003383753388260802,0.0003383753388260802,0.0485226166981073,1
closed_loop,5,4,0.0011413551283192946,0.00032663172246989616,0.9996343990112215,0.9999606179660784,-0.0003262189548568495,0.0003262189548568495,0.047777717155998455,1
closed_loop,5,5,0.001118567771508852,0.00031844421310382276,0.9996455640017232,0.9999637197629014,-0.0003181557611782182,0.0003181557611782182,0.04729836723416258,1
closed_loop,5,6,0.0010810941737013102,0.00030370567831713,0.9996634892800781,0.999966946160949,-0.000303456880870967,0.000303456880870967,0.046499337064119746,1
closed_loop,5,7,0.001109717309508825,0.0003123688218780188,0.9996546832721858,0.999966825863322,-0.0003121425911362108,0.0003121425911362108,0.047110875803975986,1
closed_loop,5,8,0.0010462462864384995,0.0002951994480535661,0.9996749736861352,0.9999699761382169,-0.00029500245208169407,0.00029500245208169407,0.04574377086420619,1
closed_loop,5,9,0.0010413104898638766,0.00029322124289752043,0.9996781261809993,0.9999711649726567,-0.0002930387916574295,0.0002930387916574295,0.04563574234881858,1
closed_loop,5,10,0.0019537038773837865,0.0004929433484767693,0.9994752218428304,0.9999681052761893,-0.0004928834333588483,0.0004928834333588483,0.06250926135195946,1
closed_loop,5,11,0.0020256792531738533,0.0005249898757745279,0.9994391899846047,0.9999641180231109,-0.0005249280385062338,0.0005249280385062338,0.0636502828457793,1
closed_loop,5,12,0.002238774292041607,0.0006050944556925352,0.9993480925638115,0.9999531173471079,-0.0006050247832963818,0.0006050247832963818,0.0669144871016973,1
closed_loop,5,13,0.002454046409801308,0.0006937343861599291,0.9992452338896143,0.9999388901538958,-0.000693656264281528,0.000693656264281528,0.07005778200601712,1
closed_loop,5,14,0.0029474763395270754,0.0008864481734829965,0.9990207618839506,0.999907068091455,-0.0008863062075044059,0.0008863062075044059,0.07677859518807408,1
closed_loop,5,15,0.0035194609425331733,0.001142143621342783,0.99870897154171,0.9998504218706644,-0.0011414503289544076,0.0011414503289544076,0.08389828296852295,1
closed_loop,5,16,0.004381695662222418,0.0014626036391925893,0.9983354882973955,0.9997978176115483,-0.0014623293141527993,0.0014623293141527993,0.09361298694329134,1
closed_loop,5,17,0.005239395294709197,0.0018662006186456722,0.9978363474549968,0.9997021245807061,-0.0018657771257092337,0.0018657771257092337,0.10236596401840992,1
closed_loop,5,18,0.0065713086425894275,0.002468482901956548,0.9970905367520276,0.9995582405740746,-0.002467703822046974,0.002467703822046974,0.1146412547261188,1
closed_loop,5,19,0.00857836867092493,0.003438378538081223,0.9958666773539006,0.999302187492216,-0.003435510138315445,0.003435510138315445,0.13098372930196275,1
closed_loop,5,20,0.017720676954599262,0.006690432964658238,0.9922024115585668,0.9988922623317569,-0.006689850773190065,0.006689850773190065,0.18825874191972738,1
closed_loop,5,21,0.023107154285923876,0.009160927296071465,0.989222712799177,0.9983826672867375,-0.009159954487560573,0.009159954487560573,0.2149751347757404,1
closed_loop,5,22,0.03072785303580531,0.01290678535692005,0.9846170996422965,0.9975225536996969,-0.0129054540574004,0.0129054540574004,0.24790261408789263,1
closed_loop,5,23,0.03913885502958118,0.01744225304560342,0.9790191599908499,0.9964592944070318,-0.017440134416181974,0.017440134416181974,0.2797815398827492,1
closed_loop,5,24,0.04889462446056172,0.02284550931456587,0.9723169821051086,0.9951603970320005,-0.022843414926891903,0.022843414926891903,0.31271272587012416,1
closed_loop,5,25,0.06037878237625391,0.029545072570437547,0.9639086068643602,0.9934504449104313,-0.029541838046071134,0.029541838046071134,0.34750189172507795,1
closed_loop,5,26,0.07551765205346776,0.03923325144002919,0.951375511971484,0.9906050254706201,-0.03922951349913617,0.03922951349913617,0.3886326081364449,1
closed_loop,5,27,0.08707203116884704,0.047762573019170584,0.9401675215666144,0.9879261883486208,-0.047758666782006354,0.047758666782006354,0.417305718074524,1
closed_loop,5,28,0.09999732176120853,0.058702805836103926,0.9245326141662876,0.9832299212764042,-0.05869730711011656,0.05869730711011656,0.44720760673586163,1
closed_loop,5,29,0.1129218427715007,0.06939451037857665,0.9092292403717233,0.9786146395188787,-0.06938539914715547,0.06938539914715547,0.47523013955661675,1
closed_loop,5,30,0.16307875420595985,0.09634269713929663,0.8761645833772543,0.972504784275045,-0.09634020089779072,0.09634020089779072,0.5711020122639384,1
closed_loop,5,31,0.1737927162827571,0.10843027056570487,0.8561080999282594,0.9645357469955471,-0.10842764706728769,0.10842764706728769,0.5895637646306922,1
closed_loop,5,32,0.18332785681604857,0.12027138929200792,0.8361946149766148,0.9564589393530881,-0.12026432437647328,0.12026432437647328,0.6055210265813212,1
closed_loop,5,33,0.18448994836850902,0.1289885998126058,0.8168369950874139,0.94581518298618,-0.12897818789876603,0.12897818789876603,0.6074371545575872,1
closed_loop,5,34,0.19035192220913327,0.14174886707534665,0.7899616397440087,0.9317031414625616,-0.14174150171855293,0.14174150171855293,0.6170120293951055,1
closed_loop,5,35,0.19478804533192062,0.15454533641251098,0.7604797049209456,0.9150148256985596,-0.154535120777614,0.154535120777614,0.6241603084655746,1
closed_loop,5,36,0.1918530748435463,0.16251837494040364,0.7347853696662556,0.8972945529151616,-0.16250918324890595,0.16250918324890595,0.6194401905649105,1
closed_loop,5,37,0.18926846722592833,0.17096251902989834,0.7067358824792156,0.8776886315263748,-0.17095274904715918,0.17095274904715918,0.6152535529778407,1
closed_loop,5,38,0.18645536673789637,0.18230714656525043,0.6673382722081899,0.8496377063120394,-0.18229943410384952,0.18229943410384952,0.6106641740562424,1
closed_loop,5,39,0.18210335984645962,0.19004167703741384,0.6317692658021877,0.8218034058259039,-0.1900341400237162,0.1900341400237162,0.6034954181208995,1
closed_loop,5,40,0.15122761020967793,0.17689303152590244,0.6099877483975591,0.78674449221958,-0.1767567438220209,0.1767567438220209,0.5499592897836674,1
closed_loop,5,41,0.14549263618729247,0.18259551515429376,0.5755296464238608,0.7579806517201543,-0.18245100529629343,0.18245100529629343,0.5394305074563219,1
closed_loop,5,42,0.1379495324225116,0.18621335478174936,0.5441494769048082,0.7302257584869194,-0.1860762815821112,0.1860762815821112,0.525260949286184,1
closed_loop,5,43,0.1325364212186879,0.1908604201358349,0.5113745214769132,0.7021015370258461,-0.1907270155489329,0.1907270155489329,0.5148522530176748,1
closed_loop,5,44,0.12698300365315388,0.19271044000151097,0.4936121442335207,0.6861981344185656,-0.1925859901850449,0.1925859901850449,0.5039504016332438,1
closed_loop,5,45,0.12329717455304437,0.19525861478608908,0.4780382802248126,0.6731747524595539,-0.19513647223474134,0.19513647223474134,0.4965826709683784,1
closed_loop,5,46,0.1206049009790578,0.1972654348580952,0.46608535761967423,0.6632333454224741,-0.1971479878027999,0.1971479878027999,0.49113114537576985,1
closed_loop,5,47,0.11901309977400307,0.19830597796250624,0.45940689567872295,0.6575964838320532,-0.1981895881533302,0.1981895881533302,0.4878792878858521,1
closed_loop,5,48,0.11757472549344351,0.1984729014000408,0.45742041460820415,0.6557797884402177,-0.19835937383201352,0.19835937383201352,0.4849221081646897,1
closed_loop,5,49,0.1175861450308157,0.19836165860849267,0.4586305645716209,0.6568812418243758,-0.19825067725275491,0.19825067725275491,0.48494565681283447,1
closed_loop,5,50,0.07971993977478621,0.15619411617432927,0.5068809085631028,0.6621520450704789,-0.15527113650737612,0.15527113650737612,0.3992992355985326,1
closed_loop,5,51,0.07972146608030206,0.154586493861171,0.5149707770647199,0.6686915905177234,-0.15372081345300348,0.15372081345300348,0.39930305804063676,1
closed_loop,5,52,0.07853074534957938,0.15176413720048346,0.5227348915746113,0.6736894414119742,-0.1509545498373629,0.1509545498373629,0.3963098417894246,1
closed_loop,5,53,0.07949973486304446,0.14925423725971362,0.5387506132255637,0.6872167548820939,-0.14846614165653016,0.14846614165653016,0.39874737582345154,1
closed_loop,5,54,0.07992289157782796,0.1455037521451379,0.5599913894225838,0.7048309331561152,-0.14483954373353147,0.14483954373353147,0.3998071824713207,1
closed_loop,5,55,0.08119640318678237,0.14303430613607182,0.576803257731009,0.7191834715238268,-0.14238021379281773,0.14238021379281773,0.4029799081512188,1
closed_loop,5,56,0.08099296274652715,0.13915914119004172,0.5943080967571758,0.7328191790681766,-0.13851108231100084,0.13851108231100084,0.4024747513733679,1
closed_loop,5,57,0.0802135205812601,0.13328693681879414,0.6174198469768682,0.750102031974583,-0.13268218499771478,0.13268218499771478,0.4005334457476931,1
closed_loop,5,58,0.08025961809975027,0.12832492618669708,0.6400866814351269,0.7678237772333772,-0.12773709579825032,0.12773709579825032,0.4006485195274039,1
closed_loop,5,59,0.0804515812404598,0.12269194654923671,0.6666655555077207,0.7887937795138122,-0.12212822400609158,0.12212822400609158,0.4011273644129999,1
closed_loop,5,60,0.0687477400453768,0.10525145955690839,0.7057991511159433,0.8101831381527181,-0.10438398703677487,0.10438398703677487,0.3708038296603119,1
closed_loop,5,61,0.06749836598357878,0.09739959129293316,0.7370977723984696,0.8336954640255541,-0.09659769162708443,0.09659769162708443,0.36741901416115846,1
closed_loop,5,62,0.06629755396921264,0.0903961526295257,0.7648102801669769,0.8545088192077183,-0.08969853904074132,0.08969853904074132,0.3641361118296636,1
closed_loop,5,63,0.06616345244151295,0.0841226994980313,0.7937488455439279,0.8773053578950614,-0.08355651235113348,0.08355651235113348,0.36376765233185027,1
closed_loop,5,64,0.06504320016493094,0.07727522976089707,0.8219950290828039,0.8988261691287086,-0.07683114004590474,0.07683114004590474,0.3606749233449172,1
closed_loop,5,65,0.06474178840724036,0.07207112415244661,0.843767639740581,0.9154636107248457,-0.07169597098426472,0.07169597098426472,0.35983826480028597,1
closed_loop,5,66,0.06469626946571584,0.06686461303993245,0.8662010751431575,0.9327804808606014,-0.06657940571744392,0.06657940571744392,0.3597117442222754,1
closed_loop,5,67,0.06481853264467922,0.06183347603393964,0.8888916491511284,0.9505012002168367,-0.06160955106570831,0.06160955106570831,0.36005147588832137,1
closed_loop,5,68,0.0666983517198517,0.06102602007413815,0.8933403601871077,0.9541806790873067,-0.06084031890019903,0.06084031890019903,0.3652351344540985,1
closed_loop,5,69,0.06483748966549638,0.05900745738065451,0.8997222807716734,0.9585720713079832,-0.05884979053630979,0.05884979053630979,0.360104122901964,1
closed_loop,5,70,0.004566613161261223,0.011567133860605771,0.9690182840279251,0.961515634745121,0.007502649282804086,0.007502649282804086,0.09556791471264006,1
closed_loop,5,71,0.004518285334274353,0.011553044972527684,0.9693380944590831,0.9618045524936599,0.007533541965423218,0.007533541965423218,0.09506087874908746,1
closed_loop,5,72,0.004623571731614458,0.01206260356782792,0.9681951862636705,0.9604527836574994,0.007742402606171095,0.007742402606171095,0.09616206873413714,1
closed_loop,5,73,0.0047717852610200135,0.012508067805500787,0.9661754405468486,0.9582940643853713,0.007881376161477216,0.007881376161477216,0.09769119981881698,1
closed_loop,5,74,0.004388141776736715,0.012271000974012373,0.9657334877858929,0.9583114332404483,0.007422054545444534,0.007422054545444534,0.09368182082706031,1
closed_loop,5,75,0.005187436152491591,0.014540385329825739,0.9599546477537683,0.950451914274513,0.009502733479255232,0.009502733479255232,0.1018571171052037,1
closed_loop,5,76,0.005387056014809127,0.015519719260255886,0.956852404026176,0.9465851468389549,0.010267257187221102,0.010267257187221102,0.10379842016918299,1
closed_loop,5,77,0.006078274926440669,0.017561236912642234,0.9510659840436301,0.9390515294000514,0.012014454643578643,0.012014454643578643,0.1102567451582049,1
closed_loop,5,78,0.006705491435445241,0.01942760552747855,0.9458523828251676,0.9322766632200418,0.013575719605125824,0.013575719605125824,0.1158057980883966,1
closed_loop,5,79,0.007716839150140909,0.02210643711761884,0.9387206182062289,0.9225398945041186,0.016180723702110322,0.016180723702110322,0.12423235609245209,1
closed_loop,5,80,0.03636670979227136,0.05179422738375081,0.9717863660679738,0.919992552316667,0.05179381375130676,0.05179381375130676,0.26969134132289585,1
closed_loop,5,81,0.04179182506111201,0.059096974555528495,0.96788199506803,0.908785306679469,0.05909668838856097,0.05909668838856097,0.2891083708961469,1
closed_loop,5,82,0.044252520091252974,0.062443338688717646,0.966082601884633,0.9036394486033669,0.06244315328126615,0.06244315328126615,0.2974979666863388,1
closed_loop,5,83,0.048497965850706294,0.06706842882775019,0.9635318991471186,0.8964636177982269,0.06706828134889165,0.06706828134889165,0.31144169871970034,1
closed_loop,5,84,0.054412979698477526,0.07457985889237395,0.9595030960124692,0.8849233285693621,0.07457976744310713,0.07457976744310713,0.3298877981934995,1
closed_loop,5,85,0.06184653327496961,0.08405635570277867,0.9544607617977177,0.8704044763803362,0.08405628541738142,0.08405628541738142,0.35170025099499036,1
closed_loop,5,86,0.06894524496138686,0.0924768506236308,0.9499826592045423,0.857505843356249,0.09247681584829326,0.09247681584829326,0.37133608755785336,1
closed_loop,5,87,0.07750350769872712,0.10292156228069275,0.9443783406021197,0.841456790427764,0.10292155017435567,0.10292155017435567,0.39370930316345615,1
closed_loop,5,88,0.08561090695847995,0.11295480354622413,0.9390588156700407,0.8261040142097642,0.11295480146027648,0.11295480146027648,0.41378957685877,1
closed_loop,5,89,0.09141952769497075,0.12041904379047778,0.9351463248626937,0.8147272831581635,0.12041904170453022,0.12041904170453022,0.42759683744146365,1
closed_loop,5,90,0.12722465787631085,0.14291797012614083,0.9379615535277775,0.7950435834016367,0.14291797012614083,0.14291797012614083,0.5044296935675195,1
closed_loop,5,91,0.1383311713080282,0.1538990918541328,0.9331925517741039,0.779293459919971,0.15389909185413286,0.15389909185413286,0.5259870175356578,1
closed_loop,5,92,0.14425308032230796,0.160102486441164,0.9304902342271257,0.7703877477859618,0.16010248644116398,0.16010248644116398,0.5371276949149205,1
closed_loop,5,93,0.14692995827312177,0.1613663219265728,0.929924402298915,0.7685580803723423,0.16136632192657274,0.16136632192657274,0.5420884766772335,1
closed_loop,5,94,0.15539050824329645,0.17032678095660625,0.9260359667687338,0.7557091858121274,0.17032678095660636,0.17032678095660636,0.5574773685869167,1
closed_loop,5,95,0.1590357511981267,0.17416347082372147,0.924366731677027,0.7502032608533055,0.17416347082372152,0.17416347082372152,0.5639782818480278,1
closed_loop,5,96,0.16036783037471922,0.1744191387937299,0.9242399296672023,0.7498207908734723,0.17441913879372994,0.17441913879372994,0.5663352900441915,1
closed_loop,5,97,0.16571039916748037,0.180109407984955,0.9217703414631679,0.7416609334782129,0.180109407984955,0.180109407984955,0.5756915826507808,1
closed_loop,5,98,0.1673849591895996,0.18263119634895023,0.9206774120651087,0.7380462157161585,0.1826311963489502,0.1826311963489502,0.5785930507525987,1
closed_loop,5,99,0.1675019581880594,0.1835326113084297,0.9202930409576868,0.736760429649257,0.1835326113084298,0.1835326113084298,0.578795228363295,1
closed_loop,6,0,0.0011112525825540376,0.00036080122277515597,0.9995771526340843,0.9999337799358666,-0.0003566273017823196,0.0003566273017823196,0.047143453046081335,1
closed_loop,6,1,0.0010614332238211865,0.00033773663265274296,0.9996078422160634,0.9999426053925025,-0.00033476317643910125,0.00033476317643910125,0.046074574850370274,1
closed_loop,6,2,0.001010375130794569,0.0003188543154821827,0.999631734419219,0.9999480426054216,-0.00031630818620254075,0.00031630818620254075,0.044952755884251835,1
closed_loop,6,3,0.0009885529392123743,0.0003108689495295847,0.9996428550643737,0.9999517658700199,-0.000308910805646212,0.000308910805646212,0.04446465875754303,1
closed_loop,6,4,0.0009618775761382627,0.00030007833066073334,0.9996577921698141,0.99995650815167,-0.00029871598185593484,0.00029871598185593484,0.043860633286314114,1
closed_loop,6,5,0.0009292677906171104,0.0002885520304902778,0.9996720781918782,0.9999595853813354,-0.00028750718945724785,0.00028750718945724785,0.043110736264116635,1
closed_loop,6,6,0.0008931593260037544,0.00027562870567538134,0.9996881950332954,0.9999628841931394,-0.000274689159843966,0.000274689159843966,0.04226486308989429,1
closed_loop,6,7,0.0008891110724531215,0.00027415890287123295,0.9996902967035055,0.9999637500653746,-0.00027345336186912483,0.00027345336186912483,0.04216897135224243,1
closed_loop,6,8,0.0008777473238328089,0.00027041070989166526,0.9996965143573059,0.9999663942184297,-0.0002698798611238118,0.0002698798611238118,0.04189862345788484,1
closed_loop,6,9,0.0008508200151008656,0.0002612626255006134,0.999708426009548,0.9999692708268748,-0.00026084481732679965,0.00026084481732679965,0.041250939749316394,1
closed_loop,6,10,0.0015540514390247832,0.00042867811976981824,0.9995377656473339,0.9999662543792792,-0.0004284887319453423,0.0004284887319453423,0.05575036213379754,1
closed_loop,6,11,0.0016624633237683276,0.0004727299479509539,0.9994877299740207,0.9999603172301461,-0.00047258725612542296,0.00047258725612542296,0.05766217692332345,1
closed_loop,6,12,0.0018880419617332644,0.0005617230955851938,0.999384695918892,0.9999462622961683,-0.0005615663772763346,0.0005615663772763346,0.0614498488481992,1
closed_loop,6,13,0.00219295483768384,0.0006862131129741953,0.9992378486380401,0.9999238511650257,-0.0006860025269855852,0.0006860025269855852,0.06622620082239113,1
closed_loop,6,14,0.0026540929597443016,0.0008703074736678229,0.999019999717655,0.9998900315688252,-0.0008700318511701832,0.0008700318511701832,0.07285729832685675,1
closed_loop,6,15,0.0032936751692269495,0.0011363445160846853,0.9986997083652002,0.9998356354857223,-0.0011359271205221289,0.0011359271205221289,0.08116249342186266,1
closed_loop,6,16,0.004115987198768694,0.001495861472755819,0.9982585778397864,0.999753734476942,-0.0014951566371556035,0.0014951566371556035,0.09073022868668076,1
closed_loop,6,17,0.005266577260466917,0.002024500588688453,0.9975974619032185,0.9996203680466135,-0.0020229061433949536,0.0020229061433949536,0.10263115765172794,1
closed_loop,6,18,0.006745816385342547,0.002691466808427749,0.9967661229762117,0.9994556886540922,-0.002689565677880479,0.002689565677880479,0.11615348798329345,1
closed_loop,6,19,0.008725306314476402,0.0036636017731215527,0.9955266069771181,0.9991860267480638,-0.0036594197709456378,0.0036594197709456378,0.13210076695066084,1
closed_loop,6,20,0.01937277006127866,0.007523982922771342,0.9910931790929404,0.9986154376501262,-0.007522258557185801,0.007522258557185801,0.19683886842429602,1
closed_loop,6,21,0.02502589369739291,0.010245720444908294,0.9876806636949979,0.9979240954487378,-0.010243431753739984,0.010243431753739984,0.2237225679156795,1
closed_loop,6,22,0.03152638417704116,0.01361056330825168,0.9835081861313321,0.9971159435230137,-0.01360775739168163,0.01360775739168163,0.25110310303555056,1
closed_loop,6,23,0.04059963011932652,0.018446639186655355,0.9774433528612678,0.9958853450063071,-0.018441992145039277,0.018441992145039277,0.284954838945846,1
closed_loop,6,24,0.052031770452589644,0.02487779369900903,0.9692640749787529,0.9941381573591805,-0.024874082380427653,0.024874082380427653,0.32258881088032065,1
closed_loop,6,25,0.06530190621386349,0.033022992889622425,0.9588086200591394,0.9918279446562535,-0.0330193245971141,0.0330193245971141,0.3613914946809443,1
closed_loop,6,26,0.08061613772574165,0.042887803846264595,0.9457896443532502,0.9886725371384855,-0.04288289278523527,0.04288289278523527,0.40153738985489673,1
closed_loop,6,27,0.09433787266369821,0.05285755990796563,0.9319002599206131,0.9847532818628725,-0.05285302194225938,0.05285302194225938,0.43436821399291686,1
closed_loop,6,28,0.10786327121243389,0.06353188271967417,0.9172111683711428,0.9807390872396955,-0.06352791886855269,0.06352791886855269,0.46446371486357013,1
closed_loop,6,29,0.1222001827479757,0.07533634120441055,0.8999803334351121,0.9753138464346621,-0.07533351299955005,0.07533351299955005,0.49436865343178,1
closed_loop,6,30,0.17528558546717274,0.10395379275247475,0.8618734853001134,0.9658233661315292,-0.10394988083141576,0.10394988083141576,0.5920905090730179,1
closed_loop,6,31,0.18600881172544856,0.11733120214409364,0.8394434036207203,0.9567694672824051,-0.11732606366168474,0.11732606366168474,0.609932474500987,1
closed_loop,6,32,0.194472474822958,0.12970251192450746,0.816667818932321,0.9463640170201449,-0.12969619808782396,0.12969619808782396,0.6236545114451719,1
closed_loop,6,33,0.20046954413396412,0.1411507079542869,0.7937904173506978,0.9349329392699428,-0.14114252191924503,0.14114252191924503,0.6331975112616349,1
closed_loop,6,34,0.2042364427072394,0.15263380384481284,0.7678912746891933,0.9205142920566851,-0.15262301736749184,0.15262301736749184,0.6391188351273015,1
closed_loop,6,35,0.20481326517269394,0.16433873904145468,0.7377432801990285,0.902069730132905,-0.16432644993387657,0.16432644993387657,0.6400207264967189,1
closed_loop,6,36,0.20446095034592976,0.17531226348006296,0.7039694113209553,0.8792660984598867,-0.17529668713893143,0.17529668713893143,0.6394700154752054,1
closed_loop,6,37,0.20026910949630888,0.18327226342808833,0.6730072099200591,0.8562623568549383,-0.1832551469348792,0.1832551469348792,0.6328808884716126,1
closed_loop,6,38,0.19426968141765888,0.19129006759578868,0.6377636190206993,0.8290382995797021,-0.19127468055900276,0.19127468055900276,0.6233292571629522,1
closed_loop,6,39,0.18819946234020288,0.19807425421850242,0.6037554386657088,0.8018136612372643,-0.19805822257155548,0.19805822257155548,0.6135135896460695,1
closed_loop,6,40,0.1416814931188298,0.16721892699370056,0.5978748008703284,0.7646064631271567,-0.16673166225682834,0.16673166225682834,0.5323185007471182,1
closed_loop,6,41,0.13282533218248035,0.16944198013358538,0.5669724432248122,0.7358682155960569,-0.16889577237124465,0.16889577237124465,0.5154131006920184,1
closed_loop,6,42,0.12481818290349642,0.17090525778551138,0.538076879508617,0.7083951389923961,-0.1703182594837791,0.1703182594837791,0.4996362334809124,1
closed_loop,6,43,0.11969845873716624,0.1736875921872546,0.5110871988618535,0.6841224614317741,-0.17303526256992063,0.17303526256992063,0.48928204286927646,1
closed_loop,6,44,0.11299923337545072,0.17525115400805957,0.48599021723090097,0.660520568850251,-0.17453035161935004,0.17453035161935004,0.475392960350594,1
closed_loop,6,45,0.10852291204287257,0.17625525397930414,0.4726048057778643,0.6481203007990837,-0.17551549502121938,0.17551549502121938,0.46588177050164253,1
closed_loop,6,46,0.10437810425966382,0.17604772509310163,0.4651237917424375,0.6404222528758304,-0.17529846113339292,0.17529846113339292,0.45689846631317077,1
closed_loop,6,47,0.10063588029848985,0.17517551688622054,0.4597360297072519,0.6341833166635198,-0.17444728695626788,0.17444728695626788,0.44863321388075994,1
closed_loop,6,48,0.09896993319989565,0.17503900564735683,0.45708305835842755,0.631421929920496,-0.1743388715620684,0.1743388715620684,0.4449043339862979,1
closed_loop,6,49,0.09862756209926568,0.17456657115831212,0.46465653143263513,0.6385343720107014,-0.17387784057806627,0.17387784057806627,0.4441341286126651,1
closed_loop,6,50,0.06607424033841434,0.1356178571294694,0.5174908030168307,0.6488581779284877,-0.13136737491165695,0.13136737491165695,0.36352232486716507,1
closed_loop,6,51,0.06674461290805977,0.1344364637772422,0.5269244811453074,0.6571096209709161,-0.13018513982560864,0.13018513982560864,0.3653617738846246,1
closed_loop,6,52,0.0662915404310804,0.13247637834562614,0.5386686440307057,0.6669899573270519,-0.12832131329634622,0.12832131329634622,0.3641195969213423,1
closed_loop,6,53,0.06665070814122785,0.13048835555731078,0.5511172474049028,0.6774667631834155,-0.12634951577851272,0.12634951577851272,0.36510466483250487,1
closed_loop,6,54,0.06712290873122642,0.12782743925337717,0.5670556170665331,0.6909078145863098,-0.12385219751977672,0.12385219751977672,0.36639571157759593,1
closed_loop,6,55,0.06732381459615189,0.12395087011148838,0.5860564558824612,0.7062040054460711,-0.12014754956360985,0.12014754956360985,0.3669436321729862,1
closed_loop,6,56,0.0668828304258215,0.11949439355076284,0.6056455910472693,0.7216768882692624,-0.11603129722199301,0.11603129722199301,0.36573988140705,1
closed_loop,6,57,0.06656236747273642,0.11421152218904486,0.631343952110603,0.7424025587575955,-0.11105860664699252,0.11105860664699252,0.3648626247582408,1
closed_loop,6,58,0.06694278497714519,0.11029461073302362,0.6518162531969584,0.759098502720936,-0.10728224952397769,0.10728224952397769,0.3659037714403753,1
closed_loop,6,59,0.06646798884917753,0.1044993230916795,0.6797514957952338,0.7814988767798183,-0.10174738098458458,0.10174738098458458,0.36460386407490947,1
closed_loop,6,60,0.056094326732838574,0.09018154808173671,0.7135871385857154,0.7992583995738898,-0.08567126098817435,0.08567126098817435,0.33494574704820057,1
closed_loop,6,61,0.05504979678795312,0.08483366159209589,0.7376057156380993,0.8182492735147959,-0.08064355787669664,0.08064355787669664,0.3318125880311147,1
closed_loop,6,62,0.05464674011511375,0.08017848933880978,0.7619428948672167,0.838357692712702,-0.07641479784548533,0.07641479784548533,0.3305956446026286,1
closed_loop,6,63,0.055475172574319734,0.07628080716213195,0.7863465833414399,0.8595161895872843,-0.07316960624584434,0.07316960624584434,0.33309209709724347,1
closed_loop,6,64,0.0545722575730682,0.07022724338743419,0.8147407714058629,0.8824559749525952,-0.06771520354673233,0.06771520354673233,0.330370269767327,1
closed_loop,6,65,0.053003685128769504,0.0638460836822722,0.8405880894769658,0.9024208517769571,-0.06183276229999124,0.06183276229999124,0.3255877305082902,1
closed_loop,6,66,0.05131089216744342,0.05739303991859207,0.8684276481067523,0.9244561461530456,-0.056028498046293285,0.056028498046293285,0.32034635058774563,1
closed_loop,6,67,0.049173961265176765,0.05085566370038699,0.8930726289009627,0.9430871265823244,-0.05001449768136168,0.05001449768136168,0.3136047233865484,1
closed_loop,6,68,0.04729060640305087,0.04664834732638399,0.9088378259297678,0.9549471194874166,-0.04610929355764881,0.04610929355764881,0.3075405872500437,1
closed_loop,6,69,0.047594364534664424,0.045853305748007736,0.9116392555837812,0.9570045982220834,-0.045365342638302164,0.045365342638302164,0.30852670722212827,1
closed_loop,6,70,0.005796323324824823,0.013057388315886582,0.9728357502722432,0.9638891907255127,0.008946559546730515,0.008946559546730515,0.10766915365901994,1
closed_loop,6,71,0.005889875996623967,0.013281388525170298,0.9726646919736337,0.9635511937599038,0.009113498213729865,0.009113498213729865,0.1085345658914612,1
closed_loop,6,72,0.00590339302774082,0.013647048831318304,0.9725647991911743,0.963211448176268,0.009353351014906308,0.009353351014906308,0.10865903577467288,1
closed_loop,6,73,0.005956537173791253,0.014003735968295038,0.9720032759019794,0.962233404650723,0.00976987125125639,0.00976987125125639,0.10914703086929349,1
closed_loop,6,74,0.006790656707901501,0.016124988536397468,0.9688928969485975,0.956957968610327,0.011934928338270478,0.011934928338270478,0.11653889228838157,1
closed_loop,6,75,0.007198754308827843,0.01769574256418134,0.9665615491583723,0.9532093435098095,0.013352205648562876,0.013352205648562876,0.11998961879119246,1
closed_loop,6,76,0.008046648960251661,0.019600145313078753,0.9623142044558206,0.9475145027089052,0.014799701746915361,0.014799701746915361,0.12685936276248325,1
closed_loop,6,77,0.008400887684741164,0.0206520606794316,0.9610138051918555,0.9451982756587337,0.01581552953312182,0.01581552953312182,0.12962166242369494,1
closed_loop,6,78,0.00990607589336645,0.024285516888898493,0.9538560163467283,0.934714946940165,0.01914106940656335,0.01914106940656335,0.140755645665575,1
closed_loop,6,79,0.010702765884077535,0.025863324987965394,0.9505525135122309,0.9300470719735654,0.020505441538665514,0.020505441538665514,0.14630629435589937,1
closed_loop,6,80,0.03779479065842464,0.052951730382775467,0.9722915992482831,0.9193496868738568,0.05294191237442636,0.05294191237442636,0.27493559485241137,1
closed_loop,6,81,0.04349301460535879,0.06014930017752776,0.9685664436198196,0.9084243333481159,0.060142110271703686,0.060142110271703686,0.29493394041838855,1
closed_loop,6,82,0.0483300296974743,0.06684755711148734,0.9650686333668586,0.8982275154010311,0.06684111796582748,0.06684111796582748,0.31090200931314127,1
closed_loop,6,83,0.05511575601372909,0.0763267104134461,0.960260042211887,0.8839394581028696,0.07632058410901743,0.07632058410901743,0.3320113131016143,1
closed_loop,6,84,0.06131476160494152,0.08370336372957178,0.95635496047581,0.8726579780964484,0.08369698237936163,0.08369698237936163,0.35018498427243144,1
closed_loop,6,85,0.0665564449185626,0.09022617101953337,0.9528662183477271,0.862646573922475,0.0902196444252521,0.0902196444252521,0.3648463921119752,1
closed_loop,6,86,0.07431767856500614,0.1002321646197108,0.9476508653190278,0.8474256172452372,0.10022524807379052,0.10022524807379052,0.3855325629956726,1
closed_loop,6,87,0.0812975927316212,0.10824591036314056,0.9433442946662258,0.8351052139160104,0.10823908075021538,0.10823908075021538,0.4032309331676358,1
closed_loop,6,88,0.089392496300688,0.11805043926419095,0.9381594973288994,0.820115287937946,0.11804420939095339,0.11804420939095339,0.42282974422499653,1
closed_loop,6,89,0.09275749418619969,0.12177311435457,0.9361375035515187,0.8143701306648305,0.12176737288668815,0.12176737288668815,0.4307145091268686,1
closed_loop,6,90,0.12147428294657223,0.1393468414915084,0.939553681831978,0.8002068403404695,0.13934684149150844,0.13934684149150844,0.4928981293260753,1
closed_loop,6,91,0.13074249010616565,0.1498592281440935,0.9349975840028276,0.785138355858734,0.14985922814409358,0.14985922814409358,0.5113560209993927,1
closed_loop,6,92,0.14254965852591212,0.1614335539570886,0.9299680352008738,0.7685344812437852,0.16143355395708858,0.16143355395708858,0.5339469234407332,1
closed_loop,6,93,0.1467014808387224,0.1653460753220559,0.928265938180928,0.762919862858872,0.16534607532205592,0.16534607532205592,0.5416668364201789,1
closed_loop,6,94,0.15312607086191862,0.17342805540247988,0.924771358049946,0.7513433026474662,0.17342805540247985,0.17342805540247985,0.553400525590496,1
closed_loop,6,95,0.15709121934844145,0.1767647622141702,0.9233169787409672,0.746552216526797,0.17676476221417015,0.17676476221417015,0.5605197933141014,1
closed_loop,6,96,0.1654437168860469,0.18555623675269092,0.9195037015534197,0.7339474648007287,0.18555623675269095,0.18555623675269095,0.5752281580139256,1
closed_loop,6,97,0.16535744791077503,0.18509864474367232,0.919698445773294,0.7345998010296216,0.18509864474367232,0.18509864474367232,0.5750781649667722,1
closed_loop,6,98,0.16796557869975173,0.1883716117886963,0.9182811243238048,0.7299095125351086,0.1883716117886962,0.1883716117886962,0.5795956844210484,1
closed_loop,6,99,0.1706553009704175,0.19008488380041477,0.9175285487995753,0.7274436649991604,0.190084883800415,0.190084883800415,0.5842179404475996,1
closed_loop,7,0,0.001707025194539485,0.0005430673674963427,0.9993577987262099,0.9998974010713446,-0.0005396023451347265,0.0005396023451347265,0.05842987582631825,1
closed_loop,7,1,0.0016051147061945197,0.0004936481344525161,0.9994234191094957,0.9999146711522008,-0.0004912520427050593,0.0004912520427050593,0.05665888643795463,1
closed_loop,7,2,0.0015177488549763902,0.0004639682526564331,0.9994615177584701,0.9999236838894857,-0.00046216613101557336,0.00046216613101557336,0.055095351073868114,1
closed_loop,7,3,0.0014322197235725513,0.0004283565090378326,0.999508361362064,0.99993549235784,-0.0004271309957759595,0.0004271309957759595,0.05352045821127751,1
closed_loop,7,4,0.0013971136633934963,0.000415179348010396,0.9995257895873374,0.9999400534029382,-0.0004142638156008349,0.0004142638156008349,0.0528604514432765,1
closed_loop,7,5,0.001365728909689219,0.0003988191422467467,0.9995476067419361,0.9999456624763138,-0.00039805573437767805,0.00039805573437767805,0.05226335063290946,1
closed_loop,7,6,0.0013160609138333735,0.0003786654899761803,0.9995737515170858,0.9999518234909558,-0.0003780719738699645,0.0003780719738699645,0.051304208674013745,1
closed_loop,7,7,0.001267522567663818,0.00036552230808109055,0.9995897516743963,0.9999547936171937,-0.0003650419427974061,0.0003650419427974061,0.050349231725296824,1
closed_loop,7,8,0.0012503710952895919,0.0003598135934080395,0.9995977004439086,0.9999571264353952,-0.00035942599148663934,0.00035942599148663934,0.050007421355026734,1
closed_loop,7,9,0.0012532295243730552,0.0003610422929348306,0.9995976845760246,0.9999583283648595,-0.00036064378883493564,0.00036064378883493564,0.05006454882195694,1
closed_loop,7,10,0.002540344447664225,0.000639330255660821,0.9993126758192419,0.9999518477798801,-0.0006391719606382296,0.0006391719606382296,0.07127895127825921,1
closed_loop,7,11,0.002678658030029642,0.00068954529884519,0.9992563630161192,0.9999457388093487,-0.0006893757932294742,0.0006893757932294742,0.07319368866274799,1
closed_loop,7,12,0.0028799429094017543,0.0007650262780379438,0.999171148115421,0.9999359825617076,-0.0007648344462866108,0.0007648344462866108,0.07589391160563216,1
closed_loop,7,13,0.003340636939641247,0.0009404546903009751,0.9989663294994622,0.9999065357807146,-0.0009402062812524647,0.0009402062812524647,0.08173905969169509,1
closed_loop,7,14,0.003941997549354681,0.0011645030827275489,0.9987047495255267,0.9998689160620968,-0.0011641665365701437,0.0011641665365701437,0.08879186392181077,1
closed_loop,7,15,0.004813877523504667,0.0015092303657479348,0.9982916566607762,0.9998004526245321,-0.0015087959637558601,0.0015087959637558601,0.09812112436682192,1
closed_loop,7,16,0.005786816569955431,0.0019234285636941688,0.997780756268923,0.9997035947613491,-0.0019228384924260267,0.0019228384924260267,0.10758082143166069,1
closed_loop,7,17,0.007279350225837117,0.0025364221530128697,0.997022206359128,0.9995577121534612,-0.0025355057943332593,0.0025355057943332593,0.12065943996088425,1
closed_loop,7,18,0.008998581884067549,0.0033160723901215433,0.996041257525765,0.9993556878027452,-0.003314430276980196,0.003314430276980196,0.13415350822149638,1
closed_loop,7,19,0.011505283175652678,0.0045401029859492075,0.9944317551232823,0.9989690044372788,-0.004537249313996461,0.004537249313996461,0.1516923411095806,1
closed_loop,7,20,0.026661254129068394,0.009360763828330726,0.9888502744034836,0.9982071553830476,-0.009356880979563997,0.009356880979563997,0.23091666951118273,1
closed_loop,7,21,0.03345942396622996,0.012422607099569655,0.9850323288254104,0.9974498096825285,-0.012417480857118135,0.012417480857118135,0.2586867757200973,1
closed_loop,7,22,0.04159884175165558,0.016275250261408636,0.9801552378518081,0.9964234618859079,-0.016268224034099776,0.016268224034099776,0.2884400865055188,1
closed_loop,7,23,0.053432722036928934,0.022228306548580497,0.9725379520262031,0.994755933073324,-0.022217981047120916,0.022217981047120916,0.326902805240117,1
closed_loop,7,24,0.06269715031942306,0.02723578920720503,0.9660426840781567,0.9932663604900417,-0.027223676411884945,0.027223676411884945,0.3541105768525506,1
closed_loop,7,25,0.07883674229569908,0.03618661000748578,0.9544437720586243,0.9906129141598414,-0.03616914210121713,0.03616914210121713,0.397081206545208,1
closed_loop,7,26,0.09345903614727134,0.045600498158229544,0.9417967199282722,0.9873759010582173,-0.04557918112994508,0.04557918112994508,0.43234022747662826,1
closed_loop,7,27,0.10899841486677966,0.056751168006498556,0.926045711031425,0.9827654126759607,-0.05671970164453577,0.05671970164453577,0.46690130620245573,1
closed_loop,7,28,0.1214426777848428,0.06642349412619772,0.9120092014439316,0.9783917118318449,-0.06638251038791332,0.06638251038791332,0.49283400407204614,1
closed_loop,7,29,0.13257840713388105,0.07595494376002418,0.8975009698119543,0.973402651612929,-0.07590168180097479,0.07590168180097479,0.5149337960046535,1
closed_loop,7,30,0.21124658486735864,0.11172275840102582,0.8490414035771721,0.9605998392517244,-0.11155843567455237,0.11155843567455237,0.6499947459285477,1
closed_loop,7,31,0.22240717442833788,0.1233051631916026,0.8289640465359601,0.9520568312729576,-0.12309278473699747,0.12309278473699747,0.6669440372749994,1
closed_loop,7,32,0.21921409899813493,0.13006923942854,0.8123659689598614,0.9421616050051781,-0.12979563604531674,0.12979563604531674,0.6621391077381473,1
closed_loop,7,33,0.22735381278414332,0.14195079335225927,0.7879031749316293,0.929510011078839,-0.1416068361472097,0.1416068361472097,0.6743201209872701,1
closed_loop,7,34,0.22403979350243816,0.1507795656970814,0.7620197367078134,0.912355043752002,-0.15033530704418863,0.15033530704418863,0.6693874715027734,1
closed_loop,7,35,0.22496141017149412,0.16011782114713746,0.7346591579787696,0.8942838780470382,-0.15962472006826867,0.15962472006826867,0.6707628644632828,1
closed_loop,7,36,0.21727449954122402,0.16653630264107724,0.7078488323824083,0.8737787387238956,-0.1659299063414873,0.1659299063414873,0.6592033063345845,1
closed_loop,7,37,0.20919493924833793,0.172969762152076,0.6751621218785101,0.8474261657207078,-0.17226404384219773,0.17226404384219773,0.6468306412784384,1
closed_loop,7,38,0.20426135620867714,0.17922380964085305,0.6435942022432013,0.8220746800304387,-0.1784804777872374,0.1784804777872374,0.6391578149544558,1
closed_loop,7,39,0.19289174284199012,0.18349368884879705,0.6089063996199424,0.7915889569842532,-0.18268255736431083,0.18268255736431083,0.6211147121780165,1
closed_loop,7,40,0.15462350002624053,0.15895584133544358,0.6067457694809968,0.7596307055921226,-0.15288493611112586,0.15288493611112586,0.5560998112321933,1
closed_loop,7,41,0.14161141021162582,0.15865675555448122,0.5815100219315934,0.7337469313446741,-0.15223690941308066,0.15223690941308066,0.5321868284947041,1
closed_loop,7,42,0.13870236032483654,0.16422490061288642,0.5483684692782101,0.7058861859829528,-0.15751771670474268,0.15751771670474268,0.5266922447214056,1
closed_loop,7,43,0.128001537265611,0.16384952469671438,0.5230586935046194,0.679980108030024,-0.15692141452540453,0.15692141452540453,0.5059674639057555,1
closed_loop,7,44,0.11689553649253928,0.16209052386593864,0.5087722405284018,0.6639297074902136,-0.15515746696181187,0.15515746696181187,0.48351946494952874,1
closed_loop,7,45,0.11155094688938857,0.16385382853079627,0.48814056828289193,0.6450516049071738,-0.1569110366242819,0.1569110366242819,0.47233663184086955,1
closed_loop,7,46,0.10585021576757396,0.1620382337712811,0.4866961428886291,0.6420495912606874,-0.15535344837205828,0.15535344837205828,0.46010915176200085,1
closed_loop,7,47,0.10097172181496575,0.1606796416787156,0.48368353181343027,0.6376932427256413,-0.15400971091221105,0.15400971091221105,0.44938117854437504,1
closed_loop,7,48,0.09912656537097349,0.1596589369188751,0.4880614777402186,0.6412423250830739,-0.1531808473428553,0.1531808473428553,0.44525625289483245,1
closed_loop,7,49,0.0973054770696298,0.15775105590442393,0.4936245054891677,0.6450957176265726,-0.1514712121374049,0.1514712121374049,0.4411473156886026,1
closed_loop,7,50,0.06952557154041533,0.12927171786528974,0.5411451730345984,0.6546105127395065,-0.11346533970490813,0.11346533970490813,0.37289561955167916,1
closed_loop,7,51,0.06907334795074534,0.12762198429667823,0.5467307997924081,0.6591304652090533,-0.11239966541664514,0.11239966541664514,0.3716809060222097,1
closed_loop,7,52,0.06793820045147436,0.12527799577719356,0.5578059212188503,0.668629705782684,-0.11082378456383368,0.11082378456383368,0.36861416264564323,1
closed_loop,7,53,0.06653929157280981,0.12127975568257866,0.5737373316956866,0.6809672439846753,-0.1072299122889887,0.1072299122889887,0.36479937382843686,1
closed_loop,7,54,0.06603539132575456,0.11745168091471882,0.5933721149573964,0.6970282827784424,-0.10365616782104603,0.10365616782104603,0.363415440854553,1
closed_loop,7,55,0.06348218708151533,0.11183583065890959,0.6116041401537744,0.7102596213568494,-0.09865548120307499,0.09865548120307499,0.35632060586363884,1
closed_loop,7,56,0.06303393192744823,0.10759101819283481,0.6344035375574612,0.7301927911310961,-0.09578925357363499,0.09578925357363499,0.35506036649406036,1
closed_loop,7,57,0.06326692663536138,0.10352803681355735,0.6567858159915051,0.7492635105689452,-0.09247769457744015,0.09247769457744015,0.3557159727517486,1
closed_loop,7,58,0.06386077942735241,0.10035178187726843,0.6764667519219656,0.766328016531947,-0.08986126460998145,0.08986126460998145,0.35738153121657645,1
closed_loop,7,59,0.06377813775732374,0.09638475258247714,0.6976878011446537,0.7844207867924867,-0.08673298564783305,0.08673298564783305,0.3571502142161579,1
closed_loop,7,60,0.05349652467574245,0.0833029447309377,0.735784603808983,0.8074792056166625,-0.0716946018076795,0.0716946018076795,0.32709792012711564,1
closed_loop,7,61,0.05160467704195268,0.07686801454103814,0.7619890736175292,0.828784399523946,-0.06679532590641679,0.06679532590641679,0.32126212674995686,1
closed_loop,7,62,0.05116390396932617,0.07278244744876725,0.7807544664225237,0.8443761132020536,-0.06362164677952997,0.06362164677952997,0.31988718001609934,1
closed_loop,7,63,0.051087661883270116,0.0684626302983934,0.8027557063776175,0.8633138390084256,-0.060558132630808115,0.060558132630808115,0.3196487506100098,1
closed_loop,7,64,0.0500068457161333,0.06352443532970045,0.824966697286272,0.8818958193636551,-0.0569291220773831,0.0569291220773831,0.3162494133311026,1
closed_loop,7,65,0.04858599774839594,0.05855659744973233,0.8470017409868775,0.9000903954207793,-0.05308865443390176,0.05308865443390176,0.3117242298840305,1
closed_loop,7,66,0.04779467109731043,0.05326537609448559,0.87105640698531,0.9202085717926045,-0.04915216480729456,0.04915216480729456,0.3091752612914249,1
closed_loop,7,67,0.04568728460705387,0.04761780828692884,0.8921717354661338,0.9367156875579603,-0.04454395209182649,0.04454395209182649,0.3022822674489983,1
closed_loop,7,68,0.04496220766069089,0.04309919735559098,0.9094673443153626,0.9500167266254813,-0.04054938231011873,0.04054938231011873,0.2998739990752479,1
closed_loop,7,69,0.04415666526399053,0.0419522865257709,0.9127196621563689,0.9522600608773067,-0.03954039872093784,0.03954039872093784,0.2971755887147884,1
closed_loop,7,70,0.007397103954102985,0.016298787585995313,0.9707302278118797,0.9578936516357938,0.012836576176085912,0.012836576176085912,0.12163144292577463,1
closed_loop,7,71,0.007576728588835797,0.016631606485201306,0.9704803514225443,0.957510760867356,0.012969590555188315,0.012969590555188315,0.12309937927411167,1
closed_loop,7,72,0.007473051370911535,0.016851993762505534,0.9702854511605835,0.9572082893916187,0.013077161768964785,0.013077161768964785,0.12225425449375195,1
closed_loop,7,73,0.007525749217713272,0.016926634005216185,0.969407042279992,0.9565661710027592,0.012840871277232768,0.012840871277232768,0.12268454847871652,1
closed_loop,7,74,0.008504427807414481,0.01924884731315713,0.9658126999503668,0.9507556854713743,0.015057014478992437,0.015057014478992437,0.13041800341528373,1
closed_loop,7,75,0.00913428539667879,0.020904737513404006,0.9631349798550366,0.946626176203628,0.01650880365140861,0.01650880365140861,0.1351612769744263,1
closed_loop,7,76,0.009498492075908815,0.02172373792901143,0.961513144749203,0.9444994641204183,0.017013680628784722,0.017013680628784722,0.13782954745560774,1
closed_loop,7,77,0.010713150753024809,0.024406487599440613,0.957376744188432,0.9376610646299103,0.019715679558521715,0.019715679558521715,0.14637725747550273,1
closed_loop,7,78,0.011240744264220018,0.025206620580506833,0.9547090279059309,0.9343988059461833,0.020310221959747632,0.020310221959747632,0.14993828239792542,1
closed_loop,7,79,0.01342817709969187,0.02948737432371883,0.9468438560876575,0.9222725708060011,0.02457128528165642,0.02457128528165642,0.1638790840814768,1
closed_loop,7,80,0.044301335033503336,0.0568476092607852,0.9709097505574086,0.9140651047948677,0.05684464576254089,0.05684464576254089,0.29766200642172436,1
closed_loop,7,81,0.04704130339606077,0.06028038639046775,0.9692025814717878,0.9089256075302523,0.06027697394153553,0.06027697394153553,0.30672888157479,1
closed_loop,7,82,0.05463251075028463,0.06950311611343606,0.9645430717838498,0.8950427091649586,0.06950036261889114,0.06950036261889114,0.33055260020240235,1
closed_loop,7,83,0.061225098252506126,0.07810126327056434,0.9602475119459382,0.8821484323871676,0.0780990795587706,0.0780990795587706,0.3499288449170949,1
closed_loop,7,84,0.06682239975450045,0.08523689794060611,0.9566480447968801,0.8714132098483401,0.08523483494854,0.08523483494854,0.3655746155150832,1
closed_loop,7,85,0.0738552747891726,0.09397367000431284,0.9522738346665471,0.858301737190915,0.09397209747563218,0.09397209747563218,0.384331301845615,1
closed_loop,7,86,0.08105611131187752,0.10285438026140402,0.9477327461051569,0.8448800738704852,0.10285267223467165,0.10285267223467165,0.4026316214901098,1
closed_loop,7,87,0.08867190453567723,0.11220112904208283,0.9430501818641791,0.8308500380554136,0.11220014380876553,0.11220014380876553,0.42112208333374596,1
closed_loop,7,88,0.09389251954760326,0.11816917274020677,0.9399691338189327,0.8218010421551055,0.11816809166382714,0.11816809166382714,0.4333417116955239,1
closed_loop,7,89,0.09844953272736608,0.1228626710792535,0.937512485336894,0.814650582416458,0.12286190292043597,0.12286190292043597,0.44373310159907176,1
closed_loop,7,90,0.12364963839728939,0.1370729244776861,0.9407355113438534,0.8036625868661673,0.13707292447768604,0.13707292447768604,0.4972919432230717,1
closed_loop,7,91,0.12820658575308427,0.1409315966719689,0.9390688751603125,0.7981372788143495,0.14093159634596297,0.14093159634596297,0.5063725619602315,1
closed_loop,7,92,0.13590382156317296,0.14869363874366295,0.9357162896088088,0.7870226508651456,0.14869363874366326,0.14869363874366326,0.5213517460662676,1
closed_loop,7,93,0.14243736792169176,0.1545886148494032,0.933172676075734,0.7785840612263306,0.15458861484940334,0.15458861484940334,0.5337365790756555,1
closed_loop,7,94,0.14723459927281657,0.1588109422368562,0.9313455837540827,0.7725346415172264,0.15881094223685632,0.15881094223685632,0.5426501622091651,1
closed_loop,7,95,0.1545842826643579,0.1659094137654117,0.928279897595818,0.7623704838304063,0.16590941376541168,0.16590941376541168,0.5560292845963383,1
closed_loop,7,96,0.1597221451719803,0.1696310525502425,0.9266704193860009,0.7570393668357582,0.1696310525502427,0.1696310525502427,0.5651940289351619,1
closed_loop,7,97,0.16341070122229168,0.17308363170867347,0.9251810281215842,0.7520973964129105,0.1730836317086737,0.1730836317086737,0.571682956230622,1
closed_loop,7,98,0.16840603148421035,0.17860410972481774,0.9228010364035687,0.7441969266787509,0.17860410972481777,0.17860410972481777,0.5803551179824477,1
closed_loop,7,99,0.17105520190648463,0.18206916121275488,0.921310808869772,0.7392416476570173,0.18206916121275474,0.18206916121275474,0.5849020463402135,1
static,0,0,0.00043388809343124365,0.00016784485246041012,0.9997838779330925,0.9999444530636181,-0.00016057513052558647,0.00016057513052558647,0.029458041123986627,1
static,0,1,0.0004118606428301725,0.00015655128959096433,0.9998012775434053,0.9999527011385984,-0.00015142359519304538,0.00015142359519304538,0.02870054504117204,1
static,0,2,0.00040261073946449926,0.00015046036243247148,0.9998111288985511,0.9999575623812375,-0.00014643348268639222,0.00014643348268639222,0.02837642470306995,1
static,0,3,0.0003938423312138902,0.00014353290546067384,0.9998223359806727,0.9999637381773667,-0.0001414021966940071,0.0001414021966940071,0.02806572041526425,1
static,0,4,0.0003777471747627593,0.00013909478431779653,0.9998288761393904,0.9999660749285454,-0.00013719878915496864,0.00013719878915496864,0.027486257466696307,1
static,0,5,0.0003690940062093181,0.000133502091534912,0.9998376020619443,0.9999698309434166,-0.00013222888147235157,0.00013222888147235157,0.02716961561043211,1
static,0,6,0.00035535056921246486,0.00012954148218980512,0.9998430270700044,0.9999714780012516,-0.00012845093124724816,0.00012845093124724816,0.026658978570547855,1
static,0,7,0.0003475151783427088,0.00012709031340098158,0.9998472767829939,0.9999735187148671,-0.00012624193187316113,0.00012624193187316113,0.026363428393997197,1
static,0,8,0.0003387386763998391,0.00012578030177557594,0.9998484779907081,0.9999731096999956,-0.0001246317092875593,0.0001246317092875593,0.026028395125318005,1
static,0,9,0.00033823611169963544,0.00012530370169946376,0.9998500677616824,0.9999746325500204,-0.00012456478833799967,0.00012456478833799967,0.02600907963383693,1
static,0,10,0.0003328647468111418,0.00012553971010517738,0.9998497678009396,0.9999746251648746,-0.0001248573639349715,0.0001248573639349715,0.02580173431423329,1
static,0,11,0.00034701671131788113,0.00013574749313911987,0.9998349960621525,0.999969761848875,-0.0001347657867224461,0.0001347657867224461,0.026344514089953572,1
static,0,12,0.00037029656574289453,0.00015152007111757663,0.9998119820884089,0.9999620170662463,-0.00015003497783738773,0.00015003497783738773,0.02721384080731327,1
static,0,13,0.00042311826086092574,0.0001837106856402695,0.9997639280830206,0.9999450152729477,-0.00018108718992704276,0.00018108718992704276,0.029090144752507704,1
static,0,14,0.0004846656044208506,0.00022729894695224355,0.9996948139528934,0.9999172143918839,-0.00022240043899046658,0.00022240043899046658,0.03113408435849208,1
static,0,15,0.0005919400790854615,0.0002968454862113074,0.9995870311751931,0.9998753930410396,-0.00028836186584646484,0.00028836186584646484,0.0344075596078961,1
static,0,16,0.0007246923084268935,0.00038989078888347455,0.9994354514976969,0.9998114701923029,-0.00037601869460601733,0.00037601869460601733,0.03807078429522811,1
static,0,17,0.0009350283681100015,0.0005348492804941866,0.9992011932173269,0.9997147168090023,-0.0005135235916753356,0.0005135235916753356,0.043244152624603516,1
static,0,18,0.0011541233109214927,0.0007117550119101091,0.9988947523813052,0.9995717270051057,-0.0006769746238004526,0.0006769746238004526,0.048044215279708605,1
static,0,19,0.0015878730587668161,0.0010600286447999805,0.9983070823420387,0.9993158726791288,-0.0010087903370901152,0.0010087903370901152,0.056353758681507944,1
static,0,20,0.0020086529222204347,0.0014273537914424631,0.9976451337319565,0.9989811907184939,-0.0013360569865373817,0.0013360569865373817,0.06338222025490169,1
static,0,21,0.0027204521312925384,0.002067729510467124,0.9965049070641464,0.9984394943423447,-0.0019345872781982854,0.0019345872781982854,0.07376248546913991,1
static,0,22,0.003590494224415643,0.0029295138155602364,0.9949034055004745,0.9976650280242501,-0.002761622523775542,0.002761622523775542,0.0847407130535924,1
static,0,23,0.004621208628765908,0.003964777636005821,0.9930107289262319,0.9967435837657138,-0.003732854839481936,0.003732854839481936,0.09613749142520735,1
static,0,24,0.006153487820372271,0.005592363634490004,0.9898169280253315,0.9950672992621988,-0.005250371236867335,0.005250371236867335,0.11093680922374026,1
static,0,25,0.007554499786275685,0.007267591631545958,0.9865917309735608,0.993409704911436,-0.006817973937875199,0.006817973937875199,0.12291867056127548,1
static,0,26,0.008976443953175688,0.009303388432246077,0.9822267757007993,0.9908626387410885,-0.008635863040289182,0.008635863040289182,0.1339883872070687,1
static,0,27,0.010860653171607035,0.011656427023578582,0.9771374762142775,0.9879054281420573,-0.010767951927779795,0.010767951927779795,0.14738149932475944,1
static,0,28,0.012281061641801773,0.014169435224133966,0.9707405262209776,0.9836503038159454,-0.012909777594967808,0.012909777594967808,0.1567230783375682,1
static,0,29,0.013288807751405752,0.016397356101124156,0.9645547281183732,0.979202628773593,-0.014647900655219814,0.014647900655219814,0.163026425780643,1
static,0,30,0.0140963018868028,0.018698385281774053,0.9569345507852337,0.9732747209940732,-0.01634017020883949,0.01634017020883949,0.16790653284969467,1
static,0,31,0.014887894500883887,0.021175623336396,0.9480896688731988,0.9659469124680965,-0.01785724359489771,0.01785724359489771,0.17255662549368475,1
static,0,32,0.014778139966246252,0.023096002994894168,0.9383986401880726,0.9567932999331618,-0.018394659745089137,0.018394659745089137,0.17191939952341767,1
static,0,33,0.014441785320063,0.024914964279498204,0.9270204703896349,0.9453352699730586,-0.018314799583423746,0.018314799583423746,0.16995167148376625,1
static,0,34,0.01429098039127308,0.027090929345419533,0.9124818120010568,0.9307910167968005,-0.018309204795743717,0.018309204795743717,0.16906200277574543,1
static,0,35,0.014120607127329956,0.029207566070505446,0.8968238598498535,0.9143749184781931,-0.01755105862833961,0.01755105862833961,0.16805122509122006,1
static,0,36,0.013644544976703615,0.031313052678613285,0.8780375978176507,0.8938813600257883,-0.015843762208137657,0.015843762208137657,0.16519409781649957,1
static,0,37,0.013387710385085703,0.033749447296791,0.856063932659052,0.8699729185779993,-0.013908985918947292,0.013908985918947292,0.1636319674457635,1
static,0,38,0.012849217526209319,0.03573195130615076,0.8354048171458958,0.8469157596270815,-0.011510942481185782,0.011510942481185782,0.1603073144071057,1
static,0,39,0.012483754521569487,0.03783065425450173,0.812200351881477,0.8209580758965536,-0.008757724015076573,0.008757724015076573,0.15801110417669695,1
static,0,40,0.012350847068347603,0.04062360157138993,0.7850752402313431,0.7914541906052405,-0.006378950373897352,0.006378950373897352,0.15716772612942903,1
static,0,41,0.012028838399800821,0.042849019392860184,0.7609579163006507,0.7647474567007138,-0.003789540400063074,0.003789540400063074,0.15510537321318577,1
static,0,42,0.01183564095350688,0.04515619922046739,0.7361607388618239,0.7373959868169981,-0.0012352479551742679,0.0012352479551742679,0.1538547428811142,1
static,0,43,0.011739262011957307,0.04701762086207769,0.7143881149551663,0.7137617010628312,0.000626413892335087,0.000626413892335087,0.1532270342462929,1
static,0,44,0.011642418578114577,0.0486469066599445,0.6956760513992984,0.6934944896186992,0.0021815617805992504,0.0021815617805992504,0.1525936995954589,1
static,0,45,0.011559010514101197,0.049666110342243476,0.6830380514027223,0.6795986795159331,0.003439371886789222,0.003439371886789222,0.15204611480798316,1
static,0,46,0.011443640430070698,0.050272266167591236,0.6728427259081724,0.6689609661548536,0.0038817597533188364,0.0038817597533188364,0.15128542844617057,1
static,0,47,0.011314759424897054,0.050373781444773266,0.6678965684187417,0.66347451649539,0.004422051923351655,0.004422051923351655,0.15043110997993103,1
static,0,48,0.011411354502852984,0.05072463026017479,0.6656994393514056,0.6618702957047701,0.0038291436466355577,0.0038291436466355577,0.15107186702263914,1
static,0,49,0.011297933015056947,0.05028427189082213,0.6685160293578588,0.6644836251455198,0.004032404212338969,0.004032404212338969,0.15031921377559787,1
static,0,50,0.011306579432640913,0.04974575077341955,0.6740469205252837,0.671021312619464,0.0030256079058197383,0.0030256079058197383,0.15037672314983402,1
static,0,51,0.011185894952699935,0.0488905060101648,0.6822698616940019,0.6796923080935374,0.0025775536004645216,0.0025775536004645216,0.14957202246877546,1
static,0,52,0.011043412842488965,0.04765700965623118,0.693140205460871,0.69131625227962,0.001823953181250948,0.001823953181250948,0.14861637085118828,1
static,0,53,0.010878706104933753,0.04628418682623294,0.7028252917332853,0.7016284672210866,0.0011968245121987131,0.0011968245121987131,0.14750393964185332,1
static,0,54,0.010770456794281406,0.044578311313846576,0.7177286894891686,0.7177194614738289,9.228015339646234e-06,9.228015339646234e-06,0.14676823085587293,1
static,0,55,0.010751170009681253,0.04288539849790409,0.7333404623256305,0.7344090632787008,-0.0010686009530702645,0.0010686009530702645,0.14663676216884533,1
static,0,56,0.010569382228839328,0.04057116817115544,0.753229518948092,0.7551190880628738,-0.001889569114781775,0.001889569114781775,0.14539176200073597,1
static,0,57,0.010373174777008038,0.03842330195997503,0.7711680828300013,0.7733856062462674,-0.0022175234162661317,0.0022175234162661317,0.14403593146856125,1
static,0,58,0.010050381888441224,0.036014728699577114,0.7881570815959231,0.7910086224688638,-0.0028515408729407055,0.0028515408729407055,0.14177716239536764,1
static,0,59,0.009978950953881544,0.03407623958080742,0.8049675991051657,0.8081123280657035,-0.003144728960537857,0.003144728960537857,0.14127243859919417,1
static,0,60,0.009679365626656274,0.031426631745273985,0.8246896682658085,0.8283196304133699,-0.003629962147561394,0.003629962147561394,0.13913565773486158,1
static,0,61,0.009312610482935864,0.028788094497781226,0.8446351670070794,0.848828023741507,-0.004192856734427597,0.004192856734427597,0.1364742501934769,1
static,0,62,0.009016800284964245,0.026595787570485044,0.8616323093536556,0.8660868708830072,-0.004454561529351531,0.004454561529351531,0.1342892421973126,1
static,0,63,0.00892938522445154,0.02414522344770224,0.881070199046976,0.8863624073854763,-0.005292208338500304,0.005292208338500304,0.13363671070818484,1
static,0,64,0.008566888352091928,0.0215634751157362,0.9007074047197534,0.9064923533187005,-0.005784948598947071,0.005784948598947071,0.13089605305044097,1
static,0,65,0.008263969861503373,0.01917490803944965,0.918446283440328,0.9249590975032027,-0.006512814062874739,0.006512814062874739,0.128561035010639,1
static,0,66,0.00823049285825701,0.01758648489110988,0.9321768085825753,0.9400379127841165,-0.00786110420154118,0.00786110420154118,0.12830037301782882,1
static,0,67,0.007990910431687882,0.015805398279971163,0.9440200985656467,0.9528736353977854,-0.008853536832138631,0.008853536832138631,0.12641922663651983,1
static,0,68,0.00806725547371333,0.01521163888514313,0.9490178409719037,0.9577053951508264,-0.008687554178922752,0.008687554178922752,0.12702169479040445,1
static,0,69,0.007797308883290445,0.014608953769148721,0.9523736503025729,0.9611699895372051,-0.008796339234632189,0.008796339234632189,0.12487841193169014,1
static,0,70,0.007947512295404984,0.014571198020093918,0.954654558540215,0.9642514564426051,-0.009596897902390156,0.009596897902390156,0.12607547180482795,1
static,0,71,0.00842282241799059,0.015458041072863804,0.9515827779987759,0.9620405176588548,-0.010457739660078902,0.010457739660078902,0.12979077330835648,1
static,0,72,0.008627907255770824,0.01614466638268446,0.9501527783093612,0.9614588727402452,-0.01130609443088404,0.01130609443088404,0.13136138896776955,1
static,0,73,0.00904709929644415,0.017350035842921784,0.9455114974413925,0.9576896317643724,-0.012178134322979872,0.012178134322979872,0.13451467798306732,1
static,0,74,0.00955344839016007,0.018655999780934462,0.9402544226177951,0.9532707638548196,-0.013016341237024442,0.013016341237024442,0.13822769903431129,1
static,0,75,0.010249191980664306,0.01968919166354858,0.9409002180468036,0.9556672312857356,-0.014767013238932036,0.014767013238932036,0.14317256706970302,1
static,0,76,0.010947733101048535,0.021796829713378405,0.9303915474755805,0.9459054702449426,-0.015513922769362143,0.015513922769362143,0.1479711667930515,1
static,0,77,0.011268347044911623,0.022665278069398585,0.9297885424609531,0.94695816744454,-0.017169624983586873,0.017169624983586873,0.15012226380461774,1
static,0,78,0.012111827862957066,0.024598476500207165,0.9224125034382128,0.9407659944857896,-0.018353491047576775,0.018353491047576775,0.15563950567228788,1
static,0,79,0.012325174669224217,0.026267178195996985,0.912927944107198,0.931724150722621,-0.018796206615423028,0.018796206615423028,0.1570042971973966,1
static,0,80,0.012537942830126025,0.02728635728811255,0.9073510275784423,0.9263453049395309,-0.018994277361088607,0.018994277361088607,0.158353672708441,1
static,0,81,0.01281493408489577,0.028840460661707455,0.8983288355280235,0.9176989492623009,-0.01937011373427744,0.01937011373427744,0.16009331082150666,1
static,0,82,0.012830667793952985,0.02942614802862542,0.8941626191908657,0.9135627372832092,-0.019400118092343543,0.019400118092343543,0.1601915590407496,1
static,0,83,0.012809934139362008,0.030422530796759713,0.8863449160753347,0.90550665350175,-0.01916173742641525,0.01916173742641525,0.1600620763289169,1
static,0,84,0.013160200516941814,0.03195547656594157,0.8758544333423729,0.8951745567740788,-0.01932012343170586,0.01932012343170586,0.1622356342912482,1
static,0,85,0.013213078568303423,0.033282905049166714,0.8653070576950526,0.8842352932198734,-0.018928235524820813,0.018928235524820813,0.16256124118807302,1
static,0,86,0.013024944654788557,0.033645226302843174,0.8591755438503506,0.8776548347376566,-0.018479290887306044,0.018479290887306044,0.16139978100845465,1
static,0,87,0.013104181103031121,0.03456246823517509,0.8510825153498826,0.8694545331005444,-0.018372017750661884,0.018372017750661884,0.1618899694424032,1
static,0,88,0.013249165164098823,0.03533873681694848,0.8437577499427694,0.8616854989820134,-0.01792774903924399,0.01792774903924399,0.1627830775240401,1
static,0,89,0.013168184947042576,0.03623214357519526,0.8332399790916044,0.8502267454684959,-0.01698676637689145,0.01698676637689145,0.16228484184940117,1
static,0,90,0.01304112121433079,0.03619154586719781,0.8288753255570037,0.8451963123606099,-0.016320986803606163,0.016320986803606163,0.16149997655932208,1
static,0,91,0.013232711267077707,0.03746801427689223,0.8187156249143324,0.8343362463134506,-0.01562062139911824,0.01562062139911824,0.16268196745231295,1
static,0,92,0.013308491972098992,0.038987106448386814,0.8050608028103206,0.8199425354767016,-0.014881732666381042,0.014881732666381042,0.16314712361607234,1
static,0,93,0.013092844545954836,0.03967121807562275,0.7970912398933863,0.8107265675012758,-0.013635327607889547,0.013635327607889547,0.16181992798141295,1
static,0,94,0.013060694676319784,0.040215568827801744,0.7917589390421514,0.8050114224258188,-0.013252483383667357,0.013252483383667357,0.16162112904147022,1
static,0,95,0.01267325442398347,0.04038414060730309,0.7845938218271792,0.7967998713176818,-0.012206049490502635,0.012206049490502635,0.1592058693891872,1
static,0,96,0.012597335396970088,0.040938867426065985,0.778651202828046,0.7900099356768622,-0.011358732848816167,0.011358732848816167,0.15872829235501834,1
static,0,97,0.012160251258074638,0.04072004269000849,0.7742618693740255,0.7845194556109844,-0.010257586236958827,0.010257586236958827,0.15595032066702932,1
static,0,98,0.011753136677106415,0.04032684753598632,0.7730969460610606,0.7823267395417912,-0.009229793480730608,0.009229793480730608,0.1533175572275166,1
static,0,99,0.011509539316370637,0.04054850087225883,0.7676856628370216,0.7761429316860035,-0.008457268848981903,0.008457268848981903,0.15172039623182268,1
static,1,0,0.0011555006423679276,0.00038276944820839166,0.999520566678541,0.999895872757408,-0.0003753060788670437,0.0003753060788670437,0.0480728747292676,1
static,1,1,0.0011146107778185856,0.00036175162463006626,0.9995529615848258,0.9999087354153328,-0.0003557738305070002,0.0003557738305070002,0.047214632855050044,1
static,1,2,0.0010286811949405841,0.00032450865116927675,0.9996064605160481,0.9999269869791018,-0.00032052646305369414,0.00032052646305369414,0.045358156817502715,1
static,1,3,0.0009933604588219867,0.00030485675352465803,0.9996357741641453,0.9999375251542688,-0.00030175099012352824,0.00030175099012352824,0.04457264764004908,1
static,1,4,0.0009539000345801049,0.0002885105272756869,0.9996597947047963,0.9999461357841447,-0.00028634107934844,0.00028634107934844,0.04367837072465283,1
static,1,5,0.000915522186703798,0.0002731609531587262,0.9996801913655227,0.9999515900814945,-0.00027139871597181564,0.00027139871597181564,0.0427907042873519,1
static,1,6,0.000893940663914682,0.00026374278044607465,0.9996948574451392,0.9999572959127374,-0.0002624384675982139,0.0002624384675982139,0.04228334575018117,1
static,1,7,0.0008798558918397666,0.00025909162315769713,0.999702302410192,0.9999603495527845,-0.00025804714259247685,0.00025804714259247685,0.0419489187426748,1
static,1,8,0.0008765719839894289,0.0002595139815285824,0.9997035083671919,0.9999621366881479,-0.0002586283209560225,0.0002586283209560225,0.04187056206905823,1
static,1,9,0.0008614192450666513,0.000255082684848499,0.9997100664769427,0.9999643769214087,-0.0002543104444659994,0.0002543104444659994,0.04150708963699217,1
static,1,10,0.0008641521351908515,0.0002578307441940189,0.9997078715384515,0.9999650168390978,-0.0002571453006462443,0.0002571453006462443,0.04157287902445178,1
static,1,11,0.0008885715735103097,0.00027174435869295005,0.9996915433299792,0.9999626669538277,-0.00027112362384851263,0.00027112362384851263,0.04215617566882247,1
static,1,12,0.0009693221874205698,0.0003090462975322077,0.9996454549882307,0.9999537555070935,-0.0003083005188628807,0.0003083005188628807,0.04403003945990896,1
static,1,13,0.001075305928322047,0.00036515949608310487,0.9995722567125398,0.9999363498930518,-0.000364093180512004,0.000364093180512004,0.04637468982800957,1
static,1,14,0.0012343042618728935,0.00044927688676585744,0.999459508899212,0.9999071305378008,-0.0004476216385888021,0.0004476216385888021,0.0496850935769048,1
static,1,15,0.001480908598819832,0.0005862432006697862,0.9992681587270458,0.9998511763467465,-0.0005830176197006987,0.0005830176197006987,0.05442257985101096,1
static,1,16,0.0018073167514493834,0.0007574672427584099,0.9990282814729892,0.9997811082419529,-0.0007528267689637103,0.0007528267689637103,0.06012182218544916,1
static,1,17,0.0022102343059253577,0.0009945827649727394,0.998683330173889,0.9996704965972502,-0.0009871664233611632,0.0009871664233611632,0.06648660475502352,1
static,1,18,0.002832927216170583,0.0013644291634634955,0.998136835850504,0.9994901699371731,-0.0013533340866691557,0.0013533340866691557,0.0752718701265032,1
static,1,19,0.003612236423044828,0.0018759785715075905,0.9973604802846533,0.9992205336244036,-0.001860053339750256,0.001860053339750256,0.08499689903808054,1
static,1,20,0.004605909978265746,0.002579689953411828,0.9962748738396681,0.9988315334692349,-0.0025566596295668598,0.0025566596295668598,0.09597822647106735,1
static,1,21,0.005940538512523885,0.003569855371152017,0.9947273213302477,0.9982626894903001,-0.003535368160052399,0.003535368160052399,0.10900035332533455,1
static,1,22,0.008259028972092729,0.005207012063420406,0.9922226813233684,0.9973813000603902,-0.005158618737021725,0.005158618737021725,0.12852259701774416,1
static,1,23,0.01015318743899422,0.006907241418085414,0.9894861209892302,0.9963288490510246,-0.006842728061794423,0.006842728061794423,0.14250043816770686,1
static,1,24,0.012690475520043017,0.009347416859333102,0.9853222806404229,0.9945739543772587,-0.009251673736835775,0.009251673736835775,0.15931400139374452,1
static,1,25,0.01581587961778863,0.012039491294387208,0.981095692052217,0.9930191727264277,-0.011923480674210674,0.011923480674210674,0.17785319574181754,1
static,1,26,0.018324875194594956,0.01483691035576352,0.9762134710880076,0.9909063645996389,-0.014692893511631278,0.014692893511631278,0.19144124526650444,1
static,1,27,0.021431193586718956,0.01874117119598767,0.9681718556336962,0.9866338956826021,-0.018462040048905837,0.018462040048905837,0.20703233364244802,1
static,1,28,0.02382995228005584,0.021888397540281174,0.9625061315629796,0.9841045021035237,-0.021598370540544143,0.021598370540544143,0.2183114851768264,1
static,1,29,0.02676832454272565,0.026089004702395092,0.9536120110371985,0.9793088303955941,-0.02569681935839563,0.02569681935839563,0.23137988046814117,1
static,1,30,0.028869485236168942,0.030657233056902548,0.9418336344979491,0.9718526904544806,-0.030019055956531537,0.030019055956531537,0.2402893473967123,1
static,1,31,0.029434802108490914,0.03331297632661382,0.9323593036380009,0.9647636772373928,-0.032404373599391856,0.032404373599391856,0.24263059208801727,1
static,1,32,0.030380102515582787,0.03676473978924594,0.9201042205952024,0.9556407681294644,-0.03553654753426205,0.03553654753426205,0.2464958519552927,1
static,1,33,0.030622652222059454,0.039613972462738234,0.9071220853713752,0.9449394724949906,-0.037817387123615376,0.037817387123615376,0.24747788677802893,1
static,1,34,0.030491816458734236,0.04280965498866534,0.8896935270529417,0.9299360050514609,-0.04024247799851921,0.04024247799851921,0.2469486442916188,1
static,1,35,0.029419287248604712,0.04484503424792714,0.873765438567397,0.9152447970282916,-0.04147935846089468,0.04147935846089468,0.24256663929157576,1
static,1,36,0.028883409072149036,0.04755395985246699,0.853029228978739,0.8959415104403285,-0.04291228146158954,0.04291228146158954,0.24034728653408607,1
static,1,37,0.027875699704577882,0.0500104695001649,0.8286464159188097,0.8727063747795718,-0.04405995886076208,0.04405995886076208,0.23611734245742255,1
static,1,38,0.02682012460697757,0.051959508807573246,0.8040116909355247,0.8484766804921886,-0.04446498955666389,0.04446498955666389,0.23160364680625203,1
static,1,39,0.02545296407521528,0.05385091641746398,0.7773541035484647,0.8223298954835245,-0.04497579193505985,0.04497579193505985,0.22562342110346292,1
static,1,40,0.02374404631144098,0.05491913340572574,0.7494380580609475,0.794046199431176,-0.044608141370228505,0.044608141370228505,0.21791762806822665,1
static,1,41,0.022294540454870112,0.056556019423833113,0.7162082228918486,0.7610953311094211,-0.04488710821757247,0.04488710821757247,0.21116126754151723,1
static,1,42,0.021192726346631732,0.057911468949720706,0.6889611996860859,0.733875291950309,-0.04491409226422305,0.04491409226422305,0.20587727580591178,1
static,1,43,0.019868293292922057,0.05849816255786139,0.6649852420965278,0.7097957905082525,-0.044810548411724715,0.044810548411724715,0.19934037871400795,1
static,1,44,0.01891042839831237,0.05920447212650425,0.6435705791289977,0.6884752109343341,-0.044904631805336326,0.044904631805336326,0.19447585144851465,1
static,1,45,0.018632999402425073,0.06043623243474468,0.6301095446368976,0.6758500826308081,-0.045740537993910535,0.045740537993910535,0.19304403333138828,1
static,1,46,0.01787611345757374,0.06062899347185569,0.6174739750367089,0.6630452964425562,-0.0455713214058473,0.0455713214058473,0.1890825928401329,1
static,1,47,0.01787998813913207,0.06152693801174169,0.6117008068818754,0.6580884378746005,-0.046387630992725026,0.046387630992725026,0.18910308373546988,1
static,1,48,0.01781565706370377,0.06142626251091466,0.6143189079795832,0.6609164363511191,-0.04659752837153586,0.04659752837153586,0.1887625866728032,1
static,1,49,0.017887308800898227,0.061448400855503495,0.6170028627290165,0.6639968464892595,-0.046993983760243,0.046993983760243,0.18914179231940373,1
static,1,50,0.01802149344312691,0.06105359999440657,0.6230570780946856,0.6700008709262026,-0.04694379283151706,0.04694379283151706,0.1898499062055439,1
static,1,51,0.018249848296574025,0.060503970145236514,0.6320256147355947,0.6790672985154949,-0.047041683779900145,0.047041683779900145,0.1910489376917549,1
static,1,52,0.01861693267738349,0.05941342765608776,0.6478207787981396,0.6943968582848478,-0.046576079486708166,0.046576079486708166,0.19296078709097084,1
static,1,53,0.018634598303820766,0.05788228311833543,0.6616464250933571,0.7073348051599593,-0.04568838006660214,0.04568838006660214,0.19305231572721818,1
static,1,54,0.018589953179015937,0.05612475830686797,0.6762170602499092,0.72065582391374,-0.044438763663830705,0.044438763663830705,0.1928209178435573,1
static,1,55,0.0187828705681579,0.054352650771980135,0.6930496368204793,0.7364035385784088,-0.043353901757929525,0.043353901757929525,0.19381883586565007,1
static,1,56,0.018883833791631947,0.052719800297743445,0.7088233145359564,0.7511498446898179,-0.042326530153861563,0.042326530153861563,0.19433905316035657,1
static,1,57,0.019042833181036858,0.050739724705799676,0.7295873975237569,0.7707496171699021,-0.04116221964614519,0.04116221964614519,0.1951554927796646,1
static,1,58,0.018761615433520527,0.04812771151826614,0.7485353624456962,0.7878707581327199,-0.03933539568702371,0.03933539568702371,0.19370913986449131,1
static,1,59,0.01877596782456247,0.045522351402436205,0.7720006523828477,0.809405325760126,-0.037404673377278375,0.037404673377278375,0.19378321818239302,1
static,1,60,0.01842219558626286,0.04276488518408373,0.7914361436344393,0.8267941491289241,-0.03535800549448487,0.03535800549448487,0.19194892855269008,1
static,1,61,0.017960639573755717,0.03965723159948371,0.8145063916983856,0.8476368900138012,-0.03313049831541559,0.03313049831541559,0.18952909841898008,1
static,1,62,0.01782486464279031,0.03678418298725188,0.8369679447385843,0.8680872510120171,-0.031119306273432845,0.031119306273432845,0.18881135899511084,1
static,1,63,0.017652884383306294,0.033535724583226734,0.8602601490841948,0.889083997021395,-0.028823847937200164,0.028823847937200164,0.18789829367669253,1
static,1,64,0.017599989963659565,0.03079972542289338,0.8832850487437979,0.9101184697465828,-0.026833421002784963,0.026833421002784963,0.1876165768990553,1
static,1,65,0.01744610902551661,0.027974891597535075,0.9059600765430338,0.9308702218449677,-0.024910145301933917,0.024910145301933917,0.18679458785262817,1
static,1,66,0.0175538296676959,0.025663085746979074,0.9239990885596058,0.9472585068046415,-0.023259418245035746,0.023259418245035746,0.18737038009085588,1
static,1,67,0.01717572829584952,0.02371727466866034,0.9372186430807146,0.9590934944546208,-0.021874851373906212,0.021874851373906212,0.18534145945173475,1
static,1,68,0.01729742743640906,0.023174653343494167,0.9408403492017968,0.9623239440269916,-0.021483594825194796,0.021483594825194796,0.18599692167565063,1
static,1,69,0.01777019614555885,0.023686102183431278,0.9400685445553608,0.9620218124339405,-0.021953267878579652,0.021953267878579652,0.18852159635202992,1
static,1,70,0.018164293600459427,0.02454186805523777,0.9380126311532467,0.9610531894921934,-0.023040558338946693,0.023040558338946693,0.19060059601407037,1
static,1,71,0.018339905728097742,0.024953920357830256,0.9371774248930936,0.9606681196722477,-0.02349069477915411,0.02349069477915411,0.19151974168788835,1
static,1,72,0.01906750425370886,0.026244473571412786,0.9351136994464749,0.9599625535166623,-0.02484885407018733,0.02484885407018733,0.1952818693771076,1
static,1,73,0.020208433860280917,0.0278123219599082,0.9325198536004048,0.9590159793430614,-0.026496125742656584,0.026496125742656584,0.2010394680667501,1
static,1,74,0.021123319590694058,0.030319920430709926,0.924839460156866,0.9537563955658449,-0.028916935408978883,0.028916935408978883,0.2055398724855791,1
static,1,75,0.022233182049932996,0.03191512186553633,0.9226742892546829,0.9532600517259929,-0.030585762471310063,0.030585762471310063,0.210870491297066,1
static,1,76,0.023561891271082075,0.03481808490886979,0.9126780722259014,0.9459073395438563,-0.03322926731795495,0.03322926731795495,0.21708012931211404,1
static,1,77,0.02454199891332576,0.03704767841303191,0.9069535959024656,0.9423906895155748,-0.035437093613109205,0.035437093613109205,0.2215490867204185,1
static,1,78,0.025447147244551778,0.03907138271651532,0.9015373415464698,0.9388835120019633,-0.03734617045549349,0.03734617045549349,0.22559763848299377,1
static,1,79,0.026578635526881302,0.04140068106610455,0.8943988594611687,0.933886267566701,-0.03948740810553231,0.03948740810553231,0.23055860654888294,1
static,1,80,0.027753128728681964,0.04397972145591601,0.885260793496592,0.9272006754942109,-0.04193988199761889,0.04193988199761889,0.23559766012709873,1
static,1,81,0.02858687018118811,0.045920977887693316,0.8802682855400716,0.923982355378273,-0.043714069838201364,0.043714069838201364,0.23911031002944272,1
static,1,82,0.028817221884123036,0.047811484112864906,0.8695363096889539,0.9148667454848737,-0.04533043579591978,0.04533043579591978,0.24007174712624155,1
static,1,83,0.029756703851137083,0.05000976940946588,0.8616116801243572,0.9089302102338372,-0.04731853010948006,0.04731853010948006,0.24395369991511537,1
static,1,84,0.030454846032337824,0.05267254219808738,0.8473413595600395,0.896844996851309,-0.0495036372912695,0.0495036372912695,0.24679888991783502,1
static,1,85,0.03101552457957425,0.05429874756726393,0.8381538185362579,0.8888805918304575,-0.05072677329419961,0.05072677329419961,0.2490603323677789,1
static,1,86,0.03083842695204763,0.05495475070436241,0.8286526005654201,0.8797437469115834,-0.051091146346163296,0.051091146346163296,0.24834825126039292,1
static,1,87,0.030223499611388458,0.056135992074239006,0.8136983716002594,0.8655435914351227,-0.05184521983486334,0.05184521983486334,0.2458597145178057,1
static,1,88,0.030004185937901606,0.057360743048638425,0.802375334272473,0.8551863935694196,-0.05281105929694663,0.05281105929694663,0.24496606270216945,1
static,1,89,0.02944645214266005,0.058325025962026315,0.787880508387857,0.8411801421166211,-0.05329963372876412,0.05329963372876412,0.24267860285843104,1
static,1,90,0.02975178802463193,0.059824018017406264,0.7792822084226703,0.8337967127166805,-0.05451450429401028,0.05451450429401028,0.24393354842920614,1
static,1,91,0.02912101677443707,0.06038700845049398,0.7673168947455419,0.821984471793624,-0.05466757704808212,0.05466757704808212,0.241333863245244,1
static,1,92,0.028434511183608086,0.05992296913084159,0.7626288370880525,0.8166855879014452,-0.05405675081339267,0.05405675081339267,0.23847226750130962,1
static,1,93,0.02808264650587836,0.060262411220819996,0.75543923585436,0.8095942598021011,-0.05415502394774108,0.05415502394774108,0.2369921792206585,1
static,1,94,0.027751820316481688,0.060030981426733944,0.7530594035699174,0.8067278844370338,-0.0536684808671164,0.0536684808671164,0.2355921064742267,1
static,1,95,0.02705185504568947,0.05991759899491833,0.7502516811127922,0.8035935476945739,-0.05334186658178175,0.05334186658178175,0.23260204231987933,1
static,1,96,0.025969387125968156,0.059741100933836694,0.7421933675029497,0.7950370051145556,-0.05284363761160582,0.05284363761160582,0.2279007991472086,1
static,1,97,0.025256426446043666,0.05957182417598152,0.7356983577004798,0.7880404188975331,-0.05234206119705331,0.05234206119705331,0.2247506460326362,1
static,1,98,0.02461698374949768,0.05878802998289227,0.7328236931991396,0.7842271337130992,-0.05140344051395951,0.05140344051395951,0.2218872855730931,1
static,1,99,0.023453234135919557,0.05786825568209294,0.7277899848704658,0.7780892581537464,-0.050299273283280654,0.050299273283280654,0.21657901161432774,1
static,2,0,0.0007753184521284602,0.00029509676974097745,0.9996108511181827,0.9998869095616415,-0.00027605844345879316,0.00027605844345879316,0.03937812723145834,1
static,2,1,0.0007354471718116573,0.00027265838792317975,0.9996463384013015,0.999904992132983,-0.00025865373168154626,0.00025865373168154626,0.038352240399008176,1
static,2,2,0.0006907240597239654,0.0002512687038585078,0.9996784581528466,0.9999191034699195,-0.00024064531707290726,0.00024064531707290726,0.037167837163977285,1
static,2,3,0.0006723957162585119,0.00024084254220104202,0.9996952343075571,0.9999281489518462,-0.00023291464428909503,0.00023291464428909503,0.03667139801694263,1
static,2,4,0.0006504068096677786,0.0002322353759975163,0.9997079895378048,0.9999331201867757,-0.00022513064897089485,0.00022513064897089485,0.0360667938599421,1
static,2,5,0.0006207639312842798,0.0002176267756045364,0.9997310457897187,0.9999437974381536,-0.0002127516484349279,0.0002127516484349279,0.03523532123549549,1
static,2,6,0.0005999119537630198,0.0002075574199637172,0.9997456274314076,0.9999493695388553,-0.00020374210744766863,0.00020374210744766863,0.03463847438219587,1
static,2,7,0.0005833745426181755,0.0002021076934970191,0.9997544242072793,0.9999535611330249,-0.00019913692574557995,0.00019913692574557995,0.03415770901621406,1
static,2,8,0.0005811066978500481,0.00020106561976108937,0.99975672740336,0.9999552022116185,-0.0001984748082585197,0.0001984748082585197,0.03409125101400792,1
static,2,9,0.0005865709120924231,0.00020144268385466344,0.999758228301251,0.9999574813210311,-0.0001992530197800768,0.0001992530197800768,0.034251157997720987,1
static,2,10,0.0005841311305993728,0.00020324648886011997,0.9997560467339976,0.9999572716387793,-0.00020122490478169386,0.00020122490478169386,0.034179851684855884,1
static,2,11,0.0006050004971351043,0.00021592035743213232,0.9997386503561085,0.9999524333960075,-0.00021378303989894043,0.00021378303989894043,0.03478506855347864,1
static,2,12,0.0006630922383568303,0.0002492988047667157,0.9996908872435099,0.9999372728355468,-0.0002463855920369351,0.0002463855920369351,0.036416815850835456,1
static,2,13,0.0007350511638387789,0.0002911852804553742,0.9996309293241332,0.99991782821122,-0.0002868988870867728,0.0002868988870867728,0.038341913458740655,1
static,2,14,0.0008526930928409412,0.0003616999362373832,0.9995253611914726,0.9998790941109191,-0.0003537329194465144,0.0003537329194465144,0.04129632169675505,1
static,2,15,0.0010337446341079693,0.0004680637455155891,0.9993628355767559,0.999817070359032,-0.00045423478227613057,0.00045423478227613057,0.04546965216730758,1
static,2,16,0.0012816390384284755,0.0006290918019498403,0.9991085708766412,0.9997144791905672,-0.0006059083139260402,0.0006059083139260402,0.05062882654039051,1
static,2,17,0.0016172226407867591,0.0008386122791677668,0.9987758610598912,0.999579928450017,-0.0008040673901257289,0.0008040673901257289,0.05687218372432624,1
static,2,18,0.0020835501371463906,0.0011427198233758876,0.9982794319677138,0.9993666073968558,-0.00108717542914194,0.00108717542914194,0.06455308105964254,1
static,2,19,0.0026931793572928927,0.0015824571746850958,0.9975395299037615,0.9990456668806305,-0.0015061369768689659,0.0015061369768689659,0.07339181640064364,1
static,2,20,0.0036990659372686603,0.002323106007370699,0.9962982013493626,0.9985042828402758,-0.00220608149091317,0.00220608149091317,0.08601239372635389,1
static,2,21,0.004904353675694334,0.003209480820345886,0.994838600918442,0.9979004918128207,-0.0030618908943786938,0.0030618908943786938,0.09903891836742093,1
static,2,22,0.005896923039222894,0.004180717925153024,0.9930599277461689,0.9970357027267622,-0.003975774980593316,0.003975774980593316,0.10859947549802342,1
static,2,23,0.007507529077783921,0.005554085839074411,0.9907285331367588,0.9960304938670881,-0.0053019607303292915,0.0053019607303292915,0.12253594638132863,1
static,2,24,0.009709596766606954,0.0076015977545818595,0.9870794710566396,0.994332009740222,-0.0072525386835823324,0.0072525386835823324,0.1393527665072133,1
static,2,25,0.01204489871436813,0.010199043215507669,0.9816413930146926,0.9912193111641194,-0.009577918149426878,0.009577918149426878,0.15520888321464163,1
static,2,26,0.014863911670075142,0.013088933012702923,0.9766832139686039,0.989125173510115,-0.01244195954151106,0.01244195954151106,0.17241758419648004,1
static,2,27,0.017515600403178445,0.01632424494494958,0.9688531379063618,0.9841565589427421,-0.015303421036380271,0.015303421036380271,0.18716623842551544,1
static,2,28,0.01966050476225674,0.01925301278152602,0.9636078520204084,0.9817721416696935,-0.01816428964928507,0.01816428964928507,0.1982952584519193,1
static,2,29,0.02165597099687889,0.022430174128260323,0.9550680557736371,0.9759658190134699,-0.020897763239832834,0.020897763239832834,0.2081152132684148,1
static,2,30,0.02241483049079809,0.025237726610194,0.9456410768847376,0.9685972327800586,-0.022956155895320962,0.022956155895320962,0.21173016077450132,1
static,2,31,0.02340053099456681,0.027522996128053166,0.937631175243528,0.9623237466101595,-0.0246925713666315,0.0246925713666315,0.21633553103716832,1
static,2,32,0.023807032146564745,0.03035409894899972,0.9253015612355121,0.9516892421291575,-0.026387680893645404,0.026387680893645404,0.21820647170313143,1
static,2,33,0.023868791057361404,0.03248494715675405,0.9140735631693898,0.9414115431281418,-0.02733797995875198,0.02733797995875198,0.21848931807922053,1
static,2,34,0.023920503725471515,0.03507037353447778,0.8987695719589202,0.9268910318349777,-0.02812145987605752,0.02812145987605752,0.21872587284302475,1
static,2,35,0.023464651686991293,0.037398455157105805,0.8809791569938905,0.9090196555293987,-0.028040498535508163,0.028040498535508163,0.21663172291698782,1
static,2,36,0.02244320750451379,0.0394903349746226,0.8621212278775632,0.8898361838389186,-0.027714955961355425,0.027714955961355425,0.21186414281097116,1
static,2,37,0.021803390378885807,0.0415939557319839,0.8408444282558843,0.8672652200025421,-0.02642079174665779,0.02642079174665779,0.20882236651702712,1
static,2,38,0.02090362546508471,0.043745931873774235,0.8173772693275009,0.8423880116898236,-0.025010742362322702,0.025010742362322702,0.20446821496303386,1
static,2,39,0.019963771858727393,0.04607875113389129,0.7909156752326243,0.814535333902309,-0.02361965866968474,0.02361965866968474,0.19981877718936925,1
static,2,40,0.019159015413362256,0.048335078535467986,0.7652037286820097,0.7876771699652397,-0.022473441283230033,0.022473441283230033,0.19574991909761932,1
static,2,41,0.01852726656425693,0.05079356904449697,0.7371026307519335,0.7584841125791885,-0.021381481827254967,0.021381481827254967,0.19249554054188855,1
static,2,42,0.018339837374742207,0.05366375116890875,0.707977881632861,0.7287069771492435,-0.020729095516382468,0.020729095516382468,0.19151938478776612,1
static,2,43,0.01753839633184817,0.05498799041148691,0.6885815602519219,0.7083764351244948,-0.01979487487257292,0.01979487487257292,0.187287993912307,1
static,2,44,0.017169233371308334,0.05663419693651054,0.6681120147876808,0.6869439742226812,-0.01883195943500038,0.01883195943500038,0.1853064131178861,1
static,2,45,0.016944451766097376,0.05773016516764841,0.6541739381490252,0.6728392853552644,-0.018665347206239136,0.018665347206239136,0.18408939005872868,1
static,2,46,0.016554463911185213,0.05776351214940353,0.6493393045567969,0.6674733884200862,-0.018134083863289296,0.018134083863289296,0.18195858820723584,1
static,2,47,0.01683688920190925,0.05845006600361014,0.6458592574156654,0.6648323706644267,-0.018973113248761275,0.018973113248761275,0.1835041645408041,1
static,2,48,0.017224927478666132,0.05913264387731218,0.6445353345913679,0.6647676575167335,-0.020232322925365587,0.020232322925365587,0.18560672120732122,1
static,2,49,0.01724881256538781,0.0590111628251721,0.6455683992424551,0.6659655234605182,-0.020397124218063056,0.020397124218063056,0.18573536316699527,1
static,2,50,0.017070589055531306,0.05833009034349722,0.650311573771061,0.6707239308030926,-0.02041235703203159,0.02041235703203159,0.18477331547348122,1
static,2,51,0.01721685900315156,0.05775332291439632,0.6594473373183175,0.6806066695582337,-0.021159332239916173,0.021159332239916173,0.18556324530009471,1
static,2,52,0.016968455353711744,0.056385948429516615,0.6690679582266259,0.6897437977034865,-0.02067583947686058,0.02067583947686058,0.18421973484788076,1
static,2,53,0.017148555185290553,0.055738303613378275,0.6778729852735053,0.6992479167300417,-0.02137493145653646,0.02137493145653646,0.18519479034406208,1
static,2,54,0.016940986653170946,0.05380810808001683,0.6921354251497136,0.7133670789985916,-0.02123165384887804,0.02123165384887804,0.1840705661053442,1
static,2,55,0.016959197571124428,0.05218074952076929,0.7060815313428741,0.7277166264400466,-0.02163509509717254,0.02163509509717254,0.1841694739696263,1
static,2,56,0.016682383362097132,0.049643260493148586,0.7243366745990877,0.7450813360137344,-0.020744661414646703,0.020744661414646703,0.18266024943647227,1
static,2,57,0.016649923626851006,0.04732348413095656,0.7446826534225915,0.7657504851713646,-0.021067831748773025,0.021067831748773025,0.18248245738618826,1
static,2,58,0.016361863052626456,0.044370860807862005,0.7649653892690861,0.7851461884248679,-0.02018079915578186,0.02018079915578186,0.18089700413564871,1
static,2,59,0.01582035822574685,0.040889272951123726,0.7876541825179889,0.8064836856843749,-0.018829503166385986,0.018829503166385986,0.1778783754465216,1
static,2,60,0.015149118844391522,0.037285159471722076,0.80880315340928,0.8257124442827888,-0.016909290873508787,0.016909290873508787,0.17406388967497838,1
static,2,61,0.014635873939105405,0.033993717401590275,0.8307546493115083,0.8467595962017568,-0.01600494689024845,0.01600494689024845,0.17108988245425505,1
static,2,62,0.013958735553374619,0.03030192001173352,0.8551745566934414,0.8700273395637123,-0.014852782870270809,0.014852782870270809,0.16708522109016474,1
static,2,63,0.013353887582286571,0.027080313795374275,0.8760483355087633,0.8896232107163621,-0.013574875207598813,0.013574875207598813,0.16342513626909766,1
static,2,64,0.012997522200171245,0.02417301685409972,0.8971132477439961,0.9101453227460494,-0.013032075002053278,0.013032075002053278,0.16122978757147355,1
static,2,65,0.012636038757575794,0.021818024288708004,0.91376785640563,0.9265552116277275,-0.012787355222097507,0.012787355222097507,0.158971939395453,1
static,2,66,0.012972334581621794,0.02029839145551674,0.9293298611219784,0.9428157578977766,-0.013485896775798256,0.013485896775798256,0.16107348994556364,1
static,2,67,0.013028208724066202,0.019611261874256408,0.935432906678033,0.9491405854687816,-0.013707678790748523,0.013707678790748523,0.16142000324660016,1
static,2,68,0.013206438993417384,0.01964081771395896,0.9377487421618734,0.9521173446675768,-0.014368602505703376,0.014368602505703376,0.1625203925260912,1
static,2,69,0.0128551887971372,0.01868846899227684,0.9438409290221987,0.9580977144967185,-0.014256785474519806,0.014256785474519806,0.1603445589793255,1
static,2,70,0.013187809525419395,0.01895108942402723,0.9466359958613311,0.9617417214065188,-0.015105725545187743,0.015105725545187743,0.1624057235778308,1
static,2,71,0.012786761748967758,0.019243206963684926,0.9401187132089579,0.9546883536365808,-0.014569640427622876,0.014569640427622876,0.15991723952699882,1
static,2,72,0.013198062847235004,0.01935141576933993,0.9438120264418194,0.9591291607050028,-0.015317134263183374,0.015317134263183374,0.16246884530416902,1
static,2,73,0.012696388948045643,0.01911270881556952,0.9446746227399365,0.9598348201678868,-0.015160197427950273,0.015160197427950273,0.15935111513915204,1
static,2,74,0.012840038467794902,0.01987811213342885,0.9404796782036214,0.9560245286046181,-0.015544850400996624,0.015544850400996624,0.16025004504083548,1
static,2,75,0.013110662403213177,0.020689190782447017,0.9382912280598532,0.9548227877694959,-0.016531559709642707,0.016531559709642707,0.1619299997110676,1
static,2,76,0.013377220863365492,0.02180600687930111,0.9325951163660727,0.949888454306877,-0.017293337940804232,0.017293337940804232,0.16356785052916414,1
static,2,77,0.013860102168550655,0.0229446724517433,0.9283216129587554,0.9464105484780797,-0.018088935519324334,0.018088935519324334,0.16649385675484038,1
static,2,78,0.015070181879450587,0.02532472876958749,0.9178266441349054,0.9373312746535812,-0.019504630518675792,0.019504630518675792,0.17360980317626415,1
static,2,79,0.015002563135868539,0.02649886699103424,0.9109034769280552,0.9309293671420157,-0.020025890213960507,0.020025890213960507,0.17321987839661207,1
static,2,80,0.015591092906538926,0.02830208937061664,0.901267218507769,0.9218266065539589,-0.02055938804618984,0.02055938804618984,0.17658478363969488,1
static,2,81,0.016034285819607075,0.029276714816849646,0.8962363816180522,0.9171661185792481,-0.020929736961195933,0.020929736961195933,0.17907699919089037,1
static,2,82,0.016329905775993015,0.030690397751065024,0.8861598664726263,0.9071739695447498,-0.02101410307212348,0.02101410307212348,0.1807202577244345,1
static,2,83,0.0170502443416498,0.03288743252196114,0.8732504252344885,0.8952991022671722,-0.02204867703268376,0.02204867703268376,0.18466317630567172,1
static,2,84,0.01801610980541848,0.0349507565382978,0.8648672281157569,0.8883506429598824,-0.023483414844125527,0.023483414844125527,0.1898215467507231,1
static,2,85,0.018439262424687745,0.03606389314888371,0.8605291309894164,0.8848523662511592,-0.024323235261742737,0.024323235261742737,0.1920378214034295,1
static,2,86,0.019356088940411072,0.03865464435742937,0.8467920803420114,0.872656216534809,-0.025864136192797593,0.025864136192797593,0.1967541051180944,1
static,2,87,0.019572411624790547,0.039618408510175944,0.8436477075814818,0.8705567030911258,-0.026908995509643985,0.026908995509643985,0.19785050732707535,1
static,2,88,0.019902764573222265,0.041049804499445966,0.8331146057659795,0.8604724371958957,-0.027357831429916213,0.027357831429916213,0.19951323050475758,1
static,2,89,0.02040778987836384,0.04305133045298737,0.8233858011102888,0.8521599152246109,-0.02877411411432207,0.02877411411432207,0.2020286607309163,1
static,2,90,0.020199640856504403,0.043695597629541914,0.8161389118259911,0.8447177407769634,-0.0285788289509723,0.0285788289509723,0.20099572560880197,1
static,2,91,0.020908563430667052,0.04575735182564065,0.8046609399144967,0.8345689183658199,-0.029907978451323203,0.029907978451323203,0.20449236382157185,1
static,2,92,0.020631917795703874,0.04642264058708851,0.795773464254093,0.8253940707247506,-0.029620606470657562,0.029620606470657562,0.20313501813180254,1
static,2,93,0.020129344706382675,0.046446432144718656,0.7930197654588748,0.8221083310088,-0.029088565549925227,0.029088565549925227,0.2006456812711536,1
static,2,94,0.02048784942047374,0.04789972880647357,0.7821461674580886,0.8116413620079934,-0.02949519454990479,0.02949519454990479,0.20242455098368745,1
static,2,95,0.020694030402654797,0.04871604838600412,0.7755073151577387,0.8050836988608646,-0.029576383703125875,0.029576383703125875,0.20344055840787892,1
static,2,96,0.020003361048892363,0.04876445272149019,0.7673491301997435,0.7956604589073158,-0.02831132870757236,0.02831132870757236,0.20001680453848053,1
static,2,97,0.02004946108557907,0.049735730044036496,0.7610183441127966,0.7899415236322085,-0.028923179519411923,0.028923179519411923,0.20024715271673188,1
static,2,98,0.0199369386406454,0.05047090844948965,0.7503062004991641,0.7787106034372648,-0.02840440293810076,0.02840440293810076,0.19968444426467175,1
static,2,99,0.01998363977035967,0.051388505786496924,0.742432231880084,0.7708745426715873,-0.028442310791503278,0.028442310791503278,0.19991818211638315,1
static,3,0,0.0007056708307586801,0.0002666126348300276,0.9996529638477072,0.9999104395034658,-0.0002574756557586211,0.0002574756557586211,0.037567827479338754,1
static,3,1,0.0006449985953098392,0.00023566486714586055,0.9996997980115387,0.9999295425280417,-0.0002297445165029277,0.0002297445165029277,0.03591653088230653,1
static,3,2,0.0006327601781434206,0.00022562249290488556,0.9997166221387946,0.9999378566839111,-0.00022123454511646656,0.00022123454511646656,0.035574152924375324,1
static,3,3,0.0005919419740697657,0.00020751768591123905,0.9997414509964665,0.9999453853486447,-0.00020393435217824774,0.00020393435217824774,0.034407614682502065,1
static,3,4,0.0005813045424296992,0.00020027041609818301,0.9997540898031482,0.9999515989419017,-0.0001975091387534933,0.0001975091387534933,0.03409705390293124,1
static,3,5,0.0005463176796134915,0.00018411795374296384,0.9997768913817066,0.9999590316137092,-0.00018214023200269214,0.00018214023200269214,0.03305503530820959,1
static,3,6,0.0005398129847673707,0.00018243116256364843,0.9997807580999074,0.9999615333336843,-0.00018077523377690863,0.00018077523377690863,0.03285766226521207,1
static,3,7,0.000518563534641795,0.00017284860534213086,0.9997944379564763,0.9999659684154938,-0.0001715304590175215,0.0001715304590175215,0.03220445728907087,1
static,3,8,0.000509112110927252,0.00016825559863481923,0.9998015183721657,0.9999686928588801,-0.00016717448671443869,0.00016717448671443869,0.031909625849490995,1
static,3,9,0.0005096538549215598,0.00016845105811454962,0.9998024538855937,0.9999699819315092,-0.000167528045915466,0.000167528045915466,0.031926598782881954,1
static,3,10,0.0005174464141480796,0.00017402207314498727,0.9997957621621765,0.9999689178863183,-0.00017315572414178249,0.00017315572414178249,0.032169750205684834,1
static,3,11,0.0005365689816735497,0.00018832688876929706,0.9997761042937972,0.9999635325250199,-0.00018742823122275265,0.00018742823122275265,0.032758784521821,1
static,3,12,0.0005961131079310334,0.00021914657468345092,0.9997346146580365,0.9999525102923805,-0.00021789563434404524,0.00021789563434404524,0.034528628931106815,1
static,3,13,0.0006771292594565413,0.0002676335410217731,0.9996664760189854,0.9999320556701554,-0.0002655796511700226,0.0002655796511700226,0.03680025161480669,1
static,3,14,0.0007931295515916532,0.00033701953981397556,0.9995663739496967,0.999899852438488,-0.0003334784887912834,0.0003334784887912834,0.03982786842379726,1
static,3,15,0.0009880691234962224,0.0004479295618767626,0.999408459294328,0.9998506815441897,-0.000442222249861679,0.000442222249861679,0.0444537765211511,1
static,3,16,0.001216176693849008,0.0005835631594664235,0.9992071416336751,0.9997813630210739,-0.0005742213873988211,0.0005742213873988211,0.04931889483451567,1
static,3,17,0.0015133397851234964,0.000788680880504954,0.9988852034690581,0.9996570409033007,-0.0007718374342425838,0.0007718374342425838,0.05501526670158923,1
static,3,18,0.0019445402455483137,0.0010909138735935393,0.9984085417252917,0.9994727677122797,-0.0010642259869879656,0.0010642259869879656,0.06236249266263037,1
static,3,19,0.0025874366932940075,0.0015257547072606943,0.9977287749982002,0.9992151419901427,-0.0014863669919424893,0.0014863669919424893,0.07193659282026092,1
static,3,20,0.003374505240954154,0.0021920605438190436,0.9965742184224476,0.9987018112352556,-0.0021275928128079435,0.0021275928128079435,0.08215236138972701,1
static,3,21,0.004265722952155215,0.0028904464995979182,0.9954564999906494,0.9982555341008106,-0.002799034110161136,0.002799034110161136,0.09236582649611506,1
static,3,22,0.0055225112698410045,0.003884157826142516,0.993843637256244,0.9976108581512222,-0.0037672208949781627,0.0037672208949781627,0.10509530217703363,1
static,3,23,0.007310609362197256,0.005445030663405225,0.9912653882927198,0.9965446003440627,-0.005279212051342852,0.005279212051342852,0.12091823156329451,1
static,3,24,0.008772174466461278,0.006979408202924612,0.9885015108645628,0.9952632186250647,-0.006761707760501889,0.006761707760501889,0.13245508269946668,1
static,3,25,0.01111689820049497,0.00932723675779341,0.9843263277470475,0.9933348515782469,-0.009008523831199322,0.009008523831199322,0.14911001442220417,1
static,3,26,0.013320794338702445,0.011826374763433026,0.979546892271645,0.9909418046349885,-0.011394912363343446,0.011394912363343446,0.16322251277751146,1
static,3,27,0.016192309682714495,0.01512358619323819,0.9731209641987514,0.9876764097035713,-0.014555445504819908,0.014555445504819908,0.1799572709434909,1
static,3,28,0.01862254381622194,0.018139940947617537,0.9669838645809317,0.98437823744319,-0.01739437286225831,0.01739437286225831,0.19298986406659774,1
static,3,29,0.019912009063414688,0.020740633447753024,0.9598584304195735,0.9794570789981278,-0.019598648578554312,0.019598648578554312,0.1995595603493588,1
static,3,30,0.02207000939746623,0.024327986351178072,0.9504671048572296,0.9732751510391853,-0.022808046181955643,0.022808046181955643,0.21009526123864017,1
static,3,31,0.023669111985592645,0.02749514098444776,0.9412082035550081,0.9668252775462655,-0.025617073991257344,0.025617073991257344,0.21757349096612227,1
static,3,32,0.024564767383200983,0.030946479154846915,0.9276548008041936,0.955759416778065,-0.028104615973871372,0.028104615973871372,0.22165183231004873,1
static,3,33,0.025610068500415584,0.034461339181153634,0.9133864619393046,0.9438793994577056,-0.030492937518400987,0.030492937518400987,0.22631866251113975,1
static,3,34,0.02647325740160449,0.03812534664648337,0.8969801926427935,0.9298578754409864,-0.03287768279819292,0.03287768279819292,0.23010109691874348,1
static,3,35,0.026613729672318644,0.04155446782465896,0.8780517676054057,0.9126244436875299,-0.03457267608212422,0.03457267608212422,0.23071076989303574,1
static,3,36,0.02638210793834806,0.04461269353932193,0.8579811141354683,0.8936139237522491,-0.035632809616780836,0.035632809616780836,0.22970462746034553,1
static,3,37,0.02633641087537496,0.048055188075040015,0.835859948301559,0.8727564307472392,-0.03689648244568022,0.03689648244568022,0.22950560287441768,1
static,3,38,0.025860038827480183,0.05163882419815957,0.8080169690199082,0.8455209085258529,-0.03750393950594477,0.03750393950594477,0.22742048644517576,1
static,3,39,0.025687186146159023,0.055088605354359096,0.7813514734441024,0.8194517923407141,-0.038100318896611696,0.038100318896611696,0.22665915444190213,1
static,3,40,0.025023671818495758,0.057786715546373345,0.7555296462961566,0.7933369704199809,-0.03780732412382426,0.03780732412382426,0.22371263629261426,1
static,3,41,0.024584501047939182,0.061147248582946824,0.7256872677825593,0.7633156747194266,-0.03762840693686731,0.03762840693686731,0.22174084444657094,1
static,3,42,0.024428458695876155,0.06514102642892977,0.6954936734825938,0.7336085639879019,-0.03811489050530803,0.03811489050530803,0.22103600926489853,1
static,3,43,0.023391139351716782,0.06647754041943695,0.6764841282086268,0.7134299150655902,-0.03694578685696337,0.03694578685696337,0.21629211428860176,1
static,3,44,0.022657263617270006,0.06844029418425997,0.6567758089745661,0.693339927364831,-0.036564118390264855,0.036564118390264855,0.21287209125326884,1
static,3,45,0.022363918779859927,0.06980618257128048,0.6435965422581522,0.6799108233726402,-0.03631428111448798,0.03631428111448798,0.21148956844184977,1
static,3,46,0.022307713541733675,0.07075528409919907,0.636268054163393,0.672831856393741,-0.03656380223034794,0.03656380223034794,0.21122364234021568,1
static,3,47,0.021477892036098904,0.07019139506411189,0.632034911031295,0.6670510609322141,-0.03501614990091906,0.03501614990091906,0.20725777204292678,1
static,3,48,0.021075267091105156,0.0696897721690441,0.6322020581991823,0.6667234587003001,-0.03452140050111785,0.03452140050111785,0.20530595262244666,1
static,3,49,0.020263328938819884,0.0676143112497304,0.6390471292382506,0.6717281679566197,-0.03268103871836914,0.03268103871836914,0.20131233910925522,1
static,3,50,0.019894399385834212,0.06679689135054884,0.6430342485787649,0.6751708332635926,-0.03213658468482772,0.03213658468482772,0.19947129811496295,1
static,3,51,0.019833796492022184,0.06570299232423617,0.6524202142413469,0.6846552007268562,-0.032234986485509265,0.032234986485509265,0.19916724877359823,1
static,3,52,0.019556253839160934,0.06347697615724565,0.6673716169556326,0.6988636156959643,-0.031491998740331706,0.031491998740331706,0.19776882382802874,1
static,3,53,0.019303296760122737,0.06112393521796882,0.683033320545339,0.7134738946623136,-0.03044057411697454,0.03044057411697454,0.19648560639457913,1
static,3,54,0.01899032393685498,0.058806299275724803,0.6974518453751734,0.7270753266412783,-0.029623481266104923,0.029623481266104923,0.19488624341833355,1
static,3,55,0.018418913276284872,0.056056289201157294,0.7133080446307648,0.7414943719749293,-0.028186327344164486,0.028186327344164486,0.19193182787794666,1
static,3,56,0.017722397544841884,0.053123379137092336,0.7291841235455143,0.7558715967604489,-0.026687473214934587,0.026687473214934587,0.18826788119507737,1
static,3,57,0.01694597769063738,0.04948739673397073,0.7492340644951376,0.7743264225613212,-0.025092358066183595,0.025092358066183595,0.18409767891332787,1
static,3,58,0.016030082482271113,0.045662519104646936,0.769781971957157,0.7927703226598555,-0.022988350702698446,0.022988350702698446,0.17905352541779854,1
static,3,59,0.015334078360007185,0.04212630567816226,0.7915985438934975,0.8133439710933766,-0.021745427199879153,0.021745427199879153,0.1751232615046167,1
static,3,60,0.014764469590046663,0.038480073333346944,0.8139393747045728,0.8341537597716057,-0.02021438506703288,0.02021438506703288,0.1718398649327138,1
static,3,61,0.014181829713094557,0.03497313407960575,0.8348083553779285,0.8533878878643896,-0.018579532486461048,0.018579532486461048,0.16841514013350795,1
static,3,62,0.014015596797120743,0.03185721069208846,0.8572450800527164,0.875334266299324,-0.018089186246607603,0.018089186246607603,0.16742518805198184,1
static,3,63,0.013811901705162874,0.029165381999896642,0.875428363961964,0.8928865824227242,-0.017458218460760233,0.017458218460760233,0.16620410166516875,1
static,3,64,0.013607953717824769,0.026631347082628987,0.8919695818264921,0.9084743866325846,-0.01650480480609251,0.01650480480609251,0.1649724444737652,1
static,3,65,0.013628878562083205,0.02439538158935524,0.9103793563706074,0.9271104491410942,-0.01673109277048679,0.01673109277048679,0.16509923417195613,1
static,3,66,0.013688778931962568,0.02168665402762925,0.9321248004289338,0.9490993546935101,-0.01697455426457639,0.01697455426457639,0.16546165073492147,1
static,3,67,0.014076215777330864,0.020763598267479928,0.9423357038584382,0.9598327169301886,-0.017497013071750334,0.017497013071750334,0.16778686347465266,1
static,3,68,0.013952970142563586,0.0197397694168791,0.9484247578195575,0.9654067987307868,-0.016982040911229346,0.016982040911229346,0.167050711716913,1
static,3,69,0.013649145074550931,0.019298165915737436,0.9495773878781509,0.9662309826442401,-0.016653594766089186,0.016653594766089186,0.16522194209336077,1
static,3,70,0.014178550567463167,0.01960757883382933,0.9518139610471553,0.9692058781720402,-0.01739191712488486,0.01739191712488486,0.1683956683971602,1
static,3,71,0.014408815343393973,0.01992449105599617,0.9511897709916661,0.968908634650896,-0.017718863659229922,0.017718863659229922,0.1697575644464421,1
static,3,72,0.014982109197272046,0.020767105349250917,0.9491679899405718,0.9676496998168771,-0.018481709876305263,0.018481709876305263,0.17310175734100475,1
static,3,73,0.015189051102590518,0.0208382517269271,0.9511623599471105,0.9701879326115543,-0.019025572664443824,0.019025572664443824,0.17429315019581532,1
static,3,74,0.016166220853180324,0.022646556596582938,0.9450960104716408,0.965595410592066,-0.02049940012042517,0.02049940012042517,0.1798122401461053,1
static,3,75,0.01642395530875806,0.023227841841947747,0.9425489158780863,0.9634826921866539,-0.02093377630856763,0.02093377630856763,0.18123992556143947,1
static,3,76,0.017411910826710914,0.0245139242336406,0.9391014740959832,0.9613278329097606,-0.022226358813777436,0.022226358813777436,0.1866114188720021,1
static,3,77,0.01844221892718836,0.027034604051110113,0.9310001017625829,0.9554268361211132,-0.024426734358530378,0.024426734358530378,0.19205321620419877,1
static,3,78,0.01900861200868983,0.028547908727380323,0.9249663375544273,0.9506978018990146,-0.025731464344587396,0.025731464344587396,0.194980060563586,1
static,3,79,0.020185899543066117,0.03033469722088683,0.9194474229600731,0.9467413660870537,-0.027293943126980635,0.027293943126980635,0.20092734778056529,1
static,3,80,0.021646753205357225,0.033488005555356797,0.9067753129531029,0.9366102238285006,-0.02983491087539769,0.02983491087539769,0.2080709167825106,1
static,3,81,0.021902840627137234,0.03414367290128283,0.9029307050264522,0.9330611251885905,-0.030130420162138294,0.030130420162138294,0.20929806796593817,1
static,3,82,0.02314824016306561,0.03728509163574123,0.8896073948942603,0.9219651430985143,-0.03235774820425397,0.03235774820425397,0.21516616910223416,1
static,3,83,0.02430060310123397,0.03997149977103813,0.878819350796176,0.9131642269239745,-0.03434487612779846,0.03434487612779846,0.2204568125562645,1
static,3,84,0.02489872294715849,0.0420179256567879,0.8670030818432607,0.9024751512560577,-0.035472069412797014,0.035472069412797014,0.22315341336021946,1
static,3,85,0.025551363646136784,0.043607063359139796,0.86119205364985,0.8979828379367484,-0.036790784286898415,0.036790784286898415,0.22605912344400872,1
static,3,86,0.02647127496342431,0.04579774805071173,0.8524860093892518,0.8909001204474922,-0.03841411105824044,0.03841411105824044,0.23009248124797257,1
static,3,87,0.027348565621386777,0.048902870079524104,0.8381833237065858,0.8785770569033938,-0.04039373319680806,0.04039373319680806,0.23387417823003367,1
static,3,88,0.028373491253483773,0.050507598781313216,0.835529634689692,0.8774426569464389,-0.04191302225674687,0.04191302225674687,0.23821625155930806,1
static,3,89,0.02878227426121369,0.05319715698739079,0.8190077908410223,0.8621748914819102,-0.04316710064088791,0.04316710064088791,0.2399261313871988,1
static,3,90,0.029471330144176876,0.05472176039424923,0.8148182303447309,0.8592249598052486,-0.04440672946051771,0.04440672946051771,0.24278109540974097,1
static,3,91,0.02930914847529329,0.05664151658026186,0.8010937418700587,0.8459609160953282,-0.044867174225269535,0.044867174225269535,0.24211215779176928,1
static,3,92,0.028860806321115262,0.057585396864711834,0.7924751941086032,0.8373838087204496,-0.044908614611846365,0.044908614611846365,0.24025322608079694,1
static,3,93,0.029135259855908504,0.060379652968292855,0.776927777960932,0.8234319112962369,-0.0465041333353049,0.0465041333353049,0.241392874194366,1
static,3,94,0.028599068010860856,0.06264076227243295,0.7584158402319698,0.805485206484132,-0.04706936625216218,0.04706936625216218,0.2391613179879257,1
static,3,95,0.027823970342164075,0.06339763625768079,0.7484832523993996,0.7955411458791445,-0.04705789347974487,0.04705789347974487,0.23589815744157086,1
static,3,96,0.02734402093060579,0.06465188910423146,0.7351600256985423,0.7821943536338968,-0.04703432793535445,0.04703432793535445,0.23385474521850436,1
static,3,97,0.02659757633621598,0.06560467836228129,0.724399017428669,0.7713983775441685,-0.046999360115499544,0.046999360115499544,0.23064074373889787,1
static,3,98,0.026968053296677213,0.06612891929513837,0.7270800733117962,0.7755917795363028,-0.04851170622450651,0.04851170622450651,0.23224148336021802,1
static,3,99,0.02618845521582895,0.06544582305380482,0.7259578080652813,0.7737639509157828,-0.04780614285050144,0.04780614285050144,0.22886002366437416,1
static,4,0,0.0007673819327840076,0.0002624857103460498,0.9996829596539267,0.9999420535115446,-0.00025909385761790915,0.00025909385761790915,0.039176062405096496,1
static,4,1,0.000732006211127336,0.00024260609227424003,0.9997116698435861,0.9999519936544627,-0.00024032381087668586,0.00024032381087668586,0.038262415269487,1
static,4,2,0.000703681372158449,0.00023037044499488518,0.9997285802954942,0.999957176289007,-0.00022859599351288118,0.00022859599351288118,0.037514833657060216,1
static,4,3,0.0006826874472645095,0.00021979374373875944,0.9997437871702274,0.999962351178509,-0.0002185640082815743,0.0002185640082815743,0.036950979615282445,1
static,4,4,0.0006633651712502306,0.00020919616411531274,0.9997581143009465,0.9999663571600846,-0.00020824285913811913,0.00020824285913811913,0.03642430977383732,1
static,4,5,0.0006542959448011933,0.00020874278073470563,0.9997594371629547,0.9999673794039482,-0.00020794224099351943,0.00020794224099351943,0.0361744646069902,1
static,4,6,0.0006432936272227554,0.0002034720197413459,0.9997672673749404,0.9999700625879074,-0.00020279521296706626,0.00020279521296706626,0.03586902918180963,1
static,4,7,0.0006317684788601373,0.00019937726097266813,0.9997731901157637,0.9999719874976517,-0.000198797381887994,0.000198797381887994,0.03554626503193092,1
static,4,8,0.0006281131079629377,0.00019849692310959985,0.9997749142945721,0.9999729088316817,-0.00019799453710955817,0.00019799453710955817,0.03544328167545826,1
static,4,9,0.0006177023961666752,0.00019485942990029283,0.9997802378741161,0.9999747069777296,-0.0001944691036135371,0.0001944691036135371,0.03514832559786242,1
static,4,10,0.0006224977030574942,0.00020153020263988312,0.9997721290367372,0.9999731990081493,-0.00020106997141211558,0.00020106997141211558,0.03528449243102398,1
static,4,11,0.0006432951338879034,0.00021496734585131156,0.999755854349579,0.9999704410868602,-0.00021458673728114164,0.00021458673728114164,0.03586907118641082,1
static,4,12,0.0006941977982968817,0.00024399175897327484,0.9997192731229734,0.9999628236631173,-0.00024355054014391087,0.00024355054014391087,0.037261180826615836,1
static,4,13,0.0007636780073848002,0.0002897342423637715,0.99965835277855,0.9999474706513212,-0.00028911787277119405,0.00028911787277119405,0.039081402415594046,1
static,4,14,0.0008744517733947079,0.00035928051234954524,0.9995640465545023,0.9999223391780258,-0.0003582926235234929,0.0003582926235234929,0.04181989415086337,1
static,4,15,0.0010138588217091901,0.0004446125241311396,0.9994465380174011,0.999889727958911,-0.00044318994150982505,0.00044318994150982505,0.04503018591365552,1
static,4,16,0.0012213946932270374,0.0005746124668949701,0.9992621926146839,0.9998344924502114,-0.0005722998355275344,0.0005722998355275344,0.049424582815174825,1
static,4,17,0.0014609948418380437,0.0007350232167975901,0.9990253946067512,0.9997568796573828,-0.0007314850506315862,0.0007314850506315862,0.054055431583478156,1
static,4,18,0.0018454952454571686,0.0009799784271090066,0.9986600193479781,0.999634771904792,-0.0009747525568138959,0.0009747525568138959,0.06075352245684473,1
static,4,19,0.002310403325211224,0.0013494487039595433,0.9980810269701285,0.999420758516833,-0.0013397315467045257,0.0013397315467045257,0.06797651543307033,1
static,4,20,0.00290442680422357,0.0018105835939727373,0.9973541677619888,0.9991524551269279,-0.001798287364939033,0.001798287364939033,0.07621583568030427,1
static,4,21,0.0038776712204714723,0.0025942904261401644,0.9960868498188056,0.9986593416665388,-0.002572491847733227,0.002572491847733227,0.08806442210644969,1
static,4,22,0.005117935993840763,0.003729772112928315,0.9942029446770757,0.9978940145876902,-0.0036910699106145195,0.0036910699106145195,0.10117248631758304,1
static,4,23,0.006368870929070232,0.004929266806118087,0.9921874900783098,0.9970700701842069,-0.00488258010589715,0.00488258010589715,0.11286160488908734,1
static,4,24,0.008416378757888355,0.006918002012264625,0.9886142810594544,0.9954411812117172,-0.006826900152262838,0.006826900152262838,0.12974111729045928,1
static,4,25,0.010631877149637975,0.009305519963905325,0.9844923179553088,0.9936661344866183,-0.009173816531309553,0.009173816531309553,0.1458209665969745,1
static,4,26,0.013192833847176849,0.012175090965354287,0.9795375558976508,0.9915640316787593,-0.012026475781108492,0.012026475781108492,0.16243665748332087,1
static,4,27,0.016397772658066707,0.015618604923450035,0.9728787971943643,0.9882418315406395,-0.015363034346275173,0.015363034346275173,0.18109540390670717,1
static,4,28,0.017594097415228237,0.018274774399298886,0.9668404327310679,0.9847643730282912,-0.01792394029722333,0.01792394029722333,0.18758516687216095,1
static,4,29,0.01904493067616806,0.02141855098411682,0.9589311481932626,0.9798877756952604,-0.020956627501997782,0.020956627501997782,0.1951662402987159,1
static,4,30,0.02029128589917883,0.024330675109560863,0.9502984108013955,0.9739247216894423,-0.023626310888046786,0.023626310888046786,0.20145116479771882,1
static,4,31,0.021832976959961514,0.027857854360584196,0.9397152396167008,0.9665365561113481,-0.026821316494647363,0.026821316494647363,0.20896400149289596,1
static,4,32,0.021950941634644776,0.030345654801132584,0.9289247488020476,0.9577550295770512,-0.028830280775003603,0.028830280775003603,0.2095277625263286,1
static,4,33,0.021867643791418364,0.03296799827391935,0.9152485808334025,0.9458936899682319,-0.030645109134829318,0.030645109134829318,0.20912983427248424,1
static,4,34,0.021671217995086253,0.03542890130256243,0.9006749899202395,0.9328263492649804,-0.03215135934474089,0.03215135934474089,0.208188462673061,1
static,4,35,0.021058683360658817,0.037426681657586634,0.8845406743481891,0.9175306760122847,-0.0329900016640956,0.0329900016640956,0.20522516103372324,1
static,4,36,0.02037653563230952,0.040034674391808085,0.8619368538693803,0.8958027220032934,-0.03386586813391301,0.03386586813391301,0.20187389941401299,1
static,4,37,0.01956051139114517,0.0418167468475118,0.8411617995023071,0.874788521104997,-0.03362672160268998,0.03362672160268998,0.19779035057932007,1
static,4,38,0.018830104182732697,0.04380674701717829,0.8176377356016912,0.8510741180969158,-0.033436382495224626,0.033436382495224626,0.19406238266460968,1
static,4,39,0.01792220907881369,0.04562586500743771,0.7913325103153965,0.8239523261770828,-0.032619815861686274,0.032619815861686274,0.18932622152683284,1
static,4,40,0.017022094000320228,0.0475617083403313,0.7612354371239579,0.7929001785559915,-0.03166474143203357,0.03166474143203357,0.18451067177981997,1
static,4,41,0.016236345158107537,0.04918620484285144,0.7326417905863112,0.7631301204551507,-0.030488329868839537,0.030488329868839537,0.1802018044199754,1
static,4,42,0.015511757989433864,0.05079076722547055,0.7048636093257036,0.7342395148333923,-0.02937590550768876,0.02937590550768876,0.1761349368491888,1
static,4,43,0.01482792576673338,0.05208863899977687,0.6806519259719098,0.7092101095102494,-0.02855818353833961,0.02855818353833961,0.17220874406796757,1
static,4,44,0.014405466211530792,0.053390510776828035,0.6606668413000321,0.6887464645809861,-0.028079623280954036,0.028079623280954036,0.1697378343889823,1
static,4,45,0.013904140301996938,0.054231713724954944,0.6440111313794745,0.6716786274528279,-0.027667496073353393,0.027667496073353393,0.16675815003769345,1
static,4,46,0.013643846309893156,0.05478311588002482,0.6345818270229237,0.6620893060459291,-0.027507479023005432,0.027507479023005432,0.16518986839327135,1
static,4,47,0.013450607103821961,0.05525258463196922,0.625751760990595,0.653122004271813,-0.027370243281217954,0.027370243281217954,0.16401589620412993,1
static,4,48,0.013446989517790667,0.05518702697070781,0.6280915680115358,0.6561833041476725,-0.02809173613613669,0.02809173613613669,0.1639938384073662,1
static,4,49,0.01336669801997037,0.05501273744346626,0.629812772791253,0.6581275439540671,-0.028314771162814112,0.028314771162814112,0.16350350467173705,1
static,4,50,0.013503740936351996,0.05469642684267576,0.6353741371282631,0.663907495554205,-0.028533358425941957,0.028533358425941957,0.16433953228819898,1
static,4,51,0.013585431633296823,0.0540021428310229,0.6433062291500777,0.6721241090704494,-0.02881787992037166,0.02881787992037166,0.1648358676580848,1
static,4,52,0.013729415581010587,0.053196952508339994,0.6543264853504568,0.6836436619874043,-0.02931717663694755,0.02931717663694755,0.16570706430934432,1
static,4,53,0.013931649653098076,0.05233845562234406,0.667052798185429,0.6966072880453161,-0.02955448985988718,0.02955448985988718,0.1669230340791712,1
static,4,54,0.01407904162505427,0.05063041840342838,0.6849904036918554,0.7145976079144266,-0.029607204222571237,0.029607204222571237,0.1678037045184299,1
static,4,55,0.014021067417470992,0.048833515656503956,0.6998143176689829,0.7287516981754864,-0.028937380506503407,0.028937380506503407,0.167457859878066,1
static,4,56,0.013866317786764176,0.046541728245269184,0.7179297662631059,0.7460046597425296,-0.028074893479423713,0.028074893479423713,0.16653118498806269,1
static,4,57,0.013751967441211587,0.04424685962879605,0.7397751539068853,0.7672942452998736,-0.02751909139298825,0.02751909139298825,0.16584310321030288,1
static,4,58,0.013617205100254853,0.04223374998153537,0.7574940616771283,0.7843660758744379,-0.026872014197309557,0.026872014197309557,0.16502851329545967,1
static,4,59,0.013392087253537526,0.040002027419290404,0.7763461713393933,0.8024960353100654,-0.026149863970672094,0.026149863970672094,0.16365871350794328,1
static,4,60,0.013425223385504446,0.037823311610979564,0.7974812976804824,0.8229957502508932,-0.02551445257041085,0.02551445257041085,0.16386105934909884,1
static,4,61,0.013327919842178055,0.03565150286069942,0.8155950486761627,0.8401992912226189,-0.024604242546456212,0.024604242546456212,0.16326616209232123,1
static,4,62,0.013019785521800806,0.032576262393539265,0.838688940654908,0.8617351983351588,-0.023046257680250815,0.023046257680250815,0.16136781291075866,1
static,4,63,0.012837656201733839,0.029923347967800412,0.8589481412697358,0.8806347908038819,-0.021686649534146007,0.021686649534146007,0.16023517842055682,1
static,4,64,0.01265829364618153,0.02748072664032532,0.8778007582316211,0.8984238417213946,-0.020623083489773486,0.020623083489773486,0.15911187036913071,1
static,4,65,0.012532814759562744,0.025283835812175585,0.8961449211710457,0.9160859668322545,-0.0199410456612088,0.0199410456612088,0.15832128574239626,1
static,4,66,0.01252198955413275,0.02315216366051281,0.9144198330126441,0.9335971777689087,-0.019177344756264647,0.019177344756264647,0.1582528960501687,1
static,4,67,0.012381745442044621,0.020882161132607113,0.9330003976538122,0.9513804465846942,-0.018380048930882076,0.018380048930882076,0.15736419822847014,1
static,4,68,0.012189669861085092,0.018764111093532463,0.9488130751183532,0.9662107988481502,-0.017397723729796977,0.017397723729796977,0.1561388475753878,1
static,4,69,0.012433844507534554,0.01930012018609274,0.9472575879804261,0.9652828417583597,-0.018025253777933514,0.018025253777933514,0.1576949238722322,1
static,4,70,0.012584259135984079,0.019275017163007842,0.9505701918311165,0.9688332065163382,-0.018263014685221735,0.018263014685221735,0.15864588955270212,1
static,4,71,0.013077275557750286,0.019761595070333576,0.9508685124688497,0.9696867707553739,-0.01881825828652417,0.01881825828652417,0.16172368755225863,1
static,4,72,0.013047792166265035,0.020378662223468583,0.9463855455062554,0.9656110264489255,-0.01922548094267007,0.01922548094267007,0.1615412774882323,1
static,4,73,0.01372921187502732,0.021433438708469015,0.9453484583276054,0.9657466061105398,-0.02039814778293436,0.02039814778293436,0.1657058349909702,1
static,4,74,0.014736591809773316,0.02350641053043858,0.9384135726857619,0.9605816721863196,-0.02216809950055776,0.02216809950055776,0.17167755712249239,1
static,4,75,0.015324979079627076,0.024479979407964005,0.9376184334074412,0.9609008857854185,-0.023282452377977325,0.023282452377977325,0.17507129450385106,1
static,4,76,0.015535835338295082,0.02507198877796132,0.9340637101098075,0.9577254654602696,-0.02366175535046211,0.02366175535046211,0.1762715821582996,1
static,4,77,0.01656187555271019,0.027324710808786547,0.9282677763461933,0.9541145415887907,-0.025846765242597436,0.025846765242597436,0.18199931622239787,1
static,4,78,0.017567959685061137,0.029763569868354687,0.92007899896939,0.9481065151918777,-0.02802751622248767,0.02802751622248767,0.18744577714667854,1
static,4,79,0.01831196558115833,0.03198418249065648,0.9123094607846686,0.9423133146571153,-0.03000385387244675,0.03000385387244675,0.19137379957119693,1
static,4,80,0.018860369469670173,0.034187946131686256,0.9000666956434721,0.9314940798857606,-0.031427384242288525,0.031427384242288525,0.19421827653272064,1
static,4,81,0.019237182650653696,0.035733085280142754,0.8940347817118789,0.9267431782633165,-0.032708396551437646,0.032708396551437646,0.19614883456525403,1
static,4,82,0.01968704200439072,0.03758313107114114,0.882489872318097,0.9160445473448827,-0.033554675026785774,0.033554675026785774,0.1984290402354994,1
static,4,83,0.02012612824813633,0.03878351929300412,0.8774572523965684,0.9120857872434601,-0.03462853484689177,0.03462853484689177,0.20062965009258393,1
static,4,84,0.02027933633151727,0.04019148514777958,0.8648954845130177,0.9000044128972731,-0.03510892838425539,0.03510892838425539,0.20139183862072102,1
static,4,85,0.0207801620502119,0.04179349172878041,0.8578229758097643,0.8941329899707625,-0.036310014160998216,0.036310014160998216,0.20386349379038857,1
static,4,86,0.02126501182111948,0.04334470961855333,0.8478238560855456,0.8849367153482198,-0.03711285926267427,0.03711285926267427,0.20622808645341922,1
static,4,87,0.02193704498503206,0.0453005306974102,0.8358320550053806,0.8743954745590259,-0.038563419553645284,0.038563419553645284,0.20946142835869358,1
static,4,88,0.022345342903476877,0.046597462354589406,0.8261296254284674,0.8652180326980238,-0.039088407269556424,0.039088407269556424,0.21140171666037566,1
static,4,89,0.022480602810977756,0.04787897602067589,0.8182544957743948,0.8582682519885751,-0.04001375621418035,0.04001375621418035,0.21204057541413038,1
static,4,90,0.02236858559785316,0.04873268256561485,0.8086478757436589,0.8488749593329262,-0.0402270835892673,0.0402270835892673,0.2115116337124422,1
static,4,91,0.022650751144308832,0.04988490949996721,0.7989298604062207,0.8397912771573289,-0.040861416751108215,0.040861416751108215,0.21284149569249336,1
static,4,92,0.022086513357444375,0.05022488808299473,0.7896825633394332,0.8303353640248842,-0.04065280068545096,0.04065280068545096,0.21017380120959117,1
static,4,93,0.02190621381570127,0.05042516237581884,0.7838299797620671,0.8241813395557138,-0.04035135979364668,0.04035135979364668,0.20931418401867213,1
static,4,94,0.021051992991450882,0.04976578477257647,0.7794441022311289,0.8187745034228052,-0.0393304011916763,0.0393304011916763,0.20519255830293107,1
static,4,95,0.020290702790962442,0.0496162897156066,0.7742668755248646,0.8131644885322802,-0.038897613007415566,0.038897613007415566,0.20144827023810574,1
static,4,96,0.019589147103413942,0.04986663016706524,0.7668026625369658,0.8055687295588047,-0.038766067021838824,0.038766067021838824,0.1979350757365351,1
static,4,97,0.018810095667402056,0.04880521789536409,0.7651489638841127,0.8026174274335914,-0.03746846354947875,0.03746846354947875,0.1939592517381012,1
static,4,98,0.01814869980713878,0.04860139117779785,0.7611084092459418,0.7979895655070328,-0.03688115626109101,0.03688115626109101,0.19051876446764388,1
static,4,99,0.01724947219181311,0.04795970490116961,0.7560863354067735,0.791654524742476,-0.035568189335702494,0.035568189335702494,0.18573891456457425,1
static,5,0,0.0009074316610328285,0.00030070447294123245,0.9996392959774054,0.9999379766121486,-0.00029868063474314255,0.00029868063474314255,0.042601212683040575,1
static,5,1,0.0008638326379826234,0.00028114971819068256,0.9996658452403437,0.9999454859786664,-0.0002796407383226507,0.0002796407383226507,0.0415651930822563,1
static,5,2,0.0008045239082558765,0.0002548614486667195,0.9997009098449968,0.9999547113919057,-0.000253801546908905,0.000253801546908905,0.04011293826824149,1
static,5,3,0.0007803488437102672,0.0002464141733124416,0.9997127155808835,0.9999580992594856,-0.00024538367860216237,0.00024538367860216237,0.03950566652292471,1
static,5,4,0.0007491454225445214,0.00023400959942779928,0.9997292627267215,0.9999625379067913,-0.00023327518006988068,0.00023327518006988068,0.038707762078025676,1
static,5,5,0.0007134487096288702,0.00022050651391341446,0.9997466282007095,0.9999665954609005,-0.00021996726019102297,0.00021996726019102297,0.037774295748004894,1
static,5,6,0.0007183514050917148,0.00021934234730765196,0.9997491356909461,0.9999679838394341,-0.00021884814848793788,0.00021884814848793788,0.03790386273433658,1
static,5,7,0.0006962524819778495,0.00021250697896630302,0.9997585929225391,0.999970680191871,-0.00021208726933186206,0.00021208726933186206,0.03731628282607606,1
static,5,8,0.0006721337741797704,0.00020594884960499949,0.9997668134089921,0.9999723774101626,-0.00020556400117055507,0.00020556400117055507,0.03666425436797455,1
static,5,9,0.0006798598393199848,0.00020800486847805862,0.9997652192108417,0.9999728592547005,-0.0002076400438587589,0.0002076400438587589,0.03687437699324518,1
static,5,10,0.0006685967332860989,0.00020732091044130786,0.9997658944768619,0.9999728624987418,-0.00020696802187991636,0.00020696802187991636,0.03656765601692564,1
static,5,11,0.0006915203708562295,0.00022104014963288685,0.9997491530562967,0.9999698108433481,-0.0002206577870513815,0.0002206577870513815,0.03718925572947728,1
static,5,12,0.0007639201617296098,0.0002571039590318532,0.9997034128106149,0.9999600617775938,-0.0002566489669788563,0.0002566489669788563,0.039087598077385356,1
static,5,13,0.0008458859422086228,0.0003006482410960524,0.9996458063869704,0.9999458252482081,-0.00030001886123764976,0.00030001886123764976,0.04113115466914642,1
static,5,14,0.0010063922735201682,0.00038255925624490874,0.9995368113715142,0.9999183491692023,-0.0003815377976881251,0.0003815377976881251,0.044864067437542225,1
static,5,15,0.0012143843117918354,0.0005032163328862291,0.9993646929903969,0.9998659875510483,-0.0005012945606513997,0.0005012945606513997,0.049282538729084065,1
static,5,16,0.0015178476094177518,0.000654856112289926,0.9991619534091314,0.9998143734131532,-0.0006524200040217698,0.0006524200040217698,0.05509714347255676,1
static,5,17,0.0018435472463011718,0.000851514243235558,0.99887645138349,0.9997237938030643,-0.0008473424195742929,0.0008473424195742929,0.060721450020584516,1
static,5,18,0.0023665193492798903,0.0011790496257545646,0.99838777044953,0.9995592479529618,-0.001171477503431828,0.001171477503431828,0.06879708350329816,1
static,5,19,0.0030836859567173,0.0016393237819953448,0.997709290862706,0.9993357239718939,-0.0016264331091878637,0.0016264331091878637,0.0785326168762674,1
static,5,20,0.003952982913512451,0.0022129364384539346,0.9968518024900194,0.999049382475997,-0.0021975799859775824,0.0021975799859775824,0.08891549823863612,1
static,5,21,0.005203902514455815,0.0030795929370944688,0.9955517463494294,0.998608983922199,-0.0030572375727695444,0.0030572375727695444,0.10201865039742307,1
static,5,22,0.007101607232493032,0.004497068032510955,0.9933770633667419,0.9978385170007975,-0.00446145363405559,0.00446145363405559,0.11917723971038288,1
static,5,23,0.009226837977242167,0.006250049266933657,0.9906692586822821,0.9968722354644282,-0.006202976782146097,0.006202976782146097,0.13584430777358444,1
static,5,24,0.011854525844867634,0.00846405772741558,0.9872411757645345,0.995644135389269,-0.008402959624734474,0.008402959624734474,0.1539774388984804,1
static,5,25,0.014952668774679946,0.011200595373091773,0.9829704712122949,0.9940868486676793,-0.011116377455384407,0.011116377455384407,0.17293159789165163,1
static,5,26,0.018871560623011246,0.015035835626644583,0.9765294027363622,0.9914444067760461,-0.014915004039683821,0.014915004039683821,0.19427588951288446,1
static,5,27,0.022461611691314158,0.018837304247558362,0.9701336903879099,0.9888172895408865,-0.018683599152976682,0.018683599152976682,0.21195099287955296,1
static,5,28,0.02545691944000452,0.02306030653264756,0.9616521313870317,0.9844925935551097,-0.022840462168078002,0.022840462168078002,0.22564095124779332,1
static,5,29,0.0288664753916867,0.02741036687326654,0.9530633036687853,0.9801463575727007,-0.02708305390391541,0.02708305390391541,0.2402768211529639,1
static,5,30,0.03070585837993268,0.03113298071647067,0.9442001585770928,0.9749040165193027,-0.030703857942209867,0.030703857942209867,0.2478138752367699,1
static,5,31,0.03227591330183161,0.034776273786787215,0.933695481857648,0.9677820965140295,-0.03408661465638152,0.03408661465638152,0.254070515022234,1
static,5,32,0.034585346585675324,0.03923880698483536,0.9215074072832914,0.9598153530920401,-0.038307945808748745,0.038307945808748745,0.2630032189372416,1
static,5,33,0.0345192322605119,0.042119485508708095,0.908905955855104,0.9496623750212939,-0.04075641916618988,0.04075641916618988,0.26275171649491424,1
static,5,34,0.035974921766812676,0.04726637536213205,0.8898998832149385,0.9353170294076896,-0.04541714619275106,0.04541714619275106,0.26823467996071154,1
static,5,35,0.036529879305771784,0.05177979762455679,0.8701847991212799,0.9194725453257168,-0.04928774620443688,0.04928774620443688,0.270295687371337,1
static,5,36,0.03545030998393216,0.05441618798852166,0.8505493593127261,0.9017522546168942,-0.051202895304168106,0.051202895304168106,0.26627170328043553,1
static,5,37,0.03466501585305954,0.05728211538661843,0.8283524656643148,0.8815120242330833,-0.05315955856876853,0.05315955856876853,0.26330596595238603,1
static,5,38,0.03433959017930164,0.06177427992838068,0.7974224443715529,0.8538648895583439,-0.05644244518679109,0.05644244518679109,0.2620671294889981,1
static,5,39,0.03322348392023587,0.06486576829371594,0.767654001473197,0.8261649161553752,-0.05851091468217828,0.05851091468217828,0.2577730937093159,1
static,5,40,0.0317569230170248,0.06769835266693519,0.7350368854571105,0.795265711912393,-0.06022882645528249,0.06022882645528249,0.25201953502466745,1
static,5,41,0.03059435195469508,0.07030478014313485,0.7041476825506647,0.7659050906498706,-0.061757408099205824,0.061757408099205824,0.24736350561348,1
static,5,42,0.029152221846614944,0.07226411287582103,0.6769517655673989,0.7397562543027724,-0.06280448873537348,0.06280448873537348,0.24146313112612014,1
static,5,43,0.028458867479408543,0.07462437965615501,0.6516973447352717,0.7161190651649568,-0.06442172042968508,0.06442172042968508,0.2385743803488067,1
static,5,44,0.027203031166851636,0.07621757764276287,0.6277577866275278,0.6929951731182175,-0.06523738649068966,0.06523738649068966,0.23325107145242285,1
static,5,45,0.026844881223380763,0.07836889188703794,0.6082358390196633,0.6752160327617835,-0.06698019374212028,0.06698019374212028,0.23171051432069611,1
static,5,46,0.02654388872264123,0.07980078420306803,0.5960875394713817,0.6643329822020582,-0.06824544273067645,0.06824544273067645,0.23040785022494883,1
static,5,47,0.02663797094647779,0.08093429173934219,0.5893422431352213,0.6587755588102943,-0.06943331567507294,0.06943331567507294,0.2308158181168604,1
static,5,48,0.02646351891990722,0.0808925526882749,0.590224865772025,0.659677411649972,-0.06945254587794691,0.06945254587794691,0.23005877040403055,1
static,5,49,0.026438457003684655,0.08090880123110812,0.5901463315968197,0.6596060790320948,-0.06945974743527505,0.06945974743527505,0.2299498075828056,1
static,5,50,0.026466101897885088,0.08019197951602215,0.5984623369868668,0.6674389642360647,-0.06897662724919795,0.06897662724919795,0.23006999760023072,1
static,5,51,0.026912858103843813,0.07952423689435122,0.6102254648946235,0.6791058939087764,-0.06888042901415292,0.06888042901415292,0.23200369869398121,1
static,5,52,0.026827379883117917,0.07787163593163733,0.6221434608414831,0.6898192435206667,-0.06767578267918362,0.06767578267918362,0.23163497094833466,1
static,5,53,0.02655782926709643,0.07580171257191576,0.6353539072705583,0.7012032928698577,-0.06584938559929943,0.06584938559929943,0.23046834605687797,1
static,5,54,0.026630574562367927,0.07407234755737958,0.6480983996597439,0.7127769713825162,-0.06467857172277225,0.06467857172277225,0.23078377136344716,1
static,5,55,0.026295832727231228,0.07109622938902768,0.6672618884245928,0.7293762357575948,-0.06211434733300203,0.06211434733300203,0.2293287279310258,1
static,5,56,0.02573353018567238,0.06808473779592498,0.6828231404008674,0.7423229722291876,-0.05949983182832019,0.05949983182832019,0.2268635280765614,1
static,5,57,0.02548779615377709,0.06512923134495698,0.7029765205581413,0.760094200431791,-0.057117679873649685,0.057117679873649685,0.22577774980620693,1
static,5,58,0.02458016543661758,0.06076576511448362,0.7268936749752922,0.7801442057263313,-0.05325053075103903,0.05325053075103903,0.22172129097864093,1
static,5,59,0.023767820642897765,0.05652087906855395,0.7504761512797299,0.7999753154003536,-0.04949916412062372,0.04949916412062372,0.21802669856188606,1
static,5,60,0.023055582841829063,0.05287188734676713,0.7729078366875148,0.8193793765972824,-0.0464715399097676,0.0464715399097676,0.21473510584824765,1
static,5,61,0.022483786353761467,0.04895635319115107,0.7954475033611588,0.8386551120173483,-0.043207608656189556,0.043207608656189556,0.21205558872032337,1
static,5,62,0.02173036742015894,0.044615774069731905,0.8204293941447789,0.8599840278412265,-0.03955463369644763,0.03955463369644763,0.20847238387929917,1
static,5,63,0.021433346709612725,0.04068937973827262,0.8457227330842417,0.882125532847697,-0.036402799763455285,0.036402799763455285,0.20704273331664033,1
static,5,64,0.021407759535069574,0.03697514996310234,0.8701328629908166,0.9036071279047233,-0.033474264913906704,0.033474264913906704,0.206919112384862,1
static,5,65,0.020990307813011776,0.03334420108862222,0.8922591857423341,0.9227938800002363,-0.03053469425790223,0.03053469425790223,0.20489171683116805,1
static,5,66,0.0208292828358764,0.030197305527703413,0.9110916043875932,0.9390336203739152,-0.027942015986322066,0.027942015986322066,0.20410430096338686,1
static,5,67,0.02022534251298592,0.02704546725850526,0.9283240263038199,0.9536259010673609,-0.025301874763540955,0.025301874763540955,0.20112355661625478,1
static,5,68,0.019759714501029226,0.02599079289076082,0.9333329916967193,0.9577558126245919,-0.024422820927872513,0.024422820927872513,0.19879494209375262,1
static,5,69,0.019907964576598443,0.025176913993713062,0.941116768615661,0.9649558033076315,-0.023839034691970573,0.023839034691970573,0.19953929225392397,1
static,5,70,0.02029359161136983,0.025694557786914516,0.9420324500846402,0.9665362550255377,-0.024503804940897544,0.024503804940897544,0.2014626099869146,1
static,5,71,0.020467493467918884,0.026501931991137515,0.9390004861771907,0.964279290920869,-0.025278804743678274,0.025278804743678274,0.2023239653027732,1
static,5,72,0.02047575939162778,0.02655807771867281,0.9402295122416194,0.9656707466294722,-0.02544123438785273,0.02544123438785273,0.20236481607052043,1
static,5,73,0.021159762746988595,0.028354977278086498,0.9347654479369307,0.9619488050911328,-0.02718335715420206,0.02718335715420206,0.2057171006357449,1
static,5,74,0.022074260514334913,0.029988314918930652,0.9335279110208565,0.9624317612415818,-0.02890385022072528,0.02890385022072528,0.210115494499263,1
static,5,75,0.02312223321620125,0.032230271363195936,0.9270907454491748,0.9582151760766419,-0.03112443062746706,0.03112443062746706,0.21504526600788612,1
static,5,76,0.024218885686386367,0.034331325613123714,0.9212630932002018,0.9544386551815204,-0.033175561981318547,0.033175561981318547,0.22008582728738516,1
static,5,77,0.02524106533868378,0.03661370763350226,0.914705999477323,0.9500779348022369,-0.035371935324913895,0.035371935324913895,0.2246822883036568,1
static,5,78,0.02593072868178877,0.03735052536573292,0.9141926019562459,0.950300954350697,-0.03610835239445109,0.03610835239445109,0.22773110758870327,1
static,5,79,0.027190951854133706,0.039717072899832784,0.9057669600477066,0.944029697896245,-0.0382627378485384,0.0382627378485384,0.2331992789617228,1
static,5,80,0.027833108007929184,0.04136185197353132,0.8986480319734115,0.9384092172713836,-0.039761185297972124,0.039761185297972124,0.23593688990036799,1
static,5,81,0.029552202379234966,0.04473530743710922,0.8887039554793544,0.9317248878576936,-0.04302093237833915,0.04302093237833915,0.24311397483170302,1
static,5,82,0.03080601050335476,0.047435800705591086,0.8787079962269939,0.9241793863763399,-0.04547139014934598,0.04547139014934598,0.24821768874661113,1
static,5,83,0.031758655482708106,0.050026674242497696,0.8688692416312053,0.9167510097249146,-0.047881768093709365,0.047881768093709365,0.2520264092618395,1
static,5,84,0.032649836998896016,0.05244818255764455,0.8577312906478005,0.9077924692878211,-0.050061178640020576,0.050061178640020576,0.25553800891020506,1
static,5,85,0.03412598947086334,0.05494812289330659,0.8503341795983682,0.9027863332189454,-0.0524521536205772,0.0524521536205772,0.26125079701644294,1
static,5,86,0.035308072183064074,0.05805062315603237,0.8382827082257329,0.8936677327687214,-0.05538502454298844,0.05538502454298844,0.2657369834368716,1
static,5,87,0.03628073169174898,0.060273907846013115,0.8289816608514226,0.8863769208013416,-0.05739525994991901,0.05739525994991901,0.26937235081481165,1
static,5,88,0.03713140502508174,0.06190285934354291,0.8236037238808941,0.8825754971460388,-0.05897177326514469,0.05897177326514469,0.2725120365234598,1
static,5,89,0.03776361976208058,0.0632208907187728,0.8174644697330755,0.8776222942416226,-0.06015782450854712,0.06015782450854712,0.2748221961999452,1
static,5,90,0.037297773836604764,0.0649347977560925,0.8038450222810741,0.8653270304254522,-0.0614820081443781,0.0614820081443781,0.27312185499005665,1
static,5,91,0.037620889645134575,0.06670587560540937,0.7965478216028162,0.859620501512501,-0.06307267990968479,0.06307267990968479,0.27430235013624865,1
static,5,92,0.037648910956461015,0.06785539740583661,0.7890249119103281,0.8530843864101716,-0.0640594744998435,0.0640594744998435,0.274404485956265,1
static,5,93,0.0367811263078266,0.06854747801681658,0.7787904308462653,0.8432711663355148,-0.06448073548924949,0.06448073548924949,0.2712236210503304,1
static,5,94,0.035733992173550166,0.06888449051447863,0.7704307755687296,0.8350069539058713,-0.06457617833714169,0.06457617833714169,0.26733496656273814,1
static,5,95,0.03437991388407804,0.06950026039858287,0.7565467532637042,0.8213025584366864,-0.06475580517298218,0.06475580517298218,0.26222095219138397,1
static,5,96,0.033532659836563804,0.07067836581006665,0.7419059219892966,0.8074658597086826,-0.06555993771938595,0.06555993771938595,0.2589697273295232,1
static,5,97,0.03219545602560004,0.07077180592122778,0.7324787076305633,0.7977738901520619,-0.06529518252149857,0.06529518252149857,0.25375364440969134,1
static,5,98,0.031381828094723875,0.0712914160519468,0.7237554118582497,0.7893332618761785,-0.06557785001792882,0.06557785001792882,0.25052675743211095,1
static,5,99,0.03058361044228017,0.07181638220627129,0.7125592634311484,0.7783977996626146,-0.06583853623146618,0.06583853623146618,0.24732007780315843,1
static,6,0,0.0007616860316360626,0.00026610791408537604,0.9996757394220791,0.9999363504710663,-0.00026061104898722487,0.00026061104898722487,0.03903039921999422,1
static,6,1,0.0007368975485264771,0.0002530937070688449,0.9996947334864956,0.9999438291780277,-0.00024909569153208633,0.00024909569153208633,0.03839003903427234,1
static,6,2,0.0006921984385284151,0.00023331360281426437,0.9997215085415033,0.9999514695747158,-0.00022996103321248906,0.00022996103321248906,0.03720748415382086,1
static,6,3,0.0006652311271307728,0.00022327111922053184,0.9997348210492881,0.9999554594746026,-0.00022063842531450106,0.00022063842531450106,0.036475502111164224,1
static,6,4,0.0006472421573605867,0.00021504792909541424,0.9997465582530509,0.999959679412235,-0.00021312115918403762,0.00021312115918403762,0.03597894265707614,1
static,6,5,0.0006336870711566964,0.00021030846025317905,0.9997531423700017,0.9999617243381939,-0.00020858196819217856,0.00020858196819217856,0.03560019862744298,1
static,6,6,0.0006052869819040651,0.0001990258855437765,0.9997682790968662,0.9999660226842423,-0.0001977435873761202,0.0001977435873761202,0.03479330343339261,1
static,6,7,0.0005961798915366893,0.00019495521326555297,0.9997743227926426,0.9999682543878979,-0.00019393159525538106,0.00019393159525538106,0.03453056302861826,1
static,6,8,0.0005912711172652432,0.00019324490406186833,0.9997774652114569,0.9999698986194698,-0.0001924334080128931,0.0001924334080128931,0.03438811181979154,1
static,6,9,0.0005836363587946479,0.00019323792785838113,0.9997772375755086,0.9999697560907653,-0.00019251851525670105,0.00019251851525670105,0.03416537307844444,1
static,6,10,0.0005872104690958781,0.00019489803526294495,0.9997764093336426,0.9999707002030035,-0.00019429086936084694,0.00019429086936084694,0.034269825476529,1
static,6,11,0.000630415111142388,0.0002152132227540195,0.9997507548719136,0.9999651916926902,-0.00021443682077659787,0.00021443682077659787,0.03550817120445343,1
static,6,12,0.0006898847513320551,0.00024651663969714146,0.9997110635413022,0.9999568602637059,-0.00024579672240365724,0.00024579672240365724,0.03714524872260395,1
static,6,13,0.0007947016325603218,0.0003011250578562372,0.9996384047993526,0.9999384769717143,-0.00030007217236172057,0.00030007217236172057,0.03986732076677142,1
static,6,14,0.0009708477848255753,0.0003889863855861575,0.9995214789655164,0.9999089957620214,-0.00038751679650506077,0.00038751679650506077,0.04406467485016939,1
static,6,15,0.0011901635143220864,0.0005009407549044209,0.9993682472493113,0.9998668953811631,-0.0004986481318518532,0.0004986481318518532,0.04878859527229876,1
static,6,16,0.0015214016268956286,0.0006799439980861969,0.9991138612413204,0.9997896494269242,-0.0006757881856037651,0.0006757881856037651,0.05516161032630626,1
static,6,17,0.001954226917868011,0.0009287936431033396,0.9987500485133725,0.9996714670279468,-0.0009214185145743903,0.0009214185145743903,0.06251762819986073,1
static,6,18,0.0024723852317852664,0.0012230221724899586,0.9983230710067782,0.9995365416389582,-0.0012134706321800248,0.0012134706321800248,0.0703190618791984,1
static,6,19,0.0032171747061670295,0.0017042531508321642,0.9975955347852546,0.9992848458221539,-0.001689311036899288,0.001689311036899288,0.08021439654035963,1
static,6,20,0.004219572747047755,0.002348750911372844,0.9966131661509625,0.9989416226426527,-0.002328456491690223,0.002328456491690223,0.09186482185306577,1
static,6,21,0.005595084231634728,0.003294999081418495,0.9951285796236472,0.9983898622420921,-0.0032612826184449384,0.0032612826184449384,0.10578359259955891,1
static,6,22,0.007159605675250112,0.004489833918576558,0.9932603669873159,0.9977074782581373,-0.004447111270821424,0.004447111270821424,0.11966290716216209,1
static,6,23,0.009361826107667965,0.006234445535268335,0.9905081662344336,0.996685681744082,-0.006177515509648401,0.006177515509648401,0.13683439704743808,1
static,6,24,0.01219821038432832,0.00857700829128898,0.986713547547816,0.9952125893621028,-0.008499041814286734,0.008499041814286734,0.1561935362576078,1
static,6,25,0.015692920218378762,0.011838570466164348,0.9813619262778671,0.993089542909233,-0.0117276166313659,0.0117276166313659,0.1771604934424081,1
static,6,26,0.019619345950349972,0.01569797287320305,0.9747379824369556,0.9902621188895544,-0.015524136452598758,0.015524136452598758,0.19808758643766636,1
static,6,27,0.023315813694303415,0.01972912697215065,0.9672632426318315,0.986729530813086,-0.01946628818125451,0.01946628818125451,0.21594357454809077,1
static,6,28,0.026967934113712858,0.024271303451011254,0.9589263142578437,0.9829036549819926,-0.02397734072414892,0.02397734072414892,0.23224097017413986,1
static,6,29,0.03045525219485338,0.028877273982192038,0.9492813265657696,0.9777434622422535,-0.028462135676483924,0.028462135676483924,0.2468005356349673,1
static,6,30,0.033145158685566826,0.0333441164356224,0.9391976022259901,0.9719945497209236,-0.03279694749493345,0.03279694749493345,0.25746906099788697,1
static,6,31,0.035453213706549885,0.03808550197983638,0.9266030707164009,0.9639235199825574,-0.03732044926615652,0.03732044926615652,0.26628260816865185,1
static,6,32,0.037038886230681654,0.04255652880951176,0.9129349694137826,0.9544905574106599,-0.04155558799687731,0.04155558799687731,0.27217232126240043,1
static,6,33,0.03833607406738685,0.04675232356821685,0.8985908711762324,0.9440958422346131,-0.045504971058380694,0.045504971058380694,0.276897360288562,1
static,6,34,0.039071092909837436,0.05096163527172141,0.8811875585711173,0.9305403890705014,-0.049352830499384104,0.049352830499384104,0.27953923842579753,1
static,6,35,0.039192347895555014,0.05560989492899182,0.8590950966641813,0.9126095201479734,-0.053514423483792095,0.053514423483792095,0.27997266972172485,1
static,6,36,0.03916291833448989,0.059777132252422295,0.8340608538468761,0.8911214663747179,-0.05706061252784178,0.05706061252784178,0.27986753414603094,1
static,6,37,0.03854104871686143,0.06324917961216263,0.8085047956238137,0.8684262052665789,-0.059921409642765155,0.059921409642765155,0.27763662840792974,1
static,6,38,0.03756405987796788,0.06705521510120394,0.778350065659992,0.8415685382561297,-0.06321847259613766,0.06321847259613766,0.27409509254259873,1
static,6,39,0.03604813817406871,0.06940518924546883,0.7494574353136194,0.8143464107302492,-0.06488897541662975,0.06488897541662975,0.26850749775031874,1
static,6,40,0.0346406434128615,0.0725303986624345,0.7149834262565867,0.7824806885614515,-0.06749726230486475,0.06749726230486475,0.2632133864865596,1
static,6,41,0.032851618973605064,0.07414809454781002,0.6861908609655125,0.7548370503911092,-0.06864618942559664,0.06864618942559664,0.2563264284993066,1
static,6,42,0.0312617146785877,0.07611416465613087,0.6548781589901654,0.7250249459963589,-0.07014678700619348,0.07014678700619348,0.2500468543236955,1
static,6,43,0.02967941203982138,0.07749082295408664,0.6289654244024439,0.6999847873446888,-0.07101936294224498,0.07101936294224498,0.2436366640709948,1
static,6,44,0.02842915510413609,0.07842186509724393,0.6097979412286124,0.6815087913190183,-0.0717108500904059,0.0717108500904059,0.2384498064756442,1
static,6,45,0.027231120314217563,0.07936688041011311,0.5909099510266076,0.663360306835076,-0.07245035580846837,0.07245035580846837,0.23337146489756438,1
static,6,46,0.026831316274115787,0.08037901951499712,0.5816627803929545,0.6550784125955228,-0.0734156322025683,0.0734156322025683,0.23165196426586063,1
static,6,47,0.026632239428521345,0.08061222753443589,0.5803603384581965,0.6539408667418083,-0.07358052828361183,0.07358052828361183,0.2307909852161533,1
static,6,48,0.026422481563904227,0.08071161422599249,0.5793733690816861,0.6530863305467989,-0.07371296146511275,0.07371296146511275,0.22988032348987256,1
static,6,49,0.026350135794744607,0.080054998845995,0.5829729697743252,0.6559868102405207,-0.07301384046619552,0.07301384046619552,0.22956539719541622,1
static,6,50,0.026525497727415744,0.07955944322454904,0.5905374221781815,0.6632317079685726,-0.07269428579039106,0.07269428579039106,0.2303280170861363,1
static,6,51,0.02679987678471217,0.07890934875247554,0.599249137764656,0.6714082815464107,-0.0721591437817547,0.0721591437817547,0.23151620584620927,1
static,6,52,0.026586065368634434,0.0773092331162144,0.6112174826029134,0.6819651667643692,-0.07074768416145583,0.07074768416145583,0.2305908296903172,1
static,6,53,0.026498858200820617,0.07540441916563333,0.6251845671216446,0.6943443492716069,-0.06915978214996232,0.06915978214996232,0.23021232895229837,1
static,6,54,0.02675558118361781,0.07374018986025421,0.6416187220778233,0.7094252914201739,-0.06780656934235052,0.06780656934235052,0.23132479842687773,1
static,6,55,0.026706706375557977,0.07106516204662547,0.6624078168897117,0.727841498756355,-0.06543368186664322,0.06543368186664322,0.231113419669036,1
static,6,56,0.02665157532341844,0.06857679211844227,0.6799409118158913,0.7431073083507159,-0.06316639653482459,0.06316639653482459,0.2308747509946397,1
static,6,57,0.026359684285991468,0.06545571623597658,0.7006876488928756,0.7609984667380828,-0.0603108178452072,0.0603108178452072,0.22960698720200773,1
static,6,58,0.025897290316631322,0.06218588694866022,0.7200196587557188,0.7773453038274275,-0.057325645071708675,0.057325645071708675,0.22758422755820018,1
static,6,59,0.025727249889202705,0.05885567085421696,0.7452668662518855,0.7996146842832492,-0.05434781803136368,0.05434781803136368,0.22683584324000783,1
static,6,60,0.024792866180154305,0.05449452330788489,0.7697712972158847,0.8201016127560206,-0.050330315540135895,0.050330315540135895,0.22267854041265092,1
static,6,61,0.02414529143471802,0.05080190064228056,0.7916877096474788,0.8387736173102109,-0.04708590766273213,0.04708590766273213,0.2197511840000778,1
static,6,62,0.023460230375678005,0.04663366159022549,0.8175260846416563,0.8609181828386344,-0.04339209819697809,0.04339209819697809,0.21661131261168243,1
static,6,63,0.022693052064118358,0.042304515469688865,0.8430384545509085,0.882558922580883,-0.03952046802997444,0.03952046802997444,0.21304014675228872,1
static,6,64,0.022107202227648125,0.03855797737976836,0.8642630848121787,0.9004927276048892,-0.03622964279271046,0.03622964279271046,0.21027221512909464,1
static,6,65,0.02135510521979856,0.034852042265125,0.8853125245328336,0.9182293210665883,-0.03291679653375468,0.03291679653375468,0.20666448761119344,1
static,6,66,0.020905913520295975,0.03211424746502209,0.9036175422428808,0.9342004677297776,-0.030582925486896784,0.030582925486896784,0.20447940493015904,1
static,6,67,0.02067154611342777,0.02941231586869923,0.9217803025557509,0.9500116948613477,-0.028231392305596792,0.028231392305596792,0.20333000818092625,1
static,6,68,0.019884264202010976,0.027079621648778904,0.9331874660049357,0.959344504366172,-0.026157038361236284,0.026157038361236284,0.1994204814055516,1
static,6,69,0.020271080694239683,0.027546510606377316,0.9317950128328204,0.9583639143518902,-0.026568901519069765,0.026568901519069765,0.20135084153903943,1
static,6,70,0.019785876362991922,0.026242582341756877,0.9388321228500515,0.9642591510636661,-0.025427028213614644,0.025427028213614644,0.19892650081370217,1
static,6,71,0.020316607638639735,0.026589543481350512,0.9392419700184932,0.9650950573412506,-0.025853087322757373,0.025853087322757373,0.20157682227200496,1
static,6,72,0.021166316246001737,0.028770789239557382,0.932820051075005,0.9608285279898185,-0.028008476914813563,0.028008476914813563,0.20574895502044105,1
static,6,73,0.021542230768805428,0.029124475385582757,0.9336553368423514,0.9621107863640229,-0.02845544952167156,0.02845544952167156,0.20756796847686027,1
static,6,74,0.023119684924769106,0.03225853808052327,0.9263851631684155,0.9579455771205979,-0.03156041395218245,0.03156041395218245,0.21503341565798142,1
static,6,75,0.023838506366108486,0.03401562818360413,0.9184710815199196,0.9516973957743267,-0.03322631425440703,0.03322631425440703,0.2183506646021875,1
static,6,76,0.025339169923660414,0.03626555125869197,0.9158648126767645,0.9513999581573855,-0.03553514548062109,0.03553514548062109,0.22511850178810455,1
static,6,77,0.02721915023525149,0.039902594641329635,0.9059951393625425,0.9451463251501716,-0.039151185787629106,0.039151185787629106,0.23332016730343516,1
static,6,78,0.02903449721537188,0.04306404837235348,0.8989592959962169,0.9412640128972654,-0.04230471690104842,0.04230471690104842,0.24097509089269736,1
static,6,79,0.030893936977055638,0.046782279356721745,0.8877448794500011,0.9336887402377242,-0.045943860787723056,0.045943860787723056,0.24857166764157027,1
static,6,80,0.03236646449848181,0.04934561267889677,0.879653323167484,0.9280447592783712,-0.04839143611088714,0.04839143611088714,0.25442666722842483,1
static,6,81,0.03415887751435994,0.05177492958592817,0.8731885961819033,0.9239412846338521,-0.0507526884519488,0.0507526884519488,0.261376653564774,1
static,6,82,0.035378091896537,0.05388572267018188,0.8653051565257469,0.9180677165135631,-0.052762559987816204,0.052762559987816204,0.26600034547547863,1
static,6,83,0.03730353583593797,0.05695679589697896,0.8557200206843013,0.9114663716502427,-0.05574635096594138,0.05574635096594138,0.27314295098331925,1
static,6,84,0.03860158394439436,0.06009343160181441,0.8409229676806524,0.8996104715184988,-0.05868750383784638,0.05868750383784638,0.27785458047113193,1
static,6,85,0.03920538186580116,0.06236049094603836,0.8289016342430453,0.889691769471786,-0.06079013522874066,0.06079013522874066,0.2800192202896121,1
static,6,86,0.040827548519963036,0.06555545992089233,0.8169316834965696,0.8806400191363047,-0.0637083356397351,0.0637083356397351,0.2857535599776949,1
static,6,87,0.04144280338435936,0.06837231247600609,0.8038101327326596,0.8701734623441336,-0.06636332961147406,0.06636332961147406,0.287898605013499,1
static,6,88,0.042329601760423746,0.07143569334290843,0.7883452038500599,0.8575788910845868,-0.06923368723452694,0.06923368723452694,0.2909625465946562,1
static,6,89,0.04251155655232653,0.07224832797419968,0.7827698859721873,0.852666283199419,-0.06989639722723162,0.06989639722723162,0.2915872306954697,1
static,6,90,0.04231090911534497,0.07397567290211754,0.7687257415179763,0.8401532825891554,-0.0714275410711791,0.0714275410711791,0.2908982953382332,1
static,6,91,0.04137112669671882,0.07442252103942185,0.7573978787684457,0.8290704979807316,-0.07167261921228596,0.07167261921228596,0.2876495322322594,1
static,6,92,0.04069672533972995,0.07507330207353341,0.7470145418656265,0.8191254667052348,-0.07211092483960824,0.07211092483960824,0.2852953744445568,1
static,6,93,0.039930358094165314,0.0758299390066452,0.7322942744555163,0.8049735845055355,-0.07267931005001915,0.07267931005001915,0.28259638389110825,1
static,6,94,0.038609967629830495,0.07559572895550412,0.721777064790512,0.7940289827180358,-0.07225191792752383,0.07225191792752383,0.27788475175810023,1
static,6,95,0.0373419704054359,0.07559365623690567,0.7140684693144747,0.7862575690587725,-0.07218909974429788,0.07218909974429788,0.2732836270450021,1
static,6,96,0.03691103370390463,0.0763123189167932,0.7081927430198701,0.7810094382390786,-0.07281669521920853,0.07281669521920853,0.27170216673374037,1
static,6,97,0.03558423019735673,0.07603825232362704,0.6978980931774753,0.7702068222175463,-0.07230872904007102,0.07230872904007102,0.2667741749021323,1
static,6,98,0.035192504505730006,0.07574879620357754,0.6985350846340965,0.770532325564731,-0.07199724093063442,0.07199724093063442,0.26530173201745216,1
static,6,99,0.03390454821665545,0.07466328082871689,0.696881312454204,0.7677489692077583,-0.07086765675355422,0.07086765675355422,0.2604017980608254,1
static,7,0,0.0011210881122785473,0.00038949634737633714,0.9995195663694499,0.9999041371376312,-0.00038457076818121383,0.00038457076818121383,0.04735162325155384,1
static,7,1,0.0010440068003802416,0.00034780581581431223,0.9995779886110233,0.9999224841521126,-0.0003444955410892847,0.0003444955410892847,0.0456947874572197,1
static,7,2,0.0009993571798131411,0.00033131101999432503,0.9996008418488422,0.9999295266986403,-0.00032868484979808876,0.00032868484979808876,0.04470698334294411,1
static,7,3,0.0009674120720352722,0.00032567654261333074,0.9996003998286517,0.9999229302872724,-0.00032253045862074003,0.00032253045862074003,0.04398663597128728,1
static,7,4,0.000920084908237175,0.00029535053617972903,0.9996516487549593,0.9999456508940434,-0.0002940021390841485,0.0002940021390841485,0.04289720056687091,1
static,7,5,0.0008678835175251795,0.00027300003479390774,0.999681391603323,0.9999533750541567,-0.00027198345083367936,0.00027198345083367936,0.04166253754934232,1
static,7,6,0.0008591117856294783,0.00026889139193133515,0.9996883464737079,0.9999564433033853,-0.0002680968296774333,0.0002680968296774333,0.04145146042371676,1
static,7,7,0.0008431066949557286,0.0002656207474870791,0.9996925058621045,0.9999573666462934,-0.0002648607841889694,0.0002648607841889694,0.04106352870749733,1
static,7,8,0.0008220925060685489,0.0002584114041721515,0.9997025280748119,0.9999602885372944,-0.0002577604624824925,0.0002577604624824925,0.0405485512951708,1
static,7,9,0.0008093062274687103,0.000253129962270475,0.9997103949125484,0.9999629401257202,-0.00025254521317175094,0.00025254521317175094,0.040231982985398825,1
static,7,10,0.0008236271695762818,0.00026202652156860173,0.9997001618187269,0.9999616363523209,-0.0002614745335940416,0.0002614745335940416,0.04058638120296713,1
static,7,11,0.000858578944460214,0.0002813121017568068,0.9996744313156098,0.9999550994776037,-0.0002806681619939022,0.0002806681619939022,0.041438603848590605,1
static,7,12,0.0009322981472075349,0.0003159067529642224,0.9996320152598298,0.9999472883788527,-0.00031527311902290744,0.00031527311902290744,0.04318097143899231,1
static,7,13,0.0010910263049084326,0.0003922518795180787,0.9995323474299287,0.999923736503611,-0.00039138907368230225,0.00039138907368230225,0.04671244598409363,1
static,7,14,0.0012960314807923786,0.0004962007686006022,0.9993938265362298,0.9998887196369193,-0.0004948931006895085,0.0004948931006895085,0.0509123065828367,1
static,7,15,0.0015659206143807229,0.0006307354507458125,0.9992131936637513,0.9998421942654537,-0.0006290006017024563,0.0006290006017024563,0.055962855795263396,1
static,7,16,0.0019524471738952894,0.000846988395199269,0.9989114045979693,0.9997555743345089,-0.0008441697365395573,0.0008441697365395573,0.06248915384121135,1
static,7,17,0.0024792429537212495,0.001135568387358941,0.9985028831776314,0.9996335689764828,-0.0011306857988514496,0.0011306857988514496,0.07041651729134649,1
static,7,18,0.003085475242179053,0.0015153285519956597,0.997946595430887,0.9994547540033455,-0.0015081585724584512,0.0015081585724584512,0.07855539755076099,1
static,7,19,0.004039954137170872,0.002151830245614588,0.9969557124268362,0.9990939939962812,-0.0021382815694449553,0.0021382815694449553,0.08988830999825141,1
static,7,20,0.005041225293568619,0.0027773384103175233,0.9960531707959694,0.998814736694267,-0.002761565898297569,0.002761565898297569,0.10041140665849292,1
static,7,21,0.006552353204863162,0.0038261517185980112,0.9944599455538962,0.9982650655392407,-0.003805119985344496,0.003805119985344496,0.11447578962263735,1
static,7,22,0.00837652272524107,0.005241051078093609,0.9922778551187056,0.9974914554053682,-0.005213600286662623,0.005213600286662623,0.12943355612236782,1
static,7,23,0.011453254647397954,0.007706372555011967,0.9884519856014587,0.9961150347538973,-0.007663049152438539,0.007663049152438539,0.15134896529146113,1
static,7,24,0.013447592253570805,0.009464233397700805,0.9855609148785216,0.9949764771670163,-0.009415562288494717,0.009415562288494717,0.16399751372243912,1
static,7,25,0.01708783181718033,0.01285104060094175,0.980149642408122,0.9929360484554068,-0.01278640604728487,0.01278640604728487,0.18486661038262334,1
static,7,26,0.020875040600215902,0.01673206986142631,0.9736665422135352,0.9903174552967596,-0.016650913083224417,0.016650913083224417,0.20432836611795194,1
static,7,27,0.02473433700677413,0.021321024317583183,0.9650139756858084,0.986189197137874,-0.02117522145206563,0.02117522145206563,0.22241554355203744,1
static,7,28,0.027837984721954166,0.025100982436213434,0.9579388720468178,0.9828654271692384,-0.02492655512242059,0.02492655512242059,0.23595755856490025,1
static,7,29,0.030577926831191485,0.028972333735046554,0.9497500450487928,0.9785030029839432,-0.028752957935150425,0.028752957935150425,0.24729709594409507,1
static,7,30,0.03389868052419135,0.03427606839903697,0.9376563085364175,0.9715937547067511,-0.033937446170333674,0.033937446170333674,0.2603792638602059,1
static,7,31,0.036093759073234914,0.03852195606197969,0.9260107164969459,0.9639948562738154,-0.03798413977686954,0.03798413977686954,0.2686773495225636,1
static,7,32,0.03637494713134517,0.041792082314621774,0.9141204423606418,0.9551512830947214,-0.04103084073407959,0.04103084073407959,0.2697218831735578,1
static,7,33,0.03731824067941741,0.04548612475397701,0.8998640456779403,0.9442520696982721,-0.04438802402033182,0.04438802402033182,0.2731967813844717,1
static,7,34,0.037817685118321655,0.049849301020229914,0.8799935320533846,0.9281607572314448,-0.04816722517806016,0.04816722517806016,0.2750188543293774,1
static,7,35,0.037410595558224694,0.05284143790997016,0.8623444147846256,0.9127253756931225,-0.050380960908496863,0.050380960908496863,0.2735346250777941,1
static,7,36,0.03728818906100639,0.056729414008200675,0.838718967778272,0.8919646318338995,-0.05324566405562747,0.05324566405562747,0.2730867593311927,1
static,7,37,0.03629149871712366,0.05975463455012784,0.8136441983661726,0.8687877746303396,-0.055143576264166994,0.055143576264166994,0.26941231863863857,1
static,7,38,0.03536080467697566,0.06251032386333162,0.7870539957132676,0.8434986152403603,-0.056444619527092676,0.056444619527092676,0.2659353480715779,1
static,7,39,0.03387262613287992,0.06517233593321094,0.757845736448514,0.8155585621330883,-0.057712825684574254,0.057712825684574254,0.26027918139136647,1
static,7,40,0.03259096787213229,0.06725404457960751,0.7307889393912467,0.7890781108286131,-0.05828917143736645,0.05828917143736645,0.25530753170297305,1
static,7,41,0.031007490583912483,0.06906083489339125,0.7042461759938722,0.7629709269150772,-0.05872475092120499,0.05872475092120499,0.24902807305166413,1
static,7,42,0.029661151701774687,0.07123328526037799,0.6723838244613588,0.7318410595212328,-0.05945723505987399,0.05945723505987399,0.24356170348301756,1
static,7,43,0.028717640075890182,0.07309445031947263,0.6499247404960803,0.7101451201509114,-0.06022037965483107,0.06022037965483107,0.23965658795822903,1
static,7,44,0.027431022270316935,0.07440962218722136,0.6290677479147915,0.6898845548489936,-0.060816806934202106,0.060816806934202106,0.2342264812967011,1
static,7,45,0.02690105117269997,0.07609727852883519,0.6129779008932713,0.6747608698449346,-0.06178296895166324,0.06178296895166324,0.23195280197790227,1
static,7,46,0.0264687256196774,0.0773025342640016,0.6009893878836533,0.6635427903481467,-0.06255340246449337,0.06255340246449337,0.2300814013329952,1
static,7,47,0.025676447166127516,0.07726297203718756,0.5957422388224513,0.6581420085402117,-0.0623997697177604,0.0623997697177604,0.22661177006557942,1
static,7,48,0.025397864525876213,0.0773273857811067,0.5919485668660182,0.6545365159378087,-0.06258794907179055,0.06258794907179055,0.22537907855822029,1
static,7,49,0.025197426392550674,0.07731987041720037,0.5916496139015849,0.6542675648721005,-0.06261795097051559,0.06261795097051559,0.22448797915501256,1
static,7,50,0.025447380620620824,0.07672485066796826,0.5999593838288149,0.662770965667534,-0.06281158183871915,0.06281158183871915,0.2255986729598418,1
static,7,51,0.025699821999266053,0.07613717461589416,0.6077266026271056,0.670518349755874,-0.06279174712876834,0.06279174712876834,0.22671489584615323,1
static,7,52,0.02572300371910786,0.07495528130865758,0.616942851835584,0.6790211821415094,-0.062078330305925467,0.062078330305925467,0.22681712333555357,1
static,7,53,0.025675770343527436,0.07329591368892537,0.6298639914837353,0.690881309636429,-0.061017318152693734,0.061017318152693734,0.226608783340485,1
static,7,54,0.025947545229663308,0.07118712068747673,0.6506481187337579,0.7104565868149253,-0.059808468081167354,0.059808468081167354,0.22780493949720804,1
static,7,55,0.02603182594101286,0.06927683591853856,0.6680919625498194,0.7265803805720061,-0.05848841802218674,0.05848841802218674,0.22817460832008832,1
static,7,56,0.02598332245921858,0.06608267208337235,0.6920404416285936,0.7483643426678895,-0.056323901039295965,0.056323901039295965,0.2279619374335048,1
static,7,57,0.026058563629351852,0.06326291737767802,0.7140562477901017,0.7685051557334303,-0.05444890794332857,0.05444890794332857,0.2282917590687489,1
static,7,58,0.02544522871249368,0.05901639963580581,0.7382835442169187,0.7895453634866892,-0.05126181926977058,0.05126181926977058,0.22558913410221548,1
static,7,59,0.025672388228111166,0.056588127853413196,0.7585295813450117,0.8081701975934581,-0.0496406162484464,0.0496406162484464,0.22659385794019735,1
static,7,60,0.025624782066398066,0.05313126510007254,0.7827108824793142,0.8299288898362723,-0.047218007356958136,0.047218007356958136,0.22638366578177882,1
static,7,61,0.025353609930257526,0.049835586473457406,0.8041607723007022,0.8488793583303137,-0.04471858602961154,0.04471858602961154,0.22518263667635446,1
static,7,62,0.025290865562519395,0.047508830274177606,0.820345378690787,0.863347661526787,-0.04300228283599994,0.04300228283599994,0.22490382639039022,1
static,7,63,0.02425463755338263,0.04312885673019809,0.8433450953521269,0.8825461807315514,-0.03920108537942457,0.03920108537942457,0.22024821249391618,1
static,7,64,0.023761888338767592,0.03999619092908951,0.8619770094768613,0.8987678585190224,-0.03679084904216112,0.03679084904216112,0.21799948779191017,1
static,7,65,0.02291664637504829,0.036188584058240554,0.8809924708905063,0.914733164944843,-0.03374069405433677,0.03374069405433677,0.21408711486237694,1
static,7,66,0.02249162861136157,0.032816961885659204,0.9022465256831312,0.9332255852905954,-0.030979059607464166,0.030979059607464166,0.21209256758010908,1
static,7,67,0.02153735862528031,0.02961311214403589,0.9183849432207389,0.9465702589596731,-0.028185315738934125,0.028185315738934125,0.2075444946284064,1
static,7,68,0.02171250812675455,0.028453706851397545,0.9297296126887774,0.9570776686427428,-0.02734805595396539,0.02734805595396539,0.20838669884018293,1
static,7,69,0.021366232388622414,0.027502036868238586,0.9331881821890071,0.9596452309383979,-0.02645704874939081,0.02645704874939081,0.20671832230657453,1
static,7,70,0.02134973502325627,0.027601004777490404,0.9340131601327373,0.9606493317056697,-0.02663617157293241,0.02663617157293241,0.20663850088140046,1
static,7,71,0.021223794265625172,0.02732401846239082,0.935163284195317,0.9616036779114123,-0.0264403937160953,0.0264403937160953,0.20602812558301437,1
static,7,72,0.021420702447371417,0.027775050810070118,0.9343362965594336,0.9613042924715218,-0.026967995912088205,0.026967995912088205,0.20698165352210043,1
static,7,73,0.021454294863291253,0.0278653341831909,0.9355760042629027,0.9627752379789848,-0.027199233716082127,0.027199233716082127,0.20714388652958723,1
static,7,74,0.02250111325518977,0.030386699465528792,0.9273610506730453,0.9570232593210836,-0.029662208648038257,0.029662208648038257,0.21213728222634404,1
static,7,75,0.02336155315295249,0.03172274516077638,0.9251870060644382,0.956232816489503,-0.031045810425064824,0.031045810425064824,0.21615528285449093,1
static,7,76,0.024068049945500183,0.03406577627020211,0.9179169110624681,0.9512587889628996,-0.03334187790043153,0.03334187790043153,0.21939940722572696,1
static,7,77,0.02477515898968891,0.03608924597989392,0.9106530791225134,0.9458528811657213,-0.03519980204320794,0.03519980204320794,0.22259900713924538,1
static,7,78,0.02614766316004537,0.03803873769960138,0.9062955122365767,0.9434761457560502,-0.03718063351947354,0.03718063351947354,0.22868171400461984,1
static,7,79,0.026934249188069633,0.040689885588812764,0.8958419512631224,0.9356034763730203,-0.039761525109897944,0.039761525109897944,0.2320958818595006,1
static,7,80,0.028280852623915418,0.04295317344697473,0.8882309901219473,0.9301792942017689,-0.04194830407982164,0.04194830407982164,0.237827049024771,1
static,7,81,0.028975816922335498,0.04462724468036495,0.8811670924922369,0.9246606398096215,-0.04349354731738464,0.04349354731738464,0.24073145586871483,1
static,7,82,0.030214730482025186,0.047387082379008995,0.8703841803461,0.9165160899437255,-0.046131909597625476,0.046131909597625476,0.24582404472315228,1
static,7,83,0.0314761958523349,0.05043057178098478,0.8593425605680102,0.9081874407398046,-0.04884488017179445,0.04884488017179445,0.2509031520421173,1
static,7,84,0.032729317221301915,0.05391862566795029,0.8435602322487202,0.895483002231717,-0.05192276998299672,0.05192276998299672,0.25584885077444425,1
static,7,85,0.03408291968569933,0.05660837752088466,0.8315571444945329,0.885872311314741,-0.054315166820208094,0.054315166820208094,0.2610858850481938,1
static,7,86,0.034950532951366964,0.058702835110670884,0.8225727588877494,0.878782492644497,-0.05620973375674765,0.05620973375674765,0.26438809712756345,1
static,7,87,0.03581419918716394,0.06106661787101867,0.8101237288708144,0.8684992952640372,-0.05837556639322283,0.05837556639322283,0.26763482279839423,1
static,7,88,0.036562553841101034,0.06328068795383267,0.8002831675305871,0.8606666997736446,-0.06038353224305748,0.06038353224305748,0.27041654476418797,1
static,7,89,0.03686022807316669,0.06552151629221942,0.7881049581784112,0.8504752174185931,-0.06237025924018191,0.06237025924018191,0.27151511218776275,1
static,7,90,0.037121314438869235,0.06674462077747094,0.7804780586307545,0.8437185384803638,-0.06324047984960934,0.06324047984960934,0.27247500596887503,1
static,7,91,0.03695343258815093,0.06831253576470277,0.7686918046176161,0.8328729447558019,-0.06418114013818577,0.06418114013818577,0.27185817106774973,1
static,7,92,0.03713031666518425,0.07036442248254045,0.7585483618935737,0.8243331255782861,-0.06578476368471242,0.06578476368471242,0.2725080426893278,1
static,7,93,0.036582085289866624,0.07090288261320374,0.7492710921231478,0.8152007716643953,-0.06592967954124751,0.06592967954124751,0.2704887623908491,1
static,7,94,0.03703891354314935,0.07302195666711532,0.7372688882732228,0.8047651824375369,-0.06749629416431413,0.06749629416431413,0.27217242161229105,1
static,7,95,0.03608134649556659,0.07309971672102629,0.7297688381569,0.7970805232222786,-0.06731168506537866,0.06731168506537866,0.2686311467256416,1
static,7,96,0.035432626509506945,0.07338420343947687,0.7234475534595927,0.7906334643106027,-0.06718591085101,0.06718591085101,0.2662052836046157,1
static,7,97,0.0345626521921936,0.07339624811583363,0.7143883572182382,0.7811956400615888,-0.06680728284335058,0.06680728284335058,0.26291691536374606,1
static,7,98,0.03385121009242506,0.07358505547523903,0.7056841756677468,0.7722989217597837,-0.06661474609203688,0.06661474609203688,0.2601968873465825,1
static,7,99,0.03290538760305989,0.07310191861070192,0.6989565826833224,0.7646851717559418,-0.06572858907261936,0.06572858907261936,0.2565361089712709,1
no_influence,0,0,0.0,0.0,0.9999444530636181,0.9999444530636181,0.0,0.0,0.0,1
no_influence,0,1,0.0,0.0,0.99995298743808,0.99995298743808,0.0,0.0,0.0,1
no_influence,0,2,0.0,0.0,0.9999574142541667,0.9999574142541667,0.0,0.0,0.0,1
no_influence,0,3,0.0,0.0,0.9999624138390573,0.9999624138390573,0.0,0.0,0.0,1
no_influence,0,4,0.0,0.0,0.9999651960739083,0.9999651960739083,0.0,0.0,0.0,1
no_influence,0,5,0.0,0.0,0.9999688227562101,0.9999688227562101,0.0,0.0,0.0,1
no_influence,0,6,0.0,0.0,0.9999672455795335,0.9999672455795335,0.0,0.0,0.0,1
no_influence,0,7,0.0,0.0,0.9999719367443948,0.9999719367443948,0.0,0.0,0.0,1
no_influence,0,8,0.0,0.0,0.9999730008959379,0.9999730008959379,0.0,0.0,0.0,1
no_influence,0,9,0.0,0.0,0.9999744903845014,0.9999744903845014,0.0,0.0,0.0,1
no_influence,0,10,0.0,0.0,0.9999739537478963,0.9999739537478963,0.0,0.0,0.0,1
no_influence,0,11,0.0,0.0,0.9999707837125366,0.9999707837125366,0.0,0.0,0.0,1
no_influence,0,12,0.0,0.0,0.9999731835121751,0.9999731835121751,0.0,0.0,0.0,1
no_influence,0,13,0.0,0.0,0.9999712277665774,0.9999712277665774,0.0,0.0,0.0,1
no_influence,0,14,0.0,0.0,0.9999708395492581,0.9999708395492581,0.0,0.0,0.0,1
no_influence,0,15,0.0,0.0,0.999966081088618,0.999966081088618,0.0,0.0,0.0,1
no_influence,0,16,0.0,0.0,0.9999605869175688,0.9999605869175688,0.0,0.0,0.0,1
no_influence,0,17,0.0,0.0,0.9999471801610051,0.9999471801610051,0.0,0.0,0.0,1
no_influence,0,18,0.0,0.0,0.9999300734556791,0.9999300734556791,0.0,0.0,0.0,1
no_influence,0,19,0.0,0.0,0.9999099924766449,0.9999099924766449,0.0,0.0,0.0,1
no_influence,0,20,0.0,0.0,0.999867940713347,0.999867940713347,0.0,0.0,0.0,1
no_influence,0,21,0.0,0.0,0.9997894450483892,0.9997894450483892,0.0,0.0,0.0,1
no_influence,0,22,0.0,0.0,0.9996524687382143,0.9996524687382143,0.0,0.0,0.0,1
no_influence,0,23,0.0,0.0,0.9994813742162814,0.9994813742162814,0.0,0.0,0.0,1
no_influence,0,24,0.0,0.0,0.9992824999035813,0.9992824999035813,0.0,0.0,0.0,1
no_influence,0,25,0.0,0.0,0.9990174744556464,0.9990174744556464,0.0,0.0,0.0,1
no_influence,0,26,0.0,0.0,0.9986477723980293,0.9986477723980293,0.0,0.0,0.0,1
no_influence,0,27,0.0,0.0,0.9982164903275429,0.9982164903275429,0.0,0.0,0.0,1
no_influence,0,28,0.0,0.0,0.9977683401342442,0.9977683401342442,0.0,0.0,0.0,1
no_influence,0,29,0.0,0.0,0.9974106469519932,0.9974106469519932,0.0,0.0,0.0,1
no_influence,0,30,0.0,0.0,0.9970135138710301,0.9970135138710301,0.0,0.0,0.0,1
no_influence,0,31,0.0,0.0,0.9967208413849203,0.9967208413849203,0.0,0.0,0.0,1
no_influence,0,32,0.0,0.0,0.9965552139158316,0.9965552139158316,0.0,0.0,0.0,1
no_influence,0,33,0.0,0.0,0.9962576872059155,0.9962576872059155,0.0,0.0,0.0,1
no_influence,0,34,0.0,0.0,0.9959657235559354,0.9959657235559354,0.0,0.0,0.0,1
no_influence,0,35,0.0,0.0,0.9956009112088691,0.9956009112088691,0.0,0.0,0.0,1
no_influence,0,36,0.0,0.0,0.9957243678525973,0.9957243678525973,0.0,0.0,0.0,1
no_influence,0,37,0.0,0.0,0.9956498104474669,0.9956498104474669,0.0,0.0,0.0,1
no_influence,0,38,0.0,0.0,0.9952265743334686,0.9952265743334686,0.0,0.0,0.0,1
no_influence,0,39,0.0,0.0,0.9949737882354764,0.9949737882354764,0.0,0.0,0.0,1
no_influence,0,40,0.0,0.0,0.9945632115547206,0.9945632115547206,0.0,0.0,0.0,1
no_influence,0,41,0.0,0.0,0.9941115035155194,0.9941115035155194,0.0,0.0,0.0,1
no_influence,0,42,0.0,0.0,0.9934210768517128,0.9934210768517128,0.0,0.0,0.0,1
no_influence,0,43,0.0,0.0,0.992699117157329,0.992699117157329,0.0,0.0,0.0,1
no_influence,0,44,0.0,0.0,0.9915832618269181,0.9915832618269181,0.0,0.0,0.0,1
no_influence,0,45,0.0,0.0,0.9902926686837854,0.9902926686837854,0.0,0.0,0.0,1
no_influence,0,46,0.0,0.0,0.9887398290565095,0.9887398290565095,0.0,0.0,0.0,1
no_influence,0,47,0.0,0.0,0.9872866741162253,0.9872866741162253,0.0,0.0,0.0,1
no_influence,0,48,0.0,0.0,0.9848929495768065,0.9848929495768065,0.0,0.0,0.0,1
no_influence,0,49,0.0,0.0,0.9832882205492615,0.9832882205492615,0.0,0.0,0.0,1
no_influence,0,50,0.0,0.0,0.9811729307426851,0.9811729307426851,0.0,0.0,0.0,1
no_influence,0,51,0.0,0.0,0.9797958093750998,0.9797958093750998,0.0,0.0,0.0,1
no_influence,0,52,0.0,0.0,0.978136247704853,0.978136247704853,0.0,0.0,0.0,1
no_influence,0,53,0.0,0.0,0.9759399965639945,0.9759399965639945,0.0,0.0,0.0,1
no_influence,0,54,0.0,0.0,0.9733659500883804,0.9733659500883804,0.0,0.0,0.0,1
no_influence,0,55,0.0,0.0,0.9713166634974194,0.9713166634974194,0.0,0.0,0.0,1
no_influence,0,56,0.0,0.0,0.9686058174146258,0.9686058174146258,0.0,0.0,0.0,1
no_influence,0,57,0.0,0.0,0.966096060075203,0.966096060075203,0.0,0.0,0.0,1
no_influence,0,58,0.0,0.0,0.965091230436063,0.965091230436063,0.0,0.0,0.0,1
no_influence,0,59,0.0,0.0,0.9636765689982117,0.9636765689982117,0.0,0.0,0.0,1
no_influence,0,60,0.0,0.0,0.9630012383200452,0.9630012383200452,0.0,0.0,0.0,1
no_influence,0,61,0.0,0.0,0.9619318192556898,0.9619318192556898,0.0,0.0,0.0,1
no_influence,0,62,0.0,0.0,0.9592633131843843,0.9592633131843843,0.0,0.0,0.0,1
no_influence,0,63,0.0,0.0,0.9560531539076218,0.9560531539076218,0.0,0.0,0.0,1
no_influence,0,64,0.0,0.0,0.9557195347921366,0.9557195347921366,0.0,0.0,0.0,1
no_influence,0,65,0.0,0.0,0.9542601502696474,0.9542601502696474,0.0,0.0,0.0,1
no_influence,0,66,0.0,0.0,0.9525128363251865,0.9525128363251865,0.0,0.0,0.0,1
no_influence,0,67,0.0,0.0,0.952759443447948,0.952759443447948,0.0,0.0,0.0,1
no_influence,0,68,0.0,0.0,0.9499491288830014,0.9499491288830014,0.0,0.0,0.0,1
no_influence,0,69,0.0,0.0,0.947205543107428,0.947205543107428,0.0,0.0,0.0,1
no_influence,0,70,0.0,0.0,0.9469839345331508,0.9469839345331508,0.0,0.0,0.0,1
no_influence,0,71,0.0,0.0,0.9462467311766015,0.9462467311766015,0.0,0.0,0.0,1
no_influence,0,72,0.0,0.0,0.9477733146994161,0.9477733146994161,0.0,0.0,0.0,1
no_influence,0,73,0.0,0.0,0.9474964581918306,0.9474964581918306,0.0,0.0,0.0,1
no_influence,0,74,0.0,0.0,0.9485231538301168,0.9485231538301168,0.0,0.0,0.0,1
no_influence,0,75,0.0,0.0,0.9460666492952271,0.9460666492952271,0.0,0.0,0.0,1
no_influence,0,76,0.0,0.0,0.9429258182128261,0.9429258182128261,0.0,0.0,0.0,1
no_influence,0,77,0.0,0.0,0.942632443435706,0.942632443435706,0.0,0.0,0.0,1
no_influence,0,78,0.0,0.0,0.9425798971738281,0.9425798971738281,0.0,0.0,0.0,1
no_influence,0,79,0.0,0.0,0.9405244685848182,0.9405244685848182,0.0,0.0,0.0,1
no_influence,0,80,0.0,0.0,0.9393257629272468,0.9393257629272468,0.0,0.0,0.0,1
no_influence,0,81,0.0,0.0,0.9402271141451976,0.9402271141451976,0.0,0.0,0.0,1
no_influence,0,82,0.0,0.0,0.9410419218452991,0.9410419218452991,0.0,0.0,0.0,1
no_influence,0,83,0.0,0.0,0.9428986502317948,0.9428986502317948,0.0,0.0,0.0,1
no_influence,0,84,0.0,0.0,0.9436733159152275,0.9436733159152275,0.0,0.0,0.0,1
no_influence,0,85,0.0,0.0,0.9473102158953981,0.9473102158953981,0.0,0.0,0.0,1
no_influence,0,86,0.0,0.0,0.9482277618495704,0.9482277618495704,0.0,0.0,0.0,1
no_influence,0,87,0.0,0.0,0.9476807713776143,0.9476807713776143,0.0,0.0,0.0,1
no_influence,0,88,0.0,0.0,0.9449217365275712,0.9449217365275712,0.0,0.0,0.0,1
no_influence,0,89,0.0,0.0,0.9418845941472589,0.9418845941472589,0.0,0.0,0.0,1
no_influence,0,90,0.0,0.0,0.9376098010703011,0.9376098010703011,0.0,0.0,0.0,1
no_influence,0,91,0.0,0.0,0.9338529795317153,0.9338529795317153,0.0,0.0,0.0,1
no_influence,0,92,0.0,0.0,0.9297707002119133,0.9297707002119133,0.0,0.0,0.0,1
no_influence,0,93,0.0,0.0,0.9317121121162328,0.9317121121162328,0.0,0.0,0.0,1
no_influence,0,94,0.0,0.0,0.9315427450729169,0.9315427450729169,0.0,0.0,0.0,1
no_influence,0,95,0.0,0.0,0.9325440985759189,0.9325440985759189,0.0,0.0,0.0,1
no_influence,0,96,0.0,0.0,0.9301871536904309,0.9301871536904309,0.0,0.0,0.0,1
no_influence,0,97,0.0,0.0,0.9305479655488805,0.9305479655488805,0.0,0.0,0.0,1
no_influence,0,98,0.0,0.0,0.9272794798269646,0.9272794798269646,0.0,0.0,0.0,1
no_influence,0,99,0.0,0.0,0.9290345741954563,0.9290345741954563,0.0,0.0,0.0,1
no_influence,1,0,0.0,0.0,0.999895872757408,0.999895872757408,0.0,0.0,0.0,1
no_influence,1,1,0.0,0.0,0.9999017681490572,0.9999017681490572,0.0,0.0,0.0,1
no_influence,1,2,0.0,0.0,0.999916685213521,0.999916685213521,0.0,0.0,0.0,1
no_influence,1,3,0.0,0.0,0.9999275212776134,0.9999275212776134,0.0,0.0,0.0,1
no_influence,1,4,0.0,0.0,0.9999340983935152,0.9999340983935152,0.0,0.0,0.0,1
no_influence,1,5,0.0,0.0,0.9999389041590526,0.9999389041590526,0.0,0.0,0.0,1
no_influence,1,6,0.0,0.0,0.9999417345610783,0.9999417345610783,0.0,0.0,0.0,1
no_influence,1,7,0.0,0.0,0.9999585698767763,0.9999585698767763,0.0,0.0,0.0,1
no_influence,1,8,0.0,0.0,0.9999613796498242,0.9999613796498242,0.0,0.0,0.0,1
no_influence,1,9,0.0,0.0,0.9999650499070537,0.9999650499070537,0.0,0.0,0.0,1
no_influence,1,10,0.0,0.0,0.9999672900646721,0.9999672900646721,0.0,0.0,0.0,1
no_influence,1,11,0.0,0.0,0.9999685214556245,0.9999685214556245,0.0,0.0,0.0,1
no_influence,1,12,0.0,0.0,0.9999674098161637,0.9999674098161637,0.0,0.0,0.0,1
no_influence,1,13,0.0,0.0,0.9999664682238426,0.9999664682238426,0.0,0.0,0.0,1
no_influence,1,14,0.0,0.0,0.9999653225452076,0.9999653225452076,0.0,0.0,0.0,1
no_influence,1,15,0.0,0.0,0.9999626803318169,0.9999626803318169,0.0,0.0,0.0,1
no_influence,1,16,0.0,0.0,0.9999600310972858,0.9999600310972858,0.0,0.0,0.0,1
no_influence,1,17,0.0,0.0,0.9999589851600369,0.9999589851600369,0.0,0.0,0.0,1
no_influence,1,18,0.0,0.0,0.9999544642990295,0.9999544642990295,0.0,0.0,0.0,1
no_influence,1,19,0.0,0.0,0.9999473438436954,0.9999473438436954,0.0,0.0,0.0,1
no_influence,1,20,0.0,0.0,0.9999378377954343,0.9999378377954343,0.0,0.0,0.0,1
no_influence,1,21,0.0,0.0,0.9999188021484743,0.9999188021484743,0.0,0.0,0.0,1
no_influence,1,22,0.0,0.0,0.9998901205674319,0.9998901205674319,0.0,0.0,0.0,1
no_influence,1,23,0.0,0.0,0.9998391128031746,0.9998391128031746,0.0,0.0,0.0,1
no_influence,1,24,0.0,0.0,0.999741188020581,0.999741188020581,0.0,0.0,0.0,1
no_influence,1,25,0.0,0.0,0.9995912113381071,0.9995912113381071,0.0,0.0,0.0,1
no_influence,1,26,0.0,0.0,0.9994569901194887,0.9994569901194887,0.0,0.0,0.0,1
no_influence,1,27,0.0,0.0,0.9992851852675435,0.9992851852675435,0.0,0.0,0.0,1
no_influence,1,28,0.0,0.0,0.9990761021624371,0.9990761021624371,0.0,0.0,0.0,1
no_influence,1,29,0.0,0.0,0.9987883700924824,0.9987883700924824,0.0,0.0,0.0,1
no_influence,1,30,0.0,0.0,0.998337077715103,0.998337077715103,0.0,0.0,0.0,1
no_influence,1,31,0.0,0.0,0.9981171509830561,0.9981171509830561,0.0,0.0,0.0,1
no_influence,1,32,0.0,0.0,0.9978150678757519,0.9978150678757519,0.0,0.0,0.0,1
no_influence,1,33,0.0,0.0,0.9974517706393334,0.9974517706393334,0.0,0.0,0.0,1
no_influence,1,34,0.0,0.0,0.9969879461161774,0.9969879461161774,0.0,0.0,0.0,1
no_influence,1,35,0.0,0.0,0.9965083886519913,0.9965083886519913,0.0,0.0,0.0,1
no_influence,1,36,0.0,0.0,0.9962212695881097,0.9962212695881097,0.0,0.0,0.0,1
no_influence,1,37,0.0,0.0,0.9958869380011096,0.9958869380011096,0.0,0.0,0.0,1
no_influence,1,38,0.0,0.0,0.9954242011081006,0.9954242011081006,0.0,0.0,0.0,1
no_influence,1,39,0.0,0.0,0.9949462194465565,0.9949462194465565,0.0,0.0,0.0,1
no_influence,1,40,0.0,0.0,0.9944224263489316,0.9944224263489316,0.0,0.0,0.0,1
no_influence,1,41,0.0,0.0,0.9941636892261634,0.9941636892261634,0.0,0.0,0.0,1
no_influence,1,42,0.0,0.0,0.9938529840749031,0.9938529840749031,0.0,0.0,0.0,1
no_influence,1,43,0.0,0.0,0.9933387625204049,0.9933387625204049,0.0,0.0,0.0,1
no_influence,1,44,0.0,0.0,0.9925309568482658,0.9925309568482658,0.0,0.0,0.0,1
no_influence,1,45,0.0,0.0,0.9915959678464626,0.9915959678464626,0.0,0.0,0.0,1
no_influence,1,46,0.0,0.0,0.9901011917200723,0.9901011917200723,0.0,0.0,0.0,1
no_influence,1,47,0.0,0.0,0.9883581926993905,0.9883581926993905,0.0,0.0,0.0,1
no_influence,1,48,0.0,0.0,0.9864871425698513,0.9864871425698513,0.0,0.0,0.0,1
no_influence,1,49,0.0,0.0,0.9842241031919942,0.9842241031919942,0.0,0.0,0.0,1
no_influence,1,50,0.0,0.0,0.9814021091674409,0.9814021091674409,0.0,0.0,0.0,1
no_influence,1,51,0.0,0.0,0.9789666237443437,0.9789666237443437,0.0,0.0,0.0,1
no_influence,1,52,0.0,0.0,0.9754625320768935,0.9754625320768935,0.0,0.0,0.0,1
no_influence,1,53,0.0,0.0,0.9714499363666846,0.9714499363666846,0.0,0.0,0.0,1
no_influence,1,54,0.0,0.0,0.9678888486999627,0.9678888486999627,0.0,0.0,0.0,1
no_influence,1,55,0.0,0.0,0.9645838516950759,0.9645838516950759,0.0,0.0,0.0,1
no_influence,1,56,0.0,0.0,0.9615996537623407,0.9615996537623407,0.0,0.0,0.0,1
no_influence,1,57,0.0,0.0,0.9588123353170762,0.9588123353170762,0.0,0.0,0.0,1
no_influence,1,58,0.0,0.0,0.9550000793363816,0.9550000793363816,0.0,0.0,0.0,1
no_influence,1,59,0.0,0.0,0.9538475310371931,0.9538475310371931,0.0,0.0,0.0,1
no_influence,1,60,0.0,0.0,0.9504004026128082,0.9504004026128082,0.0,0.0,0.0,1
no_influence,1,61,0.0,0.0,0.9457117433323551,0.9457117433323551,0.0,0.0,0.0,1
no_influence,1,62,0.0,0.0,0.9454293230809127,0.9454293230809127,0.0,0.0,0.0,1
no_influence,1,63,0.0,0.0,0.9441636141868942,0.9441636141868942,0.0,0.0,0.0,1
no_influence,1,64,0.0,0.0,0.9448074780057304,0.9448074780057304,0.0,0.0,0.0,1
no_influence,1,65,0.0,0.0,0.9424012330892682,0.9424012330892682,0.0,0.0,0.0,1
no_influence,1,66,0.0,0.0,0.9396012263982128,0.9396012263982128,0.0,0.0,0.0,1
no_influence,1,67,0.0,0.0,0.9360374479613409,0.9360374479613409,0.0,0.0,0.0,1
no_influence,1,68,0.0,0.0,0.9343007163321431,0.9343007163321431,0.0,0.0,0.0,1
no_influence,1,69,0.0,0.0,0.9292588935474553,0.9292588935474553,0.0,0.0,0.0,1
no_influence,1,70,0.0,0.0,0.9232230980595469,0.9232230980595469,0.0,0.0,0.0,1
no_influence,1,71,0.0,0.0,0.9205547477991487,0.9205547477991487,0.0,0.0,0.0,1
no_influence,1,72,0.0,0.0,0.9173041653076579,0.9173041653076579,0.0,0.0,0.0,1
no_influence,1,73,0.0,0.0,0.9156949127616216,0.9156949127616216,0.0,0.0,0.0,1
no_influence,1,74,0.0,0.0,0.9164135624055151,0.9164135624055151,0.0,0.0,0.0,1
no_influence,1,75,0.0,0.0,0.9150175442603847,0.9150175442603847,0.0,0.0,0.0,1
no_influence,1,76,0.0,0.0,0.9152542031903061,0.9152542031903061,0.0,0.0,0.0,1
no_influence,1,77,0.0,0.0,0.9136417758710832,0.9136417758710832,0.0,0.0,0.0,1
no_influence,1,78,0.0,0.0,0.9138021093959698,0.9138021093959698,0.0,0.0,0.0,1
no_influence,1,79,0.0,0.0,0.9110472285788958,0.9110472285788958,0.0,0.0,0.0,1
no_influence,1,80,0.0,0.0,0.9162711407074948,0.9162711407074948,0.0,0.0,0.0,1
no_influence,1,81,0.0,0.0,0.9159267290428458,0.9159267290428458,0.0,0.0,0.0,1
no_influence,1,82,0.0,0.0,0.9200152594104649,0.9200152594104649,0.0,0.0,0.0,1
no_influence,1,83,0.0,0.0,0.9193219612785858,0.9193219612785858,0.0,0.0,0.0,1
no_influence,1,84,0.0,0.0,0.9212104283516078,0.9212104283516078,0.0,0.0,0.0,1
no_influence,1,85,0.0,0.0,0.9216933657767293,0.9216933657767293,0.0,0.0,0.0,1
no_influence,1,86,0.0,0.0,0.9219383566694558,0.9219383566694558,0.0,0.0,0.0,1
no_influence,1,87,0.0,0.0,0.9247248437819493,0.9247248437819493,0.0,0.0,0.0,1
no_influence,1,88,0.0,0.0,0.9277718808740439,0.9277718808740439,0.0,0.0,0.0,1
no_influence,1,89,0.0,0.0,0.9261652087404351,0.9261652087404351,0.0,0.0,0.0,1
no_influence,1,90,0.0,0.0,0.9223688767554868,0.9223688767554868,0.0,0.0,0.0,1
no_influence,1,91,0.0,0.0,0.9196927503213095,0.9196927503213095,0.0,0.0,0.0,1
no_influence,1,92,0.0,0.0,0.9193508551439153,0.9193508551439153,0.0,0.0,0.0,1
no_influence,1,93,0.0,0.0,0.917350581780502,0.917350581780502,0.0,0.0,0.0,1
no_influence,1,94,0.0,0.0,0.9155634292012439,0.9155634292012439,0.0,0.0,0.0,1
no_influence,1,95,0.0,0.0,0.9184381977040266,0.9184381977040266,0.0,0.0,0.0,1
no_influence,1,96,0.0,0.0,0.9169630055769911,0.9169630055769911,0.0,0.0,0.0,1
no_influence,1,97,0.0,0.0,0.9142657288521037,0.9142657288521037,0.0,0.0,0.0,1
no_influence,1,98,0.0,0.0,0.9180047644525458,0.9180047644525458,0.0,0.0,0.0,1
no_influence,1,99,0.0,0.0,0.9198208414607079,0.9198208414607079,0.0,0.0,0.0,1
no_influence,2,0,0.0,0.0,0.9998869095616415,0.9998869095616415,0.0,0.0,0.0,1
no_influence,2,1,0.0,0.0,0.9999035113815397,0.9999035113815397,0.0,0.0,0.0,1
no_influence,2,2,0.0,0.0,0.9999164353669653,0.9999164353669653,0.0,0.0,0.0,1
no_influence,2,3,0.0,0.0,0.9999264092457912,0.9999264092457912,0.0,0.0,0.0,1
no_influence,2,4,0.0,0.0,0.9999316841238893,0.9999316841238893,0.0,0.0,0.0,1
no_influence,2,5,0.0,0.0,0.9999390577272135,0.9999390577272135,0.0,0.0,0.0,1
no_influence,2,6,0.0,0.0,0.9999426529068118,0.9999426529068118,0.0,0.0,0.0,1
no_influence,2,7,0.0,0.0,0.999947051438556,0.999947051438556,0.0,0.0,0.0,1
no_influence,2,8,0.0,0.0,0.9999460003761089,0.9999460003761089,0.0,0.0,0.0,1
no_influence,2,9,0.0,0.0,0.9999515111558149,0.9999515111558149,0.0,0.0,0.0,1
no_influence,2,10,0.0,0.0,0.9999531444782815,0.9999531444782815,0.0,0.0,0.0,1
no_influence,2,11,0.0,0.0,0.9999559691333748,0.9999559691333748,0.0,0.0,0.0,1
no_influence,2,12,0.0,0.0,0.9999548365528438,0.9999548365528438,0.0,0.0,0.0,1
no_influence,2,13,0.0,0.0,0.9999531241534735,0.9999531241534735,0.0,0.0,0.0,1
no_influence,2,14,0.0,0.0,0.999948644713581,0.999948644713581,0.0,0.0,0.0,1
no_influence,2,15,0.0,0.0,0.9999455035876502,0.9999455035876502,0.0,0.0,0.0,1
no_influence,2,16,0.0,0.0,0.9999382710992071,0.9999382710992071,0.0,0.0,0.0,1
no_influence,2,17,0.0,0.0,0.9999301200861339,0.9999301200861339,0.0,0.0,0.0,1
no_influence,2,18,0.0,0.0,0.999912733723654,0.999912733723654,0.0,0.0,0.0,1
no_influence,2,19,0.0,0.0,0.9998839763763964,0.9998839763763964,0.0,0.0,0.0,1
no_influence,2,20,0.0,0.0,0.9998394066430398,0.9998394066430398,0.0,0.0,0.0,1
no_influence,2,21,0.0,0.0,0.9997734599815981,0.9997734599815981,0.0,0.0,0.0,1
no_influence,2,22,0.0,0.0,0.9997010184760039,0.9997010184760039,0.0,0.0,0.0,1
no_influence,2,23,0.0,0.0,0.9996624134452012,0.9996624134452012,0.0,0.0,0.0,1
no_influence,2,24,0.0,0.0,0.999577110711455,0.999577110711455,0.0,0.0,0.0,1
no_influence,2,25,0.0,0.0,0.9994708448716453,0.9994708448716453,0.0,0.0,0.0,1
no_influence,2,26,0.0,0.0,0.9992297401217043,0.9992297401217043,0.0,0.0,0.0,1
no_influence,2,27,0.0,0.0,0.9989641261455732,0.9989641261455732,0.0,0.0,0.0,1
no_influence,2,28,0.0,0.0,0.9986512680185259,0.9986512680185259,0.0,0.0,0.0,1
no_influence,2,29,0.0,0.0,0.9982261867646023,0.9982261867646023,0.0,0.0,0.0,1
no_influence,2,30,0.0,0.0,0.9977216801043046,0.9977216801043046,0.0,0.0,0.0,1
no_influence,2,31,0.0,0.0,0.9974802824158072,0.9974802824158072,0.0,0.0,0.0,1
no_influence,2,32,0.0,0.0,0.9972275053343729,0.9972275053343729,0.0,0.0,0.0,1
no_influence,2,33,0.0,0.0,0.9969484555876048,0.9969484555876048,0.0,0.0,0.0,1
no_influence,2,34,0.0,0.0,0.9966097386185713,0.9966097386185713,0.0,0.0,0.0,1
no_influence,2,35,0.0,0.0,0.996449033222497,0.996449033222497,0.0,0.0,0.0,1
no_influence,2,36,0.0,0.0,0.9962160138961642,0.9962160138961642,0.0,0.0,0.0,1
no_influence,2,37,0.0,0.0,0.9959660773253902,0.9959660773253902,0.0,0.0,0.0,1
no_influence,2,38,0.0,0.0,0.9956738621050912,0.9956738621050912,0.0,0.0,0.0,1
no_influence,2,39,0.0,0.0,0.9950956719982544,0.9950956719982544,0.0,0.0,0.0,1
no_influence,2,40,0.0,0.0,0.9947144406048551,0.9947144406048551,0.0,0.0,0.0,1
no_influence,2,41,0.0,0.0,0.9945606769118104,0.9945606769118104,0.0,0.0,0.0,1
no_influence,2,42,0.0,0.0,0.9937608928436302,0.9937608928436302,0.0,0.0,0.0,1
no_influence,2,43,0.0,0.0,0.993193051041459,0.993193051041459,0.0,0.0,0.0,1
no_influence,2,44,0.0,0.0,0.9923339943784485,0.9923339943784485,0.0,0.0,0.0,1
no_influence,2,45,0.0,0.0,0.9914190681743608,0.9914190681743608,0.0,0.0,0.0,1
no_influence,2,46,0.0,0.0,0.9904243553764964,0.9904243553764964,0.0,0.0,0.0,1
no_influence,2,47,0.0,0.0,0.9889213290918409,0.9889213290918409,0.0,0.0,0.0,1
no_influence,2,48,0.0,0.0,0.986011050057865,0.986011050057865,0.0,0.0,0.0,1
no_influence,2,49,0.0,0.0,0.9840173549191634,0.9840173549191634,0.0,0.0,0.0,1
no_influence,2,50,0.0,0.0,0.9819931366403514,0.9819931366403514,0.0,0.0,0.0,1
no_influence,2,51,0.0,0.0,0.979591757864957,0.979591757864957,0.0,0.0,0.0,1
no_influence,2,52,0.0,0.0,0.9782697852626143,0.9782697852626143,0.0,0.0,0.0,1
no_influence,2,53,0.0,0.0,0.9766333614802035,0.9766333614802035,0.0,0.0,0.0,1
no_influence,2,54,0.0,0.0,0.9742887203119858,0.9742887203119858,0.0,0.0,0.0,1
no_influence,2,55,0.0,0.0,0.9713033146270679,0.9713033146270679,0.0,0.0,0.0,1
no_influence,2,56,0.0,0.0,0.9694307817727094,0.9694307817727094,0.0,0.0,0.0,1
no_influence,2,57,0.0,0.0,0.9673093154485516,0.9673093154485516,0.0,0.0,0.0,1
no_influence,2,58,0.0,0.0,0.9654111662153401,0.9654111662153401,0.0,0.0,0.0,1
no_influence,2,59,0.0,0.0,0.9602298278605035,0.9602298278605035,0.0,0.0,0.0,1
no_influence,2,60,0.0,0.0,0.9602980642090699,0.9602980642090699,0.0,0.0,0.0,1
no_influence,2,61,0.0,0.0,0.9600980971841595,0.9600980971841595,0.0,0.0,0.0,1
no_influence,2,62,0.0,0.0,0.9598212930861633,0.9598212930861633,0.0,0.0,0.0,1
no_influence,2,63,0.0,0.0,0.959352469646824,0.959352469646824,0.0,0.0,0.0,1
no_influence,2,64,0.0,0.0,0.9571288547350063,0.9571288547350063,0.0,0.0,0.0,1
no_influence,2,65,0.0,0.0,0.9588008465944384,0.9588008465944384,0.0,0.0,0.0,1
no_influence,2,66,0.0,0.0,0.959979790773878,0.959979790773878,0.0,0.0,0.0,1
no_influence,2,67,0.0,0.0,0.959793119149053,0.959793119149053,0.0,0.0,0.0,1
no_influence,2,68,0.0,0.0,0.9584115948185741,0.9584115948185741,0.0,0.0,0.0,1
no_influence,2,69,0.0,0.0,0.958170258335416,0.958170258335416,0.0,0.0,0.0,1
no_influence,2,70,0.0,0.0,0.9570302259633006,0.9570302259633006,0.0,0.0,0.0,1
no_influence,2,71,0.0,0.0,0.9559541077373694,0.9559541077373694,0.0,0.0,0.0,1
no_influence,2,72,0.0,0.0,0.9540820435727767,0.9540820435727767,0.0,0.0,0.0,1
no_influence,2,73,0.0,0.0,0.9524458494902965,0.9524458494902965,0.0,0.0,0.0,1
no_influence,2,74,0.0,0.0,0.949113740512159,0.949113740512159,0.0,0.0,0.0,1
no_influence,2,75,0.0,0.0,0.9466951436569067,0.9466951436569067,0.0,0.0,0.0,1
no_influence,2,76,0.0,0.0,0.9458063146910816,0.9458063146910816,0.0,0.0,0.0,1
no_influence,2,77,0.0,0.0,0.9411116598825745,0.9411116598825745,0.0,0.0,0.0,1
no_influence,2,78,0.0,0.0,0.9399393970789043,0.9399393970789043,0.0,0.0,0.0,1
no_influence,2,79,0.0,0.0,0.9389237244894317,0.9389237244894317,0.0,0.0,0.0,1
no_influence,2,80,0.0,0.0,0.9394047912433308,0.9394047912433308,0.0,0.0,0.0,1
no_influence,2,81,0.0,0.0,0.9392098372723396,0.9392098372723396,0.0,0.0,0.0,1
no_influence,2,82,0.0,0.0,0.9382205408266668,0.9382205408266668,0.0,0.0,0.0,1
no_influence,2,83,0.0,0.0,0.940611758948213,0.940611758948213,0.0,0.0,0.0,1
no_influence,2,84,0.0,0.0,0.9372545416823306,0.9372545416823306,0.0,0.0,0.0,1
no_influence,2,85,0.0,0.0,0.9381712064277354,0.9381712064277354,0.0,0.0,0.0,1
no_influence,2,86,0.0,0.0,0.9396248880319342,0.9396248880319342,0.0,0.0,0.0,1
no_influence,2,87,0.0,0.0,0.9398184507145579,0.9398184507145579,0.0,0.0,0.0,1
no_influence,2,88,0.0,0.0,0.937044268058784,0.937044268058784,0.0,0.0,0.0,1
no_influence,2,89,0.0,0.0,0.9373343662363787,0.9373343662363787,0.0,0.0,0.0,1
no_influence,2,90,0.0,0.0,0.9396221538218348,0.9396221538218348,0.0,0.0,0.0,1
no_influence,2,91,0.0,0.0,0.9449109743601334,0.9449109743601334,0.0,0.0,0.0,1
no_influence,2,92,0.0,0.0,0.9423915579012874,0.9423915579012874,0.0,0.0,0.0,1
no_influence,2,93,0.0,0.0,0.9402496875313322,0.9402496875313322,0.0,0.0,0.0,1
no_influence,2,94,0.0,0.0,0.9381369347859212,0.9381369347859212,0.0,0.0,0.0,1
no_influence,2,95,0.0,0.0,0.9433943608575237,0.9433943608575237,0.0,0.0,0.0,1
no_influence,2,96,0.0,0.0,0.9392896837788188,0.9392896837788188,0.0,0.0,0.0,1
no_influence,2,97,0.0,0.0,0.9369774999542898,0.9369774999542898,0.0,0.0,0.0,1
no_influence,2,98,0.0,0.0,0.9402024926346997,0.9402024926346997,0.0,0.0,0.0,1
no_influence,2,99,0.0,0.0,0.9376178066820654,0.9376178066820654,0.0,0.0,0.0,1
no_influence,3,0,0.0,0.0,0.9999104395034658,0.9999104395034658,0.0,0.0,0.0,1
no_influence,3,1,0.0,0.0,0.9999289902411522,0.9999289902411522,0.0,0.0,0.0,1
no_influence,3,2,0.0,0.0,0.9999390899495517,0.9999390899495517,0.0,0.0,0.0,1
no_influence,3,3,0.0,0.0,0.9999449426859549,0.9999449426859549,0.0,0.0,0.0,1
no_influence,3,4,0.0,0.0,0.9999511984012931,0.9999511984012931,0.0,0.0,0.0,1
no_influence,3,5,0.0,0.0,0.9999547633702972,0.9999547633702972,0.0,0.0,0.0,1
no_influence,3,6,0.0,0.0,0.9999563253419579,0.9999563253419579,0.0,0.0,0.0,1
no_influence,3,7,0.0,0.0,0.9999619254446641,0.9999619254446641,0.0,0.0,0.0,1
no_influence,3,8,0.0,0.0,0.9999634319688953,0.9999634319688953,0.0,0.0,0.0,1
no_influence,3,9,0.0,0.0,0.9999647160933878,0.9999647160933878,0.0,0.0,0.0,1
no_influence,3,10,0.0,0.0,0.999965012570187,0.999965012570187,0.0,0.0,0.0,1
no_influence,3,11,0.0,0.0,0.9999635138041665,0.9999635138041665,0.0,0.0,0.0,1
no_influence,3,12,0.0,0.0,0.9999623110302338,0.9999623110302338,0.0,0.0,0.0,1
no_influence,3,13,0.0,0.0,0.9999626737539994,0.9999626737539994,0.0,0.0,0.0,1
no_influence,3,14,0.0,0.0,0.9999601004832657,0.9999601004832657,0.0,0.0,0.0,1
no_influence,3,15,0.0,0.0,0.9999571393376505,0.9999571393376505,0.0,0.0,0.0,1
no_influence,3,16,0.0,0.0,0.9999554320873965,0.9999554320873965,0.0,0.0,0.0,1
no_influence,3,17,0.0,0.0,0.9999514880339012,0.9999514880339012,0.0,0.0,0.0,1
no_influence,3,18,0.0,0.0,0.9999476938874735,0.9999476938874735,0.0,0.0,0.0,1
no_influence,3,19,0.0,0.0,0.9999387297392305,0.9999387297392305,0.0,0.0,0.0,1
no_influence,3,20,0.0,0.0,0.9999341686153537,0.9999341686153537,0.0,0.0,0.0,1
no_influence,3,21,0.0,0.0,0.9999171923695768,0.9999171923695768,0.0,0.0,0.0,1
no_influence,3,22,0.0,0.0,0.9998975774199206,0.9998975774199206,0.0,0.0,0.0,1
no_influence,3,23,0.0,0.0,0.9998546970356803,0.9998546970356803,0.0,0.0,0.0,1
no_influence,3,24,0.0,0.0,0.9997944377813112,0.9997944377813112,0.0,0.0,0.0,1
no_influence,3,25,0.0,0.0,0.999715412556817,0.999715412556817,0.0,0.0,0.0,1
no_influence,3,26,0.0,0.0,0.9995790673175661,0.9995790673175661,0.0,0.0,0.0,1
no_influence,3,27,0.0,0.0,0.9993857319603058,0.9993857319603058,0.0,0.0,0.0,1
no_influence,3,28,0.0,0.0,0.9991359846014825,0.9991359846014825,0.0,0.0,0.0,1
no_influence,3,29,0.0,0.0,0.9988465648152078,0.9988465648152078,0.0,0.0,0.0,1
no_influence,3,30,0.0,0.0,0.9986698487779012,0.9986698487779012,0.0,0.0,0.0,1
no_influence,3,31,0.0,0.0,0.9983451178153336,0.9983451178153336,0.0,0.0,0.0,1
no_influence,3,32,0.0,0.0,0.9980498043415105,0.9980498043415105,0.0,0.0,0.0,1
no_influence,3,33,0.0,0.0,0.9976079308481205,0.9976079308481205,0.0,0.0,0.0,1
no_influence,3,34,0.0,0.0,0.9971281737389808,0.9971281737389808,0.0,0.0,0.0,1
no_influence,3,35,0.0,0.0,0.9966711001008991,0.9966711001008991,0.0,0.0,0.0,1
no_influence,3,36,0.0,0.0,0.9961167977066164,0.9961167977066164,0.0,0.0,0.0,1
no_influence,3,37,0.0,0.0,0.9958654701656972,0.9958654701656972,0.0,0.0,0.0,1
no_influence,3,38,0.0,0.0,0.9954776852685192,0.9954776852685192,0.0,0.0,0.0,1
no_influence,3,39,0.0,0.0,0.9949001510812737,0.9949001510812737,0.0,0.0,0.0,1
no_influence,3,40,0.0,0.0,0.9943926946664431,0.9943926946664431,0.0,0.0,0.0,1
no_influence,3,41,0.0,0.0,0.9937303538587506,0.9937303538587506,0.0,0.0,0.0,1
no_influence,3,42,0.0,0.0,0.9935567251232934,0.9935567251232934,0.0,0.0,0.0,1
no_influence,3,43,0.0,0.0,0.9932087552286203,0.9932087552286203,0.0,0.0,0.0,1
no_influence,3,44,0.0,0.0,0.9918781596006401,0.9918781596006401,0.0,0.0,0.0,1
no_influence,3,45,0.0,0.0,0.9909403128989419,0.9909403128989419,0.0,0.0,0.0,1
no_influence,3,46,0.0,0.0,0.9899837483141819,0.9899837483141819,0.0,0.0,0.0,1
no_influence,3,47,0.0,0.0,0.9877510227026246,0.9877510227026246,0.0,0.0,0.0,1
no_influence,3,48,0.0,0.0,0.9844018452751366,0.9844018452751366,0.0,0.0,0.0,1
no_influence,3,49,0.0,0.0,0.9818647181244842,0.9818647181244842,0.0,0.0,0.0,1
no_influence,3,50,0.0,0.0,0.979184611078316,0.979184611078316,0.0,0.0,0.0,1
no_influence,3,51,0.0,0.0,0.9751486080638807,0.9751486080638807,0.0,0.0,0.0,1
no_influence,3,52,0.0,0.0,0.9721221034770148,0.9721221034770148,0.0,0.0,0.0,1
no_influence,3,53,0.0,0.0,0.9679483863041084,0.9679483863041084,0.0,0.0,0.0,1
no_influence,3,54,0.0,0.0,0.9643690542801164,0.9643690542801164,0.0,0.0,0.0,1
no_influence,3,55,0.0,0.0,0.961799963963659,0.961799963963659,0.0,0.0,0.0,1
no_influence,3,56,0.0,0.0,0.959735596194068,0.959735596194068,0.0,0.0,0.0,1
no_influence,3,57,0.0,0.0,0.9557668931836781,0.9557668931836781,0.0,0.0,0.0,1
no_influence,3,58,0.0,0.0,0.9514472942679402,0.9514472942679402,0.0,0.0,0.0,1
no_influence,3,59,0.0,0.0,0.947665021669028,0.947665021669028,0.0,0.0,0.0,1
no_influence,3,60,0.0,0.0,0.9470258996856831,0.9470258996856831,0.0,0.0,0.0,1
no_influence,3,61,0.0,0.0,0.9468038455565168,0.9468038455565168,0.0,0.0,0.0,1
no_influence,3,62,0.0,0.0,0.9472873980927261,0.9472873980927261,0.0,0.0,0.0,1
no_influence,3,63,0.0,0.0,0.9477075466740257,0.9477075466740257,0.0,0.0,0.0,1
no_influence,3,64,0.0,0.0,0.9505719595249009,0.9505719595249009,0.0,0.0,0.0,1
no_influence,3,65,0.0,0.0,0.9486272799937939,0.9486272799937939,0.0,0.0,0.0,1
no_influence,3,66,0.0,0.0,0.9475615000910871,0.9475615000910871,0.0,0.0,0.0,1
no_influence,3,67,0.0,0.0,0.9463540230115735,0.9463540230115735,0.0,0.0,0.0,1
no_influence,3,68,0.0,0.0,0.9442197135146645,0.9442197135146645,0.0,0.0,0.0,1
no_influence,3,69,0.0,0.0,0.9444885159489835,0.9444885159489835,0.0,0.0,0.0,1
no_influence,3,70,0.0,0.0,0.9441339753286796,0.9441339753286796,0.0,0.0,0.0,1
no_influence,3,71,0.0,0.0,0.9437877238969649,0.9437877238969649,0.0,0.0,0.0,1
no_influence,3,72,0.0,0.0,0.9427777251324193,0.9427777251324193,0.0,0.0,0.0,1
no_influence,3,73,0.0,0.0,0.9412459528020057,0.9412459528020057,0.0,0.0,0.0,1
no_influence,3,74,0.0,0.0,0.9395715057683421,0.9395715057683421,0.0,0.0,0.0,1
no_influence,3,75,0.0,0.0,0.940269841480719,0.940269841480719,0.0,0.0,0.0,1
no_influence,3,76,0.0,0.0,0.9404092087612995,0.9404092087612995,0.0,0.0,0.0,1
no_influence,3,77,0.0,0.0,0.9367040395578492,0.9367040395578492,0.0,0.0,0.0,1
no_influence,3,78,0.0,0.0,0.9355425738240122,0.9355425738240122,0.0,0.0,0.0,1
no_influence,3,79,0.0,0.0,0.9331628274699005,0.9331628274699005,0.0,0.0,0.0,1
no_influence,3,80,0.0,0.0,0.9325628576093211,0.9325628576093211,0.0,0.0,0.0,1
no_influence,3,81,0.0,0.0,0.9306925452313843,0.9306925452313843,0.0,0.0,0.0,1
no_influence,3,82,0.0,0.0,0.9318647445290653,0.9318647445290653,0.0,0.0,0.0,1
no_influence,3,83,0.0,0.0,0.9328564213241293,0.9328564213241293,0.0,0.0,0.0,1
no_influence,3,84,0.0,0.0,0.9340348550073849,0.9340348550073849,0.0,0.0,0.0,1
no_influence,3,85,0.0,0.0,0.9326517366188262,0.9326517366188262,0.0,0.0,0.0,1
no_influence,3,86,0.0,0.0,0.9326874657634062,0.9326874657634062,0.0,0.0,0.0,1
no_influence,3,87,0.0,0.0,0.9315770476537779,0.9315770476537779,0.0,0.0,0.0,1
no_influence,3,88,0.0,0.0,0.931701834569028,0.931701834569028,0.0,0.0,0.0,1
no_influence,3,89,0.0,0.0,0.933349244627783,0.933349244627783,0.0,0.0,0.0,1
no_influence,3,90,0.0,0.0,0.9344644282706398,0.9344644282706398,0.0,0.0,0.0,1
no_influence,3,91,0.0,0.0,0.9320551861341789,0.9320551861341789,0.0,0.0,0.0,1
no_influence,3,92,0.0,0.0,0.9320455179538906,0.9320455179538906,0.0,0.0,0.0,1
no_influence,3,93,0.0,0.0,0.9339646031519179,0.9339646031519179,0.0,0.0,0.0,1
no_influence,3,94,0.0,0.0,0.9318992208809804,0.9318992208809804,0.0,0.0,0.0,1
no_influence,3,95,0.0,0.0,0.9277809788545043,0.9277809788545043,0.0,0.0,0.0,1
no_influence,3,96,0.0,0.0,0.9261875604456691,0.9261875604456691,0.0,0.0,0.0,1
no_influence,3,97,0.0,0.0,0.9251549955015346,0.9251549955015346,0.0,0.0,0.0,1
no_influence,3,98,0.0,0.0,0.9276469575038807,0.9276469575038807,0.0,0.0,0.0,1
no_influence,3,99,0.0,0.0,0.9312795557159238,0.9312795557159238,0.0,0.0,0.0,1
no_influence,4,0,0.0,0.0,0.9999420535115446,0.9999420535115446,0.0,0.0,0.0,1
no_influence,4,1,0.0,0.0,0.999950302420676,0.999950302420676,0.0,0.0,0.0,1
no_influence,4,2,0.0,0.0,0.9999559209150746,0.9999559209150746,0.0,0.0,0.0,1
no_influence,4,3,0.0,0.0,0.9999618974408983,0.9999618974408983,0.0,0.0,0.0,1
no_influence,4,4,0.0,0.0,0.99996450445517,0.99996450445517,0.0,0.0,0.0,1
no_influence,4,5,0.0,0.0,0.9999668150665675,0.9999668150665675,0.0,0.0,0.0,1
no_influence,4,6,0.0,0.0,0.9999667930941795,0.9999667930941795,0.0,0.0,0.0,1
no_influence,4,7,0.0,0.0,0.9999708106338833,0.9999708106338833,0.0,0.0,0.0,1
no_influence,4,8,0.0,0.0,0.9999740421827653,0.9999740421827653,0.0,0.0,0.0,1
no_influence,4,9,0.0,0.0,0.9999743936306065,0.9999743936306065,0.0,0.0,0.0,1
no_influence,4,10,0.0,0.0,0.9999742131818233,0.9999742131818233,0.0,0.0,0.0,1
no_influence,4,11,0.0,0.0,0.9999745370643871,0.9999745370643871,0.0,0.0,0.0,1
no_influence,4,12,0.0,0.0,0.9999732587733613,0.9999732587733613,0.0,0.0,0.0,1
no_influence,4,13,0.0,0.0,0.9999715351684083,0.9999715351684083,0.0,0.0,0.0,1
no_influence,4,14,0.0,0.0,0.9999674200862265,0.9999674200862265,0.0,0.0,0.0,1
no_influence,4,15,0.0,0.0,0.9999636946539702,0.9999636946539702,0.0,0.0,0.0,1
no_influence,4,16,0.0,0.0,0.9999557326837925,0.9999557326837925,0.0,0.0,0.0,1
no_influence,4,17,0.0,0.0,0.9999430037263944,0.9999430037263944,0.0,0.0,0.0,1
no_influence,4,18,0.0,0.0,0.9999251138372794,0.9999251138372794,0.0,0.0,0.0,1
no_influence,4,19,0.0,0.0,0.9998883458270806,0.9998883458270806,0.0,0.0,0.0,1
no_influence,4,20,0.0,0.0,0.9998758428482419,0.9998758428482419,0.0,0.0,0.0,1
no_influence,4,21,0.0,0.0,0.999815445641739,0.999815445641739,0.0,0.0,0.0,1
no_influence,4,22,0.0,0.0,0.9997347778936262,0.9997347778936262,0.0,0.0,0.0,1
no_influence,4,23,0.0,0.0,0.999673140276523,0.999673140276523,0.0,0.0,0.0,1
no_influence,4,24,0.0,0.0,0.9995824129948924,0.9995824129948924,0.0,0.0,0.0,1
no_influence,4,25,0.0,0.0,0.9995060626008819,0.9995060626008819,0.0,0.0,0.0,1
no_influence,4,26,0.0,0.0,0.9993493272493339,0.9993493272493339,0.0,0.0,0.0,1
no_influence,4,27,0.0,0.0,0.9992244431262914,0.9992244431262914,0.0,0.0,0.0,1
no_influence,4,28,0.0,0.0,0.9990274374374603,0.9990274374374603,0.0,0.0,0.0,1
no_influence,4,29,0.0,0.0,0.9986954906876141,0.9986954906876141,0.0,0.0,0.0,1
no_influence,4,30,0.0,0.0,0.9984460489026067,0.9984460489026067,0.0,0.0,0.0,1
no_influence,4,31,0.0,0.0,0.9982123467780165,0.9982123467780165,0.0,0.0,0.0,1
no_influence,4,32,0.0,0.0,0.9976737764493054,0.9976737764493054,0.0,0.0,0.0,1
no_influence,4,33,0.0,0.0,0.9974049408474537,0.9974049408474537,0.0,0.0,0.0,1
no_influence,4,34,0.0,0.0,0.9968249733835728,0.9968249733835728,0.0,0.0,0.0,1
no_influence,4,35,0.0,0.0,0.996469199043593,0.996469199043593,0.0,0.0,0.0,1
no_influence,4,36,0.0,0.0,0.9959600981063704,0.9959600981063704,0.0,0.0,0.0,1
no_influence,4,37,0.0,0.0,0.9955795143091347,0.9955795143091347,0.0,0.0,0.0,1
no_influence,4,38,0.0,0.0,0.9953093321252,0.9953093321252,0.0,0.0,0.0,1
no_influence,4,39,0.0,0.0,0.9947818888046739,0.9947818888046739,0.0,0.0,0.0,1
no_influence,4,40,0.0,0.0,0.9947991769013504,0.9947991769013504,0.0,0.0,0.0,1
no_influence,4,41,0.0,0.0,0.9947377279758214,0.9947377279758214,0.0,0.0,0.0,1
no_influence,4,42,0.0,0.0,0.9946069295985531,0.9946069295985531,0.0,0.0,0.0,1
no_influence,4,43,0.0,0.0,0.9946243582691917,0.9946243582691917,0.0,0.0,0.0,1
no_influence,4,44,0.0,0.0,0.9941927276193818,0.9941927276193818,0.0,0.0,0.0,1
no_influence,4,45,0.0,0.0,0.9934605378147313,0.9934605378147313,0.0,0.0,0.0,1
no_influence,4,46,0.0,0.0,0.9925078705567969,0.9925078705567969,0.0,0.0,0.0,1
no_influence,4,47,0.0,0.0,0.9910298440009687,0.9910298440009687,0.0,0.0,0.0,1
no_influence,4,48,0.0,0.0,0.9891089125721015,0.9891089125721015,0.0,0.0,0.0,1
no_influence,4,49,0.0,0.0,0.9871920627554065,0.9871920627554065,0.0,0.0,0.0,1
no_influence,4,50,0.0,0.0,0.9839868719632705,0.9839868719632705,0.0,0.0,0.0,1
no_influence,4,51,0.0,0.0,0.981177012315261,0.981177012315261,0.0,0.0,0.0,1
no_influence,4,52,0.0,0.0,0.9777110845145776,0.9777110845145776,0.0,0.0,0.0,1
no_influence,4,53,0.0,0.0,0.972376361481541,0.972376361481541,0.0,0.0,0.0,1
no_influence,4,54,0.0,0.0,0.9675000994441996,0.9675000994441996,0.0,0.0,0.0,1
no_influence,4,55,0.0,0.0,0.9639124176185218,0.9639124176185218,0.0,0.0,0.0,1
no_influence,4,56,0.0,0.0,0.9597557179881975,0.9597557179881975,0.0,0.0,0.0,1
no_influence,4,57,0.0,0.0,0.956230562242891,0.956230562242891,0.0,0.0,0.0,1
no_influence,4,58,0.0,0.0,0.9532679899934935,0.9532679899934935,0.0,0.0,0.0,1
no_influence,4,59,0.0,0.0,0.9517283065762092,0.9517283065762092,0.0,0.0,0.0,1
no_influence,4,60,0.0,0.0,0.9488636627244951,0.9488636627244951,0.0,0.0,0.0,1
no_influence,4,61,0.0,0.0,0.9469513533493004,0.9469513533493004,0.0,0.0,0.0,1
no_influence,4,62,0.0,0.0,0.9423700366028182,0.9423700366028182,0.0,0.0,0.0,1
no_influence,4,63,0.0,0.0,0.9433643782596536,0.9433643782596536,0.0,0.0,0.0,1
no_influence,4,64,0.0,0.0,0.9434043896074317,0.9434043896074317,0.0,0.0,0.0,1
no_influence,4,65,0.0,0.0,0.9418683651386236,0.9418683651386236,0.0,0.0,0.0,1
no_influence,4,66,0.0,0.0,0.9424428059449252,0.9424428059449252,0.0,0.0,0.0,1
no_influence,4,67,0.0,0.0,0.9457799811264355,0.9457799811264355,0.0,0.0,0.0,1
no_influence,4,68,0.0,0.0,0.9425752620512935,0.9425752620512935,0.0,0.0,0.0,1
no_influence,4,69,0.0,0.0,0.9402961086229105,0.9402961086229105,0.0,0.0,0.0,1
no_influence,4,70,0.0,0.0,0.937936830772445,0.937936830772445,0.0,0.0,0.0,1
no_influence,4,71,0.0,0.0,0.9352824888804224,0.9352824888804224,0.0,0.0,0.0,1
no_influence,4,72,0.0,0.0,0.9333195608310727,0.9333195608310727,0.0,0.0,0.0,1
no_influence,4,73,0.0,0.0,0.9304930986772426,0.9304930986772426,0.0,0.0,0.0,1
no_influence,4,74,0.0,0.0,0.9290369802347832,0.9290369802347832,0.0,0.0,0.0,1
no_influence,4,75,0.0,0.0,0.9246591163753457,0.9246591163753457,0.0,0.0,0.0,1
no_influence,4,76,0.0,0.0,0.91996332299842,0.91996332299842,0.0,0.0,0.0,1
no_influence,4,77,0.0,0.0,0.9184378460131908,0.9184378460131908,0.0,0.0,0.0,1
no_influence,4,78,0.0,0.0,0.9190012918108874,0.9190012918108874,0.0,0.0,0.0,1
no_influence,4,79,0.0,0.0,0.9160698016773893,0.9160698016773893,0.0,0.0,0.0,1
no_influence,4,80,0.0,0.0,0.9132744132597764,0.9132744132597764,0.0,0.0,0.0,1
no_influence,4,81,0.0,0.0,0.9140200527518353,0.9140200527518353,0.0,0.0,0.0,1
no_influence,4,82,0.0,0.0,0.9130062579140719,0.9130062579140719,0.0,0.0,0.0,1
no_influence,4,83,0.0,0.0,0.9130468722070119,0.9130468722070119,0.0,0.0,0.0,1
no_influence,4,84,0.0,0.0,0.9142750137201449,0.9142750137201449,0.0,0.0,0.0,1
no_influence,4,85,0.0,0.0,0.9174446808797605,0.9174446808797605,0.0,0.0,0.0,1
no_influence,4,86,0.0,0.0,0.9206165934502694,0.9206165934502694,0.0,0.0,0.0,1
no_influence,4,87,0.0,0.0,0.9213770653906257,0.9213770653906257,0.0,0.0,0.0,1
no_influence,4,88,0.0,0.0,0.9232090025351231,0.9232090025351231,0.0,0.0,0.0,1
no_influence,4,89,0.0,0.0,0.9218714315008583,0.9218714315008583,0.0,0.0,0.0,1
no_influence,4,90,0.0,0.0,0.9178779923567729,0.9178779923567729,0.0,0.0,0.0,1
no_influence,4,91,0.0,0.0,0.9157847653748543,0.9157847653748543,0.0,0.0,0.0,1
no_influence,4,92,0.0,0.0,0.9140895299050003,0.9140895299050003,0.0,0.0,0.0,1
no_influence,4,93,0.0,0.0,0.9133436833400229,0.9133436833400229,0.0,0.0,0.0,1
no_influence,4,94,0.0,0.0,0.9152243245047583,0.9152243245047583,0.0,0.0,0.0,1
no_influence,4,95,0.0,0.0,0.9130794425702448,0.9130794425702448,0.0,0.0,0.0,1
no_influence,4,96,0.0,0.0,0.9110410190535708,0.9110410190535708,0.0,0.0,0.0,1
no_influence,4,97,0.0,0.0,0.911831453699034,0.911831453699034,0.0,0.0,0.0,1
no_influence,4,98,0.0,0.0,0.9115094150301064,0.9115094150301064,0.0,0.0,0.0,1
no_influence,4,99,0.0,0.0,0.9072149052376145,0.9072149052376145,0.0,0.0,0.0,1
no_influence,5,0,0.0,0.0,0.9999379766121486,0.9999379766121486,0.0,0.0,0.0,1
no_influence,5,1,0.0,0.0,0.9999458632596998,0.9999458632596998,0.0,0.0,0.0,1
no_influence,5,2,0.0,0.0,0.9999523095487202,0.9999523095487202,0.0,0.0,0.0,1
no_influence,5,3,0.0,0.0,0.9999571743908636,0.9999571743908636,0.0,0.0,0.0,1
no_influence,5,4,0.0,0.0,0.9999613756749098,0.9999613756749098,0.0,0.0,0.0,1
no_influence,5,5,0.0,0.0,0.9999634416053129,0.9999634416053129,0.0,0.0,0.0,1
no_influence,5,6,0.0,0.0,0.9999662400815915,0.9999662400815915,0.0,0.0,0.0,1
no_influence,5,7,0.0,0.0,0.999967704860757,0.999967704860757,0.0,0.0,0.0,1
no_influence,5,8,0.0,0.0,0.9999698158279829,0.9999698158279829,0.0,0.0,0.0,1
no_influence,5,9,0.0,0.0,0.9999690357792186,0.9999690357792186,0.0,0.0,0.0,1
no_influence,5,10,0.0,0.0,0.9999659809301302,0.9999659809301302,0.0,0.0,0.0,1
no_influence,5,11,0.0,0.0,0.9999655626839434,0.9999655626839434,0.0,0.0,0.0,1
no_influence,5,12,0.0,0.0,0.9999633091671645,0.9999633091671645,0.0,0.0,0.0,1
no_influence,5,13,0.0,0.0,0.9999620080244015,0.9999620080244015,0.0,0.0,0.0,1
no_influence,5,14,0.0,0.0,0.9999551576911845,0.9999551576911845,0.0,0.0,0.0,1
no_influence,5,15,0.0,0.0,0.999953592950621,0.999953592950621,0.0,0.0,0.0,1
no_influence,5,16,0.0,0.0,0.9999427888744422,0.9999427888744422,0.0,0.0,0.0,1
no_influence,5,17,0.0,0.0,0.9999370081593505,0.9999370081593505,0.0,0.0,0.0,1
no_influence,5,18,0.0,0.0,0.9999164853392766,0.9999164853392766,0.0,0.0,0.0,1
no_influence,5,19,0.0,0.0,0.9998813280391206,0.9998813280391206,0.0,0.0,0.0,1
no_influence,5,20,0.0,0.0,0.9998221863132928,0.9998221863132928,0.0,0.0,0.0,1
no_influence,5,21,0.0,0.0,0.999764775322536,0.999764775322536,0.0,0.0,0.0,1
no_influence,5,22,0.0,0.0,0.9996349513944988,0.9996349513944988,0.0,0.0,0.0,1
no_influence,5,23,0.0,0.0,0.9995073243736033,0.9995073243736033,0.0,0.0,0.0,1
no_influence,5,24,0.0,0.0,0.9993814031283402,0.9993814031283402,0.0,0.0,0.0,1
no_influence,5,25,0.0,0.0,0.9992258578424617,0.9992258578424617,0.0,0.0,0.0,1
no_influence,5,26,0.0,0.0,0.9988951562027718,0.9988951562027718,0.0,0.0,0.0,1
no_influence,5,27,0.0,0.0,0.9985907431583815,0.9985907431583815,0.0,0.0,0.0,1
no_influence,5,28,0.0,0.0,0.998255989431287,0.998255989431287,0.0,0.0,0.0,1
no_influence,5,29,0.0,0.0,0.9978905301867604,0.9978905301867604,0.0,0.0,0.0,1
no_influence,5,30,0.0,0.0,0.9976457660739356,0.9976457660739356,0.0,0.0,0.0,1
no_influence,5,31,0.0,0.0,0.9972838090421482,0.9972838090421482,0.0,0.0,0.0,1
no_influence,5,32,0.0,0.0,0.996879508737685,0.996879508737685,0.0,0.0,0.0,1
no_influence,5,33,0.0,0.0,0.9965682120944356,0.9965682120944356,0.0,0.0,0.0,1
no_influence,5,34,0.0,0.0,0.996130597137751,0.996130597137751,0.0,0.0,0.0,1
no_influence,5,35,0.0,0.0,0.9956485971538285,0.9956485971538285,0.0,0.0,0.0,1
no_influence,5,36,0.0,0.0,0.9951860959164692,0.9951860959164692,0.0,0.0,0.0,1
no_influence,5,37,0.0,0.0,0.9950435454698118,0.9950435454698118,0.0,0.0,0.0,1
no_influence,5,38,0.0,0.0,0.9944763886650165,0.9944763886650165,0.0,0.0,0.0,1
no_influence,5,39,0.0,0.0,0.9938891285020289,0.9938891285020289,0.0,0.0,0.0,1
no_influence,5,40,0.0,0.0,0.9938013267516848,0.9938013267516848,0.0,0.0,0.0,1
no_influence,5,41,0.0,0.0,0.9933649631020427,0.9933649631020427,0.0,0.0,0.0,1
no_influence,5,42,0.0,0.0,0.9922678726706253,0.9922678726706253,0.0,0.0,0.0,1
no_influence,5,43,0.0,0.0,0.9916007000678962,0.9916007000678962,0.0,0.0,0.0,1
no_influence,5,44,0.0,0.0,0.9902303883460308,0.9902303883460308,0.0,0.0,0.0,1
no_influence,5,45,0.0,0.0,0.9886463584322693,0.9886463584322693,0.0,0.0,0.0,1
no_influence,5,46,0.0,0.0,0.9862135172863566,0.9862135172863566,0.0,0.0,0.0,1
no_influence,5,47,0.0,0.0,0.9844297338856048,0.9844297338856048,0.0,0.0,0.0,1
no_influence,5,48,0.0,0.0,0.9813373531846397,0.9813373531846397,0.0,0.0,0.0,1
no_influence,5,49,0.0,0.0,0.9787101581394801,0.9787101581394801,0.0,0.0,0.0,1
no_influence,5,50,0.0,0.0,0.9755051841392182,0.9755051841392182,0.0,0.0,0.0,1
no_influence,5,51,0.0,0.0,0.9715731703416304,0.9715731703416304,0.0,0.0,0.0,1
no_influence,5,52,0.0,0.0,0.9695601450889404,0.9695601450889404,0.0,0.0,0.0,1
no_influence,5,53,0.0,0.0,0.9672120213910905,0.9672120213910905,0.0,0.0,0.0,1
no_influence,5,54,0.0,0.0,0.9649023973655553,0.9649023973655553,0.0,0.0,0.0,1
no_influence,5,55,0.0,0.0,0.96076406613518,0.96076406613518,0.0,0.0,0.0,1
no_influence,5,56,0.0,0.0,0.9557429140140944,0.9557429140140944,0.0,0.0,0.0,1
no_influence,5,57,0.0,0.0,0.9514295545082299,0.9514295545082299,0.0,0.0,0.0,1
no_influence,5,58,0.0,0.0,0.9461289247892474,0.9461289247892474,0.0,0.0,0.0,1
no_influence,5,59,0.0,0.0,0.9428885878399587,0.9428885878399587,0.0,0.0,0.0,1
no_influence,5,60,0.0,0.0,0.9390453187758233,0.9390453187758233,0.0,0.0,0.0,1
no_influence,5,61,0.0,0.0,0.9385192613727498,0.9385192613727498,0.0,0.0,0.0,1
no_influence,5,62,0.0,0.0,0.9408279750421271,0.9408279750421271,0.0,0.0,0.0,1
no_influence,5,63,0.0,0.0,0.9399135638401689,0.9399135638401689,0.0,0.0,0.0,1
no_influence,5,64,0.0,0.0,0.9376713513810582,0.9376713513810582,0.0,0.0,0.0,1
no_influence,5,65,0.0,0.0,0.9350622841291664,0.9350622841291664,0.0,0.0,0.0,1
no_influence,5,66,0.0,0.0,0.9360560293188297,0.9360560293188297,0.0,0.0,0.0,1
no_influence,5,67,0.0,0.0,0.9351611623972046,0.9351611623972046,0.0,0.0,0.0,1
no_influence,5,68,0.0,0.0,0.9364997234941633,0.9364997234941633,0.0,0.0,0.0,1
no_influence,5,69,0.0,0.0,0.9388717523981414,0.9388717523981414,0.0,0.0,0.0,1
no_influence,5,70,0.0,0.0,0.9397923423877497,0.9397923423877497,0.0,0.0,0.0,1
no_influence,5,71,0.0,0.0,0.9398918422469664,0.9398918422469664,0.0,0.0,0.0,1
no_influence,5,72,0.0,0.0,0.9364413868052233,0.9364413868052233,0.0,0.0,0.0,1
no_influence,5,73,0.0,0.0,0.9356485336880115,0.9356485336880115,0.0,0.0,0.0,1
no_influence,5,74,0.0,0.0,0.9344785900517094,0.9344785900517094,0.0,0.0,0.0,1
no_influence,5,75,0.0,0.0,0.9296911375275628,0.9296911375275628,0.0,0.0,0.0,1
no_influence,5,76,0.0,0.0,0.9284872088364644,0.9284872088364644,0.0,0.0,0.0,1
no_influence,5,77,0.0,0.0,0.9315291387995778,0.9315291387995778,0.0,0.0,0.0,1
no_influence,5,78,0.0,0.0,0.9277101351539309,0.9277101351539309,0.0,0.0,0.0,1
no_influence,5,79,0.0,0.0,0.9235389103683781,0.9235389103683781,0.0,0.0,0.0,1
no_influence,5,80,0.0,0.0,0.9274183661585249,0.9274183661585249,0.0,0.0,0.0,1
no_influence,5,81,0.0,0.0,0.9302345153774214,0.9302345153774214,0.0,0.0,0.0,1
no_influence,5,82,0.0,0.0,0.9356037349783631,0.9356037349783631,0.0,0.0,0.0,1
no_influence,5,83,0.0,0.0,0.9328324220741679,0.9328324220741679,0.0,0.0,0.0,1
no_influence,5,84,0.0,0.0,0.9270159362274135,0.9270159362274135,0.0,0.0,0.0,1
no_influence,5,85,0.0,0.0,0.9265410182644235,0.9265410182644235,0.0,0.0,0.0,1
no_influence,5,86,0.0,0.0,0.9252630758274809,0.9252630758274809,0.0,0.0,0.0,1
no_influence,5,87,0.0,0.0,0.9247519776002235,0.9247519776002235,0.0,0.0,0.0,1
no_influence,5,88,0.0,0.0,0.9273164617928,0.9273164617928,0.0,0.0,0.0,1
no_influence,5,89,0.0,0.0,0.9272603396005323,0.9272603396005323,0.0,0.0,0.0,1
no_influence,5,90,0.0,0.0,0.9288940110410943,0.9288940110410943,0.0,0.0,0.0,1
no_influence,5,91,0.0,0.0,0.927471537727042,0.927471537727042,0.0,0.0,0.0,1
no_influence,5,92,0.0,0.0,0.9227162220348096,0.9227162220348096,0.0,0.0,0.0,1
no_influence,5,93,0.0,0.0,0.9191646466763163,0.9191646466763163,0.0,0.0,0.0,1
no_influence,5,94,0.0,0.0,0.9175022253045433,0.9175022253045433,0.0,0.0,0.0,1
no_influence,5,95,0.0,0.0,0.9135109080314721,0.9135109080314721,0.0,0.0,0.0,1
no_influence,5,96,0.0,0.0,0.9158641449828576,0.9158641449828576,0.0,0.0,0.0,1
no_influence,5,97,0.0,0.0,0.9191669984738947,0.9191669984738947,0.0,0.0,0.0,1
no_influence,5,98,0.0,0.0,0.9166565934104146,0.9166565934104146,0.0,0.0,0.0,1
no_influence,5,99,0.0,0.0,0.9128125118886081,0.9128125118886081,0.0,0.0,0.0,1
no_influence,6,0,0.0,0.0,0.9999363504710663,0.9999363504710663,0.0,0.0,0.0,1
no_influence,6,1,0.0,0.0,0.9999443137009936,0.9999443137009936,0.0,0.0,0.0,1
no_influence,6,2,0.0,0.0,0.9999516151512212,0.9999516151512212,0.0,0.0,0.0,1
no_influence,6,3,0.0,0.0,0.9999527634334403,0.9999527634334403,0.0,0.0,0.0,1
no_influence,6,4,0.0,0.0,0.9999596608687894,0.9999596608687894,0.0,0.0,0.0,1
no_influence,6,5,0.0,0.0,0.9999628675195205,0.9999628675195205,0.0,0.0,0.0,1
no_influence,6,6,0.0,0.0,0.9999650370346806,0.9999650370346806,0.0,0.0,0.0,1
no_influence,6,7,0.0,0.0,0.9999675401816942,0.9999675401816942,0.0,0.0,0.0,1
no_influence,6,8,0.0,0.0,0.9999683408978749,0.9999683408978749,0.0,0.0,0.0,1
no_influence,6,9,0.0,0.0,0.9999695283926271,0.9999695283926271,0.0,0.0,0.0,1
no_influence,6,10,0.0,0.0,0.9999700492184324,0.9999700492184324,0.0,0.0,0.0,1
no_influence,6,11,0.0,0.0,0.999969536613388,0.999969536613388,0.0,0.0,0.0,1
no_influence,6,12,0.0,0.0,0.999967549918075,0.999967549918075,0.0,0.0,0.0,1
no_influence,6,13,0.0,0.0,0.9999644553387431,0.9999644553387431,0.0,0.0,0.0,1
no_influence,6,14,0.0,0.0,0.9999617379310043,0.9999617379310043,0.0,0.0,0.0,1
no_influence,6,15,0.0,0.0,0.9999565476439869,0.9999565476439869,0.0,0.0,0.0,1
no_influence,6,16,0.0,0.0,0.9999519716096826,0.9999519716096826,0.0,0.0,0.0,1
no_influence,6,17,0.0,0.0,0.9999439610037869,0.9999439610037869,0.0,0.0,0.0,1
no_influence,6,18,0.0,0.0,0.9999350914516542,0.9999350914516542,0.0,0.0,0.0,1
no_influence,6,19,0.0,0.0,0.9999200331578436,0.9999200331578436,0.0,0.0,0.0,1
no_influence,6,20,0.0,0.0,0.9998884325311502,0.9998884325311502,0.0,0.0,0.0,1
no_influence,6,21,0.0,0.0,0.9998493907727692,0.9998493907727692,0.0,0.0,0.0,1
no_influence,6,22,0.0,0.0,0.9997724487706517,0.9997724487706517,0.0,0.0,0.0,1
no_influence,6,23,0.0,0.0,0.9996598545147831,0.9996598545147831,0.0,0.0,0.0,1
no_influence,6,24,0.0,0.0,0.9995579408223367,0.9995579408223367,0.0,0.0,0.0,1
no_influence,6,25,0.0,0.0,0.9993611878345696,0.9993611878345696,0.0,0.0,0.0,1
no_influence,6,26,0.0,0.0,0.9991762760209059,0.9991762760209059,0.0,0.0,0.0,1
no_influence,6,27,0.0,0.0,0.9990445954231423,0.9990445954231423,0.0,0.0,0.0,1
no_influence,6,28,0.0,0.0,0.9988992054306816,0.9988992054306816,0.0,0.0,0.0,1
no_influence,6,29,0.0,0.0,0.9986479770511475,0.9986479770511475,0.0,0.0,0.0,1
no_influence,6,30,0.0,0.0,0.998522629954244,0.998522629954244,0.0,0.0,0.0,1
no_influence,6,31,0.0,0.0,0.9982688451974241,0.9982688451974241,0.0,0.0,0.0,1
no_influence,6,32,0.0,0.0,0.9979479208119016,0.9979479208119016,0.0,0.0,0.0,1
no_influence,6,33,0.0,0.0,0.9977344725420805,0.9977344725420805,0.0,0.0,0.0,1
no_influence,6,34,0.0,0.0,0.9972824626108829,0.9972824626108829,0.0,0.0,0.0,1
no_influence,6,35,0.0,0.0,0.9969714113838642,0.9969714113838642,0.0,0.0,0.0,1
no_influence,6,36,0.0,0.0,0.9964021876475913,0.9964021876475913,0.0,0.0,0.0,1
no_influence,6,37,0.0,0.0,0.9960365524902579,0.9960365524902579,0.0,0.0,0.0,1
no_influence,6,38,0.0,0.0,0.9956918436703804,0.9956918436703804,0.0,0.0,0.0,1
no_influence,6,39,0.0,0.0,0.9956056755554581,0.9956056755554581,0.0,0.0,0.0,1
no_influence,6,40,0.0,0.0,0.9950187158613271,0.9950187158613271,0.0,0.0,0.0,1
no_influence,6,41,0.0,0.0,0.9948868822378838,0.9948868822378838,0.0,0.0,0.0,1
no_influence,6,42,0.0,0.0,0.9948269202658908,0.9948269202658908,0.0,0.0,0.0,1
no_influence,6,43,0.0,0.0,0.993858729795919,0.993858729795919,0.0,0.0,0.0,1
no_influence,6,44,0.0,0.0,0.993374609487609,0.993374609487609,0.0,0.0,0.0,1
no_influence,6,45,0.0,0.0,0.992827834668135,0.992827834668135,0.0,0.0,0.0,1
no_influence,6,46,0.0,0.0,0.9918606684455127,0.9918606684455127,0.0,0.0,0.0,1
no_influence,6,47,0.0,0.0,0.9911385813962788,0.9911385813962788,0.0,0.0,0.0,1
no_influence,6,48,0.0,0.0,0.9908178095630672,0.9908178095630672,0.0,0.0,0.0,1
no_influence,6,49,0.0,0.0,0.9897758886367569,0.9897758886367569,0.0,0.0,0.0,1
no_influence,6,50,0.0,0.0,0.9884850670429162,0.9884850670429162,0.0,0.0,0.0,1
no_influence,6,51,0.0,0.0,0.9860813974841843,0.9860813974841843,0.0,0.0,0.0,1
no_influence,6,52,0.0,0.0,0.9829436332164204,0.9829436332164204,0.0,0.0,0.0,1
no_influence,6,53,0.0,0.0,0.9801335932085042,0.9801335932085042,0.0,0.0,0.0,1
no_influence,6,54,0.0,0.0,0.9758767742403502,0.9758767742403502,0.0,0.0,0.0,1
no_influence,6,55,0.0,0.0,0.9727931118907402,0.9727931118907402,0.0,0.0,0.0,1
no_influence,6,56,0.0,0.0,0.9698702628435522,0.9698702628435522,0.0,0.0,0.0,1
no_influence,6,57,0.0,0.0,0.9665564115341583,0.9665564115341583,0.0,0.0,0.0,1
no_influence,6,58,0.0,0.0,0.9639618914654559,0.9639618914654559,0.0,0.0,0.0,1
no_influence,6,59,0.0,0.0,0.9602584702206556,0.9602584702206556,0.0,0.0,0.0,1
no_influence,6,60,0.0,0.0,0.9582773990127998,0.9582773990127998,0.0,0.0,0.0,1
no_influence,6,61,0.0,0.0,0.9575938984553034,0.9575938984553034,0.0,0.0,0.0,1
no_influence,6,62,0.0,0.0,0.9564574736526436,0.9564574736526436,0.0,0.0,0.0,1
no_influence,6,63,0.0,0.0,0.955642952882522,0.955642952882522,0.0,0.0,0.0,1
no_influence,6,64,0.0,0.0,0.9578879749571096,0.9578879749571096,0.0,0.0,0.0,1
no_influence,6,65,0.0,0.0,0.9571489413154755,0.9571489413154755,0.0,0.0,0.0,1
no_influence,6,66,0.0,0.0,0.9566729681939558,0.9566729681939558,0.0,0.0,0.0,1
no_influence,6,67,0.0,0.0,0.9571635891191776,0.9571635891191776,0.0,0.0,0.0,1
no_influence,6,68,0.0,0.0,0.9555990506449862,0.9555990506449862,0.0,0.0,0.0,1
no_influence,6,69,0.0,0.0,0.952014907177939,0.952014907177939,0.0,0.0,0.0,1
no_influence,6,70,0.0,0.0,0.9514616370156884,0.9514616370156884,0.0,0.0,0.0,1
no_influence,6,71,0.0,0.0,0.9464210406191997,0.9464210406191997,0.0,0.0,0.0,1
no_influence,6,72,0.0,0.0,0.9432143305917342,0.9432143305917342,0.0,0.0,0.0,1
no_influence,6,73,0.0,0.0,0.9422707646535408,0.9422707646535408,0.0,0.0,0.0,1
no_influence,6,74,0.0,0.0,0.9392992161174912,0.9392992161174912,0.0,0.0,0.0,1
no_influence,6,75,0.0,0.0,0.9390761975993034,0.9390761975993034,0.0,0.0,0.0,1
no_influence,6,76,0.0,0.0,0.9379797383832327,0.9379797383832327,0.0,0.0,0.0,1
no_influence,6,77,0.0,0.0,0.9359294012946703,0.9359294012946703,0.0,0.0,0.0,1
no_influence,6,78,0.0,0.0,0.9344694728132259,0.9344694728132259,0.0,0.0,0.0,1
no_influence,6,79,0.0,0.0,0.9348177101055039,0.9348177101055039,0.0,0.0,0.0,1
no_influence,6,80,0.0,0.0,0.9329232407310283,0.9329232407310283,0.0,0.0,0.0,1
no_influence,6,81,0.0,0.0,0.9321096286810379,0.9321096286810379,0.0,0.0,0.0,1
no_influence,6,82,0.0,0.0,0.9335186057410183,0.9335186057410183,0.0,0.0,0.0,1
no_influence,6,83,0.0,0.0,0.9304551717333709,0.9304551717333709,0.0,0.0,0.0,1
no_influence,6,84,0.0,0.0,0.9328543209989116,0.9328543209989116,0.0,0.0,0.0,1
no_influence,6,85,0.0,0.0,0.9360969793199555,0.9360969793199555,0.0,0.0,0.0,1
no_influence,6,86,0.0,0.0,0.937551971611054,0.937551971611054,0.0,0.0,0.0,1
no_influence,6,87,0.0,0.0,0.9386470769410428,0.9386470769410428,0.0,0.0,0.0,1
no_influence,6,88,0.0,0.0,0.9340254013137076,0.9340254013137076,0.0,0.0,0.0,1
no_influence,6,89,0.0,0.0,0.9356708672654088,0.9356708672654088,0.0,0.0,0.0,1
no_influence,6,90,0.0,0.0,0.9351626945958422,0.9351626945958422,0.0,0.0,0.0,1
no_influence,6,91,0.0,0.0,0.9309915297545174,0.9309915297545174,0.0,0.0,0.0,1
no_influence,6,92,0.0,0.0,0.9244293496054278,0.9244293496054278,0.0,0.0,0.0,1
no_influence,6,93,0.0,0.0,0.924825314502001,0.924825314502001,0.0,0.0,0.0,1
no_influence,6,94,0.0,0.0,0.9214895054881163,0.9214895054881163,0.0,0.0,0.0,1
no_influence,6,95,0.0,0.0,0.919189517362977,0.919189517362977,0.0,0.0,0.0,1
no_influence,6,96,0.0,0.0,0.915312312691735,0.915312312691735,0.0,0.0,0.0,1
no_influence,6,97,0.0,0.0,0.9156413451736887,0.9156413451736887,0.0,0.0,0.0,1
no_influence,6,98,0.0,0.0,0.9199696790063507,0.9199696790063507,0.0,0.0,0.0,1
no_influence,6,99,0.0,0.0,0.9234108209090314,0.9234108209090314,0.0,0.0,0.0,1
no_influence,7,0,0.0,0.0,0.9999041371376312,0.9999041371376312,0.0,0.0,0.0,1
no_influence,7,1,0.0,0.0,0.9999207152909545,0.9999207152909545,0.0,0.0,0.0,1
no_influence,7,2,0.0,0.0,0.9999326513685367,0.9999326513685367,0.0,0.0,0.0,1
no_influence,7,3,0.0,0.0,0.9999389189970437,0.9999389189970437,0.0,0.0,0.0,1
no_influence,7,4,0.0,0.0,0.9999457211227563,0.9999457211227563,0.0,0.0,0.0,1
no_influence,7,5,0.0,0.0,0.9999494474598362,0.9999494474598362,0.0,0.0,0.0,1
no_influence,7,6,0.0,0.0,0.999955474184723,0.999955474184723,0.0,0.0,0.0,1
no_influence,7,7,0.0,0.0,0.9999582872415514,0.9999582872415514,0.0,0.0,0.0,1
no_influence,7,8,0.0,0.0,0.9999589315057151,0.9999589315057151,0.0,0.0,0.0,1
no_influence,7,9,0.0,0.0,0.999960615645741,0.999960615645741,0.0,0.0,0.0,1
no_influence,7,10,0.0,0.0,0.9999607151978483,0.9999607151978483,0.0,0.0,0.0,1
no_influence,7,11,0.0,0.0,0.999962257199843,0.999962257199843,0.0,0.0,0.0,1
no_influence,7,12,0.0,0.0,0.9999608715156546,0.9999608715156546,0.0,0.0,0.0,1
no_influence,7,13,0.0,0.0,0.9999580190822951,0.9999580190822951,0.0,0.0,0.0,1
no_influence,7,14,0.0,0.0,0.9999553449758454,0.9999553449758454,0.0,0.0,0.0,1
no_influence,7,15,0.0,0.0,0.9999509916809703,0.9999509916809703,0.0,0.0,0.0,1
no_influence,7,16,0.0,0.0,0.9999438099693729,0.9999438099693729,0.0,0.0,0.0,1
no_influence,7,17,0.0,0.0,0.9999323756438836,0.9999323756438836,0.0,0.0,0.0,1
no_influence,7,18,0.0,0.0,0.9999160219303594,0.9999160219303594,0.0,0.0,0.0,1
no_influence,7,19,0.0,0.0,0.9998919919069094,0.9998919919069094,0.0,0.0,0.0,1
no_influence,7,20,0.0,0.0,0.9998434382994307,0.9998434382994307,0.0,0.0,0.0,1
no_influence,7,21,0.0,0.0,0.9997591073875437,0.9997591073875437,0.0,0.0,0.0,1
no_influence,7,22,0.0,0.0,0.9997012086791756,0.9997012086791756,0.0,0.0,0.0,1
no_influence,7,23,0.0,0.0,0.9995928732363156,0.9995928732363156,0.0,0.0,0.0,1
no_influence,7,24,0.0,0.0,0.9994607119732083,0.9994607119732083,0.0,0.0,0.0,1
no_influence,7,25,0.0,0.0,0.999248189322293,0.999248189322293,0.0,0.0,0.0,1
no_influence,7,26,0.0,0.0,0.9989701489525834,0.9989701489525834,0.0,0.0,0.0,1
no_influence,7,27,0.0,0.0,0.9986271352821828,0.9986271352821828,0.0,0.0,0.0,1
no_influence,7,28,0.0,0.0,0.9981959390074807,0.9981959390074807,0.0,0.0,0.0,1
no_influence,7,29,0.0,0.0,0.9979394769554161,0.9979394769554161,0.0,0.0,0.0,1
no_influence,7,30,0.0,0.0,0.9976372643265271,0.9976372643265271,0.0,0.0,0.0,1
no_influence,7,31,0.0,0.0,0.9972346942542045,0.9972346942542045,0.0,0.0,0.0,1
no_influence,7,32,0.0,0.0,0.9969593869977416,0.9969593869977416,0.0,0.0,0.0,1
no_influence,7,33,0.0,0.0,0.996773163394211,0.996773163394211,0.0,0.0,0.0,1
no_influence,7,34,0.0,0.0,0.9963951932193731,0.9963951932193731,0.0,0.0,0.0,1
no_influence,7,35,0.0,0.0,0.995925984199896,0.995925984199896,0.0,0.0,0.0,1
no_influence,7,36,0.0,0.0,0.9951798444125689,0.9951798444125689,0.0,0.0,0.0,1
no_influence,7,37,0.0,0.0,0.9950144399563764,0.9950144399563764,0.0,0.0,0.0,1
no_influence,7,38,0.0,0.0,0.994848502487995,0.994848502487995,0.0,0.0,0.0,1
no_influence,7,39,0.0,0.0,0.9947383572079684,0.9947383572079684,0.0,0.0,0.0,1
no_influence,7,40,0.0,0.0,0.9943481975512695,0.9943481975512695,0.0,0.0,0.0,1
no_influence,7,41,0.0,0.0,0.9942070642340654,0.9942070642340654,0.0,0.0,0.0,1
no_influence,7,42,0.0,0.0,0.9942861124156301,0.9942861124156301,0.0,0.0,0.0,1
no_influence,7,43,0.0,0.0,0.99357484175925,0.99357484175925,0.0,0.0,0.0,1
no_influence,7,44,0.0,0.0,0.9930907967802206,0.9930907967802206,0.0,0.0,0.0,1
no_influence,7,45,0.0,0.0,0.9921522773092465,0.9921522773092465,0.0,0.0,0.0,1
no_influence,7,46,0.0,0.0,0.990490200723129,0.990490200723129,0.0,0.0,0.0,1
no_influence,7,47,0.0,0.0,0.9893397342843279,0.9893397342843279,0.0,0.0,0.0,1
no_influence,7,48,0.0,0.0,0.9875998066255582,0.9875998066255582,0.0,0.0,0.0,1
no_influence,7,49,0.0,0.0,0.9850015016093486,0.9850015016093486,0.0,0.0,0.0,1
no_influence,7,50,0.0,0.0,0.9825970228322274,0.9825970228322274,0.0,0.0,0.0,1
no_influence,7,51,0.0,0.0,0.9797289661764048,0.9797289661764048,0.0,0.0,0.0,1
no_influence,7,52,0.0,0.0,0.978578401795265,0.978578401795265,0.0,0.0,0.0,1
no_influence,7,53,0.0,0.0,0.9767845870914327,0.9767845870914327,0.0,0.0,0.0,1
no_influence,7,54,0.0,0.0,0.9744292372435515,0.9744292372435515,0.0,0.0,0.0,1
no_influence,7,55,0.0,0.0,0.9723293026685258,0.9723293026685258,0.0,0.0,0.0,1
no_influence,7,56,0.0,0.0,0.9696319160826234,0.9696319160826234,0.0,0.0,0.0,1
no_influence,7,57,0.0,0.0,0.9673265689839351,0.9673265689839351,0.0,0.0,0.0,1
no_influence,7,58,0.0,0.0,0.9654683165568673,0.9654683165568673,0.0,0.0,0.0,1
no_influence,7,59,0.0,0.0,0.9627984494243857,0.9627984494243857,0.0,0.0,0.0,1
no_influence,7,60,0.0,0.0,0.9596292612574765,0.9596292612574765,0.0,0.0,0.0,1
no_influence,7,61,0.0,0.0,0.9634363645768784,0.9634363645768784,0.0,0.0,0.0,1
no_influence,7,62,0.0,0.0,0.9626939072752316,0.9626939072752316,0.0,0.0,0.0,1
no_influence,7,63,0.0,0.0,0.9572480500141745,0.9572480500141745,0.0,0.0,0.0,1
no_influence,7,64,0.0,0.0,0.9545646113853983,0.9545646113853983,0.0,0.0,0.0,1
no_influence,7,65,0.0,0.0,0.9531091654900967,0.9531091654900967,0.0,0.0,0.0,1
no_influence,7,66,0.0,0.0,0.9507061838262459,0.9507061838262459,0.0,0.0,0.0,1
no_influence,7,67,0.0,0.0,0.9488234401071861,0.9488234401071861,0.0,0.0,0.0,1
no_influence,7,68,0.0,0.0,0.9445686406971456,0.9445686406971456,0.0,0.0,0.0,1
no_influence,7,69,0.0,0.0,0.9422270482039168,0.9422270482039168,0.0,0.0,0.0,1
no_influence,7,70,0.0,0.0,0.9413282621357587,0.9413282621357587,0.0,0.0,0.0,1
no_influence,7,71,0.0,0.0,0.9384093946473477,0.9384093946473477,0.0,0.0,0.0,1
no_influence,7,72,0.0,0.0,0.9412787657998797,0.9412787657998797,0.0,0.0,0.0,1
no_influence,7,73,0.0,0.0,0.941674590366016,0.941674590366016,0.0,0.0,0.0,1
no_influence,7,74,0.0,0.0,0.940504111943336,0.940504111943336,0.0,0.0,0.0,1
no_influence,7,75,0.0,0.0,0.9412388952517824,0.9412388952517824,0.0,0.0,0.0,1
no_influence,7,76,0.0,0.0,0.9425984289787266,0.9425984289787266,0.0,0.0,0.0,1
no_influence,7,77,0.0,0.0,0.9429635872662252,0.9429635872662252,0.0,0.0,0.0,1
no_influence,7,78,0.0,0.0,0.9427263960654346,0.9427263960654346,0.0,0.0,0.0,1
no_influence,7,79,0.0,0.0,0.9438126747641299,0.9438126747641299,0.0,0.0,0.0,1
no_influence,7,80,0.0,0.0,0.9437667663008317,0.9437667663008317,0.0,0.0,0.0,1
no_influence,7,81,0.0,0.0,0.9412851123530959,0.9412851123530959,0.0,0.0,0.0,1
no_influence,7,82,0.0,0.0,0.9391294678151177,0.9391294678151177,0.0,0.0,0.0,1
no_influence,7,83,0.0,0.0,0.9380868816866539,0.9380868816866539,0.0,0.0,0.0,1
no_influence,7,84,0.0,0.0,0.9366642059564518,0.9366642059564518,0.0,0.0,0.0,1
no_influence,7,85,0.0,0.0,0.9387037195891198,0.9387037195891198,0.0,0.0,0.0,1
no_influence,7,86,0.0,0.0,0.9373577934019014,0.9373577934019014,0.0,0.0,0.0,1
no_influence,7,87,0.0,0.0,0.9372622803242001,0.9372622803242001,0.0,0.0,0.0,1
no_influence,7,88,0.0,0.0,0.9371449327640843,0.9371449327640843,0.0,0.0,0.0,1
no_influence,7,89,0.0,0.0,0.9371789032232412,0.9371789032232412,0.0,0.0,0.0,1
no_influence,7,90,0.0,0.0,0.9366020930964201,0.9366020930964201,0.0,0.0,0.0,1
no_influence,7,91,0.0,0.0,0.9363826198607273,0.9363826198607273,0.0,0.0,0.0,1
no_influence,7,92,0.0,0.0,0.9358402407355432,0.9358402407355432,0.0,0.0,0.0,1
no_influence,7,93,0.0,0.0,0.9366616462971596,0.9366616462971596,0.0,0.0,0.0,1
no_influence,7,94,0.0,0.0,0.937057742560727,0.937057742560727,0.0,0.0,0.0,1
no_influence,7,95,0.0,0.0,0.9360174811872802,0.9360174811872802,0.0,0.0,0.0,1
no_influence,7,96,0.0,0.0,0.9381018825681872,0.9381018825681872,0.0,0.0,0.0,1
no_influence,7,97,0.0,0.0,0.9387118253849717,0.9387118253849717,0.0,0.0,0.0,1
no_influence,7,98,0.0,0.0,0.9380721282159936,0.9380721282159936,0.0,0.0,0.0,1
no_influence,7,99,0.0,0.0,0.9344819138574836,0.9344819138574836,0.0,0.0,0.0,1
